ISO-10303-21;
HEADER;
/* Generated by software containing ST-Developer
 * from STEP Tools, Inc. (www.steptools.com) 
 */
/* OPTION: using custom renumber hook */

FILE_DESCRIPTION(
/* description */ ('STEP AP242 Edition 2',
'CAx-IF Rec.Pracs.---Representation and Presentation of Product Manufa
cturing Information (PMI)---4.0---2014-10-13',
'CAx-IF Rec.Pracs.---3D Tessellated Geometry---0.4---2014-09-14','2;1',
'CAx-IF Rec.Pracs.---User Defined Attributes---1.5---2016-08-15'),
/* implementation_level */ '2;1');

FILE_NAME(
/* name */ 'Frame Simple - Part 1',
/* time_stamp */ '2026-05-12T20:53:11Z',
/* author */ (''),
/* organization */ (''),
/* preprocessor_version */ 'ST-DEVELOPER v20',
/* originating_system */ 'ONSHAPE BY PTC INC, 1.214',
/* authorisation */ '  ');

FILE_SCHEMA (('AP242_MANAGED_MODEL_BASED_3D_ENGINEERING_MIM_LF { 1 0 10303 442 3 1 4 }'));
ENDSEC;

DATA;
#10=SHAPE_REPRESENTATION_RELATIONSHIP('','',#6833,#11);
#11=ADVANCED_BREP_SHAPE_REPRESENTATION('',(#6831),#13931);
#12=B_SPLINE_SURFACE_WITH_KNOTS('',1,3,((#8875,#8876,#8877,#8878,#8879,
#8880,#8881,#8882,#8883,#8884,#8885,#8886,#8887,#8888),(#8889,#8890,#8891,
#8892,#8893,#8894,#8895,#8896,#8897,#8898,#8899,#8900,#8901,#8902)),
 .RULED_SURF.,.F.,.F.,.F.,(2,2),(4,2,2,2,2,2,4),(0.,1.),(0.0480179244502936,
0.126895971929879,0.253791943859758,0.507583887719515,0.753791943859758,
0.876895971929879,0.966596380663826),.UNSPECIFIED.);
#13=B_SPLINE_SURFACE_WITH_KNOTS('',1,3,((#9466,#9467,#9468,#9469,#9470,
#9471,#9472,#9473,#9474,#9475,#9476,#9477,#9478,#9479),(#9480,#9481,#9482,
#9483,#9484,#9485,#9486,#9487,#9488,#9489,#9490,#9491,#9492,#9493)),
 .RULED_SURF.,.F.,.F.,.F.,(2,2),(4,2,2,2,2,2,4),(0.,1.),(0.0480179244501203,
0.126895971929879,0.253791943859758,0.507583887719515,0.753791943859758,
0.876895971929879,0.96659638066386),.UNSPECIFIED.);
#14=B_SPLINE_SURFACE_WITH_KNOTS('',1,3,((#9558,#9559,#9560,#9561,#9562,
#9563,#9564,#9565,#9566,#9567,#9568,#9569,#9570,#9571),(#9572,#9573,#9574,
#9575,#9576,#9577,#9578,#9579,#9580,#9581,#9582,#9583,#9584,#9585)),
 .RULED_SURF.,.F.,.F.,.F.,(2,2),(4,2,2,2,2,2,4),(0.,1.),(0.0173007322212701,
0.126895971929879,0.253791943859758,0.507583887719515,0.753791943859758,
0.876895971929879,0.997401902792045),.UNSPECIFIED.);
#15=B_SPLINE_SURFACE_WITH_KNOTS('',1,3,((#9605,#9606,#9607,#9608,#9609,
#9610,#9611,#9612,#9613,#9614,#9615,#9616,#9617,#9618),(#9619,#9620,#9621,
#9622,#9623,#9624,#9625,#9626,#9627,#9628,#9629,#9630,#9631,#9632)),
 .RULED_SURF.,.F.,.F.,.F.,(2,2),(4,2,2,2,2,2,4),(0.,1.),(0.0173007322212701,
0.126895971929879,0.253791943859758,0.507583887719515,0.753791943859758,
0.876895971929879,0.997401902792045),.UNSPECIFIED.);
#16=B_SPLINE_SURFACE_WITH_KNOTS('',1,3,((#9652,#9653,#9654,#9655,#9656,
#9657,#9658,#9659,#9660,#9661,#9662,#9663,#9664,#9665),(#9666,#9667,#9668,
#9669,#9670,#9671,#9672,#9673,#9674,#9675,#9676,#9677,#9678,#9679)),
 .RULED_SURF.,.F.,.F.,.F.,(2,2),(4,2,2,2,2,2,4),(0.,1.),(0.0356462895148489,
0.126895971929879,0.253791943859758,0.507583887719515,0.753791943859758,
0.876895971929879,0.979728607055857),.UNSPECIFIED.);
#17=B_SPLINE_SURFACE_WITH_KNOTS('',3,1,((#9834,#9835),(#9836,#9837),(#9838,
#9839),(#9840,#9841),(#9842,#9843),(#9844,#9845),(#9846,#9847)),
 .SURF_OF_LINEAR_EXTRUSION.,.F.,.F.,.F.,(4,1,1,1,4),(2,2),(-1.98054109818666E-10,
0.25000000014365,0.500000000485355,0.75000000082706,1.00000000116876),(0.,
1.),.UNSPECIFIED.);
#18=B_SPLINE_SURFACE_WITH_KNOTS('',3,1,((#9850,#9851),(#9852,#9853),(#9854,
#9855),(#9856,#9857),(#9858,#9859),(#9860,#9861),(#9862,#9863)),
 .SURF_OF_LINEAR_EXTRUSION.,.F.,.F.,.F.,(4,1,1,1,4),(2,2),(4.49176916155117E-9,
0.25000000351171,0.50000000253165,0.75000000155159,1.00000000057153),(0.,
1.),.UNSPECIFIED.);
#19=B_SPLINE_SURFACE_WITH_KNOTS('',3,1,((#10035,#10036),(#10037,#10038),
(#10039,#10040),(#10041,#10042),(#10043,#10044),(#10045,#10046),(#10047,
#10048)),.SURF_OF_LINEAR_EXTRUSION.,.F.,.F.,.F.,(4,1,1,1,4),(2,2),(-1.98054109818666E-10,
0.25000000014365,0.500000000485355,0.75000000082706,1.00000000116876),(0.,
1.),.UNSPECIFIED.);
#20=B_SPLINE_SURFACE_WITH_KNOTS('',3,1,((#10076,#10077),(#10078,#10079),
(#10080,#10081),(#10082,#10083),(#10084,#10085),(#10086,#10087),(#10088,
#10089)),.SURF_OF_LINEAR_EXTRUSION.,.F.,.F.,.F.,(4,1,1,1,4),(2,2),(4.49176916155117E-9,
0.25000000351171,0.50000000253165,0.75000000155159,1.00000000057153),(0.,
1.),.UNSPECIFIED.);
#21=B_SPLINE_SURFACE_WITH_KNOTS('',1,3,((#10149,#10150,#10151,#10152,#10153,
#10154,#10155,#10156,#10157,#10158,#10159,#10160,#10161,#10162),(#10163,
#10164,#10165,#10166,#10167,#10168,#10169,#10170,#10171,#10172,#10173,#10174,
#10175,#10176)),.RULED_SURF.,.F.,.F.,.F.,(2,2),(4,2,2,2,2,2,4),(0.,1.),
(0.0480179244502914,0.126895971929879,0.253791943859758,0.507583887719515,
0.753791943859758,0.876895971929879,0.96659638066386),.UNSPECIFIED.);
#22=B_SPLINE_SURFACE_WITH_KNOTS('',1,3,((#10241,#10242,#10243,#10244,#10245,
#10246,#10247,#10248,#10249,#10250,#10251,#10252,#10253,#10254),(#10255,
#10256,#10257,#10258,#10259,#10260,#10261,#10262,#10263,#10264,#10265,#10266,
#10267,#10268)),.RULED_SURF.,.F.,.F.,.F.,(2,2),(4,2,2,2,2,2,4),(0.,1.),
(0.0173007322214747,0.126895971929879,0.253791943859758,0.507583887719515,
0.753791943859758,0.876895971929879,0.997401902792042),.UNSPECIFIED.);
#23=B_SPLINE_SURFACE_WITH_KNOTS('',1,3,((#10288,#10289,#10290,#10291,#10292,
#10293,#10294,#10295,#10296,#10297,#10298,#10299,#10300,#10301),(#10302,
#10303,#10304,#10305,#10306,#10307,#10308,#10309,#10310,#10311,#10312,#10313,
#10314,#10315)),.RULED_SURF.,.F.,.F.,.F.,(2,2),(4,2,2,2,2,2,4),(0.,1.),
(0.0173007322214747,0.126895971929879,0.253791943859758,0.507583887719515,
0.753791943859758,0.876895971929879,0.997401902792042),.UNSPECIFIED.);
#24=B_SPLINE_SURFACE_WITH_KNOTS('',1,3,((#10335,#10336,#10337,#10338,#10339,
#10340,#10341,#10342,#10343,#10344,#10345,#10346,#10347,#10348),(#10349,
#10350,#10351,#10352,#10353,#10354,#10355,#10356,#10357,#10358,#10359,#10360,
#10361,#10362)),.RULED_SURF.,.F.,.F.,.F.,(2,2),(4,2,2,2,2,2,4),(0.,1.),
(0.0356462895150453,0.126895971929879,0.253791943859758,0.507583887719515,
0.753791943859758,0.876895971929879,0.979728607055856),.UNSPECIFIED.);
#25=B_SPLINE_SURFACE_WITH_KNOTS('',3,1,((#10561,#10562),(#10563,#10564),
(#10565,#10566),(#10567,#10568),(#10569,#10570),(#10571,#10572),(#10573,
#10574)),.SURF_OF_LINEAR_EXTRUSION.,.F.,.F.,.F.,(4,1,1,1,4),(2,2),(4.49176916155117E-9,
0.25000000351171,0.50000000253165,0.75000000155159,1.00000000057153),(0.,
1.),.UNSPECIFIED.);
#26=B_SPLINE_SURFACE_WITH_KNOTS('',3,1,((#10577,#10578),(#10579,#10580),
(#10581,#10582),(#10583,#10584),(#10585,#10586),(#10587,#10588),(#10589,
#10590)),.SURF_OF_LINEAR_EXTRUSION.,.F.,.F.,.F.,(4,1,1,1,4),(2,2),(-1.98054109818666E-10,
0.25000000014365,0.500000000485355,0.75000000082706,1.00000000116876),(0.,
1.),.UNSPECIFIED.);
#27=B_SPLINE_SURFACE_WITH_KNOTS('',3,1,((#10665,#10666),(#10667,#10668),
(#10669,#10670),(#10671,#10672),(#10673,#10674),(#10675,#10676),(#10677,
#10678)),.SURF_OF_LINEAR_EXTRUSION.,.F.,.F.,.F.,(4,1,1,1,4),(2,2),(-1.98054109818666E-10,
0.25000000014365,0.500000000485355,0.75000000082706,1.00000000116876),(0.,
1.),.UNSPECIFIED.);
#28=B_SPLINE_SURFACE_WITH_KNOTS('',3,1,((#10708,#10709),(#10710,#10711),
(#10712,#10713),(#10714,#10715),(#10716,#10717),(#10718,#10719),(#10720,
#10721)),.SURF_OF_LINEAR_EXTRUSION.,.F.,.F.,.F.,(4,1,1,1,4),(2,2),(4.49176916155117E-9,
0.25000000351171,0.50000000253165,0.75000000155159,1.00000000057153),(0.,
1.),.UNSPECIFIED.);
#29=B_SPLINE_SURFACE_WITH_KNOTS('',3,1,((#10758,#10759),(#10760,#10761),
(#10762,#10763),(#10764,#10765),(#10766,#10767),(#10768,#10769),(#10770,
#10771),(#10772,#10773)),.SURF_OF_LINEAR_EXTRUSION.,.F.,.F.,.F.,(4,1,1,
1,1,4),(2,2),(1.2801657061749E-5,0.125011200857605,0.250009600058147,0.500006398459233,
0.750003196860319,0.999999995261404),(0.,1.),.UNSPECIFIED.);
#30=B_SPLINE_SURFACE_WITH_KNOTS('',3,1,((#10823,#10824),(#10825,#10826),
(#10827,#10828),(#10829,#10830),(#10831,#10832),(#10833,#10834),(#10835,
#10836)),.SURF_OF_LINEAR_EXTRUSION.,.F.,.F.,.F.,(4,1,1,1,4),(2,2),(0.,0.223440369016553,
0.446880738033106,0.670321107049659,0.893761476066212),(0.,1.),
 .UNSPECIFIED.);
#31=B_SPLINE_SURFACE_WITH_KNOTS('',3,1,((#10867,#10868),(#10869,#10870),
(#10871,#10872),(#10873,#10874),(#10875,#10876),(#10877,#10878),(#10879,
#10880),(#10881,#10882)),.SURF_OF_LINEAR_EXTRUSION.,.F.,.F.,.F.,(4,1,1,
1,1,4),(2,2),(-0.00599434642802778,0.119754946283151,0.24550423899433,0.497002824416689,
0.748501409839047,0.999999995261405),(0.,1.),.UNSPECIFIED.);
#32=B_SPLINE_SURFACE_WITH_KNOTS('',3,1,((#10884,#10885),(#10886,#10887),
(#10888,#10889),(#10890,#10891),(#10892,#10893),(#10894,#10895),(#10896,
#10897)),.SURF_OF_LINEAR_EXTRUSION.,.F.,.F.,.F.,(4,1,1,1,4),(2,2),(0.,0.223440369016553,
0.446880738033106,0.670321107049659,0.893761476066212),(0.,1.),
 .UNSPECIFIED.);
#33=B_SPLINE_SURFACE_WITH_KNOTS('',3,1,((#10912,#10913),(#10914,#10915),
(#10916,#10917),(#10918,#10919),(#10920,#10921),(#10922,#10923),(#10924,
#10925),(#10926,#10927)),.SURF_OF_LINEAR_EXTRUSION.,.F.,.F.,.F.,(4,1,1,
1,1,4),(2,2),(-0.00599434642802779,0.119754946283151,0.24550423899433,0.497002824416688,
0.748501409839046,0.999999995261404),(0.,1.),.UNSPECIFIED.);
#34=B_SPLINE_SURFACE_WITH_KNOTS('',3,1,((#10929,#10930),(#10931,#10932),
(#10933,#10934),(#10935,#10936),(#10937,#10938),(#10939,#10940),(#10941,
#10942)),.SURF_OF_LINEAR_EXTRUSION.,.F.,.F.,.F.,(4,1,1,1,4),(2,2),(0.,0.223440369014191,
0.446880738028383,0.670321107042574,0.893761476056766),(0.,1.),
 .UNSPECIFIED.);
#35=B_SPLINE_SURFACE_WITH_KNOTS('',1,3,((#10946,#10947,#10948,#10949,#10950,
#10951,#10952,#10953,#10954,#10955,#10956,#10957,#10958,#10959),(#10960,
#10961,#10962,#10963,#10964,#10965,#10966,#10967,#10968,#10969,#10970,#10971,
#10972,#10973)),.RULED_SURF.,.F.,.F.,.F.,(2,2),(4,2,2,2,2,2,4),(0.,1.),
(0.0173007322214777,0.126895971929879,0.253791943859758,0.507583887719515,
0.753791943859758,0.876895971929879,0.997401902792001),.UNSPECIFIED.);
#36=B_SPLINE_SURFACE_WITH_KNOTS('',1,3,((#10988,#10989,#10990,#10991,#10992,
#10993,#10994,#10995,#10996,#10997,#10998,#10999,#11000,#11001),(#11002,
#11003,#11004,#11005,#11006,#11007,#11008,#11009,#11010,#11011,#11012,#11013,
#11014,#11015)),.RULED_SURF.,.F.,.F.,.F.,(2,2),(4,2,2,2,2,2,4),(0.,1.),
(0.0173007322214777,0.126895971929879,0.253791943859758,0.507583887719515,
0.753791943859758,0.876895971929879,0.997401902792001),.UNSPECIFIED.);
#37=B_SPLINE_SURFACE_WITH_KNOTS('',1,3,((#11030,#11031,#11032,#11033,#11034,
#11035,#11036,#11037,#11038,#11039,#11040,#11041,#11042,#11043),(#11044,
#11045,#11046,#11047,#11048,#11049,#11050,#11051,#11052,#11053,#11054,#11055,
#11056,#11057)),.RULED_SURF.,.F.,.F.,.F.,(2,2),(4,2,2,2,2,2,4),(0.,1.),
(0.0356462895150463,0.126895971929879,0.253791943859758,0.507583887719515,
0.753791943859758,0.876895971929879,0.979728607055816),.UNSPECIFIED.);
#38=B_SPLINE_SURFACE_WITH_KNOTS('',3,1,((#11083,#11084),(#11085,#11086),
(#11087,#11088),(#11089,#11090),(#11091,#11092),(#11093,#11094),(#11095,
#11096)),.SURF_OF_LINEAR_EXTRUSION.,.F.,.F.,.F.,(4,1,1,1,4),(2,2),(0.,0.223440369014192,
0.446880738028383,0.670321107042575,0.893761476056766),(0.,1.),
 .UNSPECIFIED.);
#39=B_SPLINE_SURFACE_WITH_KNOTS('',3,1,((#11127,#11128),(#11129,#11130),
(#11131,#11132),(#11133,#11134),(#11135,#11136),(#11137,#11138),(#11139,
#11140),(#11141,#11142)),.SURF_OF_LINEAR_EXTRUSION.,.F.,.F.,.F.,(4,1,1,
1,1,4),(2,2),(-0.00599434642802779,0.119754946283151,0.24550423899433,0.497002824416688,
0.748501409839046,0.999999995261404),(0.,1.),.UNSPECIFIED.);
#40=B_SPLINE_SURFACE_WITH_KNOTS('',1,3,((#11146,#11147,#11148,#11149,#11150,
#11151,#11152,#11153,#11154,#11155,#11156,#11157,#11158,#11159),(#11160,
#11161,#11162,#11163,#11164,#11165,#11166,#11167,#11168,#11169,#11170,#11171,
#11172,#11173)),.RULED_SURF.,.F.,.F.,.F.,(2,2),(4,2,2,2,2,2,4),(0.,1.),
(0.0480179244502916,0.126895971929879,0.253791943859758,0.507583887719515,
0.753791943859758,0.876895971929879,0.966596380663861),.UNSPECIFIED.);
#41=B_SPLINE_SURFACE_WITH_KNOTS('',1,3,((#11202,#11203,#11204,#11205,#11206,
#11207,#11208,#11209,#11210,#11211,#11212,#11213,#11214,#11215),(#11216,
#11217,#11218,#11219,#11220,#11221,#11222,#11223,#11224,#11225,#11226,#11227,
#11228,#11229)),.RULED_SURF.,.F.,.F.,.F.,(2,2),(4,2,2,2,2,2,4),(0.,1.),
(0.0173007322214757,0.126895971929879,0.253791943859758,0.507583887719515,
0.753791943859758,0.876895971929879,0.997401902792045),.UNSPECIFIED.);
#42=B_SPLINE_SURFACE_WITH_KNOTS('',1,3,((#11244,#11245,#11246,#11247,#11248,
#11249,#11250,#11251,#11252,#11253,#11254,#11255,#11256,#11257),(#11258,
#11259,#11260,#11261,#11262,#11263,#11264,#11265,#11266,#11267,#11268,#11269,
#11270,#11271)),.RULED_SURF.,.F.,.F.,.F.,(2,2),(4,2,2,2,2,2,4),(0.,1.),
(0.0173007322214757,0.126895971929879,0.253791943859758,0.507583887719515,
0.753791943859758,0.876895971929879,0.997401902792045),.UNSPECIFIED.);
#43=B_SPLINE_SURFACE_WITH_KNOTS('',1,3,((#11286,#11287,#11288,#11289,#11290,
#11291,#11292,#11293,#11294,#11295,#11296,#11297,#11298,#11299),(#11300,
#11301,#11302,#11303,#11304,#11305,#11306,#11307,#11308,#11309,#11310,#11311,
#11312,#11313)),.RULED_SURF.,.F.,.F.,.F.,(2,2),(4,2,2,2,2,2,4),(0.,1.),
(0.0356462895150452,0.126895971929879,0.253791943859758,0.507583887719515,
0.753791943859758,0.876895971929879,0.979728607055857),.UNSPECIFIED.);
#44=B_SPLINE_SURFACE_WITH_KNOTS('',3,1,((#11650,#11651),(#11652,#11653),
(#11654,#11655),(#11656,#11657),(#11658,#11659),(#11660,#11661),(#11662,
#11663),(#11664,#11665),(#11666,#11667),(#11668,#11669)),
 .SURF_OF_LINEAR_EXTRUSION.,.F.,.F.,.F.,(4,1,1,1,1,1,1,4),(2,2),(2.1288779186177E-9,
0.125000001862757,0.250000001596635,0.375000001330514,0.500000001064392,
0.625000000798271,0.75000000053215,0.999999999999907),(0.,1.),
 .UNSPECIFIED.);
#45=B_SPLINE_SURFACE_WITH_KNOTS('',3,1,((#11671,#11672),(#11673,#11674),
(#11675,#11676),(#11677,#11678),(#11679,#11680),(#11681,#11682),(#11683,
#11684),(#11685,#11686),(#11687,#11688),(#11689,#11690)),
 .SURF_OF_LINEAR_EXTRUSION.,.F.,.F.,.F.,(4,1,1,1,1,1,1,4),(2,2),(0.,0.25,
0.375,0.5,0.625,0.75,0.875,1.),(0.,1.),.UNSPECIFIED.);
#46=B_SPLINE_SURFACE_WITH_KNOTS('',3,1,((#11733,#11734),(#11735,#11736),
(#11737,#11738),(#11739,#11740),(#11741,#11742),(#11743,#11744),(#11745,
#11746),(#11747,#11748),(#11749,#11750),(#11751,#11752)),
 .SURF_OF_LINEAR_EXTRUSION.,.F.,.F.,.F.,(4,1,1,1,1,1,1,4),(2,2),(2.12887772245064E-9,
0.125000001862756,0.250000001596635,0.375000001330514,0.500000001064392,
0.625000000798271,0.75000000053215,0.999999999999907),(0.,1.),
 .UNSPECIFIED.);
#47=B_SPLINE_SURFACE_WITH_KNOTS('',3,1,((#11753,#11754),(#11755,#11756),
(#11757,#11758),(#11759,#11760),(#11761,#11762),(#11763,#11764),(#11765,
#11766),(#11767,#11768),(#11769,#11770),(#11771,#11772)),
 .SURF_OF_LINEAR_EXTRUSION.,.F.,.F.,.F.,(4,1,1,1,1,1,1,4),(2,2),(0.,0.25,
0.375,0.5,0.625,0.75,0.875,1.),(0.,1.),.UNSPECIFIED.);
#48=B_SPLINE_SURFACE_WITH_KNOTS('',3,1,((#11774,#11775),(#11776,#11777),
(#11778,#11779),(#11780,#11781),(#11782,#11783),(#11784,#11785),(#11786,
#11787),(#11788,#11789),(#11790,#11791),(#11792,#11793)),
 .SURF_OF_LINEAR_EXTRUSION.,.F.,.F.,.F.,(4,1,1,1,1,1,1,4),(2,2),(2.1288775459377E-9,
0.125000001862756,0.250000001596635,0.375000001330514,0.500000001064393,
0.625000000798271,0.75000000053215,0.999999999999908),(0.,1.),
 .UNSPECIFIED.);
#49=B_SPLINE_SURFACE_WITH_KNOTS('',3,1,((#11794,#11795),(#11796,#11797),
(#11798,#11799),(#11800,#11801),(#11802,#11803),(#11804,#11805),(#11806,
#11807),(#11808,#11809),(#11810,#11811),(#11812,#11813)),
 .SURF_OF_LINEAR_EXTRUSION.,.F.,.F.,.F.,(4,1,1,1,1,1,1,4),(2,2),(0.,0.25,
0.375,0.5,0.625,0.75,0.875,1.),(0.,1.),.UNSPECIFIED.);
#50=B_SPLINE_SURFACE_WITH_KNOTS('',3,1,((#11815,#11816),(#11817,#11818),
(#11819,#11820),(#11821,#11822),(#11823,#11824),(#11825,#11826),(#11827,
#11828),(#11829,#11830),(#11831,#11832),(#11833,#11834)),
 .SURF_OF_LINEAR_EXTRUSION.,.F.,.F.,.F.,(4,1,1,1,1,1,1,4),(2,2),(2.128877529768E-9,
0.125000001862756,0.250000001596635,0.375000001330513,0.500000001064392,
0.625000000798271,0.750000000532149,0.999999999999907),(0.,1.),
 .UNSPECIFIED.);
#51=B_SPLINE_SURFACE_WITH_KNOTS('',3,1,((#11835,#11836),(#11837,#11838),
(#11839,#11840),(#11841,#11842),(#11843,#11844),(#11845,#11846),(#11847,
#11848),(#11849,#11850),(#11851,#11852),(#11853,#11854)),
 .SURF_OF_LINEAR_EXTRUSION.,.F.,.F.,.F.,(4,1,1,1,1,1,1,4),(2,2),(0.,0.25,
0.375,0.5,0.625,0.75,0.875,1.),(0.,1.),.UNSPECIFIED.);
#52=B_SPLINE_SURFACE_WITH_KNOTS('',3,1,((#11856,#11857),(#11858,#11859),
(#11860,#11861),(#11862,#11863),(#11864,#11865),(#11866,#11867),(#11868,
#11869),(#11870,#11871),(#11872,#11873),(#11874,#11875)),
 .SURF_OF_LINEAR_EXTRUSION.,.F.,.F.,.F.,(4,1,1,1,1,1,1,4),(2,2),(2.1288777463989E-9,
0.125000001862756,0.250000001596635,0.375000001330514,0.500000001064392,
0.625000000798271,0.75000000053215,0.999999999999907),(0.,1.),
 .UNSPECIFIED.);
#53=B_SPLINE_SURFACE_WITH_KNOTS('',3,1,((#11876,#11877),(#11878,#11879),
(#11880,#11881),(#11882,#11883),(#11884,#11885),(#11886,#11887),(#11888,
#11889),(#11890,#11891),(#11892,#11893),(#11894,#11895)),
 .SURF_OF_LINEAR_EXTRUSION.,.F.,.F.,.F.,(4,1,1,1,1,1,1,4),(2,2),(0.,0.25,
0.375,0.5,0.625,0.75,0.875,1.),(0.,1.),.UNSPECIFIED.);
#54=B_SPLINE_SURFACE_WITH_KNOTS('',3,1,((#11897,#11898),(#11899,#11900),
(#11901,#11902),(#11903,#11904),(#11905,#11906),(#11907,#11908),(#11909,
#11910),(#11911,#11912),(#11913,#11914),(#11915,#11916)),
 .SURF_OF_LINEAR_EXTRUSION.,.F.,.F.,.F.,(4,1,1,1,1,1,1,4),(2,2),(2.12887792521513E-9,
0.125000001862757,0.250000001596635,0.375000001330514,0.500000001064392,
0.625000000798271,0.75000000053215,0.999999999999907),(0.,1.),
 .UNSPECIFIED.);
#55=B_SPLINE_SURFACE_WITH_KNOTS('',3,1,((#11917,#11918),(#11919,#11920),
(#11921,#11922),(#11923,#11924),(#11925,#11926),(#11927,#11928),(#11929,
#11930),(#11931,#11932),(#11933,#11934),(#11935,#11936)),
 .SURF_OF_LINEAR_EXTRUSION.,.F.,.F.,.F.,(4,1,1,1,1,1,1,4),(2,2),(0.,0.25,
0.375,0.5,0.625,0.75,0.875,1.),(0.,1.),.UNSPECIFIED.);
#56=B_SPLINE_SURFACE_WITH_KNOTS('',3,1,((#12278,#12279),(#12280,#12281),
(#12282,#12283),(#12284,#12285),(#12286,#12287),(#12288,#12289),(#12290,
#12291),(#12292,#12293),(#12294,#12295),(#12296,#12297)),
 .SURF_OF_LINEAR_EXTRUSION.,.F.,.F.,.F.,(4,1,1,1,1,1,1,4),(2,2),(2.1288781854092E-9,
0.125000001862757,0.250000001596635,0.375000001330514,0.500000001064392,
0.625000000798271,0.750000000532149,0.999999999999907),(0.,1.),
 .UNSPECIFIED.);
#57=B_SPLINE_SURFACE_WITH_KNOTS('',3,1,((#12299,#12300),(#12301,#12302),
(#12303,#12304),(#12305,#12306),(#12307,#12308),(#12309,#12310),(#12311,
#12312),(#12313,#12314),(#12315,#12316),(#12317,#12318)),
 .SURF_OF_LINEAR_EXTRUSION.,.F.,.F.,.F.,(4,1,1,1,1,1,1,4),(2,2),(0.,0.25,
0.375,0.5,0.625,0.75,0.875,1.),(0.,1.),.UNSPECIFIED.);
#58=B_SPLINE_SURFACE_WITH_KNOTS('',3,1,((#12361,#12362),(#12363,#12364),
(#12365,#12366),(#12367,#12368),(#12369,#12370),(#12371,#12372),(#12373,
#12374),(#12375,#12376),(#12377,#12378),(#12379,#12380)),
 .SURF_OF_LINEAR_EXTRUSION.,.F.,.F.,.F.,(4,1,1,1,1,1,1,4),(2,2),(2.12887806162576E-9,
0.125000001862757,0.250000001596635,0.375000001330514,0.500000001064393,
0.625000000798271,0.75000000053215,0.999999999999907),(0.,1.),
 .UNSPECIFIED.);
#59=B_SPLINE_SURFACE_WITH_KNOTS('',3,1,((#12381,#12382),(#12383,#12384),
(#12385,#12386),(#12387,#12388),(#12389,#12390),(#12391,#12392),(#12393,
#12394),(#12395,#12396),(#12397,#12398),(#12399,#12400)),
 .SURF_OF_LINEAR_EXTRUSION.,.F.,.F.,.F.,(4,1,1,1,1,1,1,4),(2,2),(0.,0.25,
0.375,0.5,0.625,0.75,0.875,1.),(0.,1.),.UNSPECIFIED.);
#60=B_SPLINE_SURFACE_WITH_KNOTS('',3,1,((#12402,#12403),(#12404,#12405),
(#12406,#12407),(#12408,#12409),(#12410,#12411),(#12412,#12413),(#12414,
#12415),(#12416,#12417),(#12418,#12419),(#12420,#12421)),
 .SURF_OF_LINEAR_EXTRUSION.,.F.,.F.,.F.,(4,1,1,1,1,1,1,4),(2,2),(2.12887772705209E-9,
0.125000001862756,0.250000001596635,0.375000001330514,0.500000001064392,
0.625000000798271,0.75000000053215,0.999999999999907),(0.,1.),
 .UNSPECIFIED.);
#61=B_SPLINE_SURFACE_WITH_KNOTS('',3,1,((#12422,#12423),(#12424,#12425),
(#12426,#12427),(#12428,#12429),(#12430,#12431),(#12432,#12433),(#12434,
#12435),(#12436,#12437),(#12438,#12439),(#12440,#12441)),
 .SURF_OF_LINEAR_EXTRUSION.,.F.,.F.,.F.,(4,1,1,1,1,1,1,4),(2,2),(0.,0.25,
0.375,0.5,0.625,0.75,0.875,1.),(0.,1.),.UNSPECIFIED.);
#62=B_SPLINE_SURFACE_WITH_KNOTS('',3,1,((#12443,#12444),(#12445,#12446),
(#12447,#12448),(#12449,#12450),(#12451,#12452),(#12453,#12454),(#12455,
#12456),(#12457,#12458),(#12459,#12460),(#12461,#12462)),
 .SURF_OF_LINEAR_EXTRUSION.,.F.,.F.,.F.,(4,1,1,1,1,1,1,4),(2,2),(2.12887786464153E-9,
0.125000001862756,0.250000001596635,0.375000001330514,0.500000001064392,
0.625000000798271,0.75000000053215,0.999999999999907),(0.,1.),
 .UNSPECIFIED.);
#63=B_SPLINE_SURFACE_WITH_KNOTS('',3,1,((#12463,#12464),(#12465,#12466),
(#12467,#12468),(#12469,#12470),(#12471,#12472),(#12473,#12474),(#12475,
#12476),(#12477,#12478),(#12479,#12480),(#12481,#12482)),
 .SURF_OF_LINEAR_EXTRUSION.,.F.,.F.,.F.,(4,1,1,1,1,1,1,4),(2,2),(0.,0.25,
0.375,0.5,0.625,0.75,0.875,1.),(0.,1.),.UNSPECIFIED.);
#64=B_SPLINE_SURFACE_WITH_KNOTS('',3,1,((#12484,#12485),(#12486,#12487),
(#12488,#12489),(#12490,#12491),(#12492,#12493),(#12494,#12495),(#12496,
#12497),(#12498,#12499),(#12500,#12501),(#12502,#12503)),
 .SURF_OF_LINEAR_EXTRUSION.,.F.,.F.,.F.,(4,1,1,1,1,1,1,4),(2,2),(2.12887783568184E-9,
0.125000001862757,0.250000001596635,0.375000001330514,0.500000001064392,
0.625000000798271,0.75000000053215,0.999999999999907),(0.,1.),
 .UNSPECIFIED.);
#65=B_SPLINE_SURFACE_WITH_KNOTS('',3,1,((#12504,#12505),(#12506,#12507),
(#12508,#12509),(#12510,#12511),(#12512,#12513),(#12514,#12515),(#12516,
#12517),(#12518,#12519),(#12520,#12521),(#12522,#12523)),
 .SURF_OF_LINEAR_EXTRUSION.,.F.,.F.,.F.,(4,1,1,1,1,1,1,4),(2,2),(0.,0.25,
0.375,0.5,0.625,0.75,0.875,1.),(0.,1.),.UNSPECIFIED.);
#66=B_SPLINE_SURFACE_WITH_KNOTS('',3,1,((#12525,#12526),(#12527,#12528),
(#12529,#12530),(#12531,#12532),(#12533,#12534),(#12535,#12536),(#12537,
#12538),(#12539,#12540),(#12541,#12542),(#12543,#12544)),
 .SURF_OF_LINEAR_EXTRUSION.,.F.,.F.,.F.,(4,1,1,1,1,1,1,4),(2,2),(2.12887804780727E-9,
0.125000001862757,0.250000001596635,0.375000001330514,0.500000001064392,
0.625000000798271,0.75000000053215,0.999999999999907),(0.,1.),
 .UNSPECIFIED.);
#67=B_SPLINE_SURFACE_WITH_KNOTS('',3,1,((#12545,#12546),(#12547,#12548),
(#12549,#12550),(#12551,#12552),(#12553,#12554),(#12555,#12556),(#12557,
#12558),(#12559,#12560),(#12561,#12562),(#12563,#12564)),
 .SURF_OF_LINEAR_EXTRUSION.,.F.,.F.,.F.,(4,1,1,1,1,1,1,4),(2,2),(0.,0.25,
0.375,0.5,0.625,0.75,0.875,1.),(0.,1.),.UNSPECIFIED.);
#68=B_SPLINE_SURFACE_WITH_KNOTS('',3,1,((#12906,#12907),(#12908,#12909),
(#12910,#12911),(#12912,#12913),(#12914,#12915),(#12916,#12917),(#12918,
#12919),(#12920,#12921),(#12922,#12923),(#12924,#12925)),
 .SURF_OF_LINEAR_EXTRUSION.,.F.,.F.,.F.,(4,1,1,1,1,1,1,4),(2,2),(2.12887801054417E-9,
0.125000001862757,0.250000001596635,0.375000001330514,0.500000001064392,
0.625000000798271,0.750000000532149,0.999999999999906),(0.,1.),
 .UNSPECIFIED.);
#69=B_SPLINE_SURFACE_WITH_KNOTS('',3,1,((#12927,#12928),(#12929,#12930),
(#12931,#12932),(#12933,#12934),(#12935,#12936),(#12937,#12938),(#12939,
#12940),(#12941,#12942),(#12943,#12944),(#12945,#12946)),
 .SURF_OF_LINEAR_EXTRUSION.,.F.,.F.,.F.,(4,1,1,1,1,1,1,4),(2,2),(0.,0.25,
0.375,0.5,0.625,0.75,0.875,1.),(0.,1.),.UNSPECIFIED.);
#70=B_SPLINE_SURFACE_WITH_KNOTS('',3,1,((#12989,#12990),(#12991,#12992),
(#12993,#12994),(#12995,#12996),(#12997,#12998),(#12999,#13000),(#13001,
#13002),(#13003,#13004),(#13005,#13006),(#13007,#13008)),
 .SURF_OF_LINEAR_EXTRUSION.,.F.,.F.,.F.,(4,1,1,1,1,1,1,4),(2,2),(2.1288779037582E-9,
0.125000001862757,0.250000001596635,0.375000001330514,0.500000001064392,
0.625000000798271,0.75000000053215,0.999999999999907),(0.,1.),
 .UNSPECIFIED.);
#71=B_SPLINE_SURFACE_WITH_KNOTS('',3,1,((#13009,#13010),(#13011,#13012),
(#13013,#13014),(#13015,#13016),(#13017,#13018),(#13019,#13020),(#13021,
#13022),(#13023,#13024),(#13025,#13026),(#13027,#13028)),
 .SURF_OF_LINEAR_EXTRUSION.,.F.,.F.,.F.,(4,1,1,1,1,1,1,4),(2,2),(0.,0.25,
0.375,0.5,0.625,0.75,0.875,1.),(0.,1.),.UNSPECIFIED.);
#72=B_SPLINE_SURFACE_WITH_KNOTS('',3,1,((#13030,#13031),(#13032,#13033),
(#13034,#13035),(#13036,#13037),(#13038,#13039),(#13040,#13041),(#13042,
#13043),(#13044,#13045),(#13046,#13047),(#13048,#13049)),
 .SURF_OF_LINEAR_EXTRUSION.,.F.,.F.,.F.,(4,1,1,1,1,1,1,4),(2,2),(2.12887790148587E-9,
0.125000001862757,0.250000001596635,0.375000001330514,0.500000001064393,
0.625000000798271,0.75000000053215,0.999999999999908),(0.,1.),
 .UNSPECIFIED.);
#73=B_SPLINE_SURFACE_WITH_KNOTS('',3,1,((#13050,#13051),(#13052,#13053),
(#13054,#13055),(#13056,#13057),(#13058,#13059),(#13060,#13061),(#13062,
#13063),(#13064,#13065),(#13066,#13067),(#13068,#13069)),
 .SURF_OF_LINEAR_EXTRUSION.,.F.,.F.,.F.,(4,1,1,1,1,1,1,4),(2,2),(0.,0.25,
0.375,0.5,0.625,0.75,0.875,1.),(0.,1.),.UNSPECIFIED.);
#74=B_SPLINE_SURFACE_WITH_KNOTS('',3,1,((#13071,#13072),(#13073,#13074),
(#13075,#13076),(#13077,#13078),(#13079,#13080),(#13081,#13082),(#13083,
#13084),(#13085,#13086),(#13087,#13088),(#13089,#13090)),
 .SURF_OF_LINEAR_EXTRUSION.,.F.,.F.,.F.,(4,1,1,1,1,1,1,4),(2,2),(2.12887786464153E-9,
0.125000001862756,0.250000001596635,0.375000001330514,0.500000001064392,
0.625000000798271,0.75000000053215,0.999999999999907),(0.,1.),
 .UNSPECIFIED.);
#75=B_SPLINE_SURFACE_WITH_KNOTS('',3,1,((#13091,#13092),(#13093,#13094),
(#13095,#13096),(#13097,#13098),(#13099,#13100),(#13101,#13102),(#13103,
#13104),(#13105,#13106),(#13107,#13108),(#13109,#13110)),
 .SURF_OF_LINEAR_EXTRUSION.,.F.,.F.,.F.,(4,1,1,1,1,1,1,4),(2,2),(0.,0.25,
0.375,0.5,0.625,0.75,0.875,1.),(0.,1.),.UNSPECIFIED.);
#76=B_SPLINE_SURFACE_WITH_KNOTS('',3,1,((#13112,#13113),(#13114,#13115),
(#13116,#13117),(#13118,#13119),(#13120,#13121),(#13122,#13123),(#13124,
#13125),(#13126,#13127),(#13128,#13129),(#13130,#13131)),
 .SURF_OF_LINEAR_EXTRUSION.,.F.,.F.,.F.,(4,1,1,1,1,1,1,4),(2,2),(2.12887800184631E-9,
0.125000001862757,0.250000001596635,0.375000001330514,0.500000001064392,
0.625000000798271,0.75000000053215,0.999999999999907),(0.,1.),
 .UNSPECIFIED.);
#77=B_SPLINE_SURFACE_WITH_KNOTS('',3,1,((#13132,#13133),(#13134,#13135),
(#13136,#13137),(#13138,#13139),(#13140,#13141),(#13142,#13143),(#13144,
#13145),(#13146,#13147),(#13148,#13149),(#13150,#13151)),
 .SURF_OF_LINEAR_EXTRUSION.,.F.,.F.,.F.,(4,1,1,1,1,1,1,4),(2,2),(0.,0.25,
0.375,0.5,0.625,0.75,0.875,1.),(0.,1.),.UNSPECIFIED.);
#78=B_SPLINE_SURFACE_WITH_KNOTS('',3,1,((#13153,#13154),(#13155,#13156),
(#13157,#13158),(#13159,#13160),(#13161,#13162),(#13163,#13164),(#13165,
#13166),(#13167,#13168),(#13169,#13170),(#13171,#13172)),
 .SURF_OF_LINEAR_EXTRUSION.,.F.,.F.,.F.,(4,1,1,1,1,1,1,4),(2,2),(2.12887804780727E-9,
0.125000001862757,0.250000001596635,0.375000001330514,0.500000001064392,
0.625000000798271,0.75000000053215,0.999999999999907),(0.,1.),
 .UNSPECIFIED.);
#79=B_SPLINE_SURFACE_WITH_KNOTS('',3,1,((#13173,#13174),(#13175,#13176),
(#13177,#13178),(#13179,#13180),(#13181,#13182),(#13183,#13184),(#13185,
#13186),(#13187,#13188),(#13189,#13190),(#13191,#13192)),
 .SURF_OF_LINEAR_EXTRUSION.,.F.,.F.,.F.,(4,1,1,1,1,1,1,4),(2,2),(0.,0.25,
0.375,0.5,0.625,0.75,0.875,1.),(0.,1.),.UNSPECIFIED.);
#80=B_SPLINE_SURFACE_WITH_KNOTS('',3,1,((#13534,#13535),(#13536,#13537),
(#13538,#13539),(#13540,#13541),(#13542,#13543),(#13544,#13545),(#13546,
#13547),(#13548,#13549),(#13550,#13551),(#13552,#13553)),
 .SURF_OF_LINEAR_EXTRUSION.,.F.,.F.,.F.,(4,1,1,1,1,1,1,4),(2,2),(0.,0.25,
0.375,0.5,0.625,0.75,0.875,1.),(0.,1.),.UNSPECIFIED.);
#81=B_SPLINE_SURFACE_WITH_KNOTS('',3,1,((#13555,#13556),(#13557,#13558),
(#13559,#13560),(#13561,#13562),(#13563,#13564),(#13565,#13566),(#13567,
#13568),(#13569,#13570),(#13571,#13572),(#13573,#13574)),
 .SURF_OF_LINEAR_EXTRUSION.,.F.,.F.,.F.,(4,1,1,1,1,1,1,4),(2,2),(2.12887825573691E-9,
0.125000001862757,0.250000001596635,0.375000001330514,0.500000001064392,
0.625000000798271,0.75000000053215,0.999999999999907),(0.,1.),
 .UNSPECIFIED.);
#82=B_SPLINE_SURFACE_WITH_KNOTS('',3,1,((#13617,#13618),(#13619,#13620),
(#13621,#13622),(#13623,#13624),(#13625,#13626),(#13627,#13628),(#13629,
#13630),(#13631,#13632),(#13633,#13634),(#13635,#13636)),
 .SURF_OF_LINEAR_EXTRUSION.,.F.,.F.,.F.,(4,1,1,1,1,1,1,4),(2,2),(0.,0.25,
0.375,0.5,0.625,0.75,0.875,1.),(0.,1.),.UNSPECIFIED.);
#83=B_SPLINE_SURFACE_WITH_KNOTS('',3,1,((#13637,#13638),(#13639,#13640),
(#13641,#13642),(#13643,#13644),(#13645,#13646),(#13647,#13648),(#13649,
#13650),(#13651,#13652),(#13653,#13654),(#13655,#13656)),
 .SURF_OF_LINEAR_EXTRUSION.,.F.,.F.,.F.,(4,1,1,1,1,1,1,4),(2,2),(2.12887826883019E-9,
0.125000001862757,0.250000001596635,0.375000001330514,0.500000001064393,
0.625000000798271,0.75000000053215,0.999999999999907),(0.,1.),
 .UNSPECIFIED.);
#84=B_SPLINE_SURFACE_WITH_KNOTS('',3,1,((#13658,#13659),(#13660,#13661),
(#13662,#13663),(#13664,#13665),(#13666,#13667),(#13668,#13669),(#13670,
#13671),(#13672,#13673),(#13674,#13675),(#13676,#13677)),
 .SURF_OF_LINEAR_EXTRUSION.,.F.,.F.,.F.,(4,1,1,1,1,1,1,4),(2,2),(0.,0.25,
0.375,0.5,0.625,0.75,0.875,1.),(0.,1.),.UNSPECIFIED.);
#85=B_SPLINE_SURFACE_WITH_KNOTS('',3,1,((#13678,#13679),(#13680,#13681),
(#13682,#13683),(#13684,#13685),(#13686,#13687),(#13688,#13689),(#13690,
#13691),(#13692,#13693),(#13694,#13695),(#13696,#13697)),
 .SURF_OF_LINEAR_EXTRUSION.,.F.,.F.,.F.,(4,1,1,1,1,1,1,4),(2,2),(2.12887811055171E-9,
0.125000001862757,0.250000001596635,0.375000001330514,0.500000001064393,
0.625000000798271,0.75000000053215,0.999999999999907),(0.,1.),
 .UNSPECIFIED.);
#86=B_SPLINE_SURFACE_WITH_KNOTS('',3,1,((#13699,#13700),(#13701,#13702),
(#13703,#13704),(#13705,#13706),(#13707,#13708),(#13709,#13710),(#13711,
#13712),(#13713,#13714),(#13715,#13716),(#13717,#13718)),
 .SURF_OF_LINEAR_EXTRUSION.,.F.,.F.,.F.,(4,1,1,1,1,1,1,4),(2,2),(0.,0.25,
0.375,0.5,0.625,0.75,0.875,1.),(0.,1.),.UNSPECIFIED.);
#87=B_SPLINE_SURFACE_WITH_KNOTS('',3,1,((#13719,#13720),(#13721,#13722),
(#13723,#13724),(#13725,#13726),(#13727,#13728),(#13729,#13730),(#13731,
#13732),(#13733,#13734),(#13735,#13736),(#13737,#13738)),
 .SURF_OF_LINEAR_EXTRUSION.,.F.,.F.,.F.,(4,1,1,1,1,1,1,4),(2,2),(2.1288781781983E-9,
0.125000001862757,0.250000001596635,0.375000001330514,0.500000001064392,
0.625000000798271,0.750000000532149,0.999999999999907),(0.,1.),
 .UNSPECIFIED.);
#88=B_SPLINE_SURFACE_WITH_KNOTS('',3,1,((#13740,#13741),(#13742,#13743),
(#13744,#13745),(#13746,#13747),(#13748,#13749),(#13750,#13751),(#13752,
#13753),(#13754,#13755),(#13756,#13757),(#13758,#13759)),
 .SURF_OF_LINEAR_EXTRUSION.,.F.,.F.,.F.,(4,1,1,1,1,1,1,4),(2,2),(0.,0.25,
0.375,0.5,0.625,0.75,0.875,1.),(0.,1.),.UNSPECIFIED.);
#89=B_SPLINE_SURFACE_WITH_KNOTS('',3,1,((#13760,#13761),(#13762,#13763),
(#13764,#13765),(#13766,#13767),(#13768,#13769),(#13770,#13771),(#13772,
#13773),(#13774,#13775),(#13776,#13777),(#13778,#13779)),
 .SURF_OF_LINEAR_EXTRUSION.,.F.,.F.,.F.,(4,1,1,1,1,1,1,4),(2,2),(2.12887810602903E-9,
0.125000001862757,0.250000001596635,0.375000001330514,0.500000001064393,
0.625000000798271,0.75000000053215,0.999999999999907),(0.,1.),
 .UNSPECIFIED.);
#90=B_SPLINE_SURFACE_WITH_KNOTS('',3,1,((#13781,#13782),(#13783,#13784),
(#13785,#13786),(#13787,#13788),(#13789,#13790),(#13791,#13792),(#13793,
#13794),(#13795,#13796),(#13797,#13798),(#13799,#13800)),
 .SURF_OF_LINEAR_EXTRUSION.,.F.,.F.,.F.,(4,1,1,1,1,1,1,4),(2,2),(0.,0.25,
0.375,0.5,0.625,0.75,0.875,1.),(0.,1.),.UNSPECIFIED.);
#91=B_SPLINE_SURFACE_WITH_KNOTS('',3,1,((#13801,#13802),(#13803,#13804),
(#13805,#13806),(#13807,#13808),(#13809,#13810),(#13811,#13812),(#13813,
#13814),(#13815,#13816),(#13817,#13818),(#13819,#13820)),
 .SURF_OF_LINEAR_EXTRUSION.,.F.,.F.,.F.,(4,1,1,1,1,1,1,4),(2,2),(2.12887819854435E-9,
0.125000001862757,0.250000001596635,0.375000001330514,0.500000001064393,
0.625000000798271,0.75000000053215,0.999999999999907),(0.,1.),
 .UNSPECIFIED.);
#92=B_SPLINE_SURFACE_WITH_KNOTS('',3,1,((#13841,#13842),(#13843,#13844),
(#13845,#13846),(#13847,#13848)),.SURF_OF_LINEAR_EXTRUSION.,.F.,.F.,.F.,
(4,4),(2,2),(0.180254842046753,1.00000001033317),(0.,1.),
 .PIECEWISE_BEZIER_KNOTS.);
#93=B_SPLINE_SURFACE_WITH_KNOTS('',3,1,((#13865,#13866),(#13867,#13868),
(#13869,#13870),(#13871,#13872)),.SURF_OF_LINEAR_EXTRUSION.,.F.,.F.,.F.,
(4,4),(2,2),(0.,1.00000000005743),(0.,1.),.PIECEWISE_BEZIER_KNOTS.);
#94=B_SPLINE_SURFACE_WITH_KNOTS('',3,1,((#13893,#13894),(#13895,#13896),
(#13897,#13898),(#13899,#13900)),.SURF_OF_LINEAR_EXTRUSION.,.F.,.F.,.F.,
(4,4),(2,2),(0.180254842046748,1.00000001033317),(0.,1.),
 .PIECEWISE_BEZIER_KNOTS.);
#95=B_SPLINE_SURFACE_WITH_KNOTS('',3,1,((#13917,#13918),(#13919,#13920),
(#13921,#13922),(#13923,#13924)),.SURF_OF_LINEAR_EXTRUSION.,.F.,.F.,.F.,
(4,4),(2,2),(0.,1.00000000005743),(0.,1.),.PIECEWISE_BEZIER_KNOTS.);
#96=CYLINDRICAL_SURFACE('',#6850,0.00875000060707861);
#97=CYLINDRICAL_SURFACE('',#6851,0.0112499974266989);
#98=CYLINDRICAL_SURFACE('',#6852,0.00875000060872535);
#99=CYLINDRICAL_SURFACE('',#6853,0.0112499974279775);
#100=CYLINDRICAL_SURFACE('',#6878,0.00875000060707861);
#101=CYLINDRICAL_SURFACE('',#6879,0.0112499974266993);
#102=CYLINDRICAL_SURFACE('',#6880,0.00875000060872537);
#103=CYLINDRICAL_SURFACE('',#6881,0.0112499974279775);
#104=CYLINDRICAL_SURFACE('',#6901,0.025);
#105=CYLINDRICAL_SURFACE('',#6907,0.0225);
#106=CYLINDRICAL_SURFACE('',#6914,0.0249999999999947);
#107=CYLINDRICAL_SURFACE('',#6920,0.0225);
#108=CYLINDRICAL_SURFACE('',#6939,0.00325);
#109=CYLINDRICAL_SURFACE('',#6947,0.00125);
#110=CYLINDRICAL_SURFACE('',#6960,0.00325);
#111=CYLINDRICAL_SURFACE('',#6969,0.00125);
#112=CYLINDRICAL_SURFACE('',#6984,0.0250000000000012);
#113=CYLINDRICAL_SURFACE('',#6990,0.0225);
#114=CYLINDRICAL_SURFACE('',#7001,0.00325);
#115=CYLINDRICAL_SURFACE('',#7013,0.00125);
#116=CYLINDRICAL_SURFACE('',#7028,0.025);
#117=CYLINDRICAL_SURFACE('',#7034,0.0225);
#118=CYLINDRICAL_SURFACE('',#7051,0.00325);
#119=CYLINDRICAL_SURFACE('',#7056,0.00125);
#120=CYLINDRICAL_SURFACE('',#7117,0.005);
#121=CYLINDRICAL_SURFACE('',#7118,0.005);
#122=CYLINDRICAL_SURFACE('',#7119,0.005);
#123=CYLINDRICAL_SURFACE('',#7120,0.005);
#124=CYLINDRICAL_SURFACE('',#7121,0.005);
#125=CYLINDRICAL_SURFACE('',#7122,0.0015);
#126=CYLINDRICAL_SURFACE('',#7123,0.0008);
#127=CYLINDRICAL_SURFACE('',#7124,0.0008);
#128=CYLINDRICAL_SURFACE('',#7125,0.0008);
#129=CYLINDRICAL_SURFACE('',#7126,0.005);
#130=CYLINDRICAL_SURFACE('',#7161,0.005);
#131=CYLINDRICAL_SURFACE('',#7162,0.005);
#132=CYLINDRICAL_SURFACE('',#7163,0.005);
#133=CYLINDRICAL_SURFACE('',#7164,0.005);
#134=CYLINDRICAL_SURFACE('',#7165,0.005);
#135=CYLINDRICAL_SURFACE('',#7166,0.0015);
#136=CYLINDRICAL_SURFACE('',#7167,0.0008);
#137=CYLINDRICAL_SURFACE('',#7168,0.0008);
#138=CYLINDRICAL_SURFACE('',#7169,0.0008);
#139=CYLINDRICAL_SURFACE('',#7170,0.005);
#140=CYLINDRICAL_SURFACE('',#7205,0.005);
#141=CYLINDRICAL_SURFACE('',#7206,0.005);
#142=CYLINDRICAL_SURFACE('',#7207,0.005);
#143=CYLINDRICAL_SURFACE('',#7208,0.005);
#144=CYLINDRICAL_SURFACE('',#7209,0.005);
#145=CYLINDRICAL_SURFACE('',#7210,0.0015);
#146=CYLINDRICAL_SURFACE('',#7211,0.0008);
#147=CYLINDRICAL_SURFACE('',#7212,0.0008);
#148=CYLINDRICAL_SURFACE('',#7213,0.0008);
#149=CYLINDRICAL_SURFACE('',#7214,0.005);
#150=CYLINDRICAL_SURFACE('',#7249,0.005);
#151=CYLINDRICAL_SURFACE('',#7250,0.005);
#152=CYLINDRICAL_SURFACE('',#7251,0.005);
#153=CYLINDRICAL_SURFACE('',#7252,0.005);
#154=CYLINDRICAL_SURFACE('',#7253,0.005);
#155=CYLINDRICAL_SURFACE('',#7254,0.0015);
#156=CYLINDRICAL_SURFACE('',#7255,0.0008);
#157=CYLINDRICAL_SURFACE('',#7256,0.0008);
#158=CYLINDRICAL_SURFACE('',#7257,0.0008);
#159=CYLINDRICAL_SURFACE('',#7258,0.005);
#160=B_SPLINE_CURVE_WITH_KNOTS('',3,(#8758,#8759,#8760,#8761),
 .UNSPECIFIED.,.F.,.F.,(4,4),(0.,0.000133803650818589),.UNSPECIFIED.);
#161=B_SPLINE_CURVE_WITH_KNOTS('',3,(#8763,#8764,#8765,#8766),
 .UNSPECIFIED.,.F.,.F.,(4,4),(0.00228398547522182,0.00250782049817825),
 .UNSPECIFIED.);
#162=B_SPLINE_CURVE_WITH_KNOTS('',3,(#8817,#8818,#8819,#8820),
 .UNSPECIFIED.,.F.,.F.,(4,4),(-6.61664021912433E-17,2.66963837310286E-6),
 .UNSPECIFIED.);
#163=B_SPLINE_CURVE_WITH_KNOTS('',3,(#8832,#8833,#8834,#8835),
 .UNSPECIFIED.,.F.,.F.,(4,4),(1.55225992616694E-11,2.47203418722253E-6),
 .UNSPECIFIED.);
#164=B_SPLINE_CURVE_WITH_KNOTS('',3,(#8840,#8841,#8842,#8843),
 .UNSPECIFIED.,.F.,.F.,(4,4),(-2.05635543857642E-15,2.01133432228015E-6),
 .UNSPECIFIED.);
#165=B_SPLINE_CURVE_WITH_KNOTS('',3,(#8871,#8872,#8873,#8874),
 .UNSPECIFIED.,.F.,.F.,(4,4),(0.000608448497373147,0.00063105808614817),
 .UNSPECIFIED.);
#166=B_SPLINE_CURVE_WITH_KNOTS('',3,(#8903,#8904,#8905,#8906),
 .UNSPECIFIED.,.F.,.F.,(4,4),(0.000265937355482658,0.00226593735564163),
 .UNSPECIFIED.);
#167=B_SPLINE_CURVE_WITH_KNOTS('',3,(#8909,#8910,#8911,#8912),
 .UNSPECIFIED.,.F.,.F.,(4,4),(3.38542434071483E-5,0.00103641261059444),
 .UNSPECIFIED.);
#168=B_SPLINE_CURVE_WITH_KNOTS('',3,(#8914,#8915,#8916,#8917),
 .UNSPECIFIED.,.F.,.F.,(4,4),(0.00103641261059444,0.0020338542526039),
 .UNSPECIFIED.);
#169=B_SPLINE_CURVE_WITH_KNOTS('',3,(#8919,#8920,#8921,#8922),
 .UNSPECIFIED.,.F.,.F.,(4,4),(0.000226526008798468,0.00222652605616944),
 .UNSPECIFIED.);
#170=B_SPLINE_CURVE_WITH_KNOTS('',3,(#8924,#8925,#8926,#8927),
 .UNSPECIFIED.,.F.,.F.,(4,4),(3.4541381682804E-5,0.00103904437263077),
 .UNSPECIFIED.);
#171=B_SPLINE_CURVE_WITH_KNOTS('',3,(#8929,#8930,#8931,#8932),
 .UNSPECIFIED.,.F.,.F.,(4,4),(0.00103904437263077,0.00203454147221339),
 .UNSPECIFIED.);
#172=B_SPLINE_CURVE_WITH_KNOTS('',3,(#8933,#8934,#8935,#8936),
 .UNSPECIFIED.,.F.,.F.,(4,4),(0.000129941224108182,0.00253876183845003),
 .UNSPECIFIED.);
#173=B_SPLINE_CURVE_WITH_KNOTS('',3,(#8938,#8939,#8940,#8941,#8942,#8943,
#8944,#8945,#8946,#8947,#8948,#8949,#8950,#8951),.UNSPECIFIED.,.F.,.F.,
(4,2,2,2,2,2,4),(0.,0.126895971929879,0.253791943859758,0.507583887719515,
0.753791943859758,0.876895971929879,1.),.UNSPECIFIED.);
#174=B_SPLINE_CURVE_WITH_KNOTS('',3,(#8953,#8954,#8955,#8956),
 .UNSPECIFIED.,.F.,.F.,(4,4),(0.,0.00244617787942073),.UNSPECIFIED.);
#175=B_SPLINE_CURVE_WITH_KNOTS('',3,(#8958,#8959,#8960,#8961),
 .UNSPECIFIED.,.F.,.F.,(4,4),(0.,2.28518010629827E-5),.UNSPECIFIED.);
#176=B_SPLINE_CURVE_WITH_KNOTS('',3,(#8963,#8964,#8965,#8966),
 .UNSPECIFIED.,.F.,.F.,(4,4),(0.,9.49886543907444E-5),.UNSPECIFIED.);
#177=B_SPLINE_CURVE_WITH_KNOTS('',3,(#8968,#8969,#8970,#8971,#8972,#8973,
#8974,#8975,#8976,#8977,#8978,#8979,#8980,#8981),.UNSPECIFIED.,.F.,.F.,
(4,2,2,2,2,2,4),(0.,0.126895971929879,0.253791943859758,0.507583887719515,
0.753791943859758,0.876895971929879,1.),.UNSPECIFIED.);
#178=B_SPLINE_CURVE_WITH_KNOTS('',3,(#9021,#9022,#9023,#9024),
 .UNSPECIFIED.,.F.,.F.,(4,4),(0.,0.000225310310922423),.UNSPECIFIED.);
#179=B_SPLINE_CURVE_WITH_KNOTS('',3,(#9069,#9070,#9071,#9072),
 .UNSPECIFIED.,.F.,.F.,(4,4),(-6.61680962571378E-17,2.66964077323818E-6),
 .UNSPECIFIED.);
#180=B_SPLINE_CURVE_WITH_KNOTS('',3,(#9082,#9083,#9084,#9085),
 .UNSPECIFIED.,.F.,.F.,(4,4),(1.55225994065121E-11,2.47203418660893E-6),
 .UNSPECIFIED.);
#181=B_SPLINE_CURVE_WITH_KNOTS('',3,(#9098,#9099,#9100,#9101),
 .UNSPECIFIED.,.F.,.F.,(4,4),(0.,2.01133432189923E-6),.UNSPECIFIED.);
#182=B_SPLINE_CURVE_WITH_KNOTS('',3,(#9339,#9340,#9341,#9342),
 .UNSPECIFIED.,.F.,.F.,(4,4),(0.,0.00253736786991784),.UNSPECIFIED.);
#183=B_SPLINE_CURVE_WITH_KNOTS('',3,(#9345,#9346,#9347,#9348),
 .UNSPECIFIED.,.F.,.F.,(4,4),(0.,0.00263550144796155),.UNSPECIFIED.);
#184=B_SPLINE_CURVE_WITH_KNOTS('',3,(#9350,#9351,#9352,#9353),
 .UNSPECIFIED.,.F.,.F.,(4,4),(0.,0.00254818499258913),.UNSPECIFIED.);
#185=B_SPLINE_CURVE_WITH_KNOTS('',3,(#9355,#9356,#9357,#9358),
 .UNSPECIFIED.,.F.,.F.,(4,4),(0.,0.00262688445517709),.UNSPECIFIED.);
#186=B_SPLINE_CURVE_WITH_KNOTS('',3,(#9361,#9362,#9363,#9364),
 .UNSPECIFIED.,.F.,.F.,(4,4),(0.,0.00241056292926588),.UNSPECIFIED.);
#187=B_SPLINE_CURVE_WITH_KNOTS('',3,(#9366,#9367,#9368,#9369),
 .UNSPECIFIED.,.F.,.F.,(4,4),(0.,0.00254853309766818),.UNSPECIFIED.);
#188=B_SPLINE_CURVE_WITH_KNOTS('',3,(#9371,#9372,#9373,#9374),
 .UNSPECIFIED.,.F.,.F.,(4,4),(0.,0.0026363443931372),.UNSPECIFIED.);
#189=B_SPLINE_CURVE_WITH_KNOTS('',3,(#9391,#9392,#9393,#9394),
 .UNSPECIFIED.,.F.,.F.,(4,4),(3.40678963864685E-5,0.00103150953840615),
 .UNSPECIFIED.);
#190=B_SPLINE_CURVE_WITH_KNOTS('',3,(#9401,#9402,#9403,#9404),
 .UNSPECIFIED.,.F.,.F.,(4,4),(3.38895954075419E-5,0.00102938669487806),
 .UNSPECIFIED.);
#191=B_SPLINE_CURVE_WITH_KNOTS('',3,(#9408,#9409,#9410,#9411),
 .UNSPECIFIED.,.F.,.F.,(4,4),(9.75781955236954E-19,0.00253876183845003),
 .UNSPECIFIED.);
#192=B_SPLINE_CURVE_WITH_KNOTS('',3,(#9414,#9415,#9416,#9417),
 .UNSPECIFIED.,.F.,.F.,(4,4),(0.,0.00262730367851858),.UNSPECIFIED.);
#193=B_SPLINE_CURVE_WITH_KNOTS('',3,(#9419,#9420,#9421,#9422),
 .UNSPECIFIED.,.F.,.F.,(4,4),(0.,0.00254853309766818),.UNSPECIFIED.);
#194=B_SPLINE_CURVE_WITH_KNOTS('',3,(#9424,#9425,#9426,#9427),
 .UNSPECIFIED.,.F.,.F.,(4,4),(0.,0.00263634439313721),.UNSPECIFIED.);
#195=B_SPLINE_CURVE_WITH_KNOTS('',3,(#9428,#9429,#9430,#9431),
 .UNSPECIFIED.,.F.,.F.,(4,4),(0.,0.00262730367851889),.UNSPECIFIED.);
#196=B_SPLINE_CURVE_WITH_KNOTS('',3,(#9434,#9435,#9436,#9437),
 .UNSPECIFIED.,.F.,.F.,(4,4),(0.,0.00253876183845007),.UNSPECIFIED.);
#197=B_SPLINE_CURVE_WITH_KNOTS('',3,(#9439,#9440,#9441,#9442),
 .UNSPECIFIED.,.F.,.F.,(4,4),(0.,0.00263634439313749),.UNSPECIFIED.);
#198=B_SPLINE_CURVE_WITH_KNOTS('',3,(#9444,#9445,#9446,#9447),
 .UNSPECIFIED.,.F.,.F.,(4,4),(8.67361737988404E-19,0.00254853309766824),
 .UNSPECIFIED.);
#199=B_SPLINE_CURVE_WITH_KNOTS('',3,(#9494,#9495,#9496,#9497),
 .UNSPECIFIED.,.F.,.F.,(4,4),(3.38542434071826E-5,0.00103641261058415),
 .UNSPECIFIED.);
#200=B_SPLINE_CURVE_WITH_KNOTS('',3,(#9500,#9501,#9502,#9503),
 .UNSPECIFIED.,.F.,.F.,(4,4),(0.000265937355482653,0.00226593735564114),
 .UNSPECIFIED.);
#201=B_SPLINE_CURVE_WITH_KNOTS('',3,(#9505,#9506,#9507,#9508),
 .UNSPECIFIED.,.F.,.F.,(4,4),(0.00103904437272494,0.00203454147221339),
 .UNSPECIFIED.);
#202=B_SPLINE_CURVE_WITH_KNOTS('',3,(#9510,#9511,#9512,#9513),
 .UNSPECIFIED.,.F.,.F.,(4,4),(3.45413816827991E-5,0.00103904437272494),
 .UNSPECIFIED.);
#203=B_SPLINE_CURVE_WITH_KNOTS('',3,(#9515,#9516,#9517,#9518),
 .UNSPECIFIED.,.F.,.F.,(4,4),(0.000226526008798432,0.00222652605616944),
 .UNSPECIFIED.);
#204=B_SPLINE_CURVE_WITH_KNOTS('',3,(#9520,#9521,#9522,#9523),
 .UNSPECIFIED.,.F.,.F.,(4,4),(0.00103641261058415,0.0020338542526039),
 .UNSPECIFIED.);
#205=B_SPLINE_CURVE_WITH_KNOTS('',3,(#9524,#9525,#9526,#9527,#9528,#9529,
#9530,#9531,#9532,#9533,#9534,#9535,#9536,#9537),.UNSPECIFIED.,.F.,.F.,
(4,2,2,2,2,2,4),(0.,0.126895971929879,0.253791943859758,0.507583887719515,
0.753791943859758,0.876895971929879,1.),.UNSPECIFIED.);
#206=B_SPLINE_CURVE_WITH_KNOTS('',3,(#9539,#9540,#9541,#9542),
 .UNSPECIFIED.,.F.,.F.,(4,4),(9.75781955236954E-19,0.00253736799228319),
 .UNSPECIFIED.);
#207=B_SPLINE_CURVE_WITH_KNOTS('',3,(#9544,#9545,#9546,#9547,#9548,#9549,
#9550,#9551,#9552,#9553,#9554,#9555,#9556,#9557),.UNSPECIFIED.,.F.,.F.,
(4,2,2,2,2,2,4),(0.,0.126895971929879,0.253791943859758,0.507583887719515,
0.753791943859758,0.876895971929879,1.),.UNSPECIFIED.);
#208=B_SPLINE_CURVE_WITH_KNOTS('',3,(#9586,#9587,#9588,#9589),
 .UNSPECIFIED.,.F.,.F.,(4,4),(0.,0.00263614188659177),.UNSPECIFIED.);
#209=B_SPLINE_CURVE_WITH_KNOTS('',3,(#9591,#9592,#9593,#9594,#9595,#9596,
#9597,#9598,#9599,#9600,#9601,#9602,#9603,#9604),.UNSPECIFIED.,.F.,.F.,
(4,2,2,2,2,2,4),(0.,0.126895971929879,0.253791943859758,0.507583887719515,
0.753791943859758,0.876895971929879,1.),.UNSPECIFIED.);
#210=B_SPLINE_CURVE_WITH_KNOTS('',3,(#9633,#9634,#9635,#9636),
 .UNSPECIFIED.,.F.,.F.,(4,4),(0.,0.00254818487630203),.UNSPECIFIED.);
#211=B_SPLINE_CURVE_WITH_KNOTS('',3,(#9638,#9639,#9640,#9641,#9642,#9643,
#9644,#9645,#9646,#9647,#9648,#9649,#9650,#9651),.UNSPECIFIED.,.F.,.F.,
(4,2,2,2,2,2,4),(0.,0.126895971929879,0.253791943859758,0.507583887719515,
0.753791943859758,0.876895971929879,1.),.UNSPECIFIED.);
#212=B_SPLINE_CURVE_WITH_KNOTS('',3,(#9680,#9681,#9682,#9683),
 .UNSPECIFIED.,.F.,.F.,(4,4),(0.,0.00262625730441977),.UNSPECIFIED.);
#213=B_SPLINE_CURVE_WITH_KNOTS('',3,(#9687,#9688,#9689,#9690,#9691,#9692,
#9693,#9694,#9695,#9696,#9697,#9698),.UNSPECIFIED.,.F.,.F.,(4,2,2,2,2,4),
(0.,0.25,0.5,0.75,0.875,1.),.UNSPECIFIED.);
#214=B_SPLINE_CURVE_WITH_KNOTS('',3,(#9704,#9705,#9706,#9707,#9708,#9709,
#9710,#9711,#9712,#9713,#9714,#9715),.UNSPECIFIED.,.F.,.F.,(4,2,2,2,2,4),
(0.,0.25,0.5,0.75,0.875,1.),.UNSPECIFIED.);
#215=B_SPLINE_CURVE_WITH_KNOTS('',3,(#9721,#9722,#9723,#9724,#9725,#9726,
#9727,#9728,#9729,#9730,#9731,#9732),.UNSPECIFIED.,.F.,.F.,(4,2,2,2,2,4),
(0.,0.25,0.5,0.75,0.875,1.),.UNSPECIFIED.);
#216=B_SPLINE_CURVE_WITH_KNOTS('',3,(#9738,#9739,#9740,#9741,#9742,#9743,
#9744,#9745,#9746,#9747,#9748,#9749),.UNSPECIFIED.,.F.,.F.,(4,2,2,2,2,4),
(0.,0.25,0.5,0.75,0.875,1.),.UNSPECIFIED.);
#217=B_SPLINE_CURVE_WITH_KNOTS('',3,(#9760,#9761,#9762,#9763),
 .UNSPECIFIED.,.F.,.F.,(4,4),(0.000234083236648476,0.00223408323683372),
 .UNSPECIFIED.);
#218=B_SPLINE_CURVE_WITH_KNOTS('',3,(#9764,#9765,#9766,#9767,#9768,#9769,
#9770,#9771,#9772,#9773),.UNSPECIFIED.,.F.,.F.,(4,2,2,2,4),(0.,0.25,0.5,
0.75,1.),.UNSPECIFIED.);
#219=B_SPLINE_CURVE_WITH_KNOTS('',3,(#9781,#9782,#9783,#9784,#9785,#9786,
#9787,#9788,#9789,#9790),.UNSPECIFIED.,.F.,.F.,(4,2,2,2,4),(0.,0.25,0.5,
0.75,1.),.UNSPECIFIED.);
#220=B_SPLINE_CURVE_WITH_KNOTS('',3,(#9795,#9796,#9797,#9798),
 .UNSPECIFIED.,.F.,.F.,(4,4),(0.000273622013163948,0.00227362206053486),
 .UNSPECIFIED.);
#221=B_SPLINE_CURVE_WITH_KNOTS('',3,(#9799,#9800,#9801,#9802,#9803,#9804,
#9805,#9806,#9807,#9808),.UNSPECIFIED.,.F.,.F.,(4,2,2,2,4),(0.,0.25,0.5,
0.75,1.),.UNSPECIFIED.);
#222=B_SPLINE_CURVE_WITH_KNOTS('',3,(#9816,#9817,#9818,#9819,#9820,#9821,
#9822,#9823,#9824,#9825),.UNSPECIFIED.,.F.,.F.,(4,2,2,2,4),(0.,0.25,0.5,
0.75,1.),.UNSPECIFIED.);
#223=B_SPLINE_CURVE_WITH_KNOTS('',3,(#9871,#9872,#9873,#9874),
 .UNSPECIFIED.,.F.,.F.,(4,4),(0.00103150953840615,0.00203406790558319),
 .UNSPECIFIED.);
#224=B_SPLINE_CURVE_WITH_KNOTS('',3,(#9876,#9877,#9878,#9879),
 .UNSPECIFIED.,.F.,.F.,(4,4),(0.00102938669487806,0.00203388968593809),
 .UNSPECIFIED.);
#225=B_SPLINE_CURVE_WITH_KNOTS('',3,(#10013,#10014,#10015,#10016,#10017,
#10018,#10019,#10020,#10021,#10022),.UNSPECIFIED.,.F.,.F.,(4,2,2,2,4),(0.,
0.25,0.5,0.75,1.),.UNSPECIFIED.);
#226=B_SPLINE_CURVE_WITH_KNOTS('',3,(#10025,#10026,#10027,#10028,#10029,
#10030,#10031,#10032,#10033,#10034),.UNSPECIFIED.,.F.,.F.,(4,2,2,2,4),(0.,
0.25,0.5,0.75,1.),.UNSPECIFIED.);
#227=B_SPLINE_CURVE_WITH_KNOTS('',3,(#10049,#10050,#10051,#10052,#10053,
#10054,#10055,#10056,#10057,#10058),.UNSPECIFIED.,.F.,.F.,(4,2,2,2,4),(0.,
0.25,0.5,0.75,1.),.UNSPECIFIED.);
#228=B_SPLINE_CURVE_WITH_KNOTS('',3,(#10065,#10066,#10067,#10068,#10069,
#10070,#10071,#10072,#10073,#10074),.UNSPECIFIED.,.F.,.F.,(4,2,2,2,4),(0.,
0.25,0.5,0.75,1.),.UNSPECIFIED.);
#229=B_SPLINE_CURVE_WITH_KNOTS('',3,(#10097,#10098,#10099,#10100),
 .UNSPECIFIED.,.F.,.F.,(4,4),(3.92738674868541E-17,0.00263550144796145),
 .UNSPECIFIED.);
#230=B_SPLINE_CURVE_WITH_KNOTS('',3,(#10102,#10103,#10104,#10105),
 .UNSPECIFIED.,.F.,.F.,(4,4),(0.,0.00254818499258912),.UNSPECIFIED.);
#231=B_SPLINE_CURVE_WITH_KNOTS('',3,(#10107,#10108,#10109,#10110),
 .UNSPECIFIED.,.F.,.F.,(4,4),(0.000218264553691667,0.00262688445517703),
 .UNSPECIFIED.);
#232=B_SPLINE_CURVE_WITH_KNOTS('',3,(#10111,#10112,#10113,#10114),
 .UNSPECIFIED.,.F.,.F.,(4,4),(0.,0.00263550144796152),.UNSPECIFIED.);
#233=B_SPLINE_CURVE_WITH_KNOTS('',3,(#10117,#10118,#10119,#10120),
 .UNSPECIFIED.,.F.,.F.,(4,4),(0.,0.00253736786991784),.UNSPECIFIED.);
#234=B_SPLINE_CURVE_WITH_KNOTS('',3,(#10122,#10123,#10124,#10125),
 .UNSPECIFIED.,.F.,.F.,(4,4),(0.,0.00262688445517709),.UNSPECIFIED.);
#235=B_SPLINE_CURVE_WITH_KNOTS('',3,(#10127,#10128,#10129,#10130),
 .UNSPECIFIED.,.F.,.F.,(4,4),(1.0842021724855E-18,0.00254818499258913),
 .UNSPECIFIED.);
#236=B_SPLINE_CURVE_WITH_KNOTS('',3,(#10177,#10178,#10179,#10180),
 .UNSPECIFIED.,.F.,.F.,(4,4),(0.000273622013163953,0.00227362206053485),
 .UNSPECIFIED.);
#237=B_SPLINE_CURVE_WITH_KNOTS('',3,(#10183,#10184,#10185,#10186),
 .UNSPECIFIED.,.F.,.F.,(4,4),(3.40678963863998E-5,0.00103150953839585),
 .UNSPECIFIED.);
#238=B_SPLINE_CURVE_WITH_KNOTS('',3,(#10188,#10189,#10190,#10191),
 .UNSPECIFIED.,.F.,.F.,(4,4),(0.00103150953839585,0.00203406790558315),
 .UNSPECIFIED.);
#239=B_SPLINE_CURVE_WITH_KNOTS('',3,(#10193,#10194,#10195,#10196),
 .UNSPECIFIED.,.F.,.F.,(4,4),(0.000234083236674743,0.00223408323683371),
 .UNSPECIFIED.);
#240=B_SPLINE_CURVE_WITH_KNOTS('',3,(#10198,#10199,#10200,#10201),
 .UNSPECIFIED.,.F.,.F.,(4,4),(3.3889595407537E-5,0.00102938669497369),
 .UNSPECIFIED.);
#241=B_SPLINE_CURVE_WITH_KNOTS('',3,(#10203,#10204,#10205,#10206),
 .UNSPECIFIED.,.F.,.F.,(4,4),(0.00102938669497369,0.00203388968593813),
 .UNSPECIFIED.);
#242=B_SPLINE_CURVE_WITH_KNOTS('',3,(#10207,#10208,#10209,#10210,#10211,
#10212,#10213,#10214,#10215,#10216,#10217,#10218,#10219,#10220),
 .UNSPECIFIED.,.F.,.F.,(4,2,2,2,2,2,4),(0.,0.126895971929879,0.253791943859758,
0.507583887719515,0.753791943859758,0.876895971929879,1.),.UNSPECIFIED.);
#243=B_SPLINE_CURVE_WITH_KNOTS('',3,(#10222,#10223,#10224,#10225),
 .UNSPECIFIED.,.F.,.F.,(4,4),(0.,0.00253876183845003),.UNSPECIFIED.);
#244=B_SPLINE_CURVE_WITH_KNOTS('',3,(#10227,#10228,#10229,#10230,#10231,
#10232,#10233,#10234,#10235,#10236,#10237,#10238,#10239,#10240),
 .UNSPECIFIED.,.F.,.F.,(4,2,2,2,2,2,4),(0.,0.126895971929879,0.253791943859758,
0.507583887719515,0.753791943859758,0.876895971929879,1.),.UNSPECIFIED.);
#245=B_SPLINE_CURVE_WITH_KNOTS('',3,(#10269,#10270,#10271,#10272,#10273,
#10274,#10275,#10276,#10277,#10278,#10279,#10280,#10281,#10282),
 .UNSPECIFIED.,.F.,.F.,(4,2,2,2,2,2,4),(0.,0.126895971929879,0.253791943859758,
0.507583887719515,0.753791943859758,0.876895971929879,1.),.UNSPECIFIED.);
#246=B_SPLINE_CURVE_WITH_KNOTS('',3,(#10284,#10285,#10286,#10287),
 .UNSPECIFIED.,.F.,.F.,(4,4),(4.17866764469904E-17,0.00263634439313717),
 .UNSPECIFIED.);
#247=B_SPLINE_CURVE_WITH_KNOTS('',3,(#10316,#10317,#10318,#10319,#10320,
#10321,#10322,#10323,#10324,#10325,#10326,#10327,#10328,#10329),
 .UNSPECIFIED.,.F.,.F.,(4,2,2,2,2,2,4),(0.,0.126895971929879,0.253791943859758,
0.507583887719515,0.753791943859758,0.876895971929879,1.),.UNSPECIFIED.);
#248=B_SPLINE_CURVE_WITH_KNOTS('',3,(#10331,#10332,#10333,#10334),
 .UNSPECIFIED.,.F.,.F.,(4,4),(0.,0.00254853309766818),.UNSPECIFIED.);
#249=B_SPLINE_CURVE_WITH_KNOTS('',3,(#10363,#10364,#10365,#10366),
 .UNSPECIFIED.,.F.,.F.,(4,4),(0.,0.00262730367851854),.UNSPECIFIED.);
#250=B_SPLINE_CURVE_WITH_KNOTS('',3,(#10370,#10371,#10372,#10373,#10374,
#10375,#10376,#10377,#10378,#10379,#10380,#10381),.UNSPECIFIED.,.F.,.F.,
(4,2,2,2,2,4),(0.,0.25,0.5,0.75,0.875,1.),.UNSPECIFIED.);
#251=B_SPLINE_CURVE_WITH_KNOTS('',3,(#10387,#10388,#10389,#10390,#10391,
#10392,#10393,#10394,#10395,#10396,#10397,#10398),.UNSPECIFIED.,.F.,.F.,
(4,2,2,2,2,4),(0.,0.25,0.5,0.75,0.875,1.),.UNSPECIFIED.);
#252=B_SPLINE_CURVE_WITH_KNOTS('',3,(#10404,#10405,#10406,#10407,#10408,
#10409,#10410,#10411,#10412,#10413,#10414,#10415),.UNSPECIFIED.,.F.,.F.,
(4,2,2,2,2,4),(0.,0.25,0.5,0.75,0.875,1.),.UNSPECIFIED.);
#253=B_SPLINE_CURVE_WITH_KNOTS('',3,(#10421,#10422,#10423,#10424,#10425,
#10426,#10427,#10428,#10429,#10430,#10431,#10432),.UNSPECIFIED.,.F.,.F.,
(4,2,2,2,2,4),(0.,0.25,0.5,0.75,0.875,1.),.UNSPECIFIED.);
#254=B_SPLINE_CURVE_WITH_KNOTS('',3,(#10498,#10499,#10500,#10501,#10502,
#10503,#10504,#10505,#10506,#10507),.UNSPECIFIED.,.F.,.F.,(4,2,2,2,4),(0.,
0.25,0.5,0.75,1.),.UNSPECIFIED.);
#255=B_SPLINE_CURVE_WITH_KNOTS('',3,(#10512,#10513,#10514,#10515,#10516,
#10517,#10518,#10519,#10520,#10521),.UNSPECIFIED.,.F.,.F.,(4,2,2,2,4),(0.,
0.25,0.5,0.75,1.),.UNSPECIFIED.);
#256=B_SPLINE_CURVE_WITH_KNOTS('',3,(#10527,#10528,#10529,#10530,#10531,
#10532,#10533,#10534,#10535,#10536),.UNSPECIFIED.,.F.,.F.,(4,2,2,2,4),(0.,
0.25,0.5,0.75,1.),.UNSPECIFIED.);
#257=B_SPLINE_CURVE_WITH_KNOTS('',3,(#10541,#10542,#10543,#10544,#10545,
#10546,#10547,#10548,#10549,#10550),.UNSPECIFIED.,.F.,.F.,(4,2,2,2,4),(0.,
0.25,0.5,0.75,1.),.UNSPECIFIED.);
#258=B_SPLINE_CURVE_WITH_KNOTS('',3,(#10641,#10642,#10643,#10644,#10645,
#10646,#10647,#10648,#10649,#10650),.UNSPECIFIED.,.F.,.F.,(4,2,2,2,4),(0.,
0.25,0.5,0.75,1.),.UNSPECIFIED.);
#259=B_SPLINE_CURVE_WITH_KNOTS('',3,(#10655,#10656,#10657,#10658,#10659,
#10660,#10661,#10662,#10663,#10664),.UNSPECIFIED.,.F.,.F.,(4,2,2,2,4),(0.,
0.25,0.5,0.75,1.),.UNSPECIFIED.);
#260=B_SPLINE_CURVE_WITH_KNOTS('',3,(#10679,#10680,#10681,#10682,#10683,
#10684,#10685,#10686,#10687,#10688),.UNSPECIFIED.,.F.,.F.,(4,2,2,2,4),(0.,
0.25,0.5,0.75,1.),.UNSPECIFIED.);
#261=B_SPLINE_CURVE_WITH_KNOTS('',3,(#10698,#10699,#10700,#10701,#10702,
#10703,#10704,#10705,#10706,#10707),.UNSPECIFIED.,.F.,.F.,(4,2,2,2,4),(0.,
0.25,0.5,0.75,1.),.UNSPECIFIED.);
#262=B_SPLINE_CURVE_WITH_KNOTS('',3,(#10774,#10775,#10776,#10777,#10778,
#10779,#10780,#10781,#10782,#10783,#10784,#10785),.UNSPECIFIED.,.F.,.F.,
(4,2,2,2,2,4),(0.,0.25,0.5,0.75,0.875,1.),.UNSPECIFIED.);
#263=B_SPLINE_CURVE_WITH_KNOTS('',3,(#10789,#10790,#10791,#10792,#10793,
#10794,#10795,#10796,#10797,#10798,#10799,#10800),.UNSPECIFIED.,.F.,.F.,
(4,2,2,2,2,4),(0.,0.25,0.5,0.75,0.875,1.),.UNSPECIFIED.);
#264=B_SPLINE_CURVE_WITH_KNOTS('',3,(#10808,#10809,#10810,#10811,#10812,
#10813,#10814,#10815,#10816,#10817,#10818,#10819),.UNSPECIFIED.,.F.,.F.,
(4,2,2,2,2,4),(0.,0.25,0.5,0.75,0.875,1.),.UNSPECIFIED.);
#265=B_SPLINE_CURVE_WITH_KNOTS('',3,(#10839,#10840,#10841,#10842,#10843,
#10844,#10845,#10846,#10847,#10848,#10849,#10850),.UNSPECIFIED.,.F.,.F.,
(4,2,2,2,2,4),(0.,0.25,0.5,0.75,0.875,1.),.UNSPECIFIED.);
#266=B_SPLINE_CURVE_WITH_KNOTS('',3,(#10974,#10975,#10976,#10977,#10978,
#10979,#10980,#10981,#10982,#10983,#10984,#10985,#10986,#10987),
 .UNSPECIFIED.,.F.,.F.,(4,2,2,2,2,2,4),(0.,0.126895971929879,0.253791943859758,
0.507583887719515,0.753791943859758,0.876895971929879,1.),.UNSPECIFIED.);
#267=B_SPLINE_CURVE_WITH_KNOTS('',3,(#11016,#11017,#11018,#11019,#11020,
#11021,#11022,#11023,#11024,#11025,#11026,#11027,#11028,#11029),
 .UNSPECIFIED.,.F.,.F.,(4,2,2,2,2,2,4),(0.,0.126895971929879,0.253791943859758,
0.507583887719515,0.753791943859758,0.876895971929879,1.),.UNSPECIFIED.);
#268=B_SPLINE_CURVE_WITH_KNOTS('',3,(#11059,#11060,#11061,#11062,#11063,
#11064,#11065,#11066,#11067,#11068,#11069,#11070),.UNSPECIFIED.,.F.,.F.,
(4,2,2,2,2,4),(0.,0.25,0.5,0.75,0.875,1.),.UNSPECIFIED.);
#269=B_SPLINE_CURVE_WITH_KNOTS('',3,(#11071,#11072,#11073,#11074,#11075,
#11076,#11077,#11078,#11079,#11080,#11081,#11082),.UNSPECIFIED.,.F.,.F.,
(4,2,2,2,2,4),(0.,0.25,0.5,0.75,0.875,1.),.UNSPECIFIED.);
#270=B_SPLINE_CURVE_WITH_KNOTS('',3,(#11097,#11098,#11099,#11100,#11101,
#11102,#11103,#11104,#11105,#11106,#11107,#11108),.UNSPECIFIED.,.F.,.F.,
(4,2,2,2,2,4),(0.,0.25,0.5,0.75,0.875,1.),.UNSPECIFIED.);
#271=B_SPLINE_CURVE_WITH_KNOTS('',3,(#11115,#11116,#11117,#11118,#11119,
#11120,#11121,#11122,#11123,#11124,#11125,#11126),.UNSPECIFIED.,.F.,.F.,
(4,2,2,2,2,4),(0.,0.25,0.5,0.75,0.875,1.),.UNSPECIFIED.);
#272=B_SPLINE_CURVE_WITH_KNOTS('',3,(#11174,#11175,#11176,#11177,#11178,
#11179,#11180,#11181,#11182,#11183,#11184,#11185,#11186,#11187),
 .UNSPECIFIED.,.F.,.F.,(4,2,2,2,2,2,4),(0.,0.126895971929879,0.253791943859758,
0.507583887719515,0.753791943859758,0.876895971929879,1.),.UNSPECIFIED.);
#273=B_SPLINE_CURVE_WITH_KNOTS('',3,(#11188,#11189,#11190,#11191,#11192,
#11193,#11194,#11195,#11196,#11197,#11198,#11199,#11200,#11201),
 .UNSPECIFIED.,.F.,.F.,(4,2,2,2,2,2,4),(0.,0.126895971929879,0.253791943859758,
0.507583887719515,0.753791943859758,0.876895971929879,1.),.UNSPECIFIED.);
#274=B_SPLINE_CURVE_WITH_KNOTS('',3,(#11230,#11231,#11232,#11233,#11234,
#11235,#11236,#11237,#11238,#11239,#11240,#11241,#11242,#11243),
 .UNSPECIFIED.,.F.,.F.,(4,2,2,2,2,2,4),(0.,0.126895971929879,0.253791943859758,
0.507583887719515,0.753791943859758,0.876895971929879,1.),.UNSPECIFIED.);
#275=B_SPLINE_CURVE_WITH_KNOTS('',3,(#11272,#11273,#11274,#11275,#11276,
#11277,#11278,#11279,#11280,#11281,#11282,#11283,#11284,#11285),
 .UNSPECIFIED.,.F.,.F.,(4,2,2,2,2,2,4),(0.,0.126895971929879,0.253791943859758,
0.507583887719515,0.753791943859758,0.876895971929879,1.),.UNSPECIFIED.);
#276=B_SPLINE_CURVE_WITH_KNOTS('',3,(#11315,#11316,#11317,#11318,#11319,
#11320,#11321,#11322,#11323,#11324),.UNSPECIFIED.,.F.,.F.,(4,2,2,2,4),(0.,
0.25,0.5,0.75,1.),.UNSPECIFIED.);
#277=B_SPLINE_CURVE_WITH_KNOTS('',3,(#11332,#11333,#11334,#11335,#11336,
#11337,#11338,#11339,#11340,#11341),.UNSPECIFIED.,.F.,.F.,(4,2,2,2,4),(0.,
0.25,0.5,0.75,1.),.UNSPECIFIED.);
#278=B_SPLINE_CURVE_WITH_KNOTS('',3,(#11343,#11344,#11345,#11346,#11347,
#11348,#11349,#11350,#11351,#11352),.UNSPECIFIED.,.F.,.F.,(4,2,2,2,4),(0.,
0.25,0.5,0.75,1.),.UNSPECIFIED.);
#279=B_SPLINE_CURVE_WITH_KNOTS('',3,(#11360,#11361,#11362,#11363,#11364,
#11365,#11366,#11367,#11368,#11369),.UNSPECIFIED.,.F.,.F.,(4,2,2,2,4),(0.,
0.25,0.5,0.75,1.),.UNSPECIFIED.);
#280=B_SPLINE_CURVE_WITH_KNOTS('',3,(#11371,#11372,#11373,#11374,#11375,
#11376,#11377,#11378,#11379,#11380),.UNSPECIFIED.,.F.,.F.,(4,2,2,2,4),(0.,
0.25,0.5,0.75,1.),.UNSPECIFIED.);
#281=B_SPLINE_CURVE_WITH_KNOTS('',3,(#11388,#11389,#11390,#11391,#11392,
#11393,#11394,#11395,#11396,#11397),.UNSPECIFIED.,.F.,.F.,(4,2,2,2,4),(0.,
0.25,0.5,0.75,1.),.UNSPECIFIED.);
#282=B_SPLINE_CURVE_WITH_KNOTS('',3,(#11399,#11400,#11401,#11402,#11403,
#11404,#11405,#11406,#11407,#11408),.UNSPECIFIED.,.F.,.F.,(4,2,2,2,4),(0.,
0.25,0.5,0.75,1.),.UNSPECIFIED.);
#283=B_SPLINE_CURVE_WITH_KNOTS('',3,(#11416,#11417,#11418,#11419,#11420,
#11421,#11422,#11423,#11424,#11425),.UNSPECIFIED.,.F.,.F.,(4,2,2,2,4),(0.,
0.25,0.5,0.75,1.),.UNSPECIFIED.);
#284=B_SPLINE_CURVE_WITH_KNOTS('',3,(#11427,#11428,#11429,#11430,#11431,
#11432,#11433,#11434,#11435,#11436),.UNSPECIFIED.,.F.,.F.,(4,2,2,2,4),(0.,
0.25,0.5,0.75,1.),.UNSPECIFIED.);
#285=B_SPLINE_CURVE_WITH_KNOTS('',3,(#11444,#11445,#11446,#11447,#11448,
#11449,#11450,#11451,#11452,#11453),.UNSPECIFIED.,.F.,.F.,(4,2,2,2,4),(0.,
0.25,0.5,0.75,1.),.UNSPECIFIED.);
#286=B_SPLINE_CURVE_WITH_KNOTS('',3,(#11455,#11456,#11457,#11458,#11459,
#11460,#11461,#11462,#11463,#11464),.UNSPECIFIED.,.F.,.F.,(4,2,2,2,4),(0.,
0.25,0.5,0.75,1.),.UNSPECIFIED.);
#287=B_SPLINE_CURVE_WITH_KNOTS('',3,(#11472,#11473,#11474,#11475,#11476,
#11477,#11478,#11479,#11480,#11481),.UNSPECIFIED.,.F.,.F.,(4,2,2,2,4),(0.,
0.25,0.5,0.75,1.),.UNSPECIFIED.);
#288=B_SPLINE_CURVE_WITH_KNOTS('',3,(#11483,#11484,#11485,#11486,#11487,
#11488,#11489,#11490,#11491,#11492),.UNSPECIFIED.,.F.,.F.,(4,2,2,2,4),(0.,
0.25,0.5,0.75,1.),.UNSPECIFIED.);
#289=B_SPLINE_CURVE_WITH_KNOTS('',3,(#11500,#11501,#11502,#11503,#11504,
#11505,#11506,#11507,#11508,#11509),.UNSPECIFIED.,.F.,.F.,(4,2,2,2,4),(0.,
0.25,0.5,0.75,1.),.UNSPECIFIED.);
#290=B_SPLINE_CURVE_WITH_KNOTS('',3,(#11511,#11512,#11513,#11514,#11515,
#11516,#11517,#11518,#11519,#11520),.UNSPECIFIED.,.F.,.F.,(4,2,2,2,4),(0.,
0.25,0.5,0.75,1.),.UNSPECIFIED.);
#291=B_SPLINE_CURVE_WITH_KNOTS('',3,(#11528,#11529,#11530,#11531,#11532,
#11533,#11534,#11535,#11536,#11537),.UNSPECIFIED.,.F.,.F.,(4,2,2,2,4),(0.,
0.25,0.5,0.75,1.),.UNSPECIFIED.);
#292=B_SPLINE_CURVE_WITH_KNOTS('',3,(#11539,#11540,#11541,#11542,#11543,
#11544,#11545,#11546,#11547,#11548),.UNSPECIFIED.,.F.,.F.,(4,2,2,2,4),(0.,
0.25,0.5,0.75,1.),.UNSPECIFIED.);
#293=B_SPLINE_CURVE_WITH_KNOTS('',3,(#11556,#11557,#11558,#11559,#11560,
#11561,#11562,#11563,#11564,#11565),.UNSPECIFIED.,.F.,.F.,(4,2,2,2,4),(0.,
0.25,0.5,0.75,1.),.UNSPECIFIED.);
#294=B_SPLINE_CURVE_WITH_KNOTS('',3,(#11567,#11568,#11569,#11570,#11571,
#11572,#11573,#11574,#11575,#11576),.UNSPECIFIED.,.F.,.F.,(4,2,2,2,4),(0.,
0.25,0.5,0.75,1.),.UNSPECIFIED.);
#295=B_SPLINE_CURVE_WITH_KNOTS('',3,(#11584,#11585,#11586,#11587,#11588,
#11589,#11590,#11591,#11592,#11593),.UNSPECIFIED.,.F.,.F.,(4,2,2,2,4),(0.,
0.25,0.5,0.75,1.),.UNSPECIFIED.);
#296=B_SPLINE_CURVE_WITH_KNOTS('',3,(#11595,#11596,#11597,#11598,#11599,
#11600,#11601,#11602,#11603,#11604),.UNSPECIFIED.,.F.,.F.,(4,2,2,2,4),(0.,
0.25,0.5,0.75,1.),.UNSPECIFIED.);
#297=B_SPLINE_CURVE_WITH_KNOTS('',3,(#11612,#11613,#11614,#11615,#11616,
#11617,#11618,#11619,#11620,#11621),.UNSPECIFIED.,.F.,.F.,(4,2,2,2,4),(0.,
0.25,0.5,0.75,1.),.UNSPECIFIED.);
#298=B_SPLINE_CURVE_WITH_KNOTS('',3,(#11623,#11624,#11625,#11626,#11627,
#11628,#11629,#11630,#11631,#11632),.UNSPECIFIED.,.F.,.F.,(4,2,2,2,4),(0.,
0.25,0.5,0.75,1.),.UNSPECIFIED.);
#299=B_SPLINE_CURVE_WITH_KNOTS('',3,(#11640,#11641,#11642,#11643,#11644,
#11645,#11646,#11647,#11648,#11649),.UNSPECIFIED.,.F.,.F.,(4,2,2,2,4),(0.,
0.25,0.5,0.75,1.),.UNSPECIFIED.);
#300=B_SPLINE_CURVE_WITH_KNOTS('',3,(#11943,#11944,#11945,#11946,#11947,
#11948,#11949,#11950,#11951,#11952),.UNSPECIFIED.,.F.,.F.,(4,2,2,2,4),(0.,
0.25,0.5,0.75,1.),.UNSPECIFIED.);
#301=B_SPLINE_CURVE_WITH_KNOTS('',3,(#11960,#11961,#11962,#11963,#11964,
#11965,#11966,#11967,#11968,#11969),.UNSPECIFIED.,.F.,.F.,(4,2,2,2,4),(0.,
0.25,0.5,0.75,1.),.UNSPECIFIED.);
#302=B_SPLINE_CURVE_WITH_KNOTS('',3,(#11971,#11972,#11973,#11974,#11975,
#11976,#11977,#11978,#11979,#11980),.UNSPECIFIED.,.F.,.F.,(4,2,2,2,4),(0.,
0.25,0.5,0.75,1.),.UNSPECIFIED.);
#303=B_SPLINE_CURVE_WITH_KNOTS('',3,(#11988,#11989,#11990,#11991,#11992,
#11993,#11994,#11995,#11996,#11997),.UNSPECIFIED.,.F.,.F.,(4,2,2,2,4),(0.,
0.25,0.5,0.75,1.),.UNSPECIFIED.);
#304=B_SPLINE_CURVE_WITH_KNOTS('',3,(#11999,#12000,#12001,#12002,#12003,
#12004,#12005,#12006,#12007,#12008),.UNSPECIFIED.,.F.,.F.,(4,2,2,2,4),(0.,
0.25,0.5,0.75,1.),.UNSPECIFIED.);
#305=B_SPLINE_CURVE_WITH_KNOTS('',3,(#12016,#12017,#12018,#12019,#12020,
#12021,#12022,#12023,#12024,#12025),.UNSPECIFIED.,.F.,.F.,(4,2,2,2,4),(0.,
0.25,0.5,0.75,1.),.UNSPECIFIED.);
#306=B_SPLINE_CURVE_WITH_KNOTS('',3,(#12027,#12028,#12029,#12030,#12031,
#12032,#12033,#12034,#12035,#12036),.UNSPECIFIED.,.F.,.F.,(4,2,2,2,4),(0.,
0.25,0.5,0.75,1.),.UNSPECIFIED.);
#307=B_SPLINE_CURVE_WITH_KNOTS('',3,(#12044,#12045,#12046,#12047,#12048,
#12049,#12050,#12051,#12052,#12053),.UNSPECIFIED.,.F.,.F.,(4,2,2,2,4),(0.,
0.25,0.5,0.75,1.),.UNSPECIFIED.);
#308=B_SPLINE_CURVE_WITH_KNOTS('',3,(#12055,#12056,#12057,#12058,#12059,
#12060,#12061,#12062,#12063,#12064),.UNSPECIFIED.,.F.,.F.,(4,2,2,2,4),(0.,
0.25,0.5,0.75,1.),.UNSPECIFIED.);
#309=B_SPLINE_CURVE_WITH_KNOTS('',3,(#12072,#12073,#12074,#12075,#12076,
#12077,#12078,#12079,#12080,#12081),.UNSPECIFIED.,.F.,.F.,(4,2,2,2,4),(0.,
0.25,0.5,0.75,1.),.UNSPECIFIED.);
#310=B_SPLINE_CURVE_WITH_KNOTS('',3,(#12083,#12084,#12085,#12086,#12087,
#12088,#12089,#12090,#12091,#12092),.UNSPECIFIED.,.F.,.F.,(4,2,2,2,4),(0.,
0.25,0.5,0.75,1.),.UNSPECIFIED.);
#311=B_SPLINE_CURVE_WITH_KNOTS('',3,(#12100,#12101,#12102,#12103,#12104,
#12105,#12106,#12107,#12108,#12109),.UNSPECIFIED.,.F.,.F.,(4,2,2,2,4),(0.,
0.25,0.5,0.75,1.),.UNSPECIFIED.);
#312=B_SPLINE_CURVE_WITH_KNOTS('',3,(#12111,#12112,#12113,#12114,#12115,
#12116,#12117,#12118,#12119,#12120),.UNSPECIFIED.,.F.,.F.,(4,2,2,2,4),(0.,
0.25,0.5,0.75,1.),.UNSPECIFIED.);
#313=B_SPLINE_CURVE_WITH_KNOTS('',3,(#12128,#12129,#12130,#12131,#12132,
#12133,#12134,#12135,#12136,#12137),.UNSPECIFIED.,.F.,.F.,(4,2,2,2,4),(0.,
0.25,0.5,0.75,1.),.UNSPECIFIED.);
#314=B_SPLINE_CURVE_WITH_KNOTS('',3,(#12139,#12140,#12141,#12142,#12143,
#12144,#12145,#12146,#12147,#12148),.UNSPECIFIED.,.F.,.F.,(4,2,2,2,4),(0.,
0.25,0.5,0.75,1.),.UNSPECIFIED.);
#315=B_SPLINE_CURVE_WITH_KNOTS('',3,(#12156,#12157,#12158,#12159,#12160,
#12161,#12162,#12163,#12164,#12165),.UNSPECIFIED.,.F.,.F.,(4,2,2,2,4),(0.,
0.25,0.5,0.75,1.),.UNSPECIFIED.);
#316=B_SPLINE_CURVE_WITH_KNOTS('',3,(#12167,#12168,#12169,#12170,#12171,
#12172,#12173,#12174,#12175,#12176),.UNSPECIFIED.,.F.,.F.,(4,2,2,2,4),(0.,
0.25,0.5,0.75,1.),.UNSPECIFIED.);
#317=B_SPLINE_CURVE_WITH_KNOTS('',3,(#12184,#12185,#12186,#12187,#12188,
#12189,#12190,#12191,#12192,#12193),.UNSPECIFIED.,.F.,.F.,(4,2,2,2,4),(0.,
0.25,0.5,0.75,1.),.UNSPECIFIED.);
#318=B_SPLINE_CURVE_WITH_KNOTS('',3,(#12195,#12196,#12197,#12198,#12199,
#12200,#12201,#12202,#12203,#12204),.UNSPECIFIED.,.F.,.F.,(4,2,2,2,4),(0.,
0.25,0.5,0.75,1.),.UNSPECIFIED.);
#319=B_SPLINE_CURVE_WITH_KNOTS('',3,(#12212,#12213,#12214,#12215,#12216,
#12217,#12218,#12219,#12220,#12221),.UNSPECIFIED.,.F.,.F.,(4,2,2,2,4),(0.,
0.25,0.5,0.75,1.),.UNSPECIFIED.);
#320=B_SPLINE_CURVE_WITH_KNOTS('',3,(#12223,#12224,#12225,#12226,#12227,
#12228,#12229,#12230,#12231,#12232),.UNSPECIFIED.,.F.,.F.,(4,2,2,2,4),(0.,
0.25,0.5,0.75,1.),.UNSPECIFIED.);
#321=B_SPLINE_CURVE_WITH_KNOTS('',3,(#12240,#12241,#12242,#12243,#12244,
#12245,#12246,#12247,#12248,#12249),.UNSPECIFIED.,.F.,.F.,(4,2,2,2,4),(0.,
0.25,0.5,0.75,1.),.UNSPECIFIED.);
#322=B_SPLINE_CURVE_WITH_KNOTS('',3,(#12251,#12252,#12253,#12254,#12255,
#12256,#12257,#12258,#12259,#12260),.UNSPECIFIED.,.F.,.F.,(4,2,2,2,4),(0.,
0.25,0.5,0.75,1.),.UNSPECIFIED.);
#323=B_SPLINE_CURVE_WITH_KNOTS('',3,(#12268,#12269,#12270,#12271,#12272,
#12273,#12274,#12275,#12276,#12277),.UNSPECIFIED.,.F.,.F.,(4,2,2,2,4),(0.,
0.25,0.5,0.75,1.),.UNSPECIFIED.);
#324=B_SPLINE_CURVE_WITH_KNOTS('',3,(#12571,#12572,#12573,#12574,#12575,
#12576,#12577,#12578,#12579,#12580),.UNSPECIFIED.,.F.,.F.,(4,2,2,2,4),(0.,
0.25,0.5,0.75,1.),.UNSPECIFIED.);
#325=B_SPLINE_CURVE_WITH_KNOTS('',3,(#12588,#12589,#12590,#12591,#12592,
#12593,#12594,#12595,#12596,#12597),.UNSPECIFIED.,.F.,.F.,(4,2,2,2,4),(0.,
0.25,0.5,0.75,1.),.UNSPECIFIED.);
#326=B_SPLINE_CURVE_WITH_KNOTS('',3,(#12599,#12600,#12601,#12602,#12603,
#12604,#12605,#12606,#12607,#12608),.UNSPECIFIED.,.F.,.F.,(4,2,2,2,4),(0.,
0.25,0.5,0.75,1.),.UNSPECIFIED.);
#327=B_SPLINE_CURVE_WITH_KNOTS('',3,(#12616,#12617,#12618,#12619,#12620,
#12621,#12622,#12623,#12624,#12625),.UNSPECIFIED.,.F.,.F.,(4,2,2,2,4),(0.,
0.25,0.5,0.75,1.),.UNSPECIFIED.);
#328=B_SPLINE_CURVE_WITH_KNOTS('',3,(#12627,#12628,#12629,#12630,#12631,
#12632,#12633,#12634,#12635,#12636),.UNSPECIFIED.,.F.,.F.,(4,2,2,2,4),(0.,
0.25,0.5,0.75,1.),.UNSPECIFIED.);
#329=B_SPLINE_CURVE_WITH_KNOTS('',3,(#12644,#12645,#12646,#12647,#12648,
#12649,#12650,#12651,#12652,#12653),.UNSPECIFIED.,.F.,.F.,(4,2,2,2,4),(0.,
0.25,0.5,0.75,1.),.UNSPECIFIED.);
#330=B_SPLINE_CURVE_WITH_KNOTS('',3,(#12655,#12656,#12657,#12658,#12659,
#12660,#12661,#12662,#12663,#12664),.UNSPECIFIED.,.F.,.F.,(4,2,2,2,4),(0.,
0.25,0.5,0.75,1.),.UNSPECIFIED.);
#331=B_SPLINE_CURVE_WITH_KNOTS('',3,(#12672,#12673,#12674,#12675,#12676,
#12677,#12678,#12679,#12680,#12681),.UNSPECIFIED.,.F.,.F.,(4,2,2,2,4),(0.,
0.25,0.5,0.75,1.),.UNSPECIFIED.);
#332=B_SPLINE_CURVE_WITH_KNOTS('',3,(#12683,#12684,#12685,#12686,#12687,
#12688,#12689,#12690,#12691,#12692),.UNSPECIFIED.,.F.,.F.,(4,2,2,2,4),(0.,
0.25,0.5,0.75,1.),.UNSPECIFIED.);
#333=B_SPLINE_CURVE_WITH_KNOTS('',3,(#12700,#12701,#12702,#12703,#12704,
#12705,#12706,#12707,#12708,#12709),.UNSPECIFIED.,.F.,.F.,(4,2,2,2,4),(0.,
0.25,0.5,0.75,1.),.UNSPECIFIED.);
#334=B_SPLINE_CURVE_WITH_KNOTS('',3,(#12711,#12712,#12713,#12714,#12715,
#12716,#12717,#12718,#12719,#12720),.UNSPECIFIED.,.F.,.F.,(4,2,2,2,4),(0.,
0.25,0.5,0.75,1.),.UNSPECIFIED.);
#335=B_SPLINE_CURVE_WITH_KNOTS('',3,(#12728,#12729,#12730,#12731,#12732,
#12733,#12734,#12735,#12736,#12737),.UNSPECIFIED.,.F.,.F.,(4,2,2,2,4),(0.,
0.25,0.5,0.75,1.),.UNSPECIFIED.);
#336=B_SPLINE_CURVE_WITH_KNOTS('',3,(#12739,#12740,#12741,#12742,#12743,
#12744,#12745,#12746,#12747,#12748),.UNSPECIFIED.,.F.,.F.,(4,2,2,2,4),(0.,
0.25,0.5,0.75,1.),.UNSPECIFIED.);
#337=B_SPLINE_CURVE_WITH_KNOTS('',3,(#12756,#12757,#12758,#12759,#12760,
#12761,#12762,#12763,#12764,#12765),.UNSPECIFIED.,.F.,.F.,(4,2,2,2,4),(0.,
0.25,0.5,0.75,1.),.UNSPECIFIED.);
#338=B_SPLINE_CURVE_WITH_KNOTS('',3,(#12767,#12768,#12769,#12770,#12771,
#12772,#12773,#12774,#12775,#12776),.UNSPECIFIED.,.F.,.F.,(4,2,2,2,4),(0.,
0.25,0.5,0.75,1.),.UNSPECIFIED.);
#339=B_SPLINE_CURVE_WITH_KNOTS('',3,(#12784,#12785,#12786,#12787,#12788,
#12789,#12790,#12791,#12792,#12793),.UNSPECIFIED.,.F.,.F.,(4,2,2,2,4),(0.,
0.25,0.5,0.75,1.),.UNSPECIFIED.);
#340=B_SPLINE_CURVE_WITH_KNOTS('',3,(#12795,#12796,#12797,#12798,#12799,
#12800,#12801,#12802,#12803,#12804),.UNSPECIFIED.,.F.,.F.,(4,2,2,2,4),(0.,
0.25,0.5,0.75,1.),.UNSPECIFIED.);
#341=B_SPLINE_CURVE_WITH_KNOTS('',3,(#12812,#12813,#12814,#12815,#12816,
#12817,#12818,#12819,#12820,#12821),.UNSPECIFIED.,.F.,.F.,(4,2,2,2,4),(0.,
0.25,0.5,0.75,1.),.UNSPECIFIED.);
#342=B_SPLINE_CURVE_WITH_KNOTS('',3,(#12823,#12824,#12825,#12826,#12827,
#12828,#12829,#12830,#12831,#12832),.UNSPECIFIED.,.F.,.F.,(4,2,2,2,4),(0.,
0.25,0.5,0.75,1.),.UNSPECIFIED.);
#343=B_SPLINE_CURVE_WITH_KNOTS('',3,(#12840,#12841,#12842,#12843,#12844,
#12845,#12846,#12847,#12848,#12849),.UNSPECIFIED.,.F.,.F.,(4,2,2,2,4),(0.,
0.25,0.5,0.75,1.),.UNSPECIFIED.);
#344=B_SPLINE_CURVE_WITH_KNOTS('',3,(#12851,#12852,#12853,#12854,#12855,
#12856,#12857,#12858,#12859,#12860),.UNSPECIFIED.,.F.,.F.,(4,2,2,2,4),(0.,
0.25,0.5,0.75,1.),.UNSPECIFIED.);
#345=B_SPLINE_CURVE_WITH_KNOTS('',3,(#12868,#12869,#12870,#12871,#12872,
#12873,#12874,#12875,#12876,#12877),.UNSPECIFIED.,.F.,.F.,(4,2,2,2,4),(0.,
0.25,0.5,0.75,1.),.UNSPECIFIED.);
#346=B_SPLINE_CURVE_WITH_KNOTS('',3,(#12879,#12880,#12881,#12882,#12883,
#12884,#12885,#12886,#12887,#12888),.UNSPECIFIED.,.F.,.F.,(4,2,2,2,4),(0.,
0.25,0.5,0.75,1.),.UNSPECIFIED.);
#347=B_SPLINE_CURVE_WITH_KNOTS('',3,(#12896,#12897,#12898,#12899,#12900,
#12901,#12902,#12903,#12904,#12905),.UNSPECIFIED.,.F.,.F.,(4,2,2,2,4),(0.,
0.25,0.5,0.75,1.),.UNSPECIFIED.);
#348=B_SPLINE_CURVE_WITH_KNOTS('',3,(#13199,#13200,#13201,#13202,#13203,
#13204,#13205,#13206,#13207,#13208),.UNSPECIFIED.,.F.,.F.,(4,2,2,2,4),(0.,
0.25,0.5,0.75,1.),.UNSPECIFIED.);
#349=B_SPLINE_CURVE_WITH_KNOTS('',3,(#13216,#13217,#13218,#13219,#13220,
#13221,#13222,#13223,#13224,#13225),.UNSPECIFIED.,.F.,.F.,(4,2,2,2,4),(0.,
0.25,0.5,0.75,1.),.UNSPECIFIED.);
#350=B_SPLINE_CURVE_WITH_KNOTS('',3,(#13227,#13228,#13229,#13230,#13231,
#13232,#13233,#13234,#13235,#13236),.UNSPECIFIED.,.F.,.F.,(4,2,2,2,4),(0.,
0.25,0.5,0.75,1.),.UNSPECIFIED.);
#351=B_SPLINE_CURVE_WITH_KNOTS('',3,(#13244,#13245,#13246,#13247,#13248,
#13249,#13250,#13251,#13252,#13253),.UNSPECIFIED.,.F.,.F.,(4,2,2,2,4),(0.,
0.25,0.5,0.75,1.),.UNSPECIFIED.);
#352=B_SPLINE_CURVE_WITH_KNOTS('',3,(#13255,#13256,#13257,#13258,#13259,
#13260,#13261,#13262,#13263,#13264),.UNSPECIFIED.,.F.,.F.,(4,2,2,2,4),(0.,
0.25,0.5,0.75,1.),.UNSPECIFIED.);
#353=B_SPLINE_CURVE_WITH_KNOTS('',3,(#13272,#13273,#13274,#13275,#13276,
#13277,#13278,#13279,#13280,#13281),.UNSPECIFIED.,.F.,.F.,(4,2,2,2,4),(0.,
0.25,0.5,0.75,1.),.UNSPECIFIED.);
#354=B_SPLINE_CURVE_WITH_KNOTS('',3,(#13283,#13284,#13285,#13286,#13287,
#13288,#13289,#13290,#13291,#13292),.UNSPECIFIED.,.F.,.F.,(4,2,2,2,4),(0.,
0.25,0.5,0.75,1.),.UNSPECIFIED.);
#355=B_SPLINE_CURVE_WITH_KNOTS('',3,(#13300,#13301,#13302,#13303,#13304,
#13305,#13306,#13307,#13308,#13309),.UNSPECIFIED.,.F.,.F.,(4,2,2,2,4),(0.,
0.25,0.5,0.75,1.),.UNSPECIFIED.);
#356=B_SPLINE_CURVE_WITH_KNOTS('',3,(#13311,#13312,#13313,#13314,#13315,
#13316,#13317,#13318,#13319,#13320),.UNSPECIFIED.,.F.,.F.,(4,2,2,2,4),(0.,
0.25,0.5,0.75,1.),.UNSPECIFIED.);
#357=B_SPLINE_CURVE_WITH_KNOTS('',3,(#13328,#13329,#13330,#13331,#13332,
#13333,#13334,#13335,#13336,#13337),.UNSPECIFIED.,.F.,.F.,(4,2,2,2,4),(0.,
0.25,0.5,0.75,1.),.UNSPECIFIED.);
#358=B_SPLINE_CURVE_WITH_KNOTS('',3,(#13339,#13340,#13341,#13342,#13343,
#13344,#13345,#13346,#13347,#13348),.UNSPECIFIED.,.F.,.F.,(4,2,2,2,4),(0.,
0.25,0.5,0.75,1.),.UNSPECIFIED.);
#359=B_SPLINE_CURVE_WITH_KNOTS('',3,(#13356,#13357,#13358,#13359,#13360,
#13361,#13362,#13363,#13364,#13365),.UNSPECIFIED.,.F.,.F.,(4,2,2,2,4),(0.,
0.25,0.5,0.75,1.),.UNSPECIFIED.);
#360=B_SPLINE_CURVE_WITH_KNOTS('',3,(#13367,#13368,#13369,#13370,#13371,
#13372,#13373,#13374,#13375,#13376),.UNSPECIFIED.,.F.,.F.,(4,2,2,2,4),(0.,
0.25,0.5,0.75,1.),.UNSPECIFIED.);
#361=B_SPLINE_CURVE_WITH_KNOTS('',3,(#13384,#13385,#13386,#13387,#13388,
#13389,#13390,#13391,#13392,#13393),.UNSPECIFIED.,.F.,.F.,(4,2,2,2,4),(0.,
0.25,0.5,0.75,1.),.UNSPECIFIED.);
#362=B_SPLINE_CURVE_WITH_KNOTS('',3,(#13395,#13396,#13397,#13398,#13399,
#13400,#13401,#13402,#13403,#13404),.UNSPECIFIED.,.F.,.F.,(4,2,2,2,4),(0.,
0.25,0.5,0.75,1.),.UNSPECIFIED.);
#363=B_SPLINE_CURVE_WITH_KNOTS('',3,(#13412,#13413,#13414,#13415,#13416,
#13417,#13418,#13419,#13420,#13421),.UNSPECIFIED.,.F.,.F.,(4,2,2,2,4),(0.,
0.25,0.5,0.75,1.),.UNSPECIFIED.);
#364=B_SPLINE_CURVE_WITH_KNOTS('',3,(#13423,#13424,#13425,#13426,#13427,
#13428,#13429,#13430,#13431,#13432),.UNSPECIFIED.,.F.,.F.,(4,2,2,2,4),(0.,
0.25,0.5,0.75,1.),.UNSPECIFIED.);
#365=B_SPLINE_CURVE_WITH_KNOTS('',3,(#13440,#13441,#13442,#13443,#13444,
#13445,#13446,#13447,#13448,#13449),.UNSPECIFIED.,.F.,.F.,(4,2,2,2,4),(0.,
0.25,0.5,0.75,1.),.UNSPECIFIED.);
#366=B_SPLINE_CURVE_WITH_KNOTS('',3,(#13451,#13452,#13453,#13454,#13455,
#13456,#13457,#13458,#13459,#13460),.UNSPECIFIED.,.F.,.F.,(4,2,2,2,4),(0.,
0.25,0.5,0.75,1.),.UNSPECIFIED.);
#367=B_SPLINE_CURVE_WITH_KNOTS('',3,(#13468,#13469,#13470,#13471,#13472,
#13473,#13474,#13475,#13476,#13477),.UNSPECIFIED.,.F.,.F.,(4,2,2,2,4),(0.,
0.25,0.5,0.75,1.),.UNSPECIFIED.);
#368=B_SPLINE_CURVE_WITH_KNOTS('',3,(#13479,#13480,#13481,#13482,#13483,
#13484,#13485,#13486,#13487,#13488),.UNSPECIFIED.,.F.,.F.,(4,2,2,2,4),(0.,
0.25,0.5,0.75,1.),.UNSPECIFIED.);
#369=B_SPLINE_CURVE_WITH_KNOTS('',3,(#13496,#13497,#13498,#13499,#13500,
#13501,#13502,#13503,#13504,#13505),.UNSPECIFIED.,.F.,.F.,(4,2,2,2,4),(0.,
0.25,0.5,0.75,1.),.UNSPECIFIED.);
#370=B_SPLINE_CURVE_WITH_KNOTS('',3,(#13507,#13508,#13509,#13510,#13511,
#13512,#13513,#13514,#13515,#13516),.UNSPECIFIED.,.F.,.F.,(4,2,2,2,4),(0.,
0.25,0.5,0.75,1.),.UNSPECIFIED.);
#371=B_SPLINE_CURVE_WITH_KNOTS('',3,(#13524,#13525,#13526,#13527,#13528,
#13529,#13530,#13531,#13532,#13533),.UNSPECIFIED.,.F.,.F.,(4,2,2,2,4),(0.,
0.25,0.5,0.75,1.),.UNSPECIFIED.);
#372=B_SPLINE_CURVE_WITH_KNOTS('',3,(#13831,#13832,#13833,#13834),
 .UNSPECIFIED.,.F.,.F.,(4,4),(0.,1.),.PIECEWISE_BEZIER_KNOTS.);
#373=B_SPLINE_CURVE_WITH_KNOTS('',3,(#13837,#13838,#13839,#13840),
 .UNSPECIFIED.,.F.,.F.,(4,4),(0.,1.),.PIECEWISE_BEZIER_KNOTS.);
#374=B_SPLINE_CURVE_WITH_KNOTS('',3,(#13851,#13852,#13853,#13854),
 .UNSPECIFIED.,.F.,.F.,(4,4),(0.,1.),.PIECEWISE_BEZIER_KNOTS.);
#375=B_SPLINE_CURVE_WITH_KNOTS('',3,(#13858,#13859,#13860,#13861),
 .UNSPECIFIED.,.F.,.F.,(4,4),(0.,1.),.PIECEWISE_BEZIER_KNOTS.);
#376=B_SPLINE_CURVE_WITH_KNOTS('',3,(#13881,#13882,#13883,#13884),
 .UNSPECIFIED.,.F.,.F.,(4,4),(0.,1.),.PIECEWISE_BEZIER_KNOTS.);
#377=B_SPLINE_CURVE_WITH_KNOTS('',3,(#13887,#13888,#13889,#13890),
 .UNSPECIFIED.,.F.,.F.,(4,4),(0.,1.),.PIECEWISE_BEZIER_KNOTS.);
#378=B_SPLINE_CURVE_WITH_KNOTS('',3,(#13901,#13902,#13903,#13904),
 .UNSPECIFIED.,.F.,.F.,(4,4),(0.,1.),.PIECEWISE_BEZIER_KNOTS.);
#379=B_SPLINE_CURVE_WITH_KNOTS('',3,(#13913,#13914,#13915,#13916),
 .UNSPECIFIED.,.F.,.F.,(4,4),(0.,1.),.PIECEWISE_BEZIER_KNOTS.);
#380=CIRCLE('',#6840,0.00875000060872535);
#381=CIRCLE('',#6841,0.00875000060707861);
#382=CIRCLE('',#6842,0.0112499974266989);
#383=CIRCLE('',#6843,0.0112499974279775);
#384=CIRCLE('',#6846,0.00875000060872535);
#385=CIRCLE('',#6847,0.0112499974279775);
#386=CIRCLE('',#6848,0.0112499974266989);
#387=CIRCLE('',#6849,0.00875000060707861);
#388=CIRCLE('',#6868,0.00875000060872537);
#389=CIRCLE('',#6869,0.0112499974279775);
#390=CIRCLE('',#6870,0.0112499974266993);
#391=CIRCLE('',#6871,0.00875000060707861);
#392=CIRCLE('',#6874,0.00875000060707861);
#393=CIRCLE('',#6875,0.0112499974266993);
#394=CIRCLE('',#6876,0.0112499974279775);
#395=CIRCLE('',#6877,0.00875000060872537);
#396=CIRCLE('',#6890,0.0225);
#397=CIRCLE('',#6891,0.025);
#398=CIRCLE('',#6893,0.0225);
#399=CIRCLE('',#6894,0.0249999999999947);
#400=CIRCLE('',#6896,0.0250000000000012);
#401=CIRCLE('',#6897,0.0225);
#402=CIRCLE('',#6899,0.0225);
#403=CIRCLE('',#6900,0.025);
#404=CIRCLE('',#6902,0.025);
#405=CIRCLE('',#6903,0.025);
#406=CIRCLE('',#6904,0.025);
#407=CIRCLE('',#6905,0.025);
#408=CIRCLE('',#6906,0.025);
#409=CIRCLE('',#6908,0.0225);
#410=CIRCLE('',#6915,0.0249999999999947);
#411=CIRCLE('',#6916,0.0249999999999947);
#412=CIRCLE('',#6917,0.0249999999999947);
#413=CIRCLE('',#6918,0.0249999999999947);
#414=CIRCLE('',#6919,0.0249999999999947);
#415=CIRCLE('',#6921,0.0225);
#416=CIRCLE('',#6930,0.00325);
#417=CIRCLE('',#6932,0.00325);
#418=CIRCLE('',#6934,0.00325);
#419=CIRCLE('',#6936,0.00325);
#420=CIRCLE('',#6940,0.00325);
#421=CIRCLE('',#6942,0.00325);
#422=CIRCLE('',#6943,0.00325);
#423=CIRCLE('',#6944,0.00325);
#424=CIRCLE('',#6945,0.00325);
#425=CIRCLE('',#6946,0.00325);
#426=CIRCLE('',#6948,0.00125);
#427=CIRCLE('',#6949,0.00125);
#428=CIRCLE('',#6957,0.00325);
#429=CIRCLE('',#6959,0.00325);
#430=CIRCLE('',#6961,0.00325);
#431=CIRCLE('',#6962,0.00325);
#432=CIRCLE('',#6963,0.00325);
#433=CIRCLE('',#6964,0.00325);
#434=CIRCLE('',#6965,0.00325);
#435=CIRCLE('',#6966,0.00325);
#436=CIRCLE('',#6967,0.00325);
#437=CIRCLE('',#6968,0.00325);
#438=CIRCLE('',#6970,0.00125);
#439=CIRCLE('',#6971,0.00125);
#440=CIRCLE('',#6985,0.0250000000000012);
#441=CIRCLE('',#6986,0.0250000000000012);
#442=CIRCLE('',#6987,0.0250000000000012);
#443=CIRCLE('',#6988,0.0250000000000012);
#444=CIRCLE('',#6989,0.0250000000000012);
#445=CIRCLE('',#6991,0.0225);
#446=CIRCLE('',#6998,0.00325);
#447=CIRCLE('',#7000,0.00325);
#448=CIRCLE('',#7002,0.00325);
#449=CIRCLE('',#7003,0.00325);
#450=CIRCLE('',#7004,0.00325);
#451=CIRCLE('',#7005,0.00325);
#452=CIRCLE('',#7007,0.00325);
#453=CIRCLE('',#7008,0.00325);
#454=CIRCLE('',#7009,0.00325);
#455=CIRCLE('',#7010,0.00325);
#456=CIRCLE('',#7011,0.00325);
#457=CIRCLE('',#7012,0.00325);
#458=CIRCLE('',#7014,0.00125);
#459=CIRCLE('',#7015,0.00125);
#460=CIRCLE('',#7029,0.025);
#461=CIRCLE('',#7030,0.025);
#462=CIRCLE('',#7031,0.025);
#463=CIRCLE('',#7032,0.025);
#464=CIRCLE('',#7033,0.025);
#465=CIRCLE('',#7035,0.0225);
#466=CIRCLE('',#7040,0.00325);
#467=CIRCLE('',#7042,0.00325);
#468=CIRCLE('',#7046,0.00325);
#469=CIRCLE('',#7048,0.00325);
#470=CIRCLE('',#7052,0.00325);
#471=CIRCLE('',#7053,0.00325);
#472=CIRCLE('',#7054,0.00325);
#473=CIRCLE('',#7055,0.00325);
#474=CIRCLE('',#7057,0.00125);
#475=CIRCLE('',#7058,0.00125);
#476=CIRCLE('',#7096,0.005);
#477=CIRCLE('',#7097,0.005);
#478=CIRCLE('',#7098,0.005);
#479=CIRCLE('',#7099,0.005);
#480=CIRCLE('',#7100,0.005);
#481=CIRCLE('',#7101,0.005);
#482=CIRCLE('',#7102,0.0008);
#483=CIRCLE('',#7103,0.0008);
#484=CIRCLE('',#7104,0.0008);
#485=CIRCLE('',#7105,0.0015);
#486=CIRCLE('',#7107,0.005);
#487=CIRCLE('',#7108,0.005);
#488=CIRCLE('',#7109,0.005);
#489=CIRCLE('',#7110,0.005);
#490=CIRCLE('',#7111,0.005);
#491=CIRCLE('',#7112,0.005);
#492=CIRCLE('',#7113,0.0008);
#493=CIRCLE('',#7114,0.0008);
#494=CIRCLE('',#7115,0.0008);
#495=CIRCLE('',#7116,0.0015);
#496=CIRCLE('',#7140,0.005);
#497=CIRCLE('',#7141,0.005);
#498=CIRCLE('',#7142,0.005);
#499=CIRCLE('',#7143,0.005);
#500=CIRCLE('',#7144,0.005);
#501=CIRCLE('',#7145,0.005);
#502=CIRCLE('',#7146,0.0008);
#503=CIRCLE('',#7147,0.0008);
#504=CIRCLE('',#7148,0.0008);
#505=CIRCLE('',#7149,0.0015);
#506=CIRCLE('',#7151,0.005);
#507=CIRCLE('',#7152,0.005);
#508=CIRCLE('',#7153,0.005);
#509=CIRCLE('',#7154,0.005);
#510=CIRCLE('',#7155,0.005);
#511=CIRCLE('',#7156,0.005);
#512=CIRCLE('',#7157,0.0008);
#513=CIRCLE('',#7158,0.0008);
#514=CIRCLE('',#7159,0.0008);
#515=CIRCLE('',#7160,0.0015);
#516=CIRCLE('',#7184,0.005);
#517=CIRCLE('',#7185,0.005);
#518=CIRCLE('',#7186,0.005);
#519=CIRCLE('',#7187,0.005);
#520=CIRCLE('',#7188,0.005);
#521=CIRCLE('',#7189,0.005);
#522=CIRCLE('',#7190,0.0008);
#523=CIRCLE('',#7191,0.0008);
#524=CIRCLE('',#7192,0.0008);
#525=CIRCLE('',#7193,0.0015);
#526=CIRCLE('',#7195,0.005);
#527=CIRCLE('',#7196,0.005);
#528=CIRCLE('',#7197,0.005);
#529=CIRCLE('',#7198,0.005);
#530=CIRCLE('',#7199,0.005);
#531=CIRCLE('',#7200,0.005);
#532=CIRCLE('',#7201,0.0008);
#533=CIRCLE('',#7202,0.0008);
#534=CIRCLE('',#7203,0.0008);
#535=CIRCLE('',#7204,0.0015);
#536=CIRCLE('',#7228,0.005);
#537=CIRCLE('',#7229,0.005);
#538=CIRCLE('',#7230,0.005);
#539=CIRCLE('',#7231,0.005);
#540=CIRCLE('',#7232,0.005);
#541=CIRCLE('',#7233,0.005);
#542=CIRCLE('',#7234,0.0008);
#543=CIRCLE('',#7235,0.0008);
#544=CIRCLE('',#7236,0.0008);
#545=CIRCLE('',#7237,0.0015);
#546=CIRCLE('',#7239,0.005);
#547=CIRCLE('',#7240,0.005);
#548=CIRCLE('',#7241,0.005);
#549=CIRCLE('',#7242,0.005);
#550=CIRCLE('',#7243,0.005);
#551=CIRCLE('',#7244,0.005);
#552=CIRCLE('',#7245,0.0008);
#553=CIRCLE('',#7246,0.0008);
#554=CIRCLE('',#7247,0.0008);
#555=CIRCLE('',#7248,0.0015);
#556=LINE('',#8730,#1142);
#557=LINE('',#8732,#1143);
#558=LINE('',#8737,#1144);
#559=LINE('',#8739,#1145);
#560=LINE('',#8741,#1146);
#561=LINE('',#8743,#1147);
#562=LINE('',#8746,#1148);
#563=LINE('',#8750,#1149);
#564=LINE('',#8754,#1150);
#565=LINE('',#8756,#1151);
#566=LINE('',#8768,#1152);
#567=LINE('',#8770,#1153);
#568=LINE('',#8774,#1154);
#569=LINE('',#8778,#1155);
#570=LINE('',#8781,#1156);
#571=LINE('',#8783,#1157);
#572=LINE('',#8784,#1158);
#573=LINE('',#8786,#1159);
#574=LINE('',#8789,#1160);
#575=LINE('',#8791,#1161);
#576=LINE('',#8793,#1162);
#577=LINE('',#8797,#1163);
#578=LINE('',#8798,#1164);
#579=LINE('',#8802,#1165);
#580=LINE('',#8805,#1166);
#581=LINE('',#8807,#1167);
#582=LINE('',#8811,#1168);
#583=LINE('',#8813,#1169);
#584=LINE('',#8815,#1170);
#585=LINE('',#8822,#1171);
#586=LINE('',#8823,#1172);
#587=LINE('',#8825,#1173);
#588=LINE('',#8826,#1174);
#589=LINE('',#8828,#1175);
#590=LINE('',#8830,#1176);
#591=LINE('',#8837,#1177);
#592=LINE('',#8838,#1178);
#593=LINE('',#8846,#1179);
#594=LINE('',#8848,#1180);
#595=LINE('',#8849,#1181);
#596=LINE('',#8850,#1182);
#597=LINE('',#8852,#1183);
#598=LINE('',#8854,#1184);
#599=LINE('',#8856,#1185);
#600=LINE('',#8859,#1186);
#601=LINE('',#8861,#1187);
#602=LINE('',#8863,#1188);
#603=LINE('',#8865,#1189);
#604=LINE('',#8867,#1190);
#605=LINE('',#8985,#1191);
#606=LINE('',#8987,#1192);
#607=LINE('',#8989,#1193);
#608=LINE('',#8994,#1194);
#609=LINE('',#8996,#1195);
#610=LINE('',#8998,#1196);
#611=LINE('',#9000,#1197);
#612=LINE('',#9002,#1198);
#613=LINE('',#9007,#1199);
#614=LINE('',#9009,#1200);
#615=LINE('',#9013,#1201);
#616=LINE('',#9017,#1202);
#617=LINE('',#9019,#1203);
#618=LINE('',#9027,#1204);
#619=LINE('',#9029,#1205);
#620=LINE('',#9032,#1206);
#621=LINE('',#9034,#1207);
#622=LINE('',#9036,#1208);
#623=LINE('',#9038,#1209);
#624=LINE('',#9040,#1210);
#625=LINE('',#9043,#1211);
#626=LINE('',#9047,#1212);
#627=LINE('',#9049,#1213);
#628=LINE('',#9051,#1214);
#629=LINE('',#9054,#1215);
#630=LINE('',#9058,#1216);
#631=LINE('',#9059,#1217);
#632=LINE('',#9063,#1218);
#633=LINE('',#9065,#1219);
#634=LINE('',#9067,#1220);
#635=LINE('',#9074,#1221);
#636=LINE('',#9076,#1222);
#637=LINE('',#9077,#1223);
#638=LINE('',#9079,#1224);
#639=LINE('',#9080,#1225);
#640=LINE('',#9088,#1226);
#641=LINE('',#9090,#1227);
#642=LINE('',#9091,#1228);
#643=LINE('',#9092,#1229);
#644=LINE('',#9094,#1230);
#645=LINE('',#9096,#1231);
#646=LINE('',#9103,#1232);
#647=LINE('',#9104,#1233);
#648=LINE('',#9106,#1234);
#649=LINE('',#9108,#1235);
#650=LINE('',#9110,#1236);
#651=LINE('',#9114,#1237);
#652=LINE('',#9116,#1238);
#653=LINE('',#9118,#1239);
#654=LINE('',#9123,#1240);
#655=LINE('',#9126,#1241);
#656=LINE('',#9128,#1242);
#657=LINE('',#9130,#1243);
#658=LINE('',#9131,#1244);
#659=LINE('',#9134,#1245);
#660=LINE('',#9136,#1246);
#661=LINE('',#9138,#1247);
#662=LINE('',#9139,#1248);
#663=LINE('',#9142,#1249);
#664=LINE('',#9144,#1250);
#665=LINE('',#9146,#1251);
#666=LINE('',#9147,#1252);
#667=LINE('',#9150,#1253);
#668=LINE('',#9152,#1254);
#669=LINE('',#9154,#1255);
#670=LINE('',#9155,#1256);
#671=LINE('',#9158,#1257);
#672=LINE('',#9160,#1258);
#673=LINE('',#9162,#1259);
#674=LINE('',#9163,#1260);
#675=LINE('',#9166,#1261);
#676=LINE('',#9168,#1262);
#677=LINE('',#9170,#1263);
#678=LINE('',#9173,#1264);
#679=LINE('',#9176,#1265);
#680=LINE('',#9178,#1266);
#681=LINE('',#9180,#1267);
#682=LINE('',#9181,#1268);
#683=LINE('',#9184,#1269);
#684=LINE('',#9186,#1270);
#685=LINE('',#9188,#1271);
#686=LINE('',#9189,#1272);
#687=LINE('',#9192,#1273);
#688=LINE('',#9194,#1274);
#689=LINE('',#9196,#1275);
#690=LINE('',#9199,#1276);
#691=LINE('',#9202,#1277);
#692=LINE('',#9204,#1278);
#693=LINE('',#9206,#1279);
#694=LINE('',#9207,#1280);
#695=LINE('',#9210,#1281);
#696=LINE('',#9212,#1282);
#697=LINE('',#9214,#1283);
#698=LINE('',#9215,#1284);
#699=LINE('',#9218,#1285);
#700=LINE('',#9220,#1286);
#701=LINE('',#9222,#1287);
#702=LINE('',#9226,#1288);
#703=LINE('',#9229,#1289);
#704=LINE('',#9231,#1290);
#705=LINE('',#9233,#1291);
#706=LINE('',#9234,#1292);
#707=LINE('',#9237,#1293);
#708=LINE('',#9239,#1294);
#709=LINE('',#9241,#1295);
#710=LINE('',#9242,#1296);
#711=LINE('',#9245,#1297);
#712=LINE('',#9247,#1298);
#713=LINE('',#9249,#1299);
#714=LINE('',#9250,#1300);
#715=LINE('',#9253,#1301);
#716=LINE('',#9255,#1302);
#717=LINE('',#9257,#1303);
#718=LINE('',#9258,#1304);
#719=LINE('',#9261,#1305);
#720=LINE('',#9263,#1306);
#721=LINE('',#9265,#1307);
#722=LINE('',#9266,#1308);
#723=LINE('',#9269,#1309);
#724=LINE('',#9271,#1310);
#725=LINE('',#9273,#1311);
#726=LINE('',#9276,#1312);
#727=LINE('',#9279,#1313);
#728=LINE('',#9281,#1314);
#729=LINE('',#9283,#1315);
#730=LINE('',#9284,#1316);
#731=LINE('',#9287,#1317);
#732=LINE('',#9289,#1318);
#733=LINE('',#9291,#1319);
#734=LINE('',#9292,#1320);
#735=LINE('',#9295,#1321);
#736=LINE('',#9297,#1322);
#737=LINE('',#9299,#1323);
#738=LINE('',#9302,#1324);
#739=LINE('',#9305,#1325);
#740=LINE('',#9307,#1326);
#741=LINE('',#9309,#1327);
#742=LINE('',#9310,#1328);
#743=LINE('',#9313,#1329);
#744=LINE('',#9315,#1330);
#745=LINE('',#9317,#1331);
#746=LINE('',#9318,#1332);
#747=LINE('',#9321,#1333);
#748=LINE('',#9323,#1334);
#749=LINE('',#9325,#1335);
#750=LINE('',#9332,#1336);
#751=LINE('',#9338,#1337);
#752=LINE('',#9380,#1338);
#753=LINE('',#9382,#1339);
#754=LINE('',#9384,#1340);
#755=LINE('',#9386,#1341);
#756=LINE('',#9388,#1342);
#757=LINE('',#9396,#1343);
#758=LINE('',#9398,#1344);
#759=LINE('',#9406,#1345);
#760=LINE('',#9453,#1346);
#761=LINE('',#9459,#1347);
#762=LINE('',#9685,#1348);
#763=LINE('',#9700,#1349);
#764=LINE('',#9702,#1350);
#765=LINE('',#9717,#1351);
#766=LINE('',#9719,#1352);
#767=LINE('',#9734,#1353);
#768=LINE('',#9736,#1354);
#769=LINE('',#9751,#1355);
#770=LINE('',#9753,#1356);
#771=LINE('',#9755,#1357);
#772=LINE('',#9757,#1358);
#773=LINE('',#9775,#1359);
#774=LINE('',#9777,#1360);
#775=LINE('',#9779,#1361);
#776=LINE('',#9792,#1362);
#777=LINE('',#9810,#1363);
#778=LINE('',#9812,#1364);
#779=LINE('',#9814,#1365);
#780=LINE('',#9829,#1366);
#781=LINE('',#9833,#1367);
#782=LINE('',#9848,#1368);
#783=LINE('',#9849,#1369);
#784=LINE('',#9864,#1370);
#785=LINE('',#9865,#1371);
#786=LINE('',#9884,#1372);
#787=LINE('',#9888,#1373);
#788=LINE('',#9892,#1374);
#789=LINE('',#9896,#1375);
#790=LINE('',#9900,#1376);
#791=LINE('',#9904,#1377);
#792=LINE('',#9914,#1378);
#793=LINE('',#9917,#1379);
#794=LINE('',#9918,#1380);
#795=LINE('',#9920,#1381);
#796=LINE('',#9922,#1382);
#797=LINE('',#9924,#1383);
#798=LINE('',#9926,#1384);
#799=LINE('',#9928,#1385);
#800=LINE('',#9930,#1386);
#801=LINE('',#9932,#1387);
#802=LINE('',#9934,#1388);
#803=LINE('',#9936,#1389);
#804=LINE('',#9938,#1390);
#805=LINE('',#9940,#1391);
#806=LINE('',#9942,#1392);
#807=LINE('',#9944,#1393);
#808=LINE('',#9945,#1394);
#809=LINE('',#9946,#1395);
#810=LINE('',#9948,#1396);
#811=LINE('',#9950,#1397);
#812=LINE('',#9952,#1398);
#813=LINE('',#9957,#1399);
#814=LINE('',#9959,#1400);
#815=LINE('',#9961,#1401);
#816=LINE('',#9966,#1402);
#817=LINE('',#9970,#1403);
#818=LINE('',#9975,#1404);
#819=LINE('',#9982,#1405);
#820=LINE('',#9995,#1406);
#821=LINE('',#9997,#1407);
#822=LINE('',#9999,#1408);
#823=LINE('',#10001,#1409);
#824=LINE('',#10003,#1410);
#825=LINE('',#10005,#1411);
#826=LINE('',#10007,#1412);
#827=LINE('',#10009,#1413);
#828=LINE('',#10011,#1414);
#829=LINE('',#10023,#1415);
#830=LINE('',#10060,#1416);
#831=LINE('',#10061,#1417);
#832=LINE('',#10063,#1418);
#833=LINE('',#10075,#1419);
#834=LINE('',#10090,#1420);
#835=LINE('',#10091,#1421);
#836=LINE('',#10131,#1422);
#837=LINE('',#10138,#1423);
#838=LINE('',#10368,#1424);
#839=LINE('',#10383,#1425);
#840=LINE('',#10385,#1426);
#841=LINE('',#10400,#1427);
#842=LINE('',#10402,#1428);
#843=LINE('',#10417,#1429);
#844=LINE('',#10419,#1430);
#845=LINE('',#10434,#1431);
#846=LINE('',#10436,#1432);
#847=LINE('',#10438,#1433);
#848=LINE('',#10442,#1434);
#849=LINE('',#10445,#1435);
#850=LINE('',#10450,#1436);
#851=LINE('',#10453,#1437);
#852=LINE('',#10458,#1438);
#853=LINE('',#10464,#1439);
#854=LINE('',#10468,#1440);
#855=LINE('',#10474,#1441);
#856=LINE('',#10480,#1442);
#857=LINE('',#10490,#1443);
#858=LINE('',#10492,#1444);
#859=LINE('',#10494,#1445);
#860=LINE('',#10496,#1446);
#861=LINE('',#10509,#1447);
#862=LINE('',#10510,#1448);
#863=LINE('',#10523,#1449);
#864=LINE('',#10525,#1450);
#865=LINE('',#10538,#1451);
#866=LINE('',#10539,#1452);
#867=LINE('',#10552,#1453);
#868=LINE('',#10554,#1454);
#869=LINE('',#10556,#1455);
#870=LINE('',#10558,#1456);
#871=LINE('',#10560,#1457);
#872=LINE('',#10575,#1458);
#873=LINE('',#10576,#1459);
#874=LINE('',#10591,#1460);
#875=LINE('',#10592,#1461);
#876=LINE('',#10601,#1462);
#877=LINE('',#10607,#1463);
#878=LINE('',#10617,#1464);
#879=LINE('',#10619,#1465);
#880=LINE('',#10621,#1466);
#881=LINE('',#10623,#1467);
#882=LINE('',#10625,#1468);
#883=LINE('',#10630,#1469);
#884=LINE('',#10632,#1470);
#885=LINE('',#10637,#1471);
#886=LINE('',#10639,#1472);
#887=LINE('',#10652,#1473);
#888=LINE('',#10654,#1474);
#889=LINE('',#10690,#1475);
#890=LINE('',#10691,#1476);
#891=LINE('',#10693,#1477);
#892=LINE('',#10695,#1478);
#893=LINE('',#10697,#1479);
#894=LINE('',#10722,#1480);
#895=LINE('',#10723,#1481);
#896=LINE('',#10734,#1482);
#897=LINE('',#10738,#1483);
#898=LINE('',#10751,#1484);
#899=LINE('',#10753,#1485);
#900=LINE('',#10755,#1486);
#901=LINE('',#10757,#1487);
#902=LINE('',#10787,#1488);
#903=LINE('',#10802,#1489);
#904=LINE('',#10804,#1490);
#905=LINE('',#10806,#1491);
#906=LINE('',#10821,#1492);
#907=LINE('',#10822,#1493);
#908=LINE('',#10837,#1494);
#909=LINE('',#10851,#1495);
#910=LINE('',#10853,#1496);
#911=LINE('',#10855,#1497);
#912=LINE('',#10859,#1498);
#913=LINE('',#10860,#1499);
#914=LINE('',#10861,#1500);
#915=LINE('',#10863,#1501);
#916=LINE('',#10865,#1502);
#917=LINE('',#10883,#1503);
#918=LINE('',#10898,#1504);
#919=LINE('',#10902,#1505);
#920=LINE('',#10903,#1506);
#921=LINE('',#10904,#1507);
#922=LINE('',#10905,#1508);
#923=LINE('',#10907,#1509);
#924=LINE('',#10908,#1510);
#925=LINE('',#10911,#1511);
#926=LINE('',#10928,#1512);
#927=LINE('',#10943,#1513);
#928=LINE('',#11110,#1514);
#929=LINE('',#11112,#1515);
#930=LINE('',#11114,#1516);
#931=LINE('',#11143,#1517);
#932=LINE('',#11326,#1518);
#933=LINE('',#11328,#1519);
#934=LINE('',#11330,#1520);
#935=LINE('',#11354,#1521);
#936=LINE('',#11356,#1522);
#937=LINE('',#11358,#1523);
#938=LINE('',#11382,#1524);
#939=LINE('',#11384,#1525);
#940=LINE('',#11386,#1526);
#941=LINE('',#11410,#1527);
#942=LINE('',#11412,#1528);
#943=LINE('',#11414,#1529);
#944=LINE('',#11438,#1530);
#945=LINE('',#11440,#1531);
#946=LINE('',#11442,#1532);
#947=LINE('',#11466,#1533);
#948=LINE('',#11468,#1534);
#949=LINE('',#11470,#1535);
#950=LINE('',#11494,#1536);
#951=LINE('',#11496,#1537);
#952=LINE('',#11498,#1538);
#953=LINE('',#11522,#1539);
#954=LINE('',#11524,#1540);
#955=LINE('',#11526,#1541);
#956=LINE('',#11550,#1542);
#957=LINE('',#11552,#1543);
#958=LINE('',#11554,#1544);
#959=LINE('',#11578,#1545);
#960=LINE('',#11580,#1546);
#961=LINE('',#11582,#1547);
#962=LINE('',#11606,#1548);
#963=LINE('',#11608,#1549);
#964=LINE('',#11610,#1550);
#965=LINE('',#11634,#1551);
#966=LINE('',#11636,#1552);
#967=LINE('',#11638,#1553);
#968=LINE('',#11670,#1554);
#969=LINE('',#11691,#1555);
#970=LINE('',#11694,#1556);
#971=LINE('',#11696,#1557);
#972=LINE('',#11698,#1558);
#973=LINE('',#11700,#1559);
#974=LINE('',#11702,#1560);
#975=LINE('',#11715,#1561);
#976=LINE('',#11717,#1562);
#977=LINE('',#11719,#1563);
#978=LINE('',#11721,#1564);
#979=LINE('',#11723,#1565);
#980=LINE('',#11954,#1566);
#981=LINE('',#11956,#1567);
#982=LINE('',#11958,#1568);
#983=LINE('',#11982,#1569);
#984=LINE('',#11984,#1570);
#985=LINE('',#11986,#1571);
#986=LINE('',#12010,#1572);
#987=LINE('',#12012,#1573);
#988=LINE('',#12014,#1574);
#989=LINE('',#12038,#1575);
#990=LINE('',#12040,#1576);
#991=LINE('',#12042,#1577);
#992=LINE('',#12066,#1578);
#993=LINE('',#12068,#1579);
#994=LINE('',#12070,#1580);
#995=LINE('',#12094,#1581);
#996=LINE('',#12096,#1582);
#997=LINE('',#12098,#1583);
#998=LINE('',#12122,#1584);
#999=LINE('',#12124,#1585);
#1000=LINE('',#12126,#1586);
#1001=LINE('',#12150,#1587);
#1002=LINE('',#12152,#1588);
#1003=LINE('',#12154,#1589);
#1004=LINE('',#12178,#1590);
#1005=LINE('',#12180,#1591);
#1006=LINE('',#12182,#1592);
#1007=LINE('',#12206,#1593);
#1008=LINE('',#12208,#1594);
#1009=LINE('',#12210,#1595);
#1010=LINE('',#12234,#1596);
#1011=LINE('',#12236,#1597);
#1012=LINE('',#12238,#1598);
#1013=LINE('',#12262,#1599);
#1014=LINE('',#12264,#1600);
#1015=LINE('',#12266,#1601);
#1016=LINE('',#12298,#1602);
#1017=LINE('',#12319,#1603);
#1018=LINE('',#12322,#1604);
#1019=LINE('',#12324,#1605);
#1020=LINE('',#12326,#1606);
#1021=LINE('',#12328,#1607);
#1022=LINE('',#12330,#1608);
#1023=LINE('',#12342,#1609);
#1024=LINE('',#12344,#1610);
#1025=LINE('',#12346,#1611);
#1026=LINE('',#12348,#1612);
#1027=LINE('',#12350,#1613);
#1028=LINE('',#12582,#1614);
#1029=LINE('',#12584,#1615);
#1030=LINE('',#12586,#1616);
#1031=LINE('',#12610,#1617);
#1032=LINE('',#12612,#1618);
#1033=LINE('',#12614,#1619);
#1034=LINE('',#12638,#1620);
#1035=LINE('',#12640,#1621);
#1036=LINE('',#12642,#1622);
#1037=LINE('',#12666,#1623);
#1038=LINE('',#12668,#1624);
#1039=LINE('',#12670,#1625);
#1040=LINE('',#12694,#1626);
#1041=LINE('',#12696,#1627);
#1042=LINE('',#12698,#1628);
#1043=LINE('',#12722,#1629);
#1044=LINE('',#12724,#1630);
#1045=LINE('',#12726,#1631);
#1046=LINE('',#12750,#1632);
#1047=LINE('',#12752,#1633);
#1048=LINE('',#12754,#1634);
#1049=LINE('',#12778,#1635);
#1050=LINE('',#12780,#1636);
#1051=LINE('',#12782,#1637);
#1052=LINE('',#12806,#1638);
#1053=LINE('',#12808,#1639);
#1054=LINE('',#12810,#1640);
#1055=LINE('',#12834,#1641);
#1056=LINE('',#12836,#1642);
#1057=LINE('',#12838,#1643);
#1058=LINE('',#12862,#1644);
#1059=LINE('',#12864,#1645);
#1060=LINE('',#12866,#1646);
#1061=LINE('',#12890,#1647);
#1062=LINE('',#12892,#1648);
#1063=LINE('',#12894,#1649);
#1064=LINE('',#12926,#1650);
#1065=LINE('',#12947,#1651);
#1066=LINE('',#12950,#1652);
#1067=LINE('',#12952,#1653);
#1068=LINE('',#12954,#1654);
#1069=LINE('',#12956,#1655);
#1070=LINE('',#12958,#1656);
#1071=LINE('',#12970,#1657);
#1072=LINE('',#12972,#1658);
#1073=LINE('',#12974,#1659);
#1074=LINE('',#12976,#1660);
#1075=LINE('',#12978,#1661);
#1076=LINE('',#13210,#1662);
#1077=LINE('',#13212,#1663);
#1078=LINE('',#13214,#1664);
#1079=LINE('',#13238,#1665);
#1080=LINE('',#13240,#1666);
#1081=LINE('',#13242,#1667);
#1082=LINE('',#13266,#1668);
#1083=LINE('',#13268,#1669);
#1084=LINE('',#13270,#1670);
#1085=LINE('',#13294,#1671);
#1086=LINE('',#13296,#1672);
#1087=LINE('',#13298,#1673);
#1088=LINE('',#13322,#1674);
#1089=LINE('',#13324,#1675);
#1090=LINE('',#13326,#1676);
#1091=LINE('',#13350,#1677);
#1092=LINE('',#13352,#1678);
#1093=LINE('',#13354,#1679);
#1094=LINE('',#13378,#1680);
#1095=LINE('',#13380,#1681);
#1096=LINE('',#13382,#1682);
#1097=LINE('',#13406,#1683);
#1098=LINE('',#13408,#1684);
#1099=LINE('',#13410,#1685);
#1100=LINE('',#13434,#1686);
#1101=LINE('',#13436,#1687);
#1102=LINE('',#13438,#1688);
#1103=LINE('',#13462,#1689);
#1104=LINE('',#13464,#1690);
#1105=LINE('',#13466,#1691);
#1106=LINE('',#13490,#1692);
#1107=LINE('',#13492,#1693);
#1108=LINE('',#13494,#1694);
#1109=LINE('',#13518,#1695);
#1110=LINE('',#13520,#1696);
#1111=LINE('',#13522,#1697);
#1112=LINE('',#13554,#1698);
#1113=LINE('',#13575,#1699);
#1114=LINE('',#13578,#1700);
#1115=LINE('',#13580,#1701);
#1116=LINE('',#13582,#1702);
#1117=LINE('',#13584,#1703);
#1118=LINE('',#13586,#1704);
#1119=LINE('',#13599,#1705);
#1120=LINE('',#13601,#1706);
#1121=LINE('',#13603,#1707);
#1122=LINE('',#13605,#1708);
#1123=LINE('',#13607,#1709);
#1124=LINE('',#13827,#1710);
#1125=LINE('',#13829,#1711);
#1126=LINE('',#13835,#1712);
#1127=LINE('',#13849,#1713);
#1128=LINE('',#13856,#1714);
#1129=LINE('',#13863,#1715);
#1130=LINE('',#13864,#1716);
#1131=LINE('',#13873,#1717);
#1132=LINE('',#13875,#1718);
#1133=LINE('',#13879,#1719);
#1134=LINE('',#13886,#1720);
#1135=LINE('',#13892,#1721);
#1136=LINE('',#13906,#1722);
#1137=LINE('',#13908,#1723);
#1138=LINE('',#13910,#1724);
#1139=LINE('',#13911,#1725);
#1140=LINE('',#13925,#1726);
#1141=LINE('',#13927,#1727);
#1142=VECTOR('',#7275,1.);
#1143=VECTOR('',#7276,1.);
#1144=VECTOR('',#7281,1.);
#1145=VECTOR('',#7282,1.);
#1146=VECTOR('',#7283,1.);
#1147=VECTOR('',#7286,1.);
#1148=VECTOR('',#7287,1.);
#1149=VECTOR('',#7290,1.);
#1150=VECTOR('',#7293,1.);
#1151=VECTOR('',#7294,1.);
#1152=VECTOR('',#7295,1.);
#1153=VECTOR('',#7296,1.);
#1154=VECTOR('',#7299,1.);
#1155=VECTOR('',#7304,1.);
#1156=VECTOR('',#7305,1.);
#1157=VECTOR('',#7306,1.);
#1158=VECTOR('',#7307,1.);
#1159=VECTOR('',#7310,1.);
#1160=VECTOR('',#7311,1.);
#1161=VECTOR('',#7312,1.);
#1162=VECTOR('',#7313,1.);
#1163=VECTOR('',#7316,1.);
#1164=VECTOR('',#7317,1.);
#1165=VECTOR('',#7320,1.);
#1166=VECTOR('',#7323,1.);
#1167=VECTOR('',#7324,1.);
#1168=VECTOR('',#7327,1.);
#1169=VECTOR('',#7330,1.);
#1170=VECTOR('',#7331,1.);
#1171=VECTOR('',#7332,1.);
#1172=VECTOR('',#7333,1.);
#1173=VECTOR('',#7336,1.);
#1174=VECTOR('',#7337,1.);
#1175=VECTOR('',#7340,1.);
#1176=VECTOR('',#7341,1.);
#1177=VECTOR('',#7342,1.);
#1178=VECTOR('',#7343,1.);
#1179=VECTOR('',#7346,1.);
#1180=VECTOR('',#7347,1.);
#1181=VECTOR('',#7348,1.);
#1182=VECTOR('',#7349,1.);
#1183=VECTOR('',#7352,1.);
#1184=VECTOR('',#7355,1.);
#1185=VECTOR('',#7358,1.);
#1186=VECTOR('',#7363,1.);
#1187=VECTOR('',#7364,1.);
#1188=VECTOR('',#7365,1.);
#1189=VECTOR('',#7368,1.);
#1190=VECTOR('',#7369,1.);
#1191=VECTOR('',#7378,1.);
#1192=VECTOR('',#7379,1.);
#1193=VECTOR('',#7382,1.);
#1194=VECTOR('',#7385,1.);
#1195=VECTOR('',#7386,1.);
#1196=VECTOR('',#7389,1.);
#1197=VECTOR('',#7390,1.);
#1198=VECTOR('',#7391,1.);
#1199=VECTOR('',#7396,1.);
#1200=VECTOR('',#7397,1.);
#1201=VECTOR('',#7400,1.);
#1202=VECTOR('',#7403,1.);
#1203=VECTOR('',#7404,1.);
#1204=VECTOR('',#7407,1.);
#1205=VECTOR('',#7410,1.);
#1206=VECTOR('',#7411,1.);
#1207=VECTOR('',#7412,1.);
#1208=VECTOR('',#7413,1.);
#1209=VECTOR('',#7414,1.);
#1210=VECTOR('',#7417,1.);
#1211=VECTOR('',#7418,1.);
#1212=VECTOR('',#7421,1.);
#1213=VECTOR('',#7422,1.);
#1214=VECTOR('',#7423,1.);
#1215=VECTOR('',#7426,1.);
#1216=VECTOR('',#7429,1.);
#1217=VECTOR('',#7430,1.);
#1218=VECTOR('',#7433,1.);
#1219=VECTOR('',#7434,1.);
#1220=VECTOR('',#7435,1.);
#1221=VECTOR('',#7438,1.);
#1222=VECTOR('',#7439,1.);
#1223=VECTOR('',#7440,1.);
#1224=VECTOR('',#7443,1.);
#1225=VECTOR('',#7444,1.);
#1226=VECTOR('',#7447,1.);
#1227=VECTOR('',#7448,1.);
#1228=VECTOR('',#7449,1.);
#1229=VECTOR('',#7450,1.);
#1230=VECTOR('',#7453,1.);
#1231=VECTOR('',#7454,1.);
#1232=VECTOR('',#7455,1.);
#1233=VECTOR('',#7456,1.);
#1234=VECTOR('',#7459,1.);
#1235=VECTOR('',#7462,1.);
#1236=VECTOR('',#7465,1.);
#1237=VECTOR('',#7472,1.);
#1238=VECTOR('',#7473,1.);
#1239=VECTOR('',#7474,1.);
#1240=VECTOR('',#7483,1.);
#1241=VECTOR('',#7484,1.);
#1242=VECTOR('',#7485,1.);
#1243=VECTOR('',#7486,1.);
#1244=VECTOR('',#7487,1.);
#1245=VECTOR('',#7488,1.);
#1246=VECTOR('',#7489,1.);
#1247=VECTOR('',#7490,1.);
#1248=VECTOR('',#7491,1.);
#1249=VECTOR('',#7492,1.);
#1250=VECTOR('',#7493,1.);
#1251=VECTOR('',#7494,1.);
#1252=VECTOR('',#7495,1.);
#1253=VECTOR('',#7496,1.);
#1254=VECTOR('',#7497,1.);
#1255=VECTOR('',#7498,1.);
#1256=VECTOR('',#7499,1.);
#1257=VECTOR('',#7500,1.);
#1258=VECTOR('',#7501,1.);
#1259=VECTOR('',#7502,1.);
#1260=VECTOR('',#7503,1.);
#1261=VECTOR('',#7504,1.);
#1262=VECTOR('',#7505,1.);
#1263=VECTOR('',#7506,1.);
#1264=VECTOR('',#7511,1.);
#1265=VECTOR('',#7512,1.);
#1266=VECTOR('',#7513,1.);
#1267=VECTOR('',#7514,1.);
#1268=VECTOR('',#7515,1.);
#1269=VECTOR('',#7516,1.);
#1270=VECTOR('',#7517,1.);
#1271=VECTOR('',#7518,1.);
#1272=VECTOR('',#7519,1.);
#1273=VECTOR('',#7520,1.);
#1274=VECTOR('',#7521,1.);
#1275=VECTOR('',#7522,1.);
#1276=VECTOR('',#7525,1.);
#1277=VECTOR('',#7526,1.);
#1278=VECTOR('',#7527,1.);
#1279=VECTOR('',#7528,1.);
#1280=VECTOR('',#7529,1.);
#1281=VECTOR('',#7530,1.);
#1282=VECTOR('',#7531,1.);
#1283=VECTOR('',#7532,1.);
#1284=VECTOR('',#7533,1.);
#1285=VECTOR('',#7534,1.);
#1286=VECTOR('',#7535,1.);
#1287=VECTOR('',#7536,1.);
#1288=VECTOR('',#7543,1.);
#1289=VECTOR('',#7544,1.);
#1290=VECTOR('',#7545,1.);
#1291=VECTOR('',#7546,1.);
#1292=VECTOR('',#7547,1.);
#1293=VECTOR('',#7548,1.);
#1294=VECTOR('',#7549,1.);
#1295=VECTOR('',#7550,1.);
#1296=VECTOR('',#7551,1.);
#1297=VECTOR('',#7552,1.);
#1298=VECTOR('',#7553,1.);
#1299=VECTOR('',#7554,1.);
#1300=VECTOR('',#7555,1.);
#1301=VECTOR('',#7556,1.);
#1302=VECTOR('',#7557,1.);
#1303=VECTOR('',#7558,1.);
#1304=VECTOR('',#7559,1.);
#1305=VECTOR('',#7560,1.);
#1306=VECTOR('',#7561,1.);
#1307=VECTOR('',#7562,1.);
#1308=VECTOR('',#7563,1.);
#1309=VECTOR('',#7564,1.);
#1310=VECTOR('',#7565,1.);
#1311=VECTOR('',#7566,1.);
#1312=VECTOR('',#7571,1.);
#1313=VECTOR('',#7572,1.);
#1314=VECTOR('',#7573,1.);
#1315=VECTOR('',#7574,1.);
#1316=VECTOR('',#7575,1.);
#1317=VECTOR('',#7576,1.);
#1318=VECTOR('',#7577,1.);
#1319=VECTOR('',#7578,1.);
#1320=VECTOR('',#7579,1.);
#1321=VECTOR('',#7580,1.);
#1322=VECTOR('',#7581,1.);
#1323=VECTOR('',#7582,1.);
#1324=VECTOR('',#7585,1.);
#1325=VECTOR('',#7586,1.);
#1326=VECTOR('',#7587,1.);
#1327=VECTOR('',#7588,1.);
#1328=VECTOR('',#7589,1.);
#1329=VECTOR('',#7590,1.);
#1330=VECTOR('',#7591,1.);
#1331=VECTOR('',#7592,1.);
#1332=VECTOR('',#7593,1.);
#1333=VECTOR('',#7594,1.);
#1334=VECTOR('',#7595,1.);
#1335=VECTOR('',#7596,1.);
#1336=VECTOR('',#7603,1.);
#1337=VECTOR('',#7608,1.);
#1338=VECTOR('',#7619,1.);
#1339=VECTOR('',#7620,1.);
#1340=VECTOR('',#7623,1.);
#1341=VECTOR('',#7624,1.);
#1342=VECTOR('',#7627,1.);
#1343=VECTOR('',#7628,1.);
#1344=VECTOR('',#7631,1.);
#1345=VECTOR('',#7632,1.);
#1346=VECTOR('',#7639,1.);
#1347=VECTOR('',#7644,1.);
#1348=VECTOR('',#7655,1.);
#1349=VECTOR('',#7656,1.);
#1350=VECTOR('',#7657,1.);
#1351=VECTOR('',#7658,1.);
#1352=VECTOR('',#7661,1.);
#1353=VECTOR('',#7662,1.);
#1354=VECTOR('',#7663,1.);
#1355=VECTOR('',#7664,1.);
#1356=VECTOR('',#7667,1.);
#1357=VECTOR('',#7670,1.);
#1358=VECTOR('',#7673,1.);
#1359=VECTOR('',#7674,1.);
#1360=VECTOR('',#7675,1.);
#1361=VECTOR('',#7676,1.);
#1362=VECTOR('',#7679,1.);
#1363=VECTOR('',#7680,1.);
#1364=VECTOR('',#7681,1.);
#1365=VECTOR('',#7682,1.);
#1366=VECTOR('',#7687,1.);
#1367=VECTOR('',#7692,1.);
#1368=VECTOR('',#7693,1.);
#1369=VECTOR('',#7694,1.);
#1370=VECTOR('',#7695,1.);
#1371=VECTOR('',#7696,1.);
#1372=VECTOR('',#7713,1.);
#1373=VECTOR('',#7716,1.);
#1374=VECTOR('',#7719,1.);
#1375=VECTOR('',#7722,1.);
#1376=VECTOR('',#7725,1.);
#1377=VECTOR('',#7728,1.);
#1378=VECTOR('',#7741,1.);
#1379=VECTOR('',#7742,1.);
#1380=VECTOR('',#7743,1.);
#1381=VECTOR('',#7746,1.);
#1382=VECTOR('',#7747,1.);
#1383=VECTOR('',#7748,1.);
#1384=VECTOR('',#7749,1.);
#1385=VECTOR('',#7750,1.);
#1386=VECTOR('',#7751,1.);
#1387=VECTOR('',#7752,1.);
#1388=VECTOR('',#7755,1.);
#1389=VECTOR('',#7756,1.);
#1390=VECTOR('',#7757,1.);
#1391=VECTOR('',#7760,1.);
#1392=VECTOR('',#7761,1.);
#1393=VECTOR('',#7762,1.);
#1394=VECTOR('',#7763,1.);
#1395=VECTOR('',#7764,1.);
#1396=VECTOR('',#7767,1.);
#1397=VECTOR('',#7768,1.);
#1398=VECTOR('',#7769,1.);
#1399=VECTOR('',#7778,1.);
#1400=VECTOR('',#7779,1.);
#1401=VECTOR('',#7780,1.);
#1402=VECTOR('',#7785,1.);
#1403=VECTOR('',#7788,1.);
#1404=VECTOR('',#7793,1.);
#1405=VECTOR('',#7798,1.);
#1406=VECTOR('',#7815,1.);
#1407=VECTOR('',#7816,1.);
#1408=VECTOR('',#7819,1.);
#1409=VECTOR('',#7820,1.);
#1410=VECTOR('',#7823,1.);
#1411=VECTOR('',#7824,1.);
#1412=VECTOR('',#7827,1.);
#1413=VECTOR('',#7828,1.);
#1414=VECTOR('',#7831,1.);
#1415=VECTOR('',#7832,1.);
#1416=VECTOR('',#7833,1.);
#1417=VECTOR('',#7834,1.);
#1418=VECTOR('',#7837,1.);
#1419=VECTOR('',#7838,1.);
#1420=VECTOR('',#7839,1.);
#1421=VECTOR('',#7840,1.);
#1422=VECTOR('',#7851,1.);
#1423=VECTOR('',#7856,1.);
#1424=VECTOR('',#7871,1.);
#1425=VECTOR('',#7872,1.);
#1426=VECTOR('',#7873,1.);
#1427=VECTOR('',#7874,1.);
#1428=VECTOR('',#7877,1.);
#1429=VECTOR('',#7878,1.);
#1430=VECTOR('',#7879,1.);
#1431=VECTOR('',#7880,1.);
#1432=VECTOR('',#7883,1.);
#1433=VECTOR('',#7886,1.);
#1434=VECTOR('',#7893,1.);
#1435=VECTOR('',#7898,1.);
#1436=VECTOR('',#7901,1.);
#1437=VECTOR('',#7904,1.);
#1438=VECTOR('',#7907,1.);
#1439=VECTOR('',#7912,1.);
#1440=VECTOR('',#7915,1.);
#1441=VECTOR('',#7920,1.);
#1442=VECTOR('',#7925,1.);
#1443=VECTOR('',#7938,1.);
#1444=VECTOR('',#7939,1.);
#1445=VECTOR('',#7940,1.);
#1446=VECTOR('',#7943,1.);
#1447=VECTOR('',#7944,1.);
#1448=VECTOR('',#7945,1.);
#1449=VECTOR('',#7946,1.);
#1450=VECTOR('',#7949,1.);
#1451=VECTOR('',#7950,1.);
#1452=VECTOR('',#7951,1.);
#1453=VECTOR('',#7952,1.);
#1454=VECTOR('',#7955,1.);
#1455=VECTOR('',#7958,1.);
#1456=VECTOR('',#7961,1.);
#1457=VECTOR('',#7964,1.);
#1458=VECTOR('',#7965,1.);
#1459=VECTOR('',#7966,1.);
#1460=VECTOR('',#7967,1.);
#1461=VECTOR('',#7968,1.);
#1462=VECTOR('',#7981,1.);
#1463=VECTOR('',#7986,1.);
#1464=VECTOR('',#7999,1.);
#1465=VECTOR('',#8000,1.);
#1466=VECTOR('',#8003,1.);
#1467=VECTOR('',#8004,1.);
#1468=VECTOR('',#8007,1.);
#1469=VECTOR('',#8010,1.);
#1470=VECTOR('',#8013,1.);
#1471=VECTOR('',#8016,1.);
#1472=VECTOR('',#8019,1.);
#1473=VECTOR('',#8020,1.);
#1474=VECTOR('',#8021,1.);
#1475=VECTOR('',#8022,1.);
#1476=VECTOR('',#8023,1.);
#1477=VECTOR('',#8026,1.);
#1478=VECTOR('',#8027,1.);
#1479=VECTOR('',#8028,1.);
#1480=VECTOR('',#8029,1.);
#1481=VECTOR('',#8030,1.);
#1482=VECTOR('',#8047,1.);
#1483=VECTOR('',#8050,1.);
#1484=VECTOR('',#8067,1.);
#1485=VECTOR('',#8068,1.);
#1486=VECTOR('',#8071,1.);
#1487=VECTOR('',#8072,1.);
#1488=VECTOR('',#8073,1.);
#1489=VECTOR('',#8074,1.);
#1490=VECTOR('',#8077,1.);
#1491=VECTOR('',#8078,1.);
#1492=VECTOR('',#8079,1.);
#1493=VECTOR('',#8080,1.);
#1494=VECTOR('',#8081,1.);
#1495=VECTOR('',#8082,1.);
#1496=VECTOR('',#8085,1.);
#1497=VECTOR('',#8086,1.);
#1498=VECTOR('',#8093,1.);
#1499=VECTOR('',#8094,1.);
#1500=VECTOR('',#8095,1.);
#1501=VECTOR('',#8098,1.);
#1502=VECTOR('',#8101,1.);
#1503=VECTOR('',#8104,1.);
#1504=VECTOR('',#8105,1.);
#1505=VECTOR('',#8112,1.);
#1506=VECTOR('',#8113,1.);
#1507=VECTOR('',#8114,1.);
#1508=VECTOR('',#8115,1.);
#1509=VECTOR('',#8118,1.);
#1510=VECTOR('',#8119,1.);
#1511=VECTOR('',#8124,1.);
#1512=VECTOR('',#8125,1.);
#1513=VECTOR('',#8126,1.);
#1514=VECTOR('',#8133,1.);
#1515=VECTOR('',#8136,1.);
#1516=VECTOR('',#8137,1.);
#1517=VECTOR('',#8138,1.);
#1518=VECTOR('',#8145,1.);
#1519=VECTOR('',#8146,1.);
#1520=VECTOR('',#8147,1.);
#1521=VECTOR('',#8150,1.);
#1522=VECTOR('',#8151,1.);
#1523=VECTOR('',#8152,1.);
#1524=VECTOR('',#8155,1.);
#1525=VECTOR('',#8156,1.);
#1526=VECTOR('',#8157,1.);
#1527=VECTOR('',#8160,1.);
#1528=VECTOR('',#8161,1.);
#1529=VECTOR('',#8162,1.);
#1530=VECTOR('',#8165,1.);
#1531=VECTOR('',#8166,1.);
#1532=VECTOR('',#8167,1.);
#1533=VECTOR('',#8170,1.);
#1534=VECTOR('',#8171,1.);
#1535=VECTOR('',#8172,1.);
#1536=VECTOR('',#8175,1.);
#1537=VECTOR('',#8176,1.);
#1538=VECTOR('',#8177,1.);
#1539=VECTOR('',#8180,1.);
#1540=VECTOR('',#8181,1.);
#1541=VECTOR('',#8182,1.);
#1542=VECTOR('',#8185,1.);
#1543=VECTOR('',#8186,1.);
#1544=VECTOR('',#8187,1.);
#1545=VECTOR('',#8190,1.);
#1546=VECTOR('',#8191,1.);
#1547=VECTOR('',#8192,1.);
#1548=VECTOR('',#8195,1.);
#1549=VECTOR('',#8196,1.);
#1550=VECTOR('',#8197,1.);
#1551=VECTOR('',#8200,1.);
#1552=VECTOR('',#8201,1.);
#1553=VECTOR('',#8202,1.);
#1554=VECTOR('',#8203,1.);
#1555=VECTOR('',#8204,1.);
#1556=VECTOR('',#8209,1.);
#1557=VECTOR('',#8212,1.);
#1558=VECTOR('',#8215,1.);
#1559=VECTOR('',#8218,1.);
#1560=VECTOR('',#8221,1.);
#1561=VECTOR('',#8238,1.);
#1562=VECTOR('',#8241,1.);
#1563=VECTOR('',#8244,1.);
#1564=VECTOR('',#8247,1.);
#1565=VECTOR('',#8250,1.);
#1566=VECTOR('',#8281,1.);
#1567=VECTOR('',#8282,1.);
#1568=VECTOR('',#8283,1.);
#1569=VECTOR('',#8286,1.);
#1570=VECTOR('',#8287,1.);
#1571=VECTOR('',#8288,1.);
#1572=VECTOR('',#8291,1.);
#1573=VECTOR('',#8292,1.);
#1574=VECTOR('',#8293,1.);
#1575=VECTOR('',#8296,1.);
#1576=VECTOR('',#8297,1.);
#1577=VECTOR('',#8298,1.);
#1578=VECTOR('',#8301,1.);
#1579=VECTOR('',#8302,1.);
#1580=VECTOR('',#8303,1.);
#1581=VECTOR('',#8306,1.);
#1582=VECTOR('',#8307,1.);
#1583=VECTOR('',#8308,1.);
#1584=VECTOR('',#8311,1.);
#1585=VECTOR('',#8312,1.);
#1586=VECTOR('',#8313,1.);
#1587=VECTOR('',#8316,1.);
#1588=VECTOR('',#8317,1.);
#1589=VECTOR('',#8318,1.);
#1590=VECTOR('',#8321,1.);
#1591=VECTOR('',#8322,1.);
#1592=VECTOR('',#8323,1.);
#1593=VECTOR('',#8326,1.);
#1594=VECTOR('',#8327,1.);
#1595=VECTOR('',#8328,1.);
#1596=VECTOR('',#8331,1.);
#1597=VECTOR('',#8332,1.);
#1598=VECTOR('',#8333,1.);
#1599=VECTOR('',#8336,1.);
#1600=VECTOR('',#8337,1.);
#1601=VECTOR('',#8338,1.);
#1602=VECTOR('',#8339,1.);
#1603=VECTOR('',#8340,1.);
#1604=VECTOR('',#8345,1.);
#1605=VECTOR('',#8348,1.);
#1606=VECTOR('',#8351,1.);
#1607=VECTOR('',#8354,1.);
#1608=VECTOR('',#8357,1.);
#1609=VECTOR('',#8372,1.);
#1610=VECTOR('',#8375,1.);
#1611=VECTOR('',#8378,1.);
#1612=VECTOR('',#8381,1.);
#1613=VECTOR('',#8384,1.);
#1614=VECTOR('',#8417,1.);
#1615=VECTOR('',#8418,1.);
#1616=VECTOR('',#8419,1.);
#1617=VECTOR('',#8422,1.);
#1618=VECTOR('',#8423,1.);
#1619=VECTOR('',#8424,1.);
#1620=VECTOR('',#8427,1.);
#1621=VECTOR('',#8428,1.);
#1622=VECTOR('',#8429,1.);
#1623=VECTOR('',#8432,1.);
#1624=VECTOR('',#8433,1.);
#1625=VECTOR('',#8434,1.);
#1626=VECTOR('',#8437,1.);
#1627=VECTOR('',#8438,1.);
#1628=VECTOR('',#8439,1.);
#1629=VECTOR('',#8442,1.);
#1630=VECTOR('',#8443,1.);
#1631=VECTOR('',#8444,1.);
#1632=VECTOR('',#8447,1.);
#1633=VECTOR('',#8448,1.);
#1634=VECTOR('',#8449,1.);
#1635=VECTOR('',#8452,1.);
#1636=VECTOR('',#8453,1.);
#1637=VECTOR('',#8454,1.);
#1638=VECTOR('',#8457,1.);
#1639=VECTOR('',#8458,1.);
#1640=VECTOR('',#8459,1.);
#1641=VECTOR('',#8462,1.);
#1642=VECTOR('',#8463,1.);
#1643=VECTOR('',#8464,1.);
#1644=VECTOR('',#8467,1.);
#1645=VECTOR('',#8468,1.);
#1646=VECTOR('',#8469,1.);
#1647=VECTOR('',#8472,1.);
#1648=VECTOR('',#8473,1.);
#1649=VECTOR('',#8474,1.);
#1650=VECTOR('',#8475,1.);
#1651=VECTOR('',#8476,1.);
#1652=VECTOR('',#8481,1.);
#1653=VECTOR('',#8484,1.);
#1654=VECTOR('',#8487,1.);
#1655=VECTOR('',#8490,1.);
#1656=VECTOR('',#8493,1.);
#1657=VECTOR('',#8508,1.);
#1658=VECTOR('',#8511,1.);
#1659=VECTOR('',#8514,1.);
#1660=VECTOR('',#8517,1.);
#1661=VECTOR('',#8520,1.);
#1662=VECTOR('',#8553,1.);
#1663=VECTOR('',#8554,1.);
#1664=VECTOR('',#8555,1.);
#1665=VECTOR('',#8558,1.);
#1666=VECTOR('',#8559,1.);
#1667=VECTOR('',#8560,1.);
#1668=VECTOR('',#8563,1.);
#1669=VECTOR('',#8564,1.);
#1670=VECTOR('',#8565,1.);
#1671=VECTOR('',#8568,1.);
#1672=VECTOR('',#8569,1.);
#1673=VECTOR('',#8570,1.);
#1674=VECTOR('',#8573,1.);
#1675=VECTOR('',#8574,1.);
#1676=VECTOR('',#8575,1.);
#1677=VECTOR('',#8578,1.);
#1678=VECTOR('',#8579,1.);
#1679=VECTOR('',#8580,1.);
#1680=VECTOR('',#8583,1.);
#1681=VECTOR('',#8584,1.);
#1682=VECTOR('',#8585,1.);
#1683=VECTOR('',#8588,1.);
#1684=VECTOR('',#8589,1.);
#1685=VECTOR('',#8590,1.);
#1686=VECTOR('',#8593,1.);
#1687=VECTOR('',#8594,1.);
#1688=VECTOR('',#8595,1.);
#1689=VECTOR('',#8598,1.);
#1690=VECTOR('',#8599,1.);
#1691=VECTOR('',#8600,1.);
#1692=VECTOR('',#8603,1.);
#1693=VECTOR('',#8604,1.);
#1694=VECTOR('',#8605,1.);
#1695=VECTOR('',#8608,1.);
#1696=VECTOR('',#8609,1.);
#1697=VECTOR('',#8610,1.);
#1698=VECTOR('',#8611,1.);
#1699=VECTOR('',#8612,1.);
#1700=VECTOR('',#8617,1.);
#1701=VECTOR('',#8620,1.);
#1702=VECTOR('',#8623,1.);
#1703=VECTOR('',#8626,1.);
#1704=VECTOR('',#8629,1.);
#1705=VECTOR('',#8646,1.);
#1706=VECTOR('',#8649,1.);
#1707=VECTOR('',#8652,1.);
#1708=VECTOR('',#8655,1.);
#1709=VECTOR('',#8658,1.);
#1710=VECTOR('',#8689,1.);
#1711=VECTOR('',#8690,1.);
#1712=VECTOR('',#8691,1.);
#1713=VECTOR('',#8692,1.);
#1714=VECTOR('',#8695,1.);
#1715=VECTOR('',#8696,1.);
#1716=VECTOR('',#8697,1.);
#1717=VECTOR('',#8698,1.);
#1718=VECTOR('',#8701,1.);
#1719=VECTOR('',#8708,1.);
#1720=VECTOR('',#8709,1.);
#1721=VECTOR('',#8710,1.);
#1722=VECTOR('',#8711,1.);
#1723=VECTOR('',#8714,1.);
#1724=VECTOR('',#8715,1.);
#1725=VECTOR('',#8716,1.);
#1726=VECTOR('',#8717,1.);
#1727=VECTOR('',#8720,1.);
#1728=ORIENTED_EDGE('',*,*,#3708,.F.);
#1729=ORIENTED_EDGE('',*,*,#3709,.F.);
#1730=ORIENTED_EDGE('',*,*,#3710,.F.);
#1731=ORIENTED_EDGE('',*,*,#3711,.F.);
#1732=ORIENTED_EDGE('',*,*,#3712,.T.);
#1733=ORIENTED_EDGE('',*,*,#3713,.T.);
#1734=ORIENTED_EDGE('',*,*,#3714,.T.);
#1735=ORIENTED_EDGE('',*,*,#3715,.T.);
#1736=ORIENTED_EDGE('',*,*,#3716,.T.);
#1737=ORIENTED_EDGE('',*,*,#3717,.F.);
#1738=ORIENTED_EDGE('',*,*,#3718,.F.);
#1739=ORIENTED_EDGE('',*,*,#3719,.F.);
#1740=ORIENTED_EDGE('',*,*,#3720,.F.);
#1741=ORIENTED_EDGE('',*,*,#3721,.T.);
#1742=ORIENTED_EDGE('',*,*,#3722,.F.);
#1743=ORIENTED_EDGE('',*,*,#3723,.F.);
#1744=ORIENTED_EDGE('',*,*,#3724,.F.);
#1745=ORIENTED_EDGE('',*,*,#3725,.T.);
#1746=ORIENTED_EDGE('',*,*,#3726,.T.);
#1747=ORIENTED_EDGE('',*,*,#3727,.T.);
#1748=ORIENTED_EDGE('',*,*,#3728,.T.);
#1749=ORIENTED_EDGE('',*,*,#3729,.F.);
#1750=ORIENTED_EDGE('',*,*,#3730,.T.);
#1751=ORIENTED_EDGE('',*,*,#3731,.T.);
#1752=ORIENTED_EDGE('',*,*,#3710,.T.);
#1753=ORIENTED_EDGE('',*,*,#3732,.T.);
#1754=ORIENTED_EDGE('',*,*,#3733,.F.);
#1755=ORIENTED_EDGE('',*,*,#3734,.T.);
#1756=ORIENTED_EDGE('',*,*,#3735,.F.);
#1757=ORIENTED_EDGE('',*,*,#3736,.T.);
#1758=ORIENTED_EDGE('',*,*,#3737,.T.);
#1759=ORIENTED_EDGE('',*,*,#3738,.T.);
#1760=ORIENTED_EDGE('',*,*,#3713,.F.);
#1761=ORIENTED_EDGE('',*,*,#3739,.F.);
#1762=ORIENTED_EDGE('',*,*,#3740,.F.);
#1763=ORIENTED_EDGE('',*,*,#3741,.F.);
#1764=ORIENTED_EDGE('',*,*,#3742,.F.);
#1765=ORIENTED_EDGE('',*,*,#3732,.F.);
#1766=ORIENTED_EDGE('',*,*,#3709,.T.);
#1767=ORIENTED_EDGE('',*,*,#3743,.T.);
#1768=ORIENTED_EDGE('',*,*,#3744,.T.);
#1769=ORIENTED_EDGE('',*,*,#3745,.T.);
#1770=ORIENTED_EDGE('',*,*,#3746,.T.);
#1771=ORIENTED_EDGE('',*,*,#3747,.T.);
#1772=ORIENTED_EDGE('',*,*,#3748,.T.);
#1773=ORIENTED_EDGE('',*,*,#3749,.F.);
#1774=ORIENTED_EDGE('',*,*,#3750,.T.);
#1775=ORIENTED_EDGE('',*,*,#3719,.T.);
#1776=ORIENTED_EDGE('',*,*,#3751,.F.);
#1777=ORIENTED_EDGE('',*,*,#3745,.F.);
#1778=ORIENTED_EDGE('',*,*,#3726,.F.);
#1779=ORIENTED_EDGE('',*,*,#3752,.T.);
#1780=ORIENTED_EDGE('',*,*,#3729,.T.);
#1781=ORIENTED_EDGE('',*,*,#3742,.T.);
#1782=ORIENTED_EDGE('',*,*,#3753,.F.);
#1783=ORIENTED_EDGE('',*,*,#3754,.T.);
#1784=ORIENTED_EDGE('',*,*,#3755,.T.);
#1785=ORIENTED_EDGE('',*,*,#3756,.F.);
#1786=ORIENTED_EDGE('',*,*,#3757,.F.);
#1787=ORIENTED_EDGE('',*,*,#3737,.F.);
#1788=ORIENTED_EDGE('',*,*,#3758,.T.);
#1789=ORIENTED_EDGE('',*,*,#3717,.T.);
#1790=ORIENTED_EDGE('',*,*,#3759,.F.);
#1791=ORIENTED_EDGE('',*,*,#3760,.T.);
#1792=ORIENTED_EDGE('',*,*,#3761,.F.);
#1793=ORIENTED_EDGE('',*,*,#3728,.F.);
#1794=ORIENTED_EDGE('',*,*,#3762,.T.);
#1795=ORIENTED_EDGE('',*,*,#3740,.T.);
#1796=ORIENTED_EDGE('',*,*,#3763,.F.);
#1797=ORIENTED_EDGE('',*,*,#3761,.T.);
#1798=ORIENTED_EDGE('',*,*,#3764,.T.);
#1799=ORIENTED_EDGE('',*,*,#3715,.F.);
#1800=ORIENTED_EDGE('',*,*,#3765,.F.);
#1801=ORIENTED_EDGE('',*,*,#3763,.T.);
#1802=ORIENTED_EDGE('',*,*,#3739,.T.);
#1803=ORIENTED_EDGE('',*,*,#3712,.F.);
#1804=ORIENTED_EDGE('',*,*,#3766,.F.);
#1805=ORIENTED_EDGE('',*,*,#3714,.F.);
#1806=ORIENTED_EDGE('',*,*,#3738,.F.);
#1807=ORIENTED_EDGE('',*,*,#3757,.T.);
#1808=ORIENTED_EDGE('',*,*,#3741,.T.);
#1809=ORIENTED_EDGE('',*,*,#3762,.F.);
#1810=ORIENTED_EDGE('',*,*,#3727,.F.);
#1811=ORIENTED_EDGE('',*,*,#3753,.T.);
#1812=ORIENTED_EDGE('',*,*,#3767,.F.);
#1813=ORIENTED_EDGE('',*,*,#3746,.F.);
#1814=ORIENTED_EDGE('',*,*,#3751,.T.);
#1815=ORIENTED_EDGE('',*,*,#3718,.T.);
#1816=ORIENTED_EDGE('',*,*,#3758,.F.);
#1817=ORIENTED_EDGE('',*,*,#3736,.F.);
#1818=ORIENTED_EDGE('',*,*,#3768,.F.);
#1819=ORIENTED_EDGE('',*,*,#3769,.T.);
#1820=ORIENTED_EDGE('',*,*,#3770,.F.);
#1821=ORIENTED_EDGE('',*,*,#3771,.T.);
#1822=ORIENTED_EDGE('',*,*,#3720,.T.);
#1823=ORIENTED_EDGE('',*,*,#3750,.F.);
#1824=ORIENTED_EDGE('',*,*,#3772,.T.);
#1825=ORIENTED_EDGE('',*,*,#3773,.T.);
#1826=ORIENTED_EDGE('',*,*,#3721,.F.);
#1827=ORIENTED_EDGE('',*,*,#3771,.F.);
#1828=ORIENTED_EDGE('',*,*,#3774,.T.);
#1829=ORIENTED_EDGE('',*,*,#3775,.T.);
#1830=ORIENTED_EDGE('',*,*,#3776,.T.);
#1831=ORIENTED_EDGE('',*,*,#3777,.T.);
#1832=ORIENTED_EDGE('',*,*,#3778,.T.);
#1833=ORIENTED_EDGE('',*,*,#3779,.T.);
#1834=ORIENTED_EDGE('',*,*,#3773,.F.);
#1835=ORIENTED_EDGE('',*,*,#3780,.T.);
#1836=ORIENTED_EDGE('',*,*,#3781,.T.);
#1837=ORIENTED_EDGE('',*,*,#3782,.T.);
#1838=ORIENTED_EDGE('',*,*,#3783,.F.);
#1839=ORIENTED_EDGE('',*,*,#3784,.T.);
#1840=ORIENTED_EDGE('',*,*,#3785,.F.);
#1841=ORIENTED_EDGE('',*,*,#3722,.T.);
#1842=ORIENTED_EDGE('',*,*,#3786,.F.);
#1843=ORIENTED_EDGE('',*,*,#3787,.T.);
#1844=ORIENTED_EDGE('',*,*,#3788,.T.);
#1845=ORIENTED_EDGE('',*,*,#3783,.T.);
#1846=ORIENTED_EDGE('',*,*,#3789,.F.);
#1847=ORIENTED_EDGE('',*,*,#3790,.T.);
#1848=ORIENTED_EDGE('',*,*,#3791,.F.);
#1849=ORIENTED_EDGE('',*,*,#3792,.F.);
#1850=ORIENTED_EDGE('',*,*,#3787,.F.);
#1851=ORIENTED_EDGE('',*,*,#3793,.T.);
#1852=ORIENTED_EDGE('',*,*,#3794,.T.);
#1853=ORIENTED_EDGE('',*,*,#3795,.F.);
#1854=ORIENTED_EDGE('',*,*,#3796,.T.);
#1855=ORIENTED_EDGE('',*,*,#3797,.T.);
#1856=ORIENTED_EDGE('',*,*,#3798,.F.);
#1857=ORIENTED_EDGE('',*,*,#3799,.F.);
#1858=ORIENTED_EDGE('',*,*,#3800,.F.);
#1859=ORIENTED_EDGE('',*,*,#3801,.F.);
#1860=ORIENTED_EDGE('',*,*,#3802,.T.);
#1861=ORIENTED_EDGE('',*,*,#3803,.T.);
#1862=ORIENTED_EDGE('',*,*,#3804,.F.);
#1863=ORIENTED_EDGE('',*,*,#3784,.F.);
#1864=ORIENTED_EDGE('',*,*,#3788,.F.);
#1865=ORIENTED_EDGE('',*,*,#3795,.T.);
#1866=ORIENTED_EDGE('',*,*,#3805,.T.);
#1867=ORIENTED_EDGE('',*,*,#3806,.T.);
#1868=ORIENTED_EDGE('',*,*,#3807,.F.);
#1869=ORIENTED_EDGE('',*,*,#3808,.T.);
#1870=ORIENTED_EDGE('',*,*,#3809,.T.);
#1871=ORIENTED_EDGE('',*,*,#3810,.F.);
#1872=ORIENTED_EDGE('',*,*,#3811,.F.);
#1873=ORIENTED_EDGE('',*,*,#3812,.F.);
#1874=ORIENTED_EDGE('',*,*,#3813,.F.);
#1875=ORIENTED_EDGE('',*,*,#3814,.F.);
#1876=ORIENTED_EDGE('',*,*,#3815,.T.);
#1877=ORIENTED_EDGE('',*,*,#3816,.F.);
#1878=ORIENTED_EDGE('',*,*,#3817,.F.);
#1879=ORIENTED_EDGE('',*,*,#3810,.T.);
#1880=ORIENTED_EDGE('',*,*,#3818,.T.);
#1881=ORIENTED_EDGE('',*,*,#3819,.T.);
#1882=ORIENTED_EDGE('',*,*,#3820,.T.);
#1883=ORIENTED_EDGE('',*,*,#3821,.T.);
#1884=ORIENTED_EDGE('',*,*,#3792,.T.);
#1885=ORIENTED_EDGE('',*,*,#3822,.F.);
#1886=ORIENTED_EDGE('',*,*,#3823,.F.);
#1887=ORIENTED_EDGE('',*,*,#3824,.F.);
#1888=ORIENTED_EDGE('',*,*,#3825,.F.);
#1889=ORIENTED_EDGE('',*,*,#3826,.T.);
#1890=ORIENTED_EDGE('',*,*,#3827,.T.);
#1891=ORIENTED_EDGE('',*,*,#3828,.T.);
#1892=ORIENTED_EDGE('',*,*,#3829,.T.);
#1893=ORIENTED_EDGE('',*,*,#3814,.T.);
#1894=ORIENTED_EDGE('',*,*,#3830,.T.);
#1895=ORIENTED_EDGE('',*,*,#3805,.F.);
#1896=ORIENTED_EDGE('',*,*,#3794,.F.);
#1897=ORIENTED_EDGE('',*,*,#3809,.F.);
#1898=ORIENTED_EDGE('',*,*,#3831,.T.);
#1899=ORIENTED_EDGE('',*,*,#3801,.T.);
#1900=ORIENTED_EDGE('',*,*,#3832,.T.);
#1901=ORIENTED_EDGE('',*,*,#3818,.F.);
#1902=ORIENTED_EDGE('',*,*,#3833,.T.);
#1903=ORIENTED_EDGE('',*,*,#3834,.T.);
#1904=ORIENTED_EDGE('',*,*,#3835,.T.);
#1905=ORIENTED_EDGE('',*,*,#3796,.F.);
#1906=ORIENTED_EDGE('',*,*,#3836,.F.);
#1907=ORIENTED_EDGE('',*,*,#3823,.T.);
#1908=ORIENTED_EDGE('',*,*,#3837,.T.);
#1909=ORIENTED_EDGE('',*,*,#3838,.T.);
#1910=ORIENTED_EDGE('',*,*,#3839,.T.);
#1911=ORIENTED_EDGE('',*,*,#3840,.T.);
#1912=ORIENTED_EDGE('',*,*,#3841,.T.);
#1913=ORIENTED_EDGE('',*,*,#3820,.F.);
#1914=ORIENTED_EDGE('',*,*,#3842,.F.);
#1915=ORIENTED_EDGE('',*,*,#3799,.T.);
#1916=ORIENTED_EDGE('',*,*,#3791,.T.);
#1917=ORIENTED_EDGE('',*,*,#3843,.T.);
#1918=ORIENTED_EDGE('',*,*,#3837,.F.);
#1919=ORIENTED_EDGE('',*,*,#3822,.T.);
#1920=ORIENTED_EDGE('',*,*,#3798,.T.);
#1921=ORIENTED_EDGE('',*,*,#3844,.T.);
#1922=ORIENTED_EDGE('',*,*,#3838,.F.);
#1923=ORIENTED_EDGE('',*,*,#3841,.F.);
#1924=ORIENTED_EDGE('',*,*,#3845,.T.);
#1925=ORIENTED_EDGE('',*,*,#3789,.T.);
#1926=ORIENTED_EDGE('',*,*,#3821,.F.);
#1927=ORIENTED_EDGE('',*,*,#3817,.T.);
#1928=ORIENTED_EDGE('',*,*,#3846,.T.);
#1929=ORIENTED_EDGE('',*,*,#3811,.T.);
#1930=ORIENTED_EDGE('',*,*,#3847,.F.);
#1931=ORIENTED_EDGE('',*,*,#3848,.F.);
#1932=ORIENTED_EDGE('',*,*,#3849,.F.);
#1933=ORIENTED_EDGE('',*,*,#3824,.T.);
#1934=ORIENTED_EDGE('',*,*,#3836,.T.);
#1935=ORIENTED_EDGE('',*,*,#3806,.F.);
#1936=ORIENTED_EDGE('',*,*,#3830,.F.);
#1937=ORIENTED_EDGE('',*,*,#3813,.T.);
#1938=ORIENTED_EDGE('',*,*,#3819,.F.);
#1939=ORIENTED_EDGE('',*,*,#3832,.F.);
#1940=ORIENTED_EDGE('',*,*,#3800,.T.);
#1941=ORIENTED_EDGE('',*,*,#3842,.T.);
#1942=ORIENTED_EDGE('',*,*,#3744,.F.);
#1943=ORIENTED_EDGE('',*,*,#3850,.F.);
#1944=ORIENTED_EDGE('',*,*,#3730,.F.);
#1945=ORIENTED_EDGE('',*,*,#3752,.F.);
#1946=ORIENTED_EDGE('',*,*,#3725,.F.);
#1947=ORIENTED_EDGE('',*,*,#3851,.T.);
#1948=ORIENTED_EDGE('',*,*,#3748,.F.);
#1949=ORIENTED_EDGE('',*,*,#3747,.F.);
#1950=ORIENTED_EDGE('',*,*,#3852,.T.);
#1951=ORIENTED_EDGE('',*,*,#3853,.T.);
#1952=ORIENTED_EDGE('',*,*,#3854,.T.);
#1953=ORIENTED_EDGE('',*,*,#3855,.T.);
#1954=ORIENTED_EDGE('',*,*,#3856,.T.);
#1955=ORIENTED_EDGE('',*,*,#3857,.T.);
#1956=ORIENTED_EDGE('',*,*,#3858,.T.);
#1957=ORIENTED_EDGE('',*,*,#3859,.T.);
#1958=ORIENTED_EDGE('',*,*,#3860,.T.);
#1959=ORIENTED_EDGE('',*,*,#3861,.T.);
#1960=ORIENTED_EDGE('',*,*,#3862,.T.);
#1961=ORIENTED_EDGE('',*,*,#3863,.T.);
#1962=ORIENTED_EDGE('',*,*,#3864,.T.);
#1963=ORIENTED_EDGE('',*,*,#3865,.T.);
#1964=ORIENTED_EDGE('',*,*,#3866,.T.);
#1965=ORIENTED_EDGE('',*,*,#3867,.T.);
#1966=ORIENTED_EDGE('',*,*,#3868,.T.);
#1967=ORIENTED_EDGE('',*,*,#3869,.T.);
#1968=ORIENTED_EDGE('',*,*,#3870,.T.);
#1969=ORIENTED_EDGE('',*,*,#3871,.T.);
#1970=ORIENTED_EDGE('',*,*,#3872,.T.);
#1971=ORIENTED_EDGE('',*,*,#3873,.T.);
#1972=ORIENTED_EDGE('',*,*,#3874,.T.);
#1973=ORIENTED_EDGE('',*,*,#3875,.T.);
#1974=ORIENTED_EDGE('',*,*,#3755,.F.);
#1975=ORIENTED_EDGE('',*,*,#3754,.F.);
#1976=ORIENTED_EDGE('',*,*,#3716,.F.);
#1977=ORIENTED_EDGE('',*,*,#3764,.F.);
#1978=ORIENTED_EDGE('',*,*,#3760,.F.);
#1979=ORIENTED_EDGE('',*,*,#3876,.T.);
#1980=ORIENTED_EDGE('',*,*,#3877,.F.);
#1981=ORIENTED_EDGE('',*,*,#3878,.T.);
#1982=ORIENTED_EDGE('',*,*,#3879,.F.);
#1983=ORIENTED_EDGE('',*,*,#3880,.T.);
#1984=ORIENTED_EDGE('',*,*,#3881,.F.);
#1985=ORIENTED_EDGE('',*,*,#3882,.T.);
#1986=ORIENTED_EDGE('',*,*,#3883,.F.);
#1987=ORIENTED_EDGE('',*,*,#3884,.T.);
#1988=ORIENTED_EDGE('',*,*,#3885,.F.);
#1989=ORIENTED_EDGE('',*,*,#3886,.T.);
#1990=ORIENTED_EDGE('',*,*,#3887,.F.);
#1991=ORIENTED_EDGE('',*,*,#3888,.T.);
#1992=ORIENTED_EDGE('',*,*,#3889,.F.);
#1993=ORIENTED_EDGE('',*,*,#3890,.F.);
#1994=ORIENTED_EDGE('',*,*,#3891,.T.);
#1995=ORIENTED_EDGE('',*,*,#3892,.F.);
#1996=ORIENTED_EDGE('',*,*,#3893,.T.);
#1997=ORIENTED_EDGE('',*,*,#3894,.F.);
#1998=ORIENTED_EDGE('',*,*,#3895,.T.);
#1999=ORIENTED_EDGE('',*,*,#3896,.F.);
#2000=ORIENTED_EDGE('',*,*,#3897,.T.);
#2001=ORIENTED_EDGE('',*,*,#3898,.F.);
#2002=ORIENTED_EDGE('',*,*,#3899,.T.);
#2003=ORIENTED_EDGE('',*,*,#3900,.F.);
#2004=ORIENTED_EDGE('',*,*,#3901,.T.);
#2005=ORIENTED_EDGE('',*,*,#3815,.F.);
#2006=ORIENTED_EDGE('',*,*,#3829,.F.);
#2007=ORIENTED_EDGE('',*,*,#3828,.F.);
#2008=ORIENTED_EDGE('',*,*,#3902,.F.);
#2009=ORIENTED_EDGE('',*,*,#3802,.F.);
#2010=ORIENTED_EDGE('',*,*,#3831,.F.);
#2011=ORIENTED_EDGE('',*,*,#3808,.F.);
#2012=ORIENTED_EDGE('',*,*,#3903,.T.);
#2013=ORIENTED_EDGE('',*,*,#3904,.F.);
#2014=ORIENTED_EDGE('',*,*,#3905,.T.);
#2015=ORIENTED_EDGE('',*,*,#3906,.F.);
#2016=ORIENTED_EDGE('',*,*,#3907,.T.);
#2017=ORIENTED_EDGE('',*,*,#3908,.F.);
#2018=ORIENTED_EDGE('',*,*,#3909,.T.);
#2019=ORIENTED_EDGE('',*,*,#3910,.F.);
#2020=ORIENTED_EDGE('',*,*,#3911,.T.);
#2021=ORIENTED_EDGE('',*,*,#3912,.F.);
#2022=ORIENTED_EDGE('',*,*,#3913,.T.);
#2023=ORIENTED_EDGE('',*,*,#3914,.F.);
#2024=ORIENTED_EDGE('',*,*,#3915,.T.);
#2025=ORIENTED_EDGE('',*,*,#3916,.F.);
#2026=ORIENTED_EDGE('',*,*,#3917,.T.);
#2027=ORIENTED_EDGE('',*,*,#3918,.F.);
#2028=ORIENTED_EDGE('',*,*,#3919,.T.);
#2029=ORIENTED_EDGE('',*,*,#3920,.F.);
#2030=ORIENTED_EDGE('',*,*,#3921,.T.);
#2031=ORIENTED_EDGE('',*,*,#3922,.F.);
#2032=ORIENTED_EDGE('',*,*,#3923,.T.);
#2033=ORIENTED_EDGE('',*,*,#3924,.F.);
#2034=ORIENTED_EDGE('',*,*,#3925,.T.);
#2035=ORIENTED_EDGE('',*,*,#3926,.F.);
#2036=ORIENTED_EDGE('',*,*,#3927,.T.);
#2037=ORIENTED_EDGE('',*,*,#3834,.F.);
#2038=ORIENTED_EDGE('',*,*,#3928,.F.);
#2039=ORIENTED_EDGE('',*,*,#3839,.F.);
#2040=ORIENTED_EDGE('',*,*,#3844,.F.);
#2041=ORIENTED_EDGE('',*,*,#3797,.F.);
#2042=ORIENTED_EDGE('',*,*,#3835,.F.);
#2043=ORIENTED_EDGE('',*,*,#3929,.T.);
#2044=ORIENTED_EDGE('',*,*,#3930,.T.);
#2045=ORIENTED_EDGE('',*,*,#3931,.T.);
#2046=ORIENTED_EDGE('',*,*,#3932,.T.);
#2047=ORIENTED_EDGE('',*,*,#3933,.T.);
#2048=ORIENTED_EDGE('',*,*,#3934,.T.);
#2049=ORIENTED_EDGE('',*,*,#3935,.T.);
#2050=ORIENTED_EDGE('',*,*,#3936,.T.);
#2051=ORIENTED_EDGE('',*,*,#3937,.T.);
#2052=ORIENTED_EDGE('',*,*,#3938,.T.);
#2053=ORIENTED_EDGE('',*,*,#3939,.T.);
#2054=ORIENTED_EDGE('',*,*,#3940,.T.);
#2055=ORIENTED_EDGE('',*,*,#3941,.T.);
#2056=ORIENTED_EDGE('',*,*,#3942,.T.);
#2057=ORIENTED_EDGE('',*,*,#3943,.T.);
#2058=ORIENTED_EDGE('',*,*,#3944,.T.);
#2059=ORIENTED_EDGE('',*,*,#3945,.T.);
#2060=ORIENTED_EDGE('',*,*,#3946,.T.);
#2061=ORIENTED_EDGE('',*,*,#3947,.T.);
#2062=ORIENTED_EDGE('',*,*,#3948,.T.);
#2063=ORIENTED_EDGE('',*,*,#3949,.T.);
#2064=ORIENTED_EDGE('',*,*,#3950,.T.);
#2065=ORIENTED_EDGE('',*,*,#3951,.T.);
#2066=ORIENTED_EDGE('',*,*,#3952,.T.);
#2067=ORIENTED_EDGE('',*,*,#3953,.T.);
#2068=ORIENTED_EDGE('',*,*,#3954,.F.);
#2069=ORIENTED_EDGE('',*,*,#3955,.F.);
#2070=ORIENTED_EDGE('',*,*,#3956,.F.);
#2071=ORIENTED_EDGE('',*,*,#3957,.F.);
#2072=ORIENTED_EDGE('',*,*,#3958,.F.);
#2073=ORIENTED_EDGE('',*,*,#3959,.F.);
#2074=ORIENTED_EDGE('',*,*,#3960,.F.);
#2075=ORIENTED_EDGE('',*,*,#3961,.F.);
#2076=ORIENTED_EDGE('',*,*,#3962,.F.);
#2077=ORIENTED_EDGE('',*,*,#3963,.F.);
#2078=ORIENTED_EDGE('',*,*,#3964,.T.);
#2079=ORIENTED_EDGE('',*,*,#3851,.F.);
#2080=ORIENTED_EDGE('',*,*,#3724,.T.);
#2081=ORIENTED_EDGE('',*,*,#3965,.F.);
#2082=ORIENTED_EDGE('',*,*,#3966,.F.);
#2083=ORIENTED_EDGE('',*,*,#3967,.F.);
#2084=ORIENTED_EDGE('',*,*,#3780,.F.);
#2085=ORIENTED_EDGE('',*,*,#3772,.F.);
#2086=ORIENTED_EDGE('',*,*,#3770,.T.);
#2087=ORIENTED_EDGE('',*,*,#3749,.T.);
#2088=ORIENTED_EDGE('',*,*,#3731,.F.);
#2089=ORIENTED_EDGE('',*,*,#3850,.T.);
#2090=ORIENTED_EDGE('',*,*,#3743,.F.);
#2091=ORIENTED_EDGE('',*,*,#3708,.T.);
#2092=ORIENTED_EDGE('',*,*,#3968,.F.);
#2093=ORIENTED_EDGE('',*,*,#3964,.F.);
#2094=ORIENTED_EDGE('',*,*,#3968,.T.);
#2095=ORIENTED_EDGE('',*,*,#3969,.F.);
#2096=ORIENTED_EDGE('',*,*,#3954,.T.);
#2097=ORIENTED_EDGE('',*,*,#3970,.T.);
#2098=ORIENTED_EDGE('',*,*,#3971,.F.);
#2099=ORIENTED_EDGE('',*,*,#3958,.T.);
#2100=ORIENTED_EDGE('',*,*,#3972,.F.);
#2101=ORIENTED_EDGE('',*,*,#3973,.F.);
#2102=ORIENTED_EDGE('',*,*,#3974,.T.);
#2103=ORIENTED_EDGE('',*,*,#3975,.F.);
#2104=ORIENTED_EDGE('',*,*,#3976,.F.);
#2105=ORIENTED_EDGE('',*,*,#3977,.T.);
#2106=ORIENTED_EDGE('',*,*,#3978,.F.);
#2107=ORIENTED_EDGE('',*,*,#3979,.F.);
#2108=ORIENTED_EDGE('',*,*,#3980,.F.);
#2109=ORIENTED_EDGE('',*,*,#3981,.F.);
#2110=ORIENTED_EDGE('',*,*,#3982,.F.);
#2111=ORIENTED_EDGE('',*,*,#3983,.T.);
#2112=ORIENTED_EDGE('',*,*,#3984,.T.);
#2113=ORIENTED_EDGE('',*,*,#3985,.T.);
#2114=ORIENTED_EDGE('',*,*,#3986,.T.);
#2115=ORIENTED_EDGE('',*,*,#3987,.T.);
#2116=ORIENTED_EDGE('',*,*,#3988,.T.);
#2117=ORIENTED_EDGE('',*,*,#3989,.T.);
#2118=ORIENTED_EDGE('',*,*,#3990,.T.);
#2119=ORIENTED_EDGE('',*,*,#3991,.T.);
#2120=ORIENTED_EDGE('',*,*,#3992,.T.);
#2121=ORIENTED_EDGE('',*,*,#3993,.F.);
#2122=ORIENTED_EDGE('',*,*,#3889,.T.);
#2123=ORIENTED_EDGE('',*,*,#3994,.T.);
#2124=ORIENTED_EDGE('',*,*,#3766,.T.);
#2125=ORIENTED_EDGE('',*,*,#3756,.T.);
#2126=ORIENTED_EDGE('',*,*,#3876,.F.);
#2127=ORIENTED_EDGE('',*,*,#3759,.T.);
#2128=ORIENTED_EDGE('',*,*,#3765,.T.);
#2129=ORIENTED_EDGE('',*,*,#3711,.T.);
#2130=ORIENTED_EDGE('',*,*,#3993,.T.);
#2131=ORIENTED_EDGE('',*,*,#3994,.F.);
#2132=ORIENTED_EDGE('',*,*,#3995,.F.);
#2133=ORIENTED_EDGE('',*,*,#3996,.F.);
#2134=ORIENTED_EDGE('',*,*,#3997,.F.);
#2135=ORIENTED_EDGE('',*,*,#3998,.F.);
#2136=ORIENTED_EDGE('',*,*,#3999,.F.);
#2137=ORIENTED_EDGE('',*,*,#4000,.F.);
#2138=ORIENTED_EDGE('',*,*,#3984,.F.);
#2139=ORIENTED_EDGE('',*,*,#4001,.T.);
#2140=ORIENTED_EDGE('',*,*,#4002,.T.);
#2141=ORIENTED_EDGE('',*,*,#4003,.F.);
#2142=ORIENTED_EDGE('',*,*,#3985,.F.);
#2143=ORIENTED_EDGE('',*,*,#4003,.T.);
#2144=ORIENTED_EDGE('',*,*,#4004,.T.);
#2145=ORIENTED_EDGE('',*,*,#4005,.F.);
#2146=ORIENTED_EDGE('',*,*,#3986,.F.);
#2147=ORIENTED_EDGE('',*,*,#4005,.T.);
#2148=ORIENTED_EDGE('',*,*,#4006,.T.);
#2149=ORIENTED_EDGE('',*,*,#4007,.F.);
#2150=ORIENTED_EDGE('',*,*,#3983,.F.);
#2151=ORIENTED_EDGE('',*,*,#4007,.T.);
#2152=ORIENTED_EDGE('',*,*,#4008,.T.);
#2153=ORIENTED_EDGE('',*,*,#4001,.F.);
#2154=ORIENTED_EDGE('',*,*,#3992,.F.);
#2155=ORIENTED_EDGE('',*,*,#4009,.T.);
#2156=ORIENTED_EDGE('',*,*,#4010,.T.);
#2157=ORIENTED_EDGE('',*,*,#4011,.T.);
#2158=ORIENTED_EDGE('',*,*,#4012,.T.);
#2159=ORIENTED_EDGE('',*,*,#4013,.F.);
#2160=ORIENTED_EDGE('',*,*,#4014,.F.);
#2161=ORIENTED_EDGE('',*,*,#3989,.F.);
#2162=ORIENTED_EDGE('',*,*,#4015,.T.);
#2163=ORIENTED_EDGE('',*,*,#4016,.T.);
#2164=ORIENTED_EDGE('',*,*,#4017,.T.);
#2165=ORIENTED_EDGE('',*,*,#4018,.T.);
#2166=ORIENTED_EDGE('',*,*,#4019,.F.);
#2167=ORIENTED_EDGE('',*,*,#4020,.F.);
#2168=ORIENTED_EDGE('',*,*,#3988,.F.);
#2169=ORIENTED_EDGE('',*,*,#4021,.T.);
#2170=ORIENTED_EDGE('',*,*,#4015,.F.);
#2171=ORIENTED_EDGE('',*,*,#3990,.F.);
#2172=ORIENTED_EDGE('',*,*,#4020,.T.);
#2173=ORIENTED_EDGE('',*,*,#4022,.T.);
#2174=ORIENTED_EDGE('',*,*,#4023,.F.);
#2175=ORIENTED_EDGE('',*,*,#4024,.T.);
#2176=ORIENTED_EDGE('',*,*,#3976,.T.);
#2177=ORIENTED_EDGE('',*,*,#4025,.T.);
#2178=ORIENTED_EDGE('',*,*,#4026,.F.);
#2179=ORIENTED_EDGE('',*,*,#4027,.T.);
#2180=ORIENTED_EDGE('',*,*,#4028,.T.);
#2181=ORIENTED_EDGE('',*,*,#4029,.F.);
#2182=ORIENTED_EDGE('',*,*,#4030,.F.);
#2183=ORIENTED_EDGE('',*,*,#4031,.T.);
#2184=ORIENTED_EDGE('',*,*,#3973,.T.);
#2185=ORIENTED_EDGE('',*,*,#4032,.T.);
#2186=ORIENTED_EDGE('',*,*,#4033,.F.);
#2187=ORIENTED_EDGE('',*,*,#4034,.T.);
#2188=ORIENTED_EDGE('',*,*,#4035,.T.);
#2189=ORIENTED_EDGE('',*,*,#4036,.F.);
#2190=ORIENTED_EDGE('',*,*,#4037,.F.);
#2191=ORIENTED_EDGE('',*,*,#4026,.T.);
#2192=ORIENTED_EDGE('',*,*,#4038,.T.);
#2193=ORIENTED_EDGE('',*,*,#4039,.F.);
#2194=ORIENTED_EDGE('',*,*,#4033,.T.);
#2195=ORIENTED_EDGE('',*,*,#4040,.T.);
#2196=ORIENTED_EDGE('',*,*,#4036,.T.);
#2197=ORIENTED_EDGE('',*,*,#4041,.F.);
#2198=ORIENTED_EDGE('',*,*,#4038,.F.);
#2199=ORIENTED_EDGE('',*,*,#4025,.F.);
#2200=ORIENTED_EDGE('',*,*,#3978,.T.);
#2201=ORIENTED_EDGE('',*,*,#4042,.T.);
#2202=ORIENTED_EDGE('',*,*,#4040,.F.);
#2203=ORIENTED_EDGE('',*,*,#4032,.F.);
#2204=ORIENTED_EDGE('',*,*,#3975,.T.);
#2205=ORIENTED_EDGE('',*,*,#4043,.T.);
#2206=ORIENTED_EDGE('',*,*,#4029,.T.);
#2207=ORIENTED_EDGE('',*,*,#4044,.F.);
#2208=ORIENTED_EDGE('',*,*,#4045,.F.);
#2209=ORIENTED_EDGE('',*,*,#4041,.T.);
#2210=ORIENTED_EDGE('',*,*,#4035,.F.);
#2211=ORIENTED_EDGE('',*,*,#4046,.F.);
#2212=ORIENTED_EDGE('',*,*,#4044,.T.);
#2213=ORIENTED_EDGE('',*,*,#4028,.F.);
#2214=ORIENTED_EDGE('',*,*,#4043,.F.);
#2215=ORIENTED_EDGE('',*,*,#4047,.T.);
#2216=ORIENTED_EDGE('',*,*,#4023,.T.);
#2217=ORIENTED_EDGE('',*,*,#4042,.F.);
#2218=ORIENTED_EDGE('',*,*,#4048,.T.);
#2219=ORIENTED_EDGE('',*,*,#4030,.T.);
#2220=ORIENTED_EDGE('',*,*,#4049,.T.);
#2221=ORIENTED_EDGE('',*,*,#4050,.T.);
#2222=ORIENTED_EDGE('',*,*,#4051,.F.);
#2223=ORIENTED_EDGE('',*,*,#4052,.T.);
#2224=ORIENTED_EDGE('',*,*,#4053,.T.);
#2225=ORIENTED_EDGE('',*,*,#4054,.T.);
#2226=ORIENTED_EDGE('',*,*,#4055,.T.);
#2227=ORIENTED_EDGE('',*,*,#4056,.T.);
#2228=ORIENTED_EDGE('',*,*,#4057,.T.);
#2229=ORIENTED_EDGE('',*,*,#4058,.T.);
#2230=ORIENTED_EDGE('',*,*,#4059,.T.);
#2231=ORIENTED_EDGE('',*,*,#4060,.T.);
#2232=ORIENTED_EDGE('',*,*,#4061,.F.);
#2233=ORIENTED_EDGE('',*,*,#4027,.F.);
#2234=ORIENTED_EDGE('',*,*,#4037,.T.);
#2235=ORIENTED_EDGE('',*,*,#4045,.T.);
#2236=ORIENTED_EDGE('',*,*,#4034,.F.);
#2237=ORIENTED_EDGE('',*,*,#4039,.T.);
#2238=ORIENTED_EDGE('',*,*,#4046,.T.);
#2239=ORIENTED_EDGE('',*,*,#4062,.T.);
#2240=ORIENTED_EDGE('',*,*,#4063,.F.);
#2241=ORIENTED_EDGE('',*,*,#4062,.F.);
#2242=ORIENTED_EDGE('',*,*,#4061,.T.);
#2243=ORIENTED_EDGE('',*,*,#4063,.T.);
#2244=ORIENTED_EDGE('',*,*,#4064,.T.);
#2245=ORIENTED_EDGE('',*,*,#4065,.T.);
#2246=ORIENTED_EDGE('',*,*,#4049,.F.);
#2247=ORIENTED_EDGE('',*,*,#4066,.T.);
#2248=ORIENTED_EDGE('',*,*,#4054,.F.);
#2249=ORIENTED_EDGE('',*,*,#4067,.T.);
#2250=ORIENTED_EDGE('',*,*,#4068,.F.);
#2251=ORIENTED_EDGE('',*,*,#4069,.F.);
#2252=ORIENTED_EDGE('',*,*,#4070,.F.);
#2253=ORIENTED_EDGE('',*,*,#4071,.T.);
#2254=ORIENTED_EDGE('',*,*,#4072,.F.);
#2255=ORIENTED_EDGE('',*,*,#4073,.F.);
#2256=ORIENTED_EDGE('',*,*,#4056,.F.);
#2257=ORIENTED_EDGE('',*,*,#4074,.T.);
#2258=ORIENTED_EDGE('',*,*,#4075,.F.);
#2259=ORIENTED_EDGE('',*,*,#4076,.F.);
#2260=ORIENTED_EDGE('',*,*,#4058,.F.);
#2261=ORIENTED_EDGE('',*,*,#4077,.T.);
#2262=ORIENTED_EDGE('',*,*,#4078,.F.);
#2263=ORIENTED_EDGE('',*,*,#4079,.F.);
#2264=ORIENTED_EDGE('',*,*,#4017,.F.);
#2265=ORIENTED_EDGE('',*,*,#4080,.F.);
#2266=ORIENTED_EDGE('',*,*,#4012,.F.);
#2267=ORIENTED_EDGE('',*,*,#4081,.F.);
#2268=ORIENTED_EDGE('',*,*,#4060,.F.);
#2269=ORIENTED_EDGE('',*,*,#4082,.T.);
#2270=ORIENTED_EDGE('',*,*,#4083,.F.);
#2271=ORIENTED_EDGE('',*,*,#4084,.F.);
#2272=ORIENTED_EDGE('',*,*,#4055,.F.);
#2273=ORIENTED_EDGE('',*,*,#4073,.T.);
#2274=ORIENTED_EDGE('',*,*,#4085,.F.);
#2275=ORIENTED_EDGE('',*,*,#4074,.F.);
#2276=ORIENTED_EDGE('',*,*,#4053,.F.);
#2277=ORIENTED_EDGE('',*,*,#4076,.T.);
#2278=ORIENTED_EDGE('',*,*,#4086,.F.);
#2279=ORIENTED_EDGE('',*,*,#4071,.F.);
#2280=ORIENTED_EDGE('',*,*,#4087,.F.);
#2281=ORIENTED_EDGE('',*,*,#4088,.T.);
#2282=ORIENTED_EDGE('',*,*,#4089,.F.);
#2283=ORIENTED_EDGE('',*,*,#4067,.F.);
#2284=ORIENTED_EDGE('',*,*,#4085,.T.);
#2285=ORIENTED_EDGE('',*,*,#4072,.T.);
#2286=ORIENTED_EDGE('',*,*,#4086,.T.);
#2287=ORIENTED_EDGE('',*,*,#4075,.T.);
#2288=ORIENTED_EDGE('',*,*,#4090,.F.);
#2289=ORIENTED_EDGE('',*,*,#4091,.F.);
#2290=ORIENTED_EDGE('',*,*,#4092,.F.);
#2291=ORIENTED_EDGE('',*,*,#4093,.F.);
#2292=ORIENTED_EDGE('',*,*,#4094,.T.);
#2293=ORIENTED_EDGE('',*,*,#4095,.F.);
#2294=ORIENTED_EDGE('',*,*,#4096,.F.);
#2295=ORIENTED_EDGE('',*,*,#4097,.T.);
#2296=ORIENTED_EDGE('',*,*,#4098,.T.);
#2297=ORIENTED_EDGE('',*,*,#4099,.F.);
#2298=ORIENTED_EDGE('',*,*,#4100,.T.);
#2299=ORIENTED_EDGE('',*,*,#4101,.T.);
#2300=ORIENTED_EDGE('',*,*,#4102,.F.);
#2301=ORIENTED_EDGE('',*,*,#4103,.T.);
#2302=ORIENTED_EDGE('',*,*,#4094,.F.);
#2303=ORIENTED_EDGE('',*,*,#4102,.T.);
#2304=ORIENTED_EDGE('',*,*,#4095,.T.);
#2305=ORIENTED_EDGE('',*,*,#4103,.F.);
#2306=ORIENTED_EDGE('',*,*,#4097,.F.);
#2307=ORIENTED_EDGE('',*,*,#4104,.T.);
#2308=ORIENTED_EDGE('',*,*,#4105,.F.);
#2309=ORIENTED_EDGE('',*,*,#4100,.F.);
#2310=ORIENTED_EDGE('',*,*,#4106,.T.);
#2311=ORIENTED_EDGE('',*,*,#4107,.F.);
#2312=ORIENTED_EDGE('',*,*,#3775,.F.);
#2313=ORIENTED_EDGE('',*,*,#4108,.T.);
#2314=ORIENTED_EDGE('',*,*,#4109,.T.);
#2315=ORIENTED_EDGE('',*,*,#3778,.F.);
#2316=ORIENTED_EDGE('',*,*,#4110,.T.);
#2317=ORIENTED_EDGE('',*,*,#4111,.T.);
#2318=ORIENTED_EDGE('',*,*,#4106,.F.);
#2319=ORIENTED_EDGE('',*,*,#4099,.T.);
#2320=ORIENTED_EDGE('',*,*,#4112,.T.);
#2321=ORIENTED_EDGE('',*,*,#4113,.F.);
#2322=ORIENTED_EDGE('',*,*,#4110,.F.);
#2323=ORIENTED_EDGE('',*,*,#3777,.F.);
#2324=ORIENTED_EDGE('',*,*,#4114,.T.);
#2325=ORIENTED_EDGE('',*,*,#4115,.T.);
#2326=ORIENTED_EDGE('',*,*,#4116,.F.);
#2327=ORIENTED_EDGE('',*,*,#4117,.F.);
#2328=ORIENTED_EDGE('',*,*,#4111,.F.);
#2329=ORIENTED_EDGE('',*,*,#4113,.T.);
#2330=ORIENTED_EDGE('',*,*,#4118,.T.);
#2331=ORIENTED_EDGE('',*,*,#4105,.T.);
#2332=ORIENTED_EDGE('',*,*,#4104,.F.);
#2333=ORIENTED_EDGE('',*,*,#4096,.T.);
#2334=ORIENTED_EDGE('',*,*,#4119,.T.);
#2335=ORIENTED_EDGE('',*,*,#4120,.F.);
#2336=ORIENTED_EDGE('',*,*,#4108,.F.);
#2337=ORIENTED_EDGE('',*,*,#3774,.F.);
#2338=ORIENTED_EDGE('',*,*,#4121,.T.);
#2339=ORIENTED_EDGE('',*,*,#4116,.T.);
#2340=ORIENTED_EDGE('',*,*,#4122,.T.);
#2341=ORIENTED_EDGE('',*,*,#4107,.T.);
#2342=ORIENTED_EDGE('',*,*,#4115,.F.);
#2343=ORIENTED_EDGE('',*,*,#4123,.F.);
#2344=ORIENTED_EDGE('',*,*,#4109,.F.);
#2345=ORIENTED_EDGE('',*,*,#4120,.T.);
#2346=ORIENTED_EDGE('',*,*,#4098,.F.);
#2347=ORIENTED_EDGE('',*,*,#4118,.F.);
#2348=ORIENTED_EDGE('',*,*,#4112,.F.);
#2349=ORIENTED_EDGE('',*,*,#4101,.F.);
#2350=ORIENTED_EDGE('',*,*,#4122,.F.);
#2351=ORIENTED_EDGE('',*,*,#4119,.F.);
#2352=ORIENTED_EDGE('',*,*,#3776,.F.);
#2353=ORIENTED_EDGE('',*,*,#4123,.T.);
#2354=ORIENTED_EDGE('',*,*,#4114,.F.);
#2355=ORIENTED_EDGE('',*,*,#3779,.F.);
#2356=ORIENTED_EDGE('',*,*,#4117,.T.);
#2357=ORIENTED_EDGE('',*,*,#4121,.F.);
#2358=ORIENTED_EDGE('',*,*,#3803,.F.);
#2359=ORIENTED_EDGE('',*,*,#3902,.T.);
#2360=ORIENTED_EDGE('',*,*,#3827,.F.);
#2361=ORIENTED_EDGE('',*,*,#3793,.F.);
#2362=ORIENTED_EDGE('',*,*,#3786,.T.);
#2363=ORIENTED_EDGE('',*,*,#3782,.F.);
#2364=ORIENTED_EDGE('',*,*,#4124,.F.);
#2365=ORIENTED_EDGE('',*,*,#4125,.F.);
#2366=ORIENTED_EDGE('',*,*,#4126,.F.);
#2367=ORIENTED_EDGE('',*,*,#4127,.T.);
#2368=ORIENTED_EDGE('',*,*,#4128,.T.);
#2369=ORIENTED_EDGE('',*,*,#4129,.T.);
#2370=ORIENTED_EDGE('',*,*,#4130,.T.);
#2371=ORIENTED_EDGE('',*,*,#4131,.T.);
#2372=ORIENTED_EDGE('',*,*,#4132,.T.);
#2373=ORIENTED_EDGE('',*,*,#4133,.T.);
#2374=ORIENTED_EDGE('',*,*,#4134,.T.);
#2375=ORIENTED_EDGE('',*,*,#4135,.T.);
#2376=ORIENTED_EDGE('',*,*,#4136,.T.);
#2377=ORIENTED_EDGE('',*,*,#4137,.F.);
#2378=ORIENTED_EDGE('',*,*,#4138,.T.);
#2379=ORIENTED_EDGE('',*,*,#3903,.F.);
#2380=ORIENTED_EDGE('',*,*,#3807,.T.);
#2381=ORIENTED_EDGE('',*,*,#3846,.F.);
#2382=ORIENTED_EDGE('',*,*,#3816,.T.);
#2383=ORIENTED_EDGE('',*,*,#4137,.T.);
#2384=ORIENTED_EDGE('',*,*,#4138,.F.);
#2385=ORIENTED_EDGE('',*,*,#4139,.T.);
#2386=ORIENTED_EDGE('',*,*,#4140,.T.);
#2387=ORIENTED_EDGE('',*,*,#4141,.T.);
#2388=ORIENTED_EDGE('',*,*,#4142,.T.);
#2389=ORIENTED_EDGE('',*,*,#4143,.T.);
#2390=ORIENTED_EDGE('',*,*,#4144,.T.);
#2391=ORIENTED_EDGE('',*,*,#4128,.F.);
#2392=ORIENTED_EDGE('',*,*,#4145,.F.);
#2393=ORIENTED_EDGE('',*,*,#4146,.F.);
#2394=ORIENTED_EDGE('',*,*,#4147,.T.);
#2395=ORIENTED_EDGE('',*,*,#4127,.F.);
#2396=ORIENTED_EDGE('',*,*,#4148,.F.);
#2397=ORIENTED_EDGE('',*,*,#4149,.F.);
#2398=ORIENTED_EDGE('',*,*,#4145,.T.);
#2399=ORIENTED_EDGE('',*,*,#4130,.F.);
#2400=ORIENTED_EDGE('',*,*,#4150,.F.);
#2401=ORIENTED_EDGE('',*,*,#4151,.F.);
#2402=ORIENTED_EDGE('',*,*,#4148,.T.);
#2403=ORIENTED_EDGE('',*,*,#4129,.F.);
#2404=ORIENTED_EDGE('',*,*,#4147,.F.);
#2405=ORIENTED_EDGE('',*,*,#4152,.F.);
#2406=ORIENTED_EDGE('',*,*,#4150,.T.);
#2407=ORIENTED_EDGE('',*,*,#4134,.F.);
#2408=ORIENTED_EDGE('',*,*,#4153,.T.);
#2409=ORIENTED_EDGE('',*,*,#4154,.T.);
#2410=ORIENTED_EDGE('',*,*,#4155,.T.);
#2411=ORIENTED_EDGE('',*,*,#4156,.T.);
#2412=ORIENTED_EDGE('',*,*,#4157,.F.);
#2413=ORIENTED_EDGE('',*,*,#4158,.F.);
#2414=ORIENTED_EDGE('',*,*,#4131,.F.);
#2415=ORIENTED_EDGE('',*,*,#4159,.T.);
#2416=ORIENTED_EDGE('',*,*,#4160,.T.);
#2417=ORIENTED_EDGE('',*,*,#4161,.T.);
#2418=ORIENTED_EDGE('',*,*,#4162,.T.);
#2419=ORIENTED_EDGE('',*,*,#4163,.F.);
#2420=ORIENTED_EDGE('',*,*,#4164,.F.);
#2421=ORIENTED_EDGE('',*,*,#4132,.F.);
#2422=ORIENTED_EDGE('',*,*,#4164,.T.);
#2423=ORIENTED_EDGE('',*,*,#4165,.F.);
#2424=ORIENTED_EDGE('',*,*,#4136,.F.);
#2425=ORIENTED_EDGE('',*,*,#4166,.F.);
#2426=ORIENTED_EDGE('',*,*,#4159,.F.);
#2427=ORIENTED_EDGE('',*,*,#4057,.F.);
#2428=ORIENTED_EDGE('',*,*,#4084,.T.);
#2429=ORIENTED_EDGE('',*,*,#4167,.F.);
#2430=ORIENTED_EDGE('',*,*,#4077,.F.);
#2431=ORIENTED_EDGE('',*,*,#4059,.F.);
#2432=ORIENTED_EDGE('',*,*,#4081,.T.);
#2433=ORIENTED_EDGE('',*,*,#4011,.F.);
#2434=ORIENTED_EDGE('',*,*,#4168,.F.);
#2435=ORIENTED_EDGE('',*,*,#4018,.F.);
#2436=ORIENTED_EDGE('',*,*,#4079,.T.);
#2437=ORIENTED_EDGE('',*,*,#4169,.F.);
#2438=ORIENTED_EDGE('',*,*,#4082,.F.);
#2439=ORIENTED_EDGE('',*,*,#4170,.F.);
#2440=ORIENTED_EDGE('',*,*,#4171,.F.);
#2441=ORIENTED_EDGE('',*,*,#4172,.F.);
#2442=ORIENTED_EDGE('',*,*,#4173,.F.);
#2443=ORIENTED_EDGE('',*,*,#4174,.F.);
#2444=ORIENTED_EDGE('',*,*,#4175,.F.);
#2445=ORIENTED_EDGE('',*,*,#4176,.F.);
#2446=ORIENTED_EDGE('',*,*,#4177,.F.);
#2447=ORIENTED_EDGE('',*,*,#4178,.F.);
#2448=ORIENTED_EDGE('',*,*,#4179,.T.);
#2449=ORIENTED_EDGE('',*,*,#4180,.T.);
#2450=ORIENTED_EDGE('',*,*,#4181,.T.);
#2451=ORIENTED_EDGE('',*,*,#4182,.F.);
#2452=ORIENTED_EDGE('',*,*,#4183,.F.);
#2453=ORIENTED_EDGE('',*,*,#4184,.T.);
#2454=ORIENTED_EDGE('',*,*,#4185,.F.);
#2455=ORIENTED_EDGE('',*,*,#4186,.F.);
#2456=ORIENTED_EDGE('',*,*,#4187,.T.);
#2457=ORIENTED_EDGE('',*,*,#4188,.F.);
#2458=ORIENTED_EDGE('',*,*,#4189,.T.);
#2459=ORIENTED_EDGE('',*,*,#4190,.F.);
#2460=ORIENTED_EDGE('',*,*,#4189,.F.);
#2461=ORIENTED_EDGE('',*,*,#4182,.T.);
#2462=ORIENTED_EDGE('',*,*,#4190,.T.);
#2463=ORIENTED_EDGE('',*,*,#4180,.F.);
#2464=ORIENTED_EDGE('',*,*,#4191,.T.);
#2465=ORIENTED_EDGE('',*,*,#4192,.T.);
#2466=ORIENTED_EDGE('',*,*,#4193,.T.);
#2467=ORIENTED_EDGE('',*,*,#4187,.F.);
#2468=ORIENTED_EDGE('',*,*,#4194,.T.);
#2469=ORIENTED_EDGE('',*,*,#4195,.F.);
#2470=ORIENTED_EDGE('',*,*,#4196,.F.);
#2471=ORIENTED_EDGE('',*,*,#4139,.F.);
#2472=ORIENTED_EDGE('',*,*,#4197,.T.);
#2473=ORIENTED_EDGE('',*,*,#4198,.T.);
#2474=ORIENTED_EDGE('',*,*,#4199,.F.);
#2475=ORIENTED_EDGE('',*,*,#4184,.F.);
#2476=ORIENTED_EDGE('',*,*,#4200,.T.);
#2477=ORIENTED_EDGE('',*,*,#4201,.F.);
#2478=ORIENTED_EDGE('',*,*,#4202,.F.);
#2479=ORIENTED_EDGE('',*,*,#4142,.F.);
#2480=ORIENTED_EDGE('',*,*,#4203,.T.);
#2481=ORIENTED_EDGE('',*,*,#4204,.T.);
#2482=ORIENTED_EDGE('',*,*,#4205,.F.);
#2483=ORIENTED_EDGE('',*,*,#4200,.F.);
#2484=ORIENTED_EDGE('',*,*,#4183,.T.);
#2485=ORIENTED_EDGE('',*,*,#4206,.T.);
#2486=ORIENTED_EDGE('',*,*,#4194,.F.);
#2487=ORIENTED_EDGE('',*,*,#4186,.T.);
#2488=ORIENTED_EDGE('',*,*,#4207,.T.);
#2489=ORIENTED_EDGE('',*,*,#4140,.F.);
#2490=ORIENTED_EDGE('',*,*,#4196,.T.);
#2491=ORIENTED_EDGE('',*,*,#4208,.F.);
#2492=ORIENTED_EDGE('',*,*,#4143,.F.);
#2493=ORIENTED_EDGE('',*,*,#4202,.T.);
#2494=ORIENTED_EDGE('',*,*,#4209,.F.);
#2495=ORIENTED_EDGE('',*,*,#4210,.F.);
#2496=ORIENTED_EDGE('',*,*,#4204,.F.);
#2497=ORIENTED_EDGE('',*,*,#4211,.T.);
#2498=ORIENTED_EDGE('',*,*,#4208,.T.);
#2499=ORIENTED_EDGE('',*,*,#4195,.T.);
#2500=ORIENTED_EDGE('',*,*,#4207,.F.);
#2501=ORIENTED_EDGE('',*,*,#4201,.T.);
#2502=ORIENTED_EDGE('',*,*,#4206,.F.);
#2503=ORIENTED_EDGE('',*,*,#4212,.F.);
#2504=ORIENTED_EDGE('',*,*,#4198,.F.);
#2505=ORIENTED_EDGE('',*,*,#4213,.T.);
#2506=ORIENTED_EDGE('',*,*,#4209,.T.);
#2507=ORIENTED_EDGE('',*,*,#4212,.T.);
#2508=ORIENTED_EDGE('',*,*,#4188,.T.);
#2509=ORIENTED_EDGE('',*,*,#4199,.T.);
#2510=ORIENTED_EDGE('',*,*,#4210,.T.);
#2511=ORIENTED_EDGE('',*,*,#4185,.T.);
#2512=ORIENTED_EDGE('',*,*,#4205,.T.);
#2513=ORIENTED_EDGE('',*,*,#4141,.F.);
#2514=ORIENTED_EDGE('',*,*,#4211,.F.);
#2515=ORIENTED_EDGE('',*,*,#4203,.F.);
#2516=ORIENTED_EDGE('',*,*,#4144,.F.);
#2517=ORIENTED_EDGE('',*,*,#4213,.F.);
#2518=ORIENTED_EDGE('',*,*,#4197,.F.);
#2519=ORIENTED_EDGE('',*,*,#4152,.T.);
#2520=ORIENTED_EDGE('',*,*,#4146,.T.);
#2521=ORIENTED_EDGE('',*,*,#4149,.T.);
#2522=ORIENTED_EDGE('',*,*,#4151,.T.);
#2523=ORIENTED_EDGE('',*,*,#4214,.F.);
#2524=ORIENTED_EDGE('',*,*,#4215,.F.);
#2525=ORIENTED_EDGE('',*,*,#4216,.F.);
#2526=ORIENTED_EDGE('',*,*,#4217,.F.);
#2527=ORIENTED_EDGE('',*,*,#4218,.F.);
#2528=ORIENTED_EDGE('',*,*,#4219,.F.);
#2529=ORIENTED_EDGE('',*,*,#4002,.F.);
#2530=ORIENTED_EDGE('',*,*,#4008,.F.);
#2531=ORIENTED_EDGE('',*,*,#4006,.F.);
#2532=ORIENTED_EDGE('',*,*,#4004,.F.);
#2533=ORIENTED_EDGE('',*,*,#4220,.T.);
#2534=ORIENTED_EDGE('',*,*,#3941,.F.);
#2535=ORIENTED_EDGE('',*,*,#3833,.F.);
#2536=ORIENTED_EDGE('',*,*,#3843,.F.);
#2537=ORIENTED_EDGE('',*,*,#3790,.F.);
#2538=ORIENTED_EDGE('',*,*,#3845,.F.);
#2539=ORIENTED_EDGE('',*,*,#3840,.F.);
#2540=ORIENTED_EDGE('',*,*,#3928,.T.);
#2541=ORIENTED_EDGE('',*,*,#4221,.F.);
#2542=ORIENTED_EDGE('',*,*,#4220,.F.);
#2543=ORIENTED_EDGE('',*,*,#4221,.T.);
#2544=ORIENTED_EDGE('',*,*,#4222,.F.);
#2545=ORIENTED_EDGE('',*,*,#3995,.T.);
#2546=ORIENTED_EDGE('',*,*,#4223,.T.);
#2547=ORIENTED_EDGE('',*,*,#4224,.F.);
#2548=ORIENTED_EDGE('',*,*,#3998,.T.);
#2549=ORIENTED_EDGE('',*,*,#4225,.T.);
#2550=ORIENTED_EDGE('',*,*,#4226,.F.);
#2551=ORIENTED_EDGE('',*,*,#4227,.T.);
#2552=ORIENTED_EDGE('',*,*,#4228,.F.);
#2553=ORIENTED_EDGE('',*,*,#4229,.F.);
#2554=ORIENTED_EDGE('',*,*,#4230,.T.);
#2555=ORIENTED_EDGE('',*,*,#4231,.F.);
#2556=ORIENTED_EDGE('',*,*,#4232,.F.);
#2557=ORIENTED_EDGE('',*,*,#3996,.T.);
#2558=ORIENTED_EDGE('',*,*,#4222,.T.);
#2559=ORIENTED_EDGE('',*,*,#4233,.T.);
#2560=ORIENTED_EDGE('',*,*,#4234,.F.);
#2561=ORIENTED_EDGE('',*,*,#4235,.F.);
#2562=ORIENTED_EDGE('',*,*,#4226,.T.);
#2563=ORIENTED_EDGE('',*,*,#4236,.F.);
#2564=ORIENTED_EDGE('',*,*,#4237,.F.);
#2565=ORIENTED_EDGE('',*,*,#4225,.F.);
#2566=ORIENTED_EDGE('',*,*,#4238,.F.);
#2567=ORIENTED_EDGE('',*,*,#4236,.T.);
#2568=ORIENTED_EDGE('',*,*,#4228,.T.);
#2569=ORIENTED_EDGE('',*,*,#4239,.T.);
#2570=ORIENTED_EDGE('',*,*,#4240,.F.);
#2571=ORIENTED_EDGE('',*,*,#3999,.T.);
#2572=ORIENTED_EDGE('',*,*,#4224,.T.);
#2573=ORIENTED_EDGE('',*,*,#4237,.T.);
#2574=ORIENTED_EDGE('',*,*,#4241,.F.);
#2575=ORIENTED_EDGE('',*,*,#4242,.F.);
#2576=ORIENTED_EDGE('',*,*,#4229,.T.);
#2577=ORIENTED_EDGE('',*,*,#4243,.F.);
#2578=ORIENTED_EDGE('',*,*,#4231,.T.);
#2579=ORIENTED_EDGE('',*,*,#4244,.T.);
#2580=ORIENTED_EDGE('',*,*,#4233,.F.);
#2581=ORIENTED_EDGE('',*,*,#4223,.F.);
#2582=ORIENTED_EDGE('',*,*,#4245,.F.);
#2583=ORIENTED_EDGE('',*,*,#4243,.T.);
#2584=ORIENTED_EDGE('',*,*,#4239,.F.);
#2585=ORIENTED_EDGE('',*,*,#4246,.T.);
#2586=ORIENTED_EDGE('',*,*,#4241,.T.);
#2587=ORIENTED_EDGE('',*,*,#4244,.F.);
#2588=ORIENTED_EDGE('',*,*,#4247,.T.);
#2589=ORIENTED_EDGE('',*,*,#4234,.T.);
#2590=ORIENTED_EDGE('',*,*,#4245,.T.);
#2591=ORIENTED_EDGE('',*,*,#4000,.T.);
#2592=ORIENTED_EDGE('',*,*,#4240,.T.);
#2593=ORIENTED_EDGE('',*,*,#4238,.T.);
#2594=ORIENTED_EDGE('',*,*,#3997,.T.);
#2595=ORIENTED_EDGE('',*,*,#4232,.T.);
#2596=ORIENTED_EDGE('',*,*,#4169,.T.);
#2597=ORIENTED_EDGE('',*,*,#4078,.T.);
#2598=ORIENTED_EDGE('',*,*,#4167,.T.);
#2599=ORIENTED_EDGE('',*,*,#4083,.T.);
#2600=ORIENTED_EDGE('',*,*,#4248,.T.);
#2601=ORIENTED_EDGE('',*,*,#4249,.T.);
#2602=ORIENTED_EDGE('',*,*,#4250,.T.);
#2603=ORIENTED_EDGE('',*,*,#4251,.T.);
#2604=ORIENTED_EDGE('',*,*,#4252,.F.);
#2605=ORIENTED_EDGE('',*,*,#4253,.T.);
#2606=ORIENTED_EDGE('',*,*,#4227,.F.);
#2607=ORIENTED_EDGE('',*,*,#4235,.T.);
#2608=ORIENTED_EDGE('',*,*,#4247,.F.);
#2609=ORIENTED_EDGE('',*,*,#4230,.F.);
#2610=ORIENTED_EDGE('',*,*,#4242,.T.);
#2611=ORIENTED_EDGE('',*,*,#4246,.F.);
#2612=ORIENTED_EDGE('',*,*,#4254,.F.);
#2613=ORIENTED_EDGE('',*,*,#4255,.T.);
#2614=ORIENTED_EDGE('',*,*,#4253,.F.);
#2615=ORIENTED_EDGE('',*,*,#4254,.T.);
#2616=ORIENTED_EDGE('',*,*,#4252,.T.);
#2617=ORIENTED_EDGE('',*,*,#4255,.F.);
#2618=ORIENTED_EDGE('',*,*,#4256,.F.);
#2619=ORIENTED_EDGE('',*,*,#4214,.T.);
#2620=ORIENTED_EDGE('',*,*,#4257,.T.);
#2621=ORIENTED_EDGE('',*,*,#4258,.T.);
#2622=ORIENTED_EDGE('',*,*,#4216,.T.);
#2623=ORIENTED_EDGE('',*,*,#4259,.T.);
#2624=ORIENTED_EDGE('',*,*,#4260,.T.);
#2625=ORIENTED_EDGE('',*,*,#4261,.T.);
#2626=ORIENTED_EDGE('',*,*,#4262,.F.);
#2627=ORIENTED_EDGE('',*,*,#4263,.F.);
#2628=ORIENTED_EDGE('',*,*,#4258,.F.);
#2629=ORIENTED_EDGE('',*,*,#4264,.T.);
#2630=ORIENTED_EDGE('',*,*,#4265,.T.);
#2631=ORIENTED_EDGE('',*,*,#4266,.F.);
#2632=ORIENTED_EDGE('',*,*,#4267,.F.);
#2633=ORIENTED_EDGE('',*,*,#4218,.T.);
#2634=ORIENTED_EDGE('',*,*,#4268,.T.);
#2635=ORIENTED_EDGE('',*,*,#4262,.T.);
#2636=ORIENTED_EDGE('',*,*,#4266,.T.);
#2637=ORIENTED_EDGE('',*,*,#4269,.T.);
#2638=ORIENTED_EDGE('',*,*,#4270,.F.);
#2639=ORIENTED_EDGE('',*,*,#4257,.F.);
#2640=ORIENTED_EDGE('',*,*,#4271,.F.);
#2641=ORIENTED_EDGE('',*,*,#4270,.T.);
#2642=ORIENTED_EDGE('',*,*,#4272,.T.);
#2643=ORIENTED_EDGE('',*,*,#4273,.T.);
#2644=ORIENTED_EDGE('',*,*,#4260,.F.);
#2645=ORIENTED_EDGE('',*,*,#4259,.F.);
#2646=ORIENTED_EDGE('',*,*,#4215,.T.);
#2647=ORIENTED_EDGE('',*,*,#4256,.T.);
#2648=ORIENTED_EDGE('',*,*,#4271,.T.);
#2649=ORIENTED_EDGE('',*,*,#4219,.T.);
#2650=ORIENTED_EDGE('',*,*,#4267,.T.);
#2651=ORIENTED_EDGE('',*,*,#4268,.F.);
#2652=ORIENTED_EDGE('',*,*,#4217,.T.);
#2653=ORIENTED_EDGE('',*,*,#4263,.T.);
#2654=ORIENTED_EDGE('',*,*,#4264,.F.);
#2655=ORIENTED_EDGE('',*,*,#4261,.F.);
#2656=ORIENTED_EDGE('',*,*,#4273,.F.);
#2657=ORIENTED_EDGE('',*,*,#4274,.T.);
#2658=ORIENTED_EDGE('',*,*,#4177,.T.);
#2659=ORIENTED_EDGE('',*,*,#4275,.F.);
#2660=ORIENTED_EDGE('',*,*,#4250,.F.);
#2661=ORIENTED_EDGE('',*,*,#4276,.T.);
#2662=ORIENTED_EDGE('',*,*,#4277,.T.);
#2663=ORIENTED_EDGE('',*,*,#4174,.T.);
#2664=ORIENTED_EDGE('',*,*,#4274,.F.);
#2665=ORIENTED_EDGE('',*,*,#4272,.F.);
#2666=ORIENTED_EDGE('',*,*,#4269,.F.);
#2667=ORIENTED_EDGE('',*,*,#4265,.F.);
#2668=ORIENTED_EDGE('',*,*,#4276,.F.);
#2669=ORIENTED_EDGE('',*,*,#4249,.F.);
#2670=ORIENTED_EDGE('',*,*,#4278,.T.);
#2671=ORIENTED_EDGE('',*,*,#4175,.T.);
#2672=ORIENTED_EDGE('',*,*,#4277,.F.);
#2673=ORIENTED_EDGE('',*,*,#4248,.F.);
#2674=ORIENTED_EDGE('',*,*,#4275,.T.);
#2675=ORIENTED_EDGE('',*,*,#4176,.T.);
#2676=ORIENTED_EDGE('',*,*,#4278,.F.);
#2677=ORIENTED_EDGE('',*,*,#4251,.F.);
#2678=ORIENTED_EDGE('',*,*,#4010,.F.);
#2679=ORIENTED_EDGE('',*,*,#4279,.F.);
#2680=ORIENTED_EDGE('',*,*,#4022,.F.);
#2681=ORIENTED_EDGE('',*,*,#4019,.T.);
#2682=ORIENTED_EDGE('',*,*,#4168,.T.);
#2683=ORIENTED_EDGE('',*,*,#4013,.T.);
#2684=ORIENTED_EDGE('',*,*,#4080,.T.);
#2685=ORIENTED_EDGE('',*,*,#4016,.F.);
#2686=ORIENTED_EDGE('',*,*,#4021,.F.);
#2687=ORIENTED_EDGE('',*,*,#4280,.F.);
#2688=ORIENTED_EDGE('',*,*,#3987,.F.);
#2689=ORIENTED_EDGE('',*,*,#4014,.T.);
#2690=ORIENTED_EDGE('',*,*,#4280,.T.);
#2691=ORIENTED_EDGE('',*,*,#3991,.F.);
#2692=ORIENTED_EDGE('',*,*,#4279,.T.);
#2693=ORIENTED_EDGE('',*,*,#4009,.F.);
#2694=ORIENTED_EDGE('',*,*,#4281,.F.);
#2695=ORIENTED_EDGE('',*,*,#4093,.T.);
#2696=ORIENTED_EDGE('',*,*,#4282,.T.);
#2697=ORIENTED_EDGE('',*,*,#4155,.F.);
#2698=ORIENTED_EDGE('',*,*,#4283,.F.);
#2699=ORIENTED_EDGE('',*,*,#4162,.F.);
#2700=ORIENTED_EDGE('',*,*,#4284,.T.);
#2701=ORIENTED_EDGE('',*,*,#4170,.T.);
#2702=ORIENTED_EDGE('',*,*,#4285,.F.);
#2703=ORIENTED_EDGE('',*,*,#4091,.T.);
#2704=ORIENTED_EDGE('',*,*,#4286,.T.);
#2705=ORIENTED_EDGE('',*,*,#4172,.T.);
#2706=ORIENTED_EDGE('',*,*,#4286,.F.);
#2707=ORIENTED_EDGE('',*,*,#4090,.T.);
#2708=ORIENTED_EDGE('',*,*,#4281,.T.);
#2709=ORIENTED_EDGE('',*,*,#4173,.T.);
#2710=ORIENTED_EDGE('',*,*,#4282,.F.);
#2711=ORIENTED_EDGE('',*,*,#4092,.T.);
#2712=ORIENTED_EDGE('',*,*,#4285,.T.);
#2713=ORIENTED_EDGE('',*,*,#4171,.T.);
#2714=ORIENTED_EDGE('',*,*,#4284,.F.);
#2715=ORIENTED_EDGE('',*,*,#4161,.F.);
#2716=ORIENTED_EDGE('',*,*,#4287,.T.);
#2717=ORIENTED_EDGE('',*,*,#4156,.F.);
#2718=ORIENTED_EDGE('',*,*,#4157,.T.);
#2719=ORIENTED_EDGE('',*,*,#4287,.F.);
#2720=ORIENTED_EDGE('',*,*,#4160,.F.);
#2721=ORIENTED_EDGE('',*,*,#4166,.T.);
#2722=ORIENTED_EDGE('',*,*,#4288,.T.);
#2723=ORIENTED_EDGE('',*,*,#4163,.T.);
#2724=ORIENTED_EDGE('',*,*,#4283,.T.);
#2725=ORIENTED_EDGE('',*,*,#4154,.F.);
#2726=ORIENTED_EDGE('',*,*,#4289,.T.);
#2727=ORIENTED_EDGE('',*,*,#4165,.T.);
#2728=ORIENTED_EDGE('',*,*,#4133,.F.);
#2729=ORIENTED_EDGE('',*,*,#4289,.F.);
#2730=ORIENTED_EDGE('',*,*,#4153,.F.);
#2731=ORIENTED_EDGE('',*,*,#4135,.F.);
#2732=ORIENTED_EDGE('',*,*,#4158,.T.);
#2733=ORIENTED_EDGE('',*,*,#4288,.F.);
#2734=ORIENTED_EDGE('',*,*,#3781,.F.);
#2735=ORIENTED_EDGE('',*,*,#3967,.T.);
#2736=ORIENTED_EDGE('',*,*,#4290,.T.);
#2737=ORIENTED_EDGE('',*,*,#4124,.T.);
#2738=ORIENTED_EDGE('',*,*,#4290,.F.);
#2739=ORIENTED_EDGE('',*,*,#3966,.T.);
#2740=ORIENTED_EDGE('',*,*,#4291,.T.);
#2741=ORIENTED_EDGE('',*,*,#4125,.T.);
#2742=ORIENTED_EDGE('',*,*,#3965,.T.);
#2743=ORIENTED_EDGE('',*,*,#3723,.T.);
#2744=ORIENTED_EDGE('',*,*,#3785,.T.);
#2745=ORIENTED_EDGE('',*,*,#3804,.T.);
#2746=ORIENTED_EDGE('',*,*,#4126,.T.);
#2747=ORIENTED_EDGE('',*,*,#4291,.F.);
#2748=ORIENTED_EDGE('',*,*,#3970,.F.);
#2749=ORIENTED_EDGE('',*,*,#3959,.T.);
#2750=ORIENTED_EDGE('',*,*,#3971,.T.);
#2751=ORIENTED_EDGE('',*,*,#4292,.T.);
#2752=ORIENTED_EDGE('',*,*,#4087,.T.);
#2753=ORIENTED_EDGE('',*,*,#4070,.T.);
#2754=ORIENTED_EDGE('',*,*,#4293,.F.);
#2755=ORIENTED_EDGE('',*,*,#4293,.T.);
#2756=ORIENTED_EDGE('',*,*,#4069,.T.);
#2757=ORIENTED_EDGE('',*,*,#4294,.F.);
#2758=ORIENTED_EDGE('',*,*,#4295,.T.);
#2759=ORIENTED_EDGE('',*,*,#3969,.T.);
#2760=ORIENTED_EDGE('',*,*,#4296,.F.);
#2761=ORIENTED_EDGE('',*,*,#3956,.T.);
#2762=ORIENTED_EDGE('',*,*,#4297,.T.);
#2763=ORIENTED_EDGE('',*,*,#4294,.T.);
#2764=ORIENTED_EDGE('',*,*,#4068,.T.);
#2765=ORIENTED_EDGE('',*,*,#4089,.T.);
#2766=ORIENTED_EDGE('',*,*,#4298,.F.);
#2767=ORIENTED_EDGE('',*,*,#4298,.T.);
#2768=ORIENTED_EDGE('',*,*,#4088,.F.);
#2769=ORIENTED_EDGE('',*,*,#4292,.F.);
#2770=ORIENTED_EDGE('',*,*,#3972,.T.);
#2771=ORIENTED_EDGE('',*,*,#4299,.T.);
#2772=ORIENTED_EDGE('',*,*,#4297,.F.);
#2773=ORIENTED_EDGE('',*,*,#3955,.T.);
#2774=ORIENTED_EDGE('',*,*,#4295,.F.);
#2775=ORIENTED_EDGE('',*,*,#4299,.F.);
#2776=ORIENTED_EDGE('',*,*,#3957,.T.);
#2777=ORIENTED_EDGE('',*,*,#4296,.T.);
#2778=ORIENTED_EDGE('',*,*,#3974,.F.);
#2779=ORIENTED_EDGE('',*,*,#4031,.F.);
#2780=ORIENTED_EDGE('',*,*,#4048,.F.);
#2781=ORIENTED_EDGE('',*,*,#3977,.F.);
#2782=ORIENTED_EDGE('',*,*,#4024,.F.);
#2783=ORIENTED_EDGE('',*,*,#4047,.F.);
#2784=ORIENTED_EDGE('',*,*,#4300,.T.);
#2785=ORIENTED_EDGE('',*,*,#3960,.T.);
#2786=ORIENTED_EDGE('',*,*,#4301,.F.);
#2787=ORIENTED_EDGE('',*,*,#3979,.T.);
#2788=ORIENTED_EDGE('',*,*,#4302,.T.);
#2789=ORIENTED_EDGE('',*,*,#3961,.T.);
#2790=ORIENTED_EDGE('',*,*,#4300,.F.);
#2791=ORIENTED_EDGE('',*,*,#3982,.T.);
#2792=ORIENTED_EDGE('',*,*,#4303,.T.);
#2793=ORIENTED_EDGE('',*,*,#3962,.T.);
#2794=ORIENTED_EDGE('',*,*,#4302,.F.);
#2795=ORIENTED_EDGE('',*,*,#3981,.T.);
#2796=ORIENTED_EDGE('',*,*,#4301,.T.);
#2797=ORIENTED_EDGE('',*,*,#3963,.T.);
#2798=ORIENTED_EDGE('',*,*,#4303,.F.);
#2799=ORIENTED_EDGE('',*,*,#3980,.T.);
#2800=ORIENTED_EDGE('',*,*,#3953,.F.);
#2801=ORIENTED_EDGE('',*,*,#4304,.F.);
#2802=ORIENTED_EDGE('',*,*,#4305,.F.);
#2803=ORIENTED_EDGE('',*,*,#4306,.T.);
#2804=ORIENTED_EDGE('',*,*,#4307,.T.);
#2805=ORIENTED_EDGE('',*,*,#4308,.T.);
#2806=ORIENTED_EDGE('',*,*,#3951,.F.);
#2807=ORIENTED_EDGE('',*,*,#4309,.F.);
#2808=ORIENTED_EDGE('',*,*,#4310,.F.);
#2809=ORIENTED_EDGE('',*,*,#4311,.T.);
#2810=ORIENTED_EDGE('',*,*,#4312,.T.);
#2811=ORIENTED_EDGE('',*,*,#4313,.T.);
#2812=ORIENTED_EDGE('',*,*,#3932,.F.);
#2813=ORIENTED_EDGE('',*,*,#4314,.F.);
#2814=ORIENTED_EDGE('',*,*,#4315,.F.);
#2815=ORIENTED_EDGE('',*,*,#4316,.T.);
#2816=ORIENTED_EDGE('',*,*,#4317,.T.);
#2817=ORIENTED_EDGE('',*,*,#4318,.T.);
#2818=ORIENTED_EDGE('',*,*,#3930,.F.);
#2819=ORIENTED_EDGE('',*,*,#4319,.F.);
#2820=ORIENTED_EDGE('',*,*,#4320,.F.);
#2821=ORIENTED_EDGE('',*,*,#4321,.T.);
#2822=ORIENTED_EDGE('',*,*,#4322,.T.);
#2823=ORIENTED_EDGE('',*,*,#4323,.T.);
#2824=ORIENTED_EDGE('',*,*,#3949,.F.);
#2825=ORIENTED_EDGE('',*,*,#4324,.F.);
#2826=ORIENTED_EDGE('',*,*,#4325,.F.);
#2827=ORIENTED_EDGE('',*,*,#4326,.T.);
#2828=ORIENTED_EDGE('',*,*,#4327,.T.);
#2829=ORIENTED_EDGE('',*,*,#4328,.T.);
#2830=ORIENTED_EDGE('',*,*,#3947,.F.);
#2831=ORIENTED_EDGE('',*,*,#4329,.F.);
#2832=ORIENTED_EDGE('',*,*,#4330,.F.);
#2833=ORIENTED_EDGE('',*,*,#4331,.T.);
#2834=ORIENTED_EDGE('',*,*,#4332,.T.);
#2835=ORIENTED_EDGE('',*,*,#4333,.T.);
#2836=ORIENTED_EDGE('',*,*,#3936,.F.);
#2837=ORIENTED_EDGE('',*,*,#4334,.F.);
#2838=ORIENTED_EDGE('',*,*,#4335,.F.);
#2839=ORIENTED_EDGE('',*,*,#4336,.T.);
#2840=ORIENTED_EDGE('',*,*,#4337,.T.);
#2841=ORIENTED_EDGE('',*,*,#4338,.T.);
#2842=ORIENTED_EDGE('',*,*,#3934,.F.);
#2843=ORIENTED_EDGE('',*,*,#4339,.F.);
#2844=ORIENTED_EDGE('',*,*,#4340,.F.);
#2845=ORIENTED_EDGE('',*,*,#4341,.T.);
#2846=ORIENTED_EDGE('',*,*,#4342,.T.);
#2847=ORIENTED_EDGE('',*,*,#4343,.T.);
#2848=ORIENTED_EDGE('',*,*,#3945,.F.);
#2849=ORIENTED_EDGE('',*,*,#4344,.F.);
#2850=ORIENTED_EDGE('',*,*,#4345,.F.);
#2851=ORIENTED_EDGE('',*,*,#4346,.T.);
#2852=ORIENTED_EDGE('',*,*,#4347,.T.);
#2853=ORIENTED_EDGE('',*,*,#4348,.T.);
#2854=ORIENTED_EDGE('',*,*,#3943,.F.);
#2855=ORIENTED_EDGE('',*,*,#4349,.F.);
#2856=ORIENTED_EDGE('',*,*,#4350,.F.);
#2857=ORIENTED_EDGE('',*,*,#4351,.T.);
#2858=ORIENTED_EDGE('',*,*,#4352,.T.);
#2859=ORIENTED_EDGE('',*,*,#4353,.T.);
#2860=ORIENTED_EDGE('',*,*,#3940,.F.);
#2861=ORIENTED_EDGE('',*,*,#4354,.F.);
#2862=ORIENTED_EDGE('',*,*,#4355,.F.);
#2863=ORIENTED_EDGE('',*,*,#4356,.T.);
#2864=ORIENTED_EDGE('',*,*,#4357,.T.);
#2865=ORIENTED_EDGE('',*,*,#4358,.T.);
#2866=ORIENTED_EDGE('',*,*,#3938,.F.);
#2867=ORIENTED_EDGE('',*,*,#4359,.F.);
#2868=ORIENTED_EDGE('',*,*,#4360,.F.);
#2869=ORIENTED_EDGE('',*,*,#4361,.T.);
#2870=ORIENTED_EDGE('',*,*,#4362,.T.);
#2871=ORIENTED_EDGE('',*,*,#4363,.T.);
#2872=ORIENTED_EDGE('',*,*,#4309,.T.);
#2873=ORIENTED_EDGE('',*,*,#3950,.F.);
#2874=ORIENTED_EDGE('',*,*,#4308,.F.);
#2875=ORIENTED_EDGE('',*,*,#4364,.T.);
#2876=ORIENTED_EDGE('',*,*,#3952,.F.);
#2877=ORIENTED_EDGE('',*,*,#4313,.F.);
#2878=ORIENTED_EDGE('',*,*,#4365,.T.);
#2879=ORIENTED_EDGE('',*,*,#4304,.T.);
#2880=ORIENTED_EDGE('',*,*,#4312,.F.);
#2881=ORIENTED_EDGE('',*,*,#4366,.F.);
#2882=ORIENTED_EDGE('',*,*,#4315,.T.);
#2883=ORIENTED_EDGE('',*,*,#4367,.F.);
#2884=ORIENTED_EDGE('',*,*,#4322,.F.);
#2885=ORIENTED_EDGE('',*,*,#4368,.F.);
#2886=ORIENTED_EDGE('',*,*,#4335,.T.);
#2887=ORIENTED_EDGE('',*,*,#4369,.F.);
#2888=ORIENTED_EDGE('',*,*,#4342,.F.);
#2889=ORIENTED_EDGE('',*,*,#4370,.F.);
#2890=ORIENTED_EDGE('',*,*,#4325,.T.);
#2891=ORIENTED_EDGE('',*,*,#4371,.F.);
#2892=ORIENTED_EDGE('',*,*,#4332,.F.);
#2893=ORIENTED_EDGE('',*,*,#4372,.F.);
#2894=ORIENTED_EDGE('',*,*,#4345,.T.);
#2895=ORIENTED_EDGE('',*,*,#4373,.F.);
#2896=ORIENTED_EDGE('',*,*,#4352,.F.);
#2897=ORIENTED_EDGE('',*,*,#4374,.F.);
#2898=ORIENTED_EDGE('',*,*,#4355,.T.);
#2899=ORIENTED_EDGE('',*,*,#4375,.F.);
#2900=ORIENTED_EDGE('',*,*,#4362,.F.);
#2901=ORIENTED_EDGE('',*,*,#4376,.F.);
#2902=ORIENTED_EDGE('',*,*,#4305,.T.);
#2903=ORIENTED_EDGE('',*,*,#4365,.F.);
#2904=ORIENTED_EDGE('',*,*,#4377,.T.);
#2905=ORIENTED_EDGE('',*,*,#4378,.T.);
#2906=ORIENTED_EDGE('',*,*,#4379,.T.);
#2907=ORIENTED_EDGE('',*,*,#4380,.T.);
#2908=ORIENTED_EDGE('',*,*,#4381,.T.);
#2909=ORIENTED_EDGE('',*,*,#4310,.T.);
#2910=ORIENTED_EDGE('',*,*,#4364,.F.);
#2911=ORIENTED_EDGE('',*,*,#4307,.F.);
#2912=ORIENTED_EDGE('',*,*,#4382,.T.);
#2913=ORIENTED_EDGE('',*,*,#4360,.T.);
#2914=ORIENTED_EDGE('',*,*,#4383,.F.);
#2915=ORIENTED_EDGE('',*,*,#4357,.F.);
#2916=ORIENTED_EDGE('',*,*,#4384,.T.);
#2917=ORIENTED_EDGE('',*,*,#4350,.T.);
#2918=ORIENTED_EDGE('',*,*,#4385,.F.);
#2919=ORIENTED_EDGE('',*,*,#4347,.F.);
#2920=ORIENTED_EDGE('',*,*,#4386,.T.);
#2921=ORIENTED_EDGE('',*,*,#4330,.T.);
#2922=ORIENTED_EDGE('',*,*,#4387,.F.);
#2923=ORIENTED_EDGE('',*,*,#4327,.F.);
#2924=ORIENTED_EDGE('',*,*,#4388,.T.);
#2925=ORIENTED_EDGE('',*,*,#4340,.T.);
#2926=ORIENTED_EDGE('',*,*,#4389,.F.);
#2927=ORIENTED_EDGE('',*,*,#4337,.F.);
#2928=ORIENTED_EDGE('',*,*,#4390,.T.);
#2929=ORIENTED_EDGE('',*,*,#4320,.T.);
#2930=ORIENTED_EDGE('',*,*,#4391,.F.);
#2931=ORIENTED_EDGE('',*,*,#4317,.F.);
#2932=ORIENTED_EDGE('',*,*,#4392,.F.);
#2933=ORIENTED_EDGE('',*,*,#4393,.F.);
#2934=ORIENTED_EDGE('',*,*,#4394,.F.);
#2935=ORIENTED_EDGE('',*,*,#4395,.F.);
#2936=ORIENTED_EDGE('',*,*,#4306,.F.);
#2937=ORIENTED_EDGE('',*,*,#4376,.T.);
#2938=ORIENTED_EDGE('',*,*,#4361,.F.);
#2939=ORIENTED_EDGE('',*,*,#4382,.F.);
#2940=ORIENTED_EDGE('',*,*,#4319,.T.);
#2941=ORIENTED_EDGE('',*,*,#3929,.F.);
#2942=ORIENTED_EDGE('',*,*,#4318,.F.);
#2943=ORIENTED_EDGE('',*,*,#4391,.T.);
#2944=ORIENTED_EDGE('',*,*,#3931,.F.);
#2945=ORIENTED_EDGE('',*,*,#4323,.F.);
#2946=ORIENTED_EDGE('',*,*,#4367,.T.);
#2947=ORIENTED_EDGE('',*,*,#4314,.T.);
#2948=ORIENTED_EDGE('',*,*,#4311,.F.);
#2949=ORIENTED_EDGE('',*,*,#4381,.F.);
#2950=ORIENTED_EDGE('',*,*,#4316,.F.);
#2951=ORIENTED_EDGE('',*,*,#4366,.T.);
#2952=ORIENTED_EDGE('',*,*,#4329,.T.);
#2953=ORIENTED_EDGE('',*,*,#3946,.F.);
#2954=ORIENTED_EDGE('',*,*,#4328,.F.);
#2955=ORIENTED_EDGE('',*,*,#4387,.T.);
#2956=ORIENTED_EDGE('',*,*,#3948,.F.);
#2957=ORIENTED_EDGE('',*,*,#4333,.F.);
#2958=ORIENTED_EDGE('',*,*,#4371,.T.);
#2959=ORIENTED_EDGE('',*,*,#4324,.T.);
#2960=ORIENTED_EDGE('',*,*,#4326,.F.);
#2961=ORIENTED_EDGE('',*,*,#4370,.T.);
#2962=ORIENTED_EDGE('',*,*,#4341,.F.);
#2963=ORIENTED_EDGE('',*,*,#4388,.F.);
#2964=ORIENTED_EDGE('',*,*,#4339,.T.);
#2965=ORIENTED_EDGE('',*,*,#3933,.F.);
#2966=ORIENTED_EDGE('',*,*,#4338,.F.);
#2967=ORIENTED_EDGE('',*,*,#4389,.T.);
#2968=ORIENTED_EDGE('',*,*,#3935,.F.);
#2969=ORIENTED_EDGE('',*,*,#4343,.F.);
#2970=ORIENTED_EDGE('',*,*,#4369,.T.);
#2971=ORIENTED_EDGE('',*,*,#4334,.T.);
#2972=ORIENTED_EDGE('',*,*,#4321,.F.);
#2973=ORIENTED_EDGE('',*,*,#4390,.F.);
#2974=ORIENTED_EDGE('',*,*,#4336,.F.);
#2975=ORIENTED_EDGE('',*,*,#4368,.T.);
#2976=ORIENTED_EDGE('',*,*,#4349,.T.);
#2977=ORIENTED_EDGE('',*,*,#3942,.F.);
#2978=ORIENTED_EDGE('',*,*,#4348,.F.);
#2979=ORIENTED_EDGE('',*,*,#4385,.T.);
#2980=ORIENTED_EDGE('',*,*,#3944,.F.);
#2981=ORIENTED_EDGE('',*,*,#4353,.F.);
#2982=ORIENTED_EDGE('',*,*,#4373,.T.);
#2983=ORIENTED_EDGE('',*,*,#4344,.T.);
#2984=ORIENTED_EDGE('',*,*,#4331,.F.);
#2985=ORIENTED_EDGE('',*,*,#4386,.F.);
#2986=ORIENTED_EDGE('',*,*,#4346,.F.);
#2987=ORIENTED_EDGE('',*,*,#4372,.T.);
#2988=ORIENTED_EDGE('',*,*,#4359,.T.);
#2989=ORIENTED_EDGE('',*,*,#3937,.F.);
#2990=ORIENTED_EDGE('',*,*,#4358,.F.);
#2991=ORIENTED_EDGE('',*,*,#4383,.T.);
#2992=ORIENTED_EDGE('',*,*,#3939,.F.);
#2993=ORIENTED_EDGE('',*,*,#4363,.F.);
#2994=ORIENTED_EDGE('',*,*,#4375,.T.);
#2995=ORIENTED_EDGE('',*,*,#4354,.T.);
#2996=ORIENTED_EDGE('',*,*,#4395,.T.);
#2997=ORIENTED_EDGE('',*,*,#4380,.F.);
#2998=ORIENTED_EDGE('',*,*,#4394,.T.);
#2999=ORIENTED_EDGE('',*,*,#4379,.F.);
#3000=ORIENTED_EDGE('',*,*,#4393,.T.);
#3001=ORIENTED_EDGE('',*,*,#4378,.F.);
#3002=ORIENTED_EDGE('',*,*,#4392,.T.);
#3003=ORIENTED_EDGE('',*,*,#4377,.F.);
#3004=ORIENTED_EDGE('',*,*,#4351,.F.);
#3005=ORIENTED_EDGE('',*,*,#4384,.F.);
#3006=ORIENTED_EDGE('',*,*,#4356,.F.);
#3007=ORIENTED_EDGE('',*,*,#4374,.T.);
#3008=ORIENTED_EDGE('',*,*,#3925,.F.);
#3009=ORIENTED_EDGE('',*,*,#4396,.F.);
#3010=ORIENTED_EDGE('',*,*,#4397,.F.);
#3011=ORIENTED_EDGE('',*,*,#4398,.F.);
#3012=ORIENTED_EDGE('',*,*,#4399,.T.);
#3013=ORIENTED_EDGE('',*,*,#4400,.T.);
#3014=ORIENTED_EDGE('',*,*,#3927,.F.);
#3015=ORIENTED_EDGE('',*,*,#4401,.F.);
#3016=ORIENTED_EDGE('',*,*,#4402,.F.);
#3017=ORIENTED_EDGE('',*,*,#4403,.F.);
#3018=ORIENTED_EDGE('',*,*,#4404,.T.);
#3019=ORIENTED_EDGE('',*,*,#4405,.T.);
#3020=ORIENTED_EDGE('',*,*,#3905,.F.);
#3021=ORIENTED_EDGE('',*,*,#4406,.F.);
#3022=ORIENTED_EDGE('',*,*,#4407,.F.);
#3023=ORIENTED_EDGE('',*,*,#4408,.F.);
#3024=ORIENTED_EDGE('',*,*,#4409,.T.);
#3025=ORIENTED_EDGE('',*,*,#4410,.T.);
#3026=ORIENTED_EDGE('',*,*,#3907,.F.);
#3027=ORIENTED_EDGE('',*,*,#4411,.F.);
#3028=ORIENTED_EDGE('',*,*,#4412,.F.);
#3029=ORIENTED_EDGE('',*,*,#4413,.F.);
#3030=ORIENTED_EDGE('',*,*,#4414,.T.);
#3031=ORIENTED_EDGE('',*,*,#4415,.T.);
#3032=ORIENTED_EDGE('',*,*,#3921,.F.);
#3033=ORIENTED_EDGE('',*,*,#4416,.F.);
#3034=ORIENTED_EDGE('',*,*,#4417,.F.);
#3035=ORIENTED_EDGE('',*,*,#4418,.F.);
#3036=ORIENTED_EDGE('',*,*,#4419,.T.);
#3037=ORIENTED_EDGE('',*,*,#4420,.T.);
#3038=ORIENTED_EDGE('',*,*,#3923,.F.);
#3039=ORIENTED_EDGE('',*,*,#4421,.F.);
#3040=ORIENTED_EDGE('',*,*,#4422,.F.);
#3041=ORIENTED_EDGE('',*,*,#4423,.F.);
#3042=ORIENTED_EDGE('',*,*,#4424,.T.);
#3043=ORIENTED_EDGE('',*,*,#4425,.T.);
#3044=ORIENTED_EDGE('',*,*,#3909,.F.);
#3045=ORIENTED_EDGE('',*,*,#4426,.F.);
#3046=ORIENTED_EDGE('',*,*,#4427,.F.);
#3047=ORIENTED_EDGE('',*,*,#4428,.F.);
#3048=ORIENTED_EDGE('',*,*,#4429,.T.);
#3049=ORIENTED_EDGE('',*,*,#4430,.T.);
#3050=ORIENTED_EDGE('',*,*,#3911,.F.);
#3051=ORIENTED_EDGE('',*,*,#4431,.F.);
#3052=ORIENTED_EDGE('',*,*,#4432,.F.);
#3053=ORIENTED_EDGE('',*,*,#4433,.F.);
#3054=ORIENTED_EDGE('',*,*,#4434,.T.);
#3055=ORIENTED_EDGE('',*,*,#4435,.T.);
#3056=ORIENTED_EDGE('',*,*,#3917,.F.);
#3057=ORIENTED_EDGE('',*,*,#4436,.F.);
#3058=ORIENTED_EDGE('',*,*,#4437,.F.);
#3059=ORIENTED_EDGE('',*,*,#4438,.F.);
#3060=ORIENTED_EDGE('',*,*,#4439,.T.);
#3061=ORIENTED_EDGE('',*,*,#4440,.T.);
#3062=ORIENTED_EDGE('',*,*,#3919,.F.);
#3063=ORIENTED_EDGE('',*,*,#4441,.F.);
#3064=ORIENTED_EDGE('',*,*,#4442,.F.);
#3065=ORIENTED_EDGE('',*,*,#4443,.F.);
#3066=ORIENTED_EDGE('',*,*,#4444,.T.);
#3067=ORIENTED_EDGE('',*,*,#4445,.T.);
#3068=ORIENTED_EDGE('',*,*,#3913,.F.);
#3069=ORIENTED_EDGE('',*,*,#4446,.F.);
#3070=ORIENTED_EDGE('',*,*,#4447,.F.);
#3071=ORIENTED_EDGE('',*,*,#4448,.F.);
#3072=ORIENTED_EDGE('',*,*,#4449,.T.);
#3073=ORIENTED_EDGE('',*,*,#4450,.T.);
#3074=ORIENTED_EDGE('',*,*,#3915,.F.);
#3075=ORIENTED_EDGE('',*,*,#4451,.F.);
#3076=ORIENTED_EDGE('',*,*,#4452,.F.);
#3077=ORIENTED_EDGE('',*,*,#4453,.F.);
#3078=ORIENTED_EDGE('',*,*,#4454,.T.);
#3079=ORIENTED_EDGE('',*,*,#4455,.T.);
#3080=ORIENTED_EDGE('',*,*,#4405,.F.);
#3081=ORIENTED_EDGE('',*,*,#4456,.F.);
#3082=ORIENTED_EDGE('',*,*,#4396,.T.);
#3083=ORIENTED_EDGE('',*,*,#3924,.T.);
#3084=ORIENTED_EDGE('',*,*,#3926,.T.);
#3085=ORIENTED_EDGE('',*,*,#4400,.F.);
#3086=ORIENTED_EDGE('',*,*,#4457,.F.);
#3087=ORIENTED_EDGE('',*,*,#4401,.T.);
#3088=ORIENTED_EDGE('',*,*,#4402,.T.);
#3089=ORIENTED_EDGE('',*,*,#4457,.T.);
#3090=ORIENTED_EDGE('',*,*,#4399,.F.);
#3091=ORIENTED_EDGE('',*,*,#4458,.T.);
#3092=ORIENTED_EDGE('',*,*,#4452,.T.);
#3093=ORIENTED_EDGE('',*,*,#4459,.T.);
#3094=ORIENTED_EDGE('',*,*,#4449,.F.);
#3095=ORIENTED_EDGE('',*,*,#4460,.T.);
#3096=ORIENTED_EDGE('',*,*,#4442,.T.);
#3097=ORIENTED_EDGE('',*,*,#4461,.T.);
#3098=ORIENTED_EDGE('',*,*,#4439,.F.);
#3099=ORIENTED_EDGE('',*,*,#4462,.T.);
#3100=ORIENTED_EDGE('',*,*,#4422,.T.);
#3101=ORIENTED_EDGE('',*,*,#4463,.T.);
#3102=ORIENTED_EDGE('',*,*,#4419,.F.);
#3103=ORIENTED_EDGE('',*,*,#4464,.T.);
#3104=ORIENTED_EDGE('',*,*,#4432,.T.);
#3105=ORIENTED_EDGE('',*,*,#4465,.T.);
#3106=ORIENTED_EDGE('',*,*,#4429,.F.);
#3107=ORIENTED_EDGE('',*,*,#4466,.T.);
#3108=ORIENTED_EDGE('',*,*,#4412,.T.);
#3109=ORIENTED_EDGE('',*,*,#4467,.T.);
#3110=ORIENTED_EDGE('',*,*,#4409,.F.);
#3111=ORIENTED_EDGE('',*,*,#4468,.T.);
#3112=ORIENTED_EDGE('',*,*,#4469,.F.);
#3113=ORIENTED_EDGE('',*,*,#4470,.F.);
#3114=ORIENTED_EDGE('',*,*,#4471,.F.);
#3115=ORIENTED_EDGE('',*,*,#4472,.F.);
#3116=ORIENTED_EDGE('',*,*,#4473,.F.);
#3117=ORIENTED_EDGE('',*,*,#4407,.T.);
#3118=ORIENTED_EDGE('',*,*,#4474,.T.);
#3119=ORIENTED_EDGE('',*,*,#4414,.F.);
#3120=ORIENTED_EDGE('',*,*,#4475,.F.);
#3121=ORIENTED_EDGE('',*,*,#4427,.T.);
#3122=ORIENTED_EDGE('',*,*,#4476,.T.);
#3123=ORIENTED_EDGE('',*,*,#4434,.F.);
#3124=ORIENTED_EDGE('',*,*,#4477,.F.);
#3125=ORIENTED_EDGE('',*,*,#4417,.T.);
#3126=ORIENTED_EDGE('',*,*,#4478,.T.);
#3127=ORIENTED_EDGE('',*,*,#4424,.F.);
#3128=ORIENTED_EDGE('',*,*,#4479,.F.);
#3129=ORIENTED_EDGE('',*,*,#4437,.T.);
#3130=ORIENTED_EDGE('',*,*,#4480,.T.);
#3131=ORIENTED_EDGE('',*,*,#4444,.F.);
#3132=ORIENTED_EDGE('',*,*,#4481,.F.);
#3133=ORIENTED_EDGE('',*,*,#4447,.T.);
#3134=ORIENTED_EDGE('',*,*,#4482,.T.);
#3135=ORIENTED_EDGE('',*,*,#4454,.F.);
#3136=ORIENTED_EDGE('',*,*,#4483,.F.);
#3137=ORIENTED_EDGE('',*,*,#4397,.T.);
#3138=ORIENTED_EDGE('',*,*,#4456,.T.);
#3139=ORIENTED_EDGE('',*,*,#4404,.F.);
#3140=ORIENTED_EDGE('',*,*,#4484,.T.);
#3141=ORIENTED_EDGE('',*,*,#4485,.T.);
#3142=ORIENTED_EDGE('',*,*,#4486,.T.);
#3143=ORIENTED_EDGE('',*,*,#4487,.T.);
#3144=ORIENTED_EDGE('',*,*,#4398,.T.);
#3145=ORIENTED_EDGE('',*,*,#4483,.T.);
#3146=ORIENTED_EDGE('',*,*,#4453,.T.);
#3147=ORIENTED_EDGE('',*,*,#4458,.F.);
#3148=ORIENTED_EDGE('',*,*,#4415,.F.);
#3149=ORIENTED_EDGE('',*,*,#4474,.F.);
#3150=ORIENTED_EDGE('',*,*,#4406,.T.);
#3151=ORIENTED_EDGE('',*,*,#3904,.T.);
#3152=ORIENTED_EDGE('',*,*,#3906,.T.);
#3153=ORIENTED_EDGE('',*,*,#4410,.F.);
#3154=ORIENTED_EDGE('',*,*,#4467,.F.);
#3155=ORIENTED_EDGE('',*,*,#4411,.T.);
#3156=ORIENTED_EDGE('',*,*,#4403,.T.);
#3157=ORIENTED_EDGE('',*,*,#4468,.F.);
#3158=ORIENTED_EDGE('',*,*,#4408,.T.);
#3159=ORIENTED_EDGE('',*,*,#4473,.T.);
#3160=ORIENTED_EDGE('',*,*,#4425,.F.);
#3161=ORIENTED_EDGE('',*,*,#4478,.F.);
#3162=ORIENTED_EDGE('',*,*,#4416,.T.);
#3163=ORIENTED_EDGE('',*,*,#3920,.T.);
#3164=ORIENTED_EDGE('',*,*,#3922,.T.);
#3165=ORIENTED_EDGE('',*,*,#4420,.F.);
#3166=ORIENTED_EDGE('',*,*,#4463,.F.);
#3167=ORIENTED_EDGE('',*,*,#4421,.T.);
#3168=ORIENTED_EDGE('',*,*,#4418,.T.);
#3169=ORIENTED_EDGE('',*,*,#4477,.T.);
#3170=ORIENTED_EDGE('',*,*,#4433,.T.);
#3171=ORIENTED_EDGE('',*,*,#4464,.F.);
#3172=ORIENTED_EDGE('',*,*,#4435,.F.);
#3173=ORIENTED_EDGE('',*,*,#4476,.F.);
#3174=ORIENTED_EDGE('',*,*,#4426,.T.);
#3175=ORIENTED_EDGE('',*,*,#3908,.T.);
#3176=ORIENTED_EDGE('',*,*,#3910,.T.);
#3177=ORIENTED_EDGE('',*,*,#4430,.F.);
#3178=ORIENTED_EDGE('',*,*,#4465,.F.);
#3179=ORIENTED_EDGE('',*,*,#4431,.T.);
#3180=ORIENTED_EDGE('',*,*,#4413,.T.);
#3181=ORIENTED_EDGE('',*,*,#4466,.F.);
#3182=ORIENTED_EDGE('',*,*,#4428,.T.);
#3183=ORIENTED_EDGE('',*,*,#4475,.T.);
#3184=ORIENTED_EDGE('',*,*,#4445,.F.);
#3185=ORIENTED_EDGE('',*,*,#4480,.F.);
#3186=ORIENTED_EDGE('',*,*,#4436,.T.);
#3187=ORIENTED_EDGE('',*,*,#3916,.T.);
#3188=ORIENTED_EDGE('',*,*,#3918,.T.);
#3189=ORIENTED_EDGE('',*,*,#4440,.F.);
#3190=ORIENTED_EDGE('',*,*,#4461,.F.);
#3191=ORIENTED_EDGE('',*,*,#4441,.T.);
#3192=ORIENTED_EDGE('',*,*,#4423,.T.);
#3193=ORIENTED_EDGE('',*,*,#4462,.F.);
#3194=ORIENTED_EDGE('',*,*,#4438,.T.);
#3195=ORIENTED_EDGE('',*,*,#4479,.T.);
#3196=ORIENTED_EDGE('',*,*,#4455,.F.);
#3197=ORIENTED_EDGE('',*,*,#4482,.F.);
#3198=ORIENTED_EDGE('',*,*,#4446,.T.);
#3199=ORIENTED_EDGE('',*,*,#3912,.T.);
#3200=ORIENTED_EDGE('',*,*,#3914,.T.);
#3201=ORIENTED_EDGE('',*,*,#4450,.F.);
#3202=ORIENTED_EDGE('',*,*,#4459,.F.);
#3203=ORIENTED_EDGE('',*,*,#4451,.T.);
#3204=ORIENTED_EDGE('',*,*,#4487,.F.);
#3205=ORIENTED_EDGE('',*,*,#4472,.T.);
#3206=ORIENTED_EDGE('',*,*,#4486,.F.);
#3207=ORIENTED_EDGE('',*,*,#4471,.T.);
#3208=ORIENTED_EDGE('',*,*,#4485,.F.);
#3209=ORIENTED_EDGE('',*,*,#4470,.T.);
#3210=ORIENTED_EDGE('',*,*,#4484,.F.);
#3211=ORIENTED_EDGE('',*,*,#4469,.T.);
#3212=ORIENTED_EDGE('',*,*,#4443,.T.);
#3213=ORIENTED_EDGE('',*,*,#4460,.F.);
#3214=ORIENTED_EDGE('',*,*,#4448,.T.);
#3215=ORIENTED_EDGE('',*,*,#4481,.T.);
#3216=ORIENTED_EDGE('',*,*,#3899,.F.);
#3217=ORIENTED_EDGE('',*,*,#4488,.F.);
#3218=ORIENTED_EDGE('',*,*,#4489,.F.);
#3219=ORIENTED_EDGE('',*,*,#4490,.F.);
#3220=ORIENTED_EDGE('',*,*,#4491,.T.);
#3221=ORIENTED_EDGE('',*,*,#4492,.T.);
#3222=ORIENTED_EDGE('',*,*,#3901,.F.);
#3223=ORIENTED_EDGE('',*,*,#4493,.F.);
#3224=ORIENTED_EDGE('',*,*,#4494,.F.);
#3225=ORIENTED_EDGE('',*,*,#4495,.F.);
#3226=ORIENTED_EDGE('',*,*,#4496,.T.);
#3227=ORIENTED_EDGE('',*,*,#4497,.T.);
#3228=ORIENTED_EDGE('',*,*,#3878,.F.);
#3229=ORIENTED_EDGE('',*,*,#4498,.F.);
#3230=ORIENTED_EDGE('',*,*,#4499,.F.);
#3231=ORIENTED_EDGE('',*,*,#4500,.F.);
#3232=ORIENTED_EDGE('',*,*,#4501,.T.);
#3233=ORIENTED_EDGE('',*,*,#4502,.T.);
#3234=ORIENTED_EDGE('',*,*,#3880,.F.);
#3235=ORIENTED_EDGE('',*,*,#4503,.F.);
#3236=ORIENTED_EDGE('',*,*,#4504,.F.);
#3237=ORIENTED_EDGE('',*,*,#4505,.F.);
#3238=ORIENTED_EDGE('',*,*,#4506,.T.);
#3239=ORIENTED_EDGE('',*,*,#4507,.T.);
#3240=ORIENTED_EDGE('',*,*,#3895,.F.);
#3241=ORIENTED_EDGE('',*,*,#4508,.F.);
#3242=ORIENTED_EDGE('',*,*,#4509,.F.);
#3243=ORIENTED_EDGE('',*,*,#4510,.F.);
#3244=ORIENTED_EDGE('',*,*,#4511,.T.);
#3245=ORIENTED_EDGE('',*,*,#4512,.T.);
#3246=ORIENTED_EDGE('',*,*,#3897,.F.);
#3247=ORIENTED_EDGE('',*,*,#4513,.F.);
#3248=ORIENTED_EDGE('',*,*,#4514,.F.);
#3249=ORIENTED_EDGE('',*,*,#4515,.F.);
#3250=ORIENTED_EDGE('',*,*,#4516,.T.);
#3251=ORIENTED_EDGE('',*,*,#4517,.T.);
#3252=ORIENTED_EDGE('',*,*,#3882,.F.);
#3253=ORIENTED_EDGE('',*,*,#4518,.F.);
#3254=ORIENTED_EDGE('',*,*,#4519,.F.);
#3255=ORIENTED_EDGE('',*,*,#4520,.F.);
#3256=ORIENTED_EDGE('',*,*,#4521,.T.);
#3257=ORIENTED_EDGE('',*,*,#4522,.T.);
#3258=ORIENTED_EDGE('',*,*,#3884,.F.);
#3259=ORIENTED_EDGE('',*,*,#4523,.F.);
#3260=ORIENTED_EDGE('',*,*,#4524,.F.);
#3261=ORIENTED_EDGE('',*,*,#4525,.F.);
#3262=ORIENTED_EDGE('',*,*,#4526,.T.);
#3263=ORIENTED_EDGE('',*,*,#4527,.T.);
#3264=ORIENTED_EDGE('',*,*,#3891,.F.);
#3265=ORIENTED_EDGE('',*,*,#4528,.F.);
#3266=ORIENTED_EDGE('',*,*,#4529,.F.);
#3267=ORIENTED_EDGE('',*,*,#4530,.F.);
#3268=ORIENTED_EDGE('',*,*,#4531,.T.);
#3269=ORIENTED_EDGE('',*,*,#4532,.T.);
#3270=ORIENTED_EDGE('',*,*,#3893,.F.);
#3271=ORIENTED_EDGE('',*,*,#4533,.F.);
#3272=ORIENTED_EDGE('',*,*,#4534,.F.);
#3273=ORIENTED_EDGE('',*,*,#4535,.F.);
#3274=ORIENTED_EDGE('',*,*,#4536,.T.);
#3275=ORIENTED_EDGE('',*,*,#4537,.T.);
#3276=ORIENTED_EDGE('',*,*,#3886,.F.);
#3277=ORIENTED_EDGE('',*,*,#4538,.F.);
#3278=ORIENTED_EDGE('',*,*,#4539,.F.);
#3279=ORIENTED_EDGE('',*,*,#4540,.F.);
#3280=ORIENTED_EDGE('',*,*,#4541,.T.);
#3281=ORIENTED_EDGE('',*,*,#4542,.T.);
#3282=ORIENTED_EDGE('',*,*,#3888,.F.);
#3283=ORIENTED_EDGE('',*,*,#4543,.F.);
#3284=ORIENTED_EDGE('',*,*,#4544,.F.);
#3285=ORIENTED_EDGE('',*,*,#4545,.F.);
#3286=ORIENTED_EDGE('',*,*,#4546,.T.);
#3287=ORIENTED_EDGE('',*,*,#4547,.T.);
#3288=ORIENTED_EDGE('',*,*,#4497,.F.);
#3289=ORIENTED_EDGE('',*,*,#4548,.F.);
#3290=ORIENTED_EDGE('',*,*,#4488,.T.);
#3291=ORIENTED_EDGE('',*,*,#3898,.T.);
#3292=ORIENTED_EDGE('',*,*,#3900,.T.);
#3293=ORIENTED_EDGE('',*,*,#4492,.F.);
#3294=ORIENTED_EDGE('',*,*,#4549,.F.);
#3295=ORIENTED_EDGE('',*,*,#4493,.T.);
#3296=ORIENTED_EDGE('',*,*,#4494,.T.);
#3297=ORIENTED_EDGE('',*,*,#4549,.T.);
#3298=ORIENTED_EDGE('',*,*,#4491,.F.);
#3299=ORIENTED_EDGE('',*,*,#4550,.T.);
#3300=ORIENTED_EDGE('',*,*,#4544,.T.);
#3301=ORIENTED_EDGE('',*,*,#4551,.T.);
#3302=ORIENTED_EDGE('',*,*,#4541,.F.);
#3303=ORIENTED_EDGE('',*,*,#4552,.T.);
#3304=ORIENTED_EDGE('',*,*,#4534,.T.);
#3305=ORIENTED_EDGE('',*,*,#4553,.T.);
#3306=ORIENTED_EDGE('',*,*,#4531,.F.);
#3307=ORIENTED_EDGE('',*,*,#4554,.T.);
#3308=ORIENTED_EDGE('',*,*,#4514,.T.);
#3309=ORIENTED_EDGE('',*,*,#4555,.T.);
#3310=ORIENTED_EDGE('',*,*,#4511,.F.);
#3311=ORIENTED_EDGE('',*,*,#4556,.T.);
#3312=ORIENTED_EDGE('',*,*,#4524,.T.);
#3313=ORIENTED_EDGE('',*,*,#4557,.T.);
#3314=ORIENTED_EDGE('',*,*,#4521,.F.);
#3315=ORIENTED_EDGE('',*,*,#4558,.T.);
#3316=ORIENTED_EDGE('',*,*,#4504,.T.);
#3317=ORIENTED_EDGE('',*,*,#4559,.T.);
#3318=ORIENTED_EDGE('',*,*,#4501,.F.);
#3319=ORIENTED_EDGE('',*,*,#4560,.T.);
#3320=ORIENTED_EDGE('',*,*,#4561,.F.);
#3321=ORIENTED_EDGE('',*,*,#4562,.F.);
#3322=ORIENTED_EDGE('',*,*,#4563,.F.);
#3323=ORIENTED_EDGE('',*,*,#4564,.F.);
#3324=ORIENTED_EDGE('',*,*,#4565,.F.);
#3325=ORIENTED_EDGE('',*,*,#4499,.T.);
#3326=ORIENTED_EDGE('',*,*,#4566,.T.);
#3327=ORIENTED_EDGE('',*,*,#4506,.F.);
#3328=ORIENTED_EDGE('',*,*,#4567,.F.);
#3329=ORIENTED_EDGE('',*,*,#4519,.T.);
#3330=ORIENTED_EDGE('',*,*,#4568,.T.);
#3331=ORIENTED_EDGE('',*,*,#4526,.F.);
#3332=ORIENTED_EDGE('',*,*,#4569,.F.);
#3333=ORIENTED_EDGE('',*,*,#4509,.T.);
#3334=ORIENTED_EDGE('',*,*,#4570,.T.);
#3335=ORIENTED_EDGE('',*,*,#4516,.F.);
#3336=ORIENTED_EDGE('',*,*,#4571,.F.);
#3337=ORIENTED_EDGE('',*,*,#4529,.T.);
#3338=ORIENTED_EDGE('',*,*,#4572,.T.);
#3339=ORIENTED_EDGE('',*,*,#4536,.F.);
#3340=ORIENTED_EDGE('',*,*,#4573,.F.);
#3341=ORIENTED_EDGE('',*,*,#4539,.T.);
#3342=ORIENTED_EDGE('',*,*,#4574,.T.);
#3343=ORIENTED_EDGE('',*,*,#4546,.F.);
#3344=ORIENTED_EDGE('',*,*,#4575,.F.);
#3345=ORIENTED_EDGE('',*,*,#4489,.T.);
#3346=ORIENTED_EDGE('',*,*,#4548,.T.);
#3347=ORIENTED_EDGE('',*,*,#4496,.F.);
#3348=ORIENTED_EDGE('',*,*,#4576,.T.);
#3349=ORIENTED_EDGE('',*,*,#4577,.T.);
#3350=ORIENTED_EDGE('',*,*,#4578,.T.);
#3351=ORIENTED_EDGE('',*,*,#4579,.T.);
#3352=ORIENTED_EDGE('',*,*,#4490,.T.);
#3353=ORIENTED_EDGE('',*,*,#4575,.T.);
#3354=ORIENTED_EDGE('',*,*,#4545,.T.);
#3355=ORIENTED_EDGE('',*,*,#4550,.F.);
#3356=ORIENTED_EDGE('',*,*,#4507,.F.);
#3357=ORIENTED_EDGE('',*,*,#4566,.F.);
#3358=ORIENTED_EDGE('',*,*,#4498,.T.);
#3359=ORIENTED_EDGE('',*,*,#3877,.T.);
#3360=ORIENTED_EDGE('',*,*,#3879,.T.);
#3361=ORIENTED_EDGE('',*,*,#4502,.F.);
#3362=ORIENTED_EDGE('',*,*,#4559,.F.);
#3363=ORIENTED_EDGE('',*,*,#4503,.T.);
#3364=ORIENTED_EDGE('',*,*,#4495,.T.);
#3365=ORIENTED_EDGE('',*,*,#4560,.F.);
#3366=ORIENTED_EDGE('',*,*,#4500,.T.);
#3367=ORIENTED_EDGE('',*,*,#4565,.T.);
#3368=ORIENTED_EDGE('',*,*,#4517,.F.);
#3369=ORIENTED_EDGE('',*,*,#4570,.F.);
#3370=ORIENTED_EDGE('',*,*,#4508,.T.);
#3371=ORIENTED_EDGE('',*,*,#3894,.T.);
#3372=ORIENTED_EDGE('',*,*,#3896,.T.);
#3373=ORIENTED_EDGE('',*,*,#4512,.F.);
#3374=ORIENTED_EDGE('',*,*,#4555,.F.);
#3375=ORIENTED_EDGE('',*,*,#4513,.T.);
#3376=ORIENTED_EDGE('',*,*,#4510,.T.);
#3377=ORIENTED_EDGE('',*,*,#4569,.T.);
#3378=ORIENTED_EDGE('',*,*,#4525,.T.);
#3379=ORIENTED_EDGE('',*,*,#4556,.F.);
#3380=ORIENTED_EDGE('',*,*,#4527,.F.);
#3381=ORIENTED_EDGE('',*,*,#4568,.F.);
#3382=ORIENTED_EDGE('',*,*,#4518,.T.);
#3383=ORIENTED_EDGE('',*,*,#3881,.T.);
#3384=ORIENTED_EDGE('',*,*,#3883,.T.);
#3385=ORIENTED_EDGE('',*,*,#4522,.F.);
#3386=ORIENTED_EDGE('',*,*,#4557,.F.);
#3387=ORIENTED_EDGE('',*,*,#4523,.T.);
#3388=ORIENTED_EDGE('',*,*,#4505,.T.);
#3389=ORIENTED_EDGE('',*,*,#4558,.F.);
#3390=ORIENTED_EDGE('',*,*,#4520,.T.);
#3391=ORIENTED_EDGE('',*,*,#4567,.T.);
#3392=ORIENTED_EDGE('',*,*,#4537,.F.);
#3393=ORIENTED_EDGE('',*,*,#4572,.F.);
#3394=ORIENTED_EDGE('',*,*,#4528,.T.);
#3395=ORIENTED_EDGE('',*,*,#3890,.T.);
#3396=ORIENTED_EDGE('',*,*,#3892,.T.);
#3397=ORIENTED_EDGE('',*,*,#4532,.F.);
#3398=ORIENTED_EDGE('',*,*,#4553,.F.);
#3399=ORIENTED_EDGE('',*,*,#4533,.T.);
#3400=ORIENTED_EDGE('',*,*,#4515,.T.);
#3401=ORIENTED_EDGE('',*,*,#4554,.F.);
#3402=ORIENTED_EDGE('',*,*,#4530,.T.);
#3403=ORIENTED_EDGE('',*,*,#4571,.T.);
#3404=ORIENTED_EDGE('',*,*,#4547,.F.);
#3405=ORIENTED_EDGE('',*,*,#4574,.F.);
#3406=ORIENTED_EDGE('',*,*,#4538,.T.);
#3407=ORIENTED_EDGE('',*,*,#3885,.T.);
#3408=ORIENTED_EDGE('',*,*,#3887,.T.);
#3409=ORIENTED_EDGE('',*,*,#4542,.F.);
#3410=ORIENTED_EDGE('',*,*,#4551,.F.);
#3411=ORIENTED_EDGE('',*,*,#4543,.T.);
#3412=ORIENTED_EDGE('',*,*,#4579,.F.);
#3413=ORIENTED_EDGE('',*,*,#4564,.T.);
#3414=ORIENTED_EDGE('',*,*,#4578,.F.);
#3415=ORIENTED_EDGE('',*,*,#4563,.T.);
#3416=ORIENTED_EDGE('',*,*,#4577,.F.);
#3417=ORIENTED_EDGE('',*,*,#4562,.T.);
#3418=ORIENTED_EDGE('',*,*,#4576,.F.);
#3419=ORIENTED_EDGE('',*,*,#4561,.T.);
#3420=ORIENTED_EDGE('',*,*,#4535,.T.);
#3421=ORIENTED_EDGE('',*,*,#4552,.F.);
#3422=ORIENTED_EDGE('',*,*,#4540,.T.);
#3423=ORIENTED_EDGE('',*,*,#4573,.T.);
#3424=ORIENTED_EDGE('',*,*,#3875,.F.);
#3425=ORIENTED_EDGE('',*,*,#4580,.F.);
#3426=ORIENTED_EDGE('',*,*,#4581,.F.);
#3427=ORIENTED_EDGE('',*,*,#4582,.T.);
#3428=ORIENTED_EDGE('',*,*,#4583,.T.);
#3429=ORIENTED_EDGE('',*,*,#4584,.T.);
#3430=ORIENTED_EDGE('',*,*,#3873,.F.);
#3431=ORIENTED_EDGE('',*,*,#4585,.F.);
#3432=ORIENTED_EDGE('',*,*,#4586,.F.);
#3433=ORIENTED_EDGE('',*,*,#4587,.T.);
#3434=ORIENTED_EDGE('',*,*,#4588,.T.);
#3435=ORIENTED_EDGE('',*,*,#4589,.T.);
#3436=ORIENTED_EDGE('',*,*,#3855,.F.);
#3437=ORIENTED_EDGE('',*,*,#4590,.F.);
#3438=ORIENTED_EDGE('',*,*,#4591,.F.);
#3439=ORIENTED_EDGE('',*,*,#4592,.T.);
#3440=ORIENTED_EDGE('',*,*,#4593,.T.);
#3441=ORIENTED_EDGE('',*,*,#4594,.T.);
#3442=ORIENTED_EDGE('',*,*,#3853,.F.);
#3443=ORIENTED_EDGE('',*,*,#4595,.F.);
#3444=ORIENTED_EDGE('',*,*,#4596,.F.);
#3445=ORIENTED_EDGE('',*,*,#4597,.T.);
#3446=ORIENTED_EDGE('',*,*,#4598,.T.);
#3447=ORIENTED_EDGE('',*,*,#4599,.T.);
#3448=ORIENTED_EDGE('',*,*,#3871,.F.);
#3449=ORIENTED_EDGE('',*,*,#4600,.F.);
#3450=ORIENTED_EDGE('',*,*,#4601,.F.);
#3451=ORIENTED_EDGE('',*,*,#4602,.T.);
#3452=ORIENTED_EDGE('',*,*,#4603,.T.);
#3453=ORIENTED_EDGE('',*,*,#4604,.T.);
#3454=ORIENTED_EDGE('',*,*,#3869,.F.);
#3455=ORIENTED_EDGE('',*,*,#4605,.F.);
#3456=ORIENTED_EDGE('',*,*,#4606,.F.);
#3457=ORIENTED_EDGE('',*,*,#4607,.T.);
#3458=ORIENTED_EDGE('',*,*,#4608,.T.);
#3459=ORIENTED_EDGE('',*,*,#4609,.T.);
#3460=ORIENTED_EDGE('',*,*,#3859,.F.);
#3461=ORIENTED_EDGE('',*,*,#4610,.F.);
#3462=ORIENTED_EDGE('',*,*,#4611,.F.);
#3463=ORIENTED_EDGE('',*,*,#4612,.T.);
#3464=ORIENTED_EDGE('',*,*,#4613,.T.);
#3465=ORIENTED_EDGE('',*,*,#4614,.T.);
#3466=ORIENTED_EDGE('',*,*,#3857,.F.);
#3467=ORIENTED_EDGE('',*,*,#4615,.F.);
#3468=ORIENTED_EDGE('',*,*,#4616,.F.);
#3469=ORIENTED_EDGE('',*,*,#4617,.T.);
#3470=ORIENTED_EDGE('',*,*,#4618,.T.);
#3471=ORIENTED_EDGE('',*,*,#4619,.T.);
#3472=ORIENTED_EDGE('',*,*,#3867,.F.);
#3473=ORIENTED_EDGE('',*,*,#4620,.F.);
#3474=ORIENTED_EDGE('',*,*,#4621,.F.);
#3475=ORIENTED_EDGE('',*,*,#4622,.T.);
#3476=ORIENTED_EDGE('',*,*,#4623,.T.);
#3477=ORIENTED_EDGE('',*,*,#4624,.T.);
#3478=ORIENTED_EDGE('',*,*,#3865,.F.);
#3479=ORIENTED_EDGE('',*,*,#4625,.F.);
#3480=ORIENTED_EDGE('',*,*,#4626,.F.);
#3481=ORIENTED_EDGE('',*,*,#4627,.T.);
#3482=ORIENTED_EDGE('',*,*,#4628,.T.);
#3483=ORIENTED_EDGE('',*,*,#4629,.T.);
#3484=ORIENTED_EDGE('',*,*,#3863,.F.);
#3485=ORIENTED_EDGE('',*,*,#4630,.F.);
#3486=ORIENTED_EDGE('',*,*,#4631,.F.);
#3487=ORIENTED_EDGE('',*,*,#4632,.T.);
#3488=ORIENTED_EDGE('',*,*,#4633,.T.);
#3489=ORIENTED_EDGE('',*,*,#4634,.T.);
#3490=ORIENTED_EDGE('',*,*,#3861,.F.);
#3491=ORIENTED_EDGE('',*,*,#4635,.F.);
#3492=ORIENTED_EDGE('',*,*,#4636,.F.);
#3493=ORIENTED_EDGE('',*,*,#4637,.T.);
#3494=ORIENTED_EDGE('',*,*,#4638,.T.);
#3495=ORIENTED_EDGE('',*,*,#4639,.T.);
#3496=ORIENTED_EDGE('',*,*,#3874,.F.);
#3497=ORIENTED_EDGE('',*,*,#4589,.F.);
#3498=ORIENTED_EDGE('',*,*,#4640,.T.);
#3499=ORIENTED_EDGE('',*,*,#4580,.T.);
#3500=ORIENTED_EDGE('',*,*,#4585,.T.);
#3501=ORIENTED_EDGE('',*,*,#3872,.F.);
#3502=ORIENTED_EDGE('',*,*,#4584,.F.);
#3503=ORIENTED_EDGE('',*,*,#4641,.T.);
#3504=ORIENTED_EDGE('',*,*,#4588,.F.);
#3505=ORIENTED_EDGE('',*,*,#4642,.F.);
#3506=ORIENTED_EDGE('',*,*,#4591,.T.);
#3507=ORIENTED_EDGE('',*,*,#4643,.F.);
#3508=ORIENTED_EDGE('',*,*,#4598,.F.);
#3509=ORIENTED_EDGE('',*,*,#4644,.F.);
#3510=ORIENTED_EDGE('',*,*,#4611,.T.);
#3511=ORIENTED_EDGE('',*,*,#4645,.F.);
#3512=ORIENTED_EDGE('',*,*,#4618,.F.);
#3513=ORIENTED_EDGE('',*,*,#4646,.F.);
#3514=ORIENTED_EDGE('',*,*,#4601,.T.);
#3515=ORIENTED_EDGE('',*,*,#4647,.F.);
#3516=ORIENTED_EDGE('',*,*,#4608,.F.);
#3517=ORIENTED_EDGE('',*,*,#4648,.F.);
#3518=ORIENTED_EDGE('',*,*,#4621,.T.);
#3519=ORIENTED_EDGE('',*,*,#4649,.F.);
#3520=ORIENTED_EDGE('',*,*,#4628,.F.);
#3521=ORIENTED_EDGE('',*,*,#4650,.F.);
#3522=ORIENTED_EDGE('',*,*,#4631,.T.);
#3523=ORIENTED_EDGE('',*,*,#4651,.F.);
#3524=ORIENTED_EDGE('',*,*,#4638,.F.);
#3525=ORIENTED_EDGE('',*,*,#4652,.F.);
#3526=ORIENTED_EDGE('',*,*,#4581,.T.);
#3527=ORIENTED_EDGE('',*,*,#4640,.F.);
#3528=ORIENTED_EDGE('',*,*,#4653,.T.);
#3529=ORIENTED_EDGE('',*,*,#4654,.T.);
#3530=ORIENTED_EDGE('',*,*,#4655,.T.);
#3531=ORIENTED_EDGE('',*,*,#4656,.T.);
#3532=ORIENTED_EDGE('',*,*,#4657,.T.);
#3533=ORIENTED_EDGE('',*,*,#4586,.T.);
#3534=ORIENTED_EDGE('',*,*,#4641,.F.);
#3535=ORIENTED_EDGE('',*,*,#4583,.F.);
#3536=ORIENTED_EDGE('',*,*,#4658,.T.);
#3537=ORIENTED_EDGE('',*,*,#4636,.T.);
#3538=ORIENTED_EDGE('',*,*,#4659,.F.);
#3539=ORIENTED_EDGE('',*,*,#4633,.F.);
#3540=ORIENTED_EDGE('',*,*,#4660,.T.);
#3541=ORIENTED_EDGE('',*,*,#4626,.T.);
#3542=ORIENTED_EDGE('',*,*,#4661,.F.);
#3543=ORIENTED_EDGE('',*,*,#4623,.F.);
#3544=ORIENTED_EDGE('',*,*,#4662,.T.);
#3545=ORIENTED_EDGE('',*,*,#4606,.T.);
#3546=ORIENTED_EDGE('',*,*,#4663,.F.);
#3547=ORIENTED_EDGE('',*,*,#4603,.F.);
#3548=ORIENTED_EDGE('',*,*,#4664,.T.);
#3549=ORIENTED_EDGE('',*,*,#4616,.T.);
#3550=ORIENTED_EDGE('',*,*,#4665,.F.);
#3551=ORIENTED_EDGE('',*,*,#4613,.F.);
#3552=ORIENTED_EDGE('',*,*,#4666,.T.);
#3553=ORIENTED_EDGE('',*,*,#4596,.T.);
#3554=ORIENTED_EDGE('',*,*,#4667,.F.);
#3555=ORIENTED_EDGE('',*,*,#4593,.F.);
#3556=ORIENTED_EDGE('',*,*,#4668,.F.);
#3557=ORIENTED_EDGE('',*,*,#4669,.F.);
#3558=ORIENTED_EDGE('',*,*,#4670,.F.);
#3559=ORIENTED_EDGE('',*,*,#4671,.F.);
#3560=ORIENTED_EDGE('',*,*,#4582,.F.);
#3561=ORIENTED_EDGE('',*,*,#4652,.T.);
#3562=ORIENTED_EDGE('',*,*,#4637,.F.);
#3563=ORIENTED_EDGE('',*,*,#4658,.F.);
#3564=ORIENTED_EDGE('',*,*,#3854,.F.);
#3565=ORIENTED_EDGE('',*,*,#4599,.F.);
#3566=ORIENTED_EDGE('',*,*,#4643,.T.);
#3567=ORIENTED_EDGE('',*,*,#4590,.T.);
#3568=ORIENTED_EDGE('',*,*,#4595,.T.);
#3569=ORIENTED_EDGE('',*,*,#3852,.F.);
#3570=ORIENTED_EDGE('',*,*,#4594,.F.);
#3571=ORIENTED_EDGE('',*,*,#4667,.T.);
#3572=ORIENTED_EDGE('',*,*,#4587,.F.);
#3573=ORIENTED_EDGE('',*,*,#4657,.F.);
#3574=ORIENTED_EDGE('',*,*,#4592,.F.);
#3575=ORIENTED_EDGE('',*,*,#4642,.T.);
#3576=ORIENTED_EDGE('',*,*,#3870,.F.);
#3577=ORIENTED_EDGE('',*,*,#4609,.F.);
#3578=ORIENTED_EDGE('',*,*,#4647,.T.);
#3579=ORIENTED_EDGE('',*,*,#4600,.T.);
#3580=ORIENTED_EDGE('',*,*,#4605,.T.);
#3581=ORIENTED_EDGE('',*,*,#3868,.F.);
#3582=ORIENTED_EDGE('',*,*,#4604,.F.);
#3583=ORIENTED_EDGE('',*,*,#4663,.T.);
#3584=ORIENTED_EDGE('',*,*,#4602,.F.);
#3585=ORIENTED_EDGE('',*,*,#4646,.T.);
#3586=ORIENTED_EDGE('',*,*,#4617,.F.);
#3587=ORIENTED_EDGE('',*,*,#4664,.F.);
#3588=ORIENTED_EDGE('',*,*,#3858,.F.);
#3589=ORIENTED_EDGE('',*,*,#4619,.F.);
#3590=ORIENTED_EDGE('',*,*,#4645,.T.);
#3591=ORIENTED_EDGE('',*,*,#4610,.T.);
#3592=ORIENTED_EDGE('',*,*,#4615,.T.);
#3593=ORIENTED_EDGE('',*,*,#3856,.F.);
#3594=ORIENTED_EDGE('',*,*,#4614,.F.);
#3595=ORIENTED_EDGE('',*,*,#4665,.T.);
#3596=ORIENTED_EDGE('',*,*,#4597,.F.);
#3597=ORIENTED_EDGE('',*,*,#4666,.F.);
#3598=ORIENTED_EDGE('',*,*,#4612,.F.);
#3599=ORIENTED_EDGE('',*,*,#4644,.T.);
#3600=ORIENTED_EDGE('',*,*,#3866,.F.);
#3601=ORIENTED_EDGE('',*,*,#4629,.F.);
#3602=ORIENTED_EDGE('',*,*,#4649,.T.);
#3603=ORIENTED_EDGE('',*,*,#4620,.T.);
#3604=ORIENTED_EDGE('',*,*,#4625,.T.);
#3605=ORIENTED_EDGE('',*,*,#3864,.F.);
#3606=ORIENTED_EDGE('',*,*,#4624,.F.);
#3607=ORIENTED_EDGE('',*,*,#4661,.T.);
#3608=ORIENTED_EDGE('',*,*,#4607,.F.);
#3609=ORIENTED_EDGE('',*,*,#4662,.F.);
#3610=ORIENTED_EDGE('',*,*,#4622,.F.);
#3611=ORIENTED_EDGE('',*,*,#4648,.T.);
#3612=ORIENTED_EDGE('',*,*,#3862,.F.);
#3613=ORIENTED_EDGE('',*,*,#4639,.F.);
#3614=ORIENTED_EDGE('',*,*,#4651,.T.);
#3615=ORIENTED_EDGE('',*,*,#4630,.T.);
#3616=ORIENTED_EDGE('',*,*,#4635,.T.);
#3617=ORIENTED_EDGE('',*,*,#3860,.F.);
#3618=ORIENTED_EDGE('',*,*,#4634,.F.);
#3619=ORIENTED_EDGE('',*,*,#4659,.T.);
#3620=ORIENTED_EDGE('',*,*,#4671,.T.);
#3621=ORIENTED_EDGE('',*,*,#4656,.F.);
#3622=ORIENTED_EDGE('',*,*,#4670,.T.);
#3623=ORIENTED_EDGE('',*,*,#4655,.F.);
#3624=ORIENTED_EDGE('',*,*,#4669,.T.);
#3625=ORIENTED_EDGE('',*,*,#4654,.F.);
#3626=ORIENTED_EDGE('',*,*,#4668,.T.);
#3627=ORIENTED_EDGE('',*,*,#4653,.F.);
#3628=ORIENTED_EDGE('',*,*,#4627,.F.);
#3629=ORIENTED_EDGE('',*,*,#4660,.F.);
#3630=ORIENTED_EDGE('',*,*,#4632,.F.);
#3631=ORIENTED_EDGE('',*,*,#4650,.T.);
#3632=ORIENTED_EDGE('',*,*,#3847,.T.);
#3633=ORIENTED_EDGE('',*,*,#3812,.T.);
#3634=ORIENTED_EDGE('',*,*,#4672,.T.);
#3635=ORIENTED_EDGE('',*,*,#4673,.T.);
#3636=ORIENTED_EDGE('',*,*,#4674,.T.);
#3637=ORIENTED_EDGE('',*,*,#4191,.F.);
#3638=ORIENTED_EDGE('',*,*,#4179,.F.);
#3639=ORIENTED_EDGE('',*,*,#4675,.T.);
#3640=ORIENTED_EDGE('',*,*,#4676,.F.);
#3641=ORIENTED_EDGE('',*,*,#4192,.F.);
#3642=ORIENTED_EDGE('',*,*,#4674,.F.);
#3643=ORIENTED_EDGE('',*,*,#4677,.T.);
#3644=ORIENTED_EDGE('',*,*,#4678,.T.);
#3645=ORIENTED_EDGE('',*,*,#4679,.T.);
#3646=ORIENTED_EDGE('',*,*,#3825,.T.);
#3647=ORIENTED_EDGE('',*,*,#3849,.T.);
#3648=ORIENTED_EDGE('',*,*,#4680,.T.);
#3649=ORIENTED_EDGE('',*,*,#4681,.F.);
#3650=ORIENTED_EDGE('',*,*,#4181,.F.);
#3651=ORIENTED_EDGE('',*,*,#4193,.F.);
#3652=ORIENTED_EDGE('',*,*,#4678,.F.);
#3653=ORIENTED_EDGE('',*,*,#4682,.F.);
#3654=ORIENTED_EDGE('',*,*,#4676,.T.);
#3655=ORIENTED_EDGE('',*,*,#4683,.F.);
#3656=ORIENTED_EDGE('',*,*,#4680,.F.);
#3657=ORIENTED_EDGE('',*,*,#3848,.T.);
#3658=ORIENTED_EDGE('',*,*,#4677,.F.);
#3659=ORIENTED_EDGE('',*,*,#4673,.F.);
#3660=ORIENTED_EDGE('',*,*,#4684,.T.);
#3661=ORIENTED_EDGE('',*,*,#4682,.T.);
#3662=ORIENTED_EDGE('',*,*,#3826,.F.);
#3663=ORIENTED_EDGE('',*,*,#4679,.F.);
#3664=ORIENTED_EDGE('',*,*,#4684,.F.);
#3665=ORIENTED_EDGE('',*,*,#4672,.F.);
#3666=ORIENTED_EDGE('',*,*,#4675,.F.);
#3667=ORIENTED_EDGE('',*,*,#4178,.T.);
#3668=ORIENTED_EDGE('',*,*,#4681,.T.);
#3669=ORIENTED_EDGE('',*,*,#4683,.T.);
#3670=ORIENTED_EDGE('',*,*,#4685,.F.);
#3671=ORIENTED_EDGE('',*,*,#3733,.T.);
#3672=ORIENTED_EDGE('',*,*,#3767,.T.);
#3673=ORIENTED_EDGE('',*,*,#4686,.T.);
#3674=ORIENTED_EDGE('',*,*,#4687,.F.);
#3675=ORIENTED_EDGE('',*,*,#4050,.F.);
#3676=ORIENTED_EDGE('',*,*,#4065,.F.);
#3677=ORIENTED_EDGE('',*,*,#4688,.F.);
#3678=ORIENTED_EDGE('',*,*,#4689,.F.);
#3679=ORIENTED_EDGE('',*,*,#4064,.F.);
#3680=ORIENTED_EDGE('',*,*,#4690,.F.);
#3681=ORIENTED_EDGE('',*,*,#4691,.F.);
#3682=ORIENTED_EDGE('',*,*,#4688,.T.);
#3683=ORIENTED_EDGE('',*,*,#3768,.T.);
#3684=ORIENTED_EDGE('',*,*,#3735,.T.);
#3685=ORIENTED_EDGE('',*,*,#4692,.F.);
#3686=ORIENTED_EDGE('',*,*,#4693,.T.);
#3687=ORIENTED_EDGE('',*,*,#4690,.T.);
#3688=ORIENTED_EDGE('',*,*,#4066,.F.);
#3689=ORIENTED_EDGE('',*,*,#4052,.F.);
#3690=ORIENTED_EDGE('',*,*,#4694,.T.);
#3691=ORIENTED_EDGE('',*,*,#4695,.F.);
#3692=ORIENTED_EDGE('',*,*,#4686,.F.);
#3693=ORIENTED_EDGE('',*,*,#3769,.F.);
#3694=ORIENTED_EDGE('',*,*,#4695,.T.);
#3695=ORIENTED_EDGE('',*,*,#4696,.T.);
#3696=ORIENTED_EDGE('',*,*,#4691,.T.);
#3697=ORIENTED_EDGE('',*,*,#4693,.F.);
#3698=ORIENTED_EDGE('',*,*,#4697,.F.);
#3699=ORIENTED_EDGE('',*,*,#4689,.T.);
#3700=ORIENTED_EDGE('',*,*,#3734,.F.);
#3701=ORIENTED_EDGE('',*,*,#4685,.T.);
#3702=ORIENTED_EDGE('',*,*,#4697,.T.);
#3703=ORIENTED_EDGE('',*,*,#4692,.T.);
#3704=ORIENTED_EDGE('',*,*,#4694,.F.);
#3705=ORIENTED_EDGE('',*,*,#4051,.T.);
#3706=ORIENTED_EDGE('',*,*,#4687,.T.);
#3707=ORIENTED_EDGE('',*,*,#4696,.F.);
#3708=EDGE_CURVE('',#4698,#4699,#5370,.T.);
#3709=EDGE_CURVE('',#4700,#4698,#556,.F.);
#3710=EDGE_CURVE('',#4699,#4700,#557,.T.);
#3711=EDGE_CURVE('',#4701,#4702,#5371,.F.);
#3712=EDGE_CURVE('',#4701,#4703,#558,.T.);
#3713=EDGE_CURVE('',#4703,#4704,#559,.F.);
#3714=EDGE_CURVE('',#4704,#4702,#560,.F.);
#3715=EDGE_CURVE('',#4705,#4706,#561,.T.);
#3716=EDGE_CURVE('',#4706,#4707,#562,.T.);
#3717=EDGE_CURVE('',#4708,#4707,#380,.T.);
#3718=EDGE_CURVE('',#4709,#4708,#563,.T.);
#3719=EDGE_CURVE('',#4710,#4709,#381,.T.);
#3720=EDGE_CURVE('',#4711,#4710,#564,.T.);
#3721=EDGE_CURVE('',#4711,#4712,#565,.T.);
#3722=EDGE_CURVE('',#4713,#4712,#160,.T.);
#3723=EDGE_CURVE('',#4714,#4713,#161,.T.);
#3724=EDGE_CURVE('',#4715,#4714,#566,.F.);
#3725=EDGE_CURVE('',#4715,#4716,#567,.T.);
#3726=EDGE_CURVE('',#4716,#4717,#382,.T.);
#3727=EDGE_CURVE('',#4717,#4718,#568,.T.);
#3728=EDGE_CURVE('',#4718,#4705,#383,.T.);
#3729=EDGE_CURVE('',#4719,#4720,#569,.T.);
#3730=EDGE_CURVE('',#4719,#4721,#570,.T.);
#3731=EDGE_CURVE('',#4721,#4699,#571,.F.);
#3732=EDGE_CURVE('',#4700,#4720,#572,.T.);
#3733=EDGE_CURVE('',#4722,#4723,#573,.F.);
#3734=EDGE_CURVE('',#4722,#4724,#574,.T.);
#3735=EDGE_CURVE('',#4725,#4724,#575,.T.);
#3736=EDGE_CURVE('',#4725,#4726,#576,.T.);
#3737=EDGE_CURVE('',#4726,#4727,#384,.F.);
#3738=EDGE_CURVE('',#4727,#4704,#577,.T.);
#3739=EDGE_CURVE('',#4728,#4703,#578,.T.);
#3740=EDGE_CURVE('',#4729,#4728,#385,.T.);
#3741=EDGE_CURVE('',#4730,#4729,#579,.T.);
#3742=EDGE_CURVE('',#4720,#4730,#386,.T.);
#3743=EDGE_CURVE('',#4698,#4731,#580,.T.);
#3744=EDGE_CURVE('',#4731,#4732,#581,.T.);
#3745=EDGE_CURVE('',#4732,#4733,#387,.F.);
#3746=EDGE_CURVE('',#4733,#4723,#582,.T.);
#3747=EDGE_CURVE('',#4732,#4734,#583,.T.);
#3748=EDGE_CURVE('',#4734,#4735,#584,.T.);
#3749=EDGE_CURVE('',#4736,#4735,#162,.T.);
#3750=EDGE_CURVE('',#4736,#4710,#585,.F.);
#3751=EDGE_CURVE('',#4733,#4709,#586,.F.);
#3752=EDGE_CURVE('',#4716,#4719,#587,.F.);
#3753=EDGE_CURVE('',#4717,#4730,#588,.T.);
#3754=EDGE_CURVE('',#4707,#4737,#589,.F.);
#3755=EDGE_CURVE('',#4737,#4738,#590,.F.);
#3756=EDGE_CURVE('',#4739,#4738,#163,.T.);
#3757=EDGE_CURVE('',#4727,#4739,#591,.F.);
#3758=EDGE_CURVE('',#4726,#4708,#592,.F.);
#3759=EDGE_CURVE('',#4740,#4741,#164,.T.);
#3760=EDGE_CURVE('',#4740,#4742,#593,.T.);
#3761=EDGE_CURVE('',#4705,#4742,#594,.T.);
#3762=EDGE_CURVE('',#4718,#4729,#595,.T.);
#3763=EDGE_CURVE('',#4741,#4728,#596,.T.);
#3764=EDGE_CURVE('',#4742,#4706,#597,.T.);
#3765=EDGE_CURVE('',#4741,#4701,#598,.F.);
#3766=EDGE_CURVE('',#4702,#4739,#599,.T.);
#3767=EDGE_CURVE('',#4723,#4743,#600,.F.);
#3768=EDGE_CURVE('',#4744,#4725,#601,.T.);
#3769=EDGE_CURVE('',#4744,#4743,#602,.F.);
#3770=EDGE_CURVE('',#4745,#4736,#603,.T.);
#3771=EDGE_CURVE('',#4745,#4711,#604,.F.);
#3772=EDGE_CURVE('',#4745,#4746,#5372,.T.);
#3773=EDGE_CURVE('',#4746,#4712,#165,.T.);
#3774=EDGE_CURVE('',#4747,#4748,#166,.T.);
#3775=EDGE_CURVE('',#4748,#4749,#167,.T.);
#3776=EDGE_CURVE('',#4749,#4750,#168,.T.);
#3777=EDGE_CURVE('',#4750,#4751,#169,.T.);
#3778=EDGE_CURVE('',#4751,#4752,#170,.T.);
#3779=EDGE_CURVE('',#4752,#4747,#171,.T.);
#3780=EDGE_CURVE('',#4746,#4753,#172,.T.);
#3781=EDGE_CURVE('',#4753,#4754,#173,.T.);
#3782=EDGE_CURVE('',#4754,#4755,#174,.T.);
#3783=EDGE_CURVE('',#4756,#4755,#175,.T.);
#3784=EDGE_CURVE('',#4756,#4757,#176,.T.);
#3785=EDGE_CURVE('',#4713,#4757,#177,.T.);
#3786=EDGE_CURVE('',#4758,#4755,#5373,.F.);
#3787=EDGE_CURVE('',#4758,#4759,#605,.F.);
#3788=EDGE_CURVE('',#4759,#4756,#606,.T.);
#3789=EDGE_CURVE('',#4760,#4761,#607,.T.);
#3790=EDGE_CURVE('',#4760,#4762,#5374,.T.);
#3791=EDGE_CURVE('',#4763,#4762,#608,.F.);
#3792=EDGE_CURVE('',#4761,#4763,#609,.F.);
#3793=EDGE_CURVE('',#4758,#4764,#610,.T.);
#3794=EDGE_CURVE('',#4764,#4765,#611,.F.);
#3795=EDGE_CURVE('',#4759,#4765,#612,.T.);
#3796=EDGE_CURVE('',#4766,#4767,#388,.F.);
#3797=EDGE_CURVE('',#4767,#4768,#613,.T.);
#3798=EDGE_CURVE('',#4769,#4768,#614,.T.);
#3799=EDGE_CURVE('',#4770,#4769,#389,.T.);
#3800=EDGE_CURVE('',#4771,#4770,#615,.T.);
#3801=EDGE_CURVE('',#4772,#4771,#390,.T.);
#3802=EDGE_CURVE('',#4772,#4773,#616,.T.);
#3803=EDGE_CURVE('',#4773,#4774,#617,.F.);
#3804=EDGE_CURVE('',#4757,#4774,#178,.T.);
#3805=EDGE_CURVE('',#4765,#4775,#391,.F.);
#3806=EDGE_CURVE('',#4775,#4766,#618,.T.);
#3807=EDGE_CURVE('',#4776,#4777,#619,.F.);
#3808=EDGE_CURVE('',#4776,#4778,#620,.T.);
#3809=EDGE_CURVE('',#4778,#4779,#621,.T.);
#3810=EDGE_CURVE('',#4780,#4779,#622,.T.);
#3811=EDGE_CURVE('',#4777,#4780,#623,.T.);
#3812=EDGE_CURVE('',#4781,#4782,#624,.F.);
#3813=EDGE_CURVE('',#4783,#4781,#625,.T.);
#3814=EDGE_CURVE('',#4784,#4783,#392,.T.);
#3815=EDGE_CURVE('',#4784,#4785,#626,.T.);
#3816=EDGE_CURVE('',#4786,#4785,#627,.T.);
#3817=EDGE_CURVE('',#4780,#4786,#628,.F.);
#3818=EDGE_CURVE('',#4779,#4787,#393,.T.);
#3819=EDGE_CURVE('',#4787,#4788,#629,.T.);
#3820=EDGE_CURVE('',#4788,#4789,#394,.T.);
#3821=EDGE_CURVE('',#4789,#4761,#630,.T.);
#3822=EDGE_CURVE('',#4790,#4763,#631,.T.);
#3823=EDGE_CURVE('',#4791,#4790,#395,.T.);
#3824=EDGE_CURVE('',#4792,#4791,#632,.T.);
#3825=EDGE_CURVE('',#4793,#4792,#633,.T.);
#3826=EDGE_CURVE('',#4793,#4782,#634,.T.);
#3827=EDGE_CURVE('',#4764,#4794,#179,.T.);
#3828=EDGE_CURVE('',#4794,#4795,#635,.T.);
#3829=EDGE_CURVE('',#4795,#4784,#636,.T.);
#3830=EDGE_CURVE('',#4783,#4775,#637,.F.);
#3831=EDGE_CURVE('',#4778,#4772,#638,.F.);
#3832=EDGE_CURVE('',#4771,#4787,#639,.T.);
#3833=EDGE_CURVE('',#4796,#4797,#180,.T.);
#3834=EDGE_CURVE('',#4797,#4798,#640,.F.);
#3835=EDGE_CURVE('',#4798,#4767,#641,.F.);
#3836=EDGE_CURVE('',#4791,#4766,#642,.F.);
#3837=EDGE_CURVE('',#4790,#4796,#643,.F.);
#3838=EDGE_CURVE('',#4769,#4799,#644,.T.);
#3839=EDGE_CURVE('',#4799,#4800,#645,.T.);
#3840=EDGE_CURVE('',#4800,#4801,#181,.T.);
#3841=EDGE_CURVE('',#4801,#4789,#646,.T.);
#3842=EDGE_CURVE('',#4770,#4788,#647,.T.);
#3843=EDGE_CURVE('',#4762,#4796,#648,.T.);
#3844=EDGE_CURVE('',#4768,#4799,#649,.T.);
#3845=EDGE_CURVE('',#4801,#4760,#650,.F.);
#3846=EDGE_CURVE('',#4786,#4777,#5375,.F.);
#3847=EDGE_CURVE('',#4802,#4781,#651,.F.);
#3848=EDGE_CURVE('',#4803,#4802,#652,.F.);
#3849=EDGE_CURVE('',#4792,#4803,#653,.T.);
#3850=EDGE_CURVE('',#4721,#4731,#396,.T.);
#3851=EDGE_CURVE('',#4715,#4735,#397,.T.);
#3852=EDGE_CURVE('',#4804,#4805,#654,.T.);
#3853=EDGE_CURVE('',#4805,#4806,#655,.F.);
#3854=EDGE_CURVE('',#4806,#4807,#656,.F.);
#3855=EDGE_CURVE('',#4807,#4804,#657,.T.);
#3856=EDGE_CURVE('',#4808,#4809,#658,.T.);
#3857=EDGE_CURVE('',#4809,#4810,#659,.F.);
#3858=EDGE_CURVE('',#4810,#4811,#660,.F.);
#3859=EDGE_CURVE('',#4811,#4808,#661,.T.);
#3860=EDGE_CURVE('',#4812,#4813,#662,.T.);
#3861=EDGE_CURVE('',#4813,#4814,#663,.F.);
#3862=EDGE_CURVE('',#4814,#4815,#664,.F.);
#3863=EDGE_CURVE('',#4815,#4812,#665,.T.);
#3864=EDGE_CURVE('',#4816,#4817,#666,.T.);
#3865=EDGE_CURVE('',#4817,#4818,#667,.F.);
#3866=EDGE_CURVE('',#4818,#4819,#668,.F.);
#3867=EDGE_CURVE('',#4819,#4816,#669,.T.);
#3868=EDGE_CURVE('',#4820,#4821,#670,.T.);
#3869=EDGE_CURVE('',#4821,#4822,#671,.F.);
#3870=EDGE_CURVE('',#4822,#4823,#672,.F.);
#3871=EDGE_CURVE('',#4823,#4820,#673,.T.);
#3872=EDGE_CURVE('',#4824,#4825,#674,.T.);
#3873=EDGE_CURVE('',#4825,#4826,#675,.F.);
#3874=EDGE_CURVE('',#4826,#4827,#676,.F.);
#3875=EDGE_CURVE('',#4827,#4824,#677,.T.);
#3876=EDGE_CURVE('',#4740,#4738,#398,.T.);
#3877=EDGE_CURVE('',#4828,#4829,#678,.T.);
#3878=EDGE_CURVE('',#4828,#4830,#679,.T.);
#3879=EDGE_CURVE('',#4831,#4830,#680,.F.);
#3880=EDGE_CURVE('',#4831,#4829,#681,.F.);
#3881=EDGE_CURVE('',#4832,#4833,#682,.T.);
#3882=EDGE_CURVE('',#4832,#4834,#683,.T.);
#3883=EDGE_CURVE('',#4835,#4834,#684,.F.);
#3884=EDGE_CURVE('',#4835,#4833,#685,.F.);
#3885=EDGE_CURVE('',#4836,#4837,#686,.T.);
#3886=EDGE_CURVE('',#4836,#4838,#687,.T.);
#3887=EDGE_CURVE('',#4839,#4838,#688,.F.);
#3888=EDGE_CURVE('',#4839,#4837,#689,.F.);
#3889=EDGE_CURVE('',#4840,#4840,#399,.T.);
#3890=EDGE_CURVE('',#4841,#4842,#690,.T.);
#3891=EDGE_CURVE('',#4841,#4843,#691,.T.);
#3892=EDGE_CURVE('',#4844,#4843,#692,.F.);
#3893=EDGE_CURVE('',#4844,#4842,#693,.F.);
#3894=EDGE_CURVE('',#4845,#4846,#694,.T.);
#3895=EDGE_CURVE('',#4845,#4847,#695,.T.);
#3896=EDGE_CURVE('',#4848,#4847,#696,.F.);
#3897=EDGE_CURVE('',#4848,#4846,#697,.F.);
#3898=EDGE_CURVE('',#4849,#4850,#698,.T.);
#3899=EDGE_CURVE('',#4849,#4851,#699,.T.);
#3900=EDGE_CURVE('',#4852,#4851,#700,.F.);
#3901=EDGE_CURVE('',#4852,#4850,#701,.F.);
#3902=EDGE_CURVE('',#4773,#4794,#400,.T.);
#3903=EDGE_CURVE('',#4776,#4785,#401,.T.);
#3904=EDGE_CURVE('',#4853,#4854,#702,.T.);
#3905=EDGE_CURVE('',#4853,#4855,#703,.T.);
#3906=EDGE_CURVE('',#4856,#4855,#704,.F.);
#3907=EDGE_CURVE('',#4856,#4854,#705,.F.);
#3908=EDGE_CURVE('',#4857,#4858,#706,.T.);
#3909=EDGE_CURVE('',#4857,#4859,#707,.T.);
#3910=EDGE_CURVE('',#4860,#4859,#708,.F.);
#3911=EDGE_CURVE('',#4860,#4858,#709,.F.);
#3912=EDGE_CURVE('',#4861,#4862,#710,.T.);
#3913=EDGE_CURVE('',#4861,#4863,#711,.T.);
#3914=EDGE_CURVE('',#4864,#4863,#712,.F.);
#3915=EDGE_CURVE('',#4864,#4862,#713,.F.);
#3916=EDGE_CURVE('',#4865,#4866,#714,.T.);
#3917=EDGE_CURVE('',#4865,#4867,#715,.T.);
#3918=EDGE_CURVE('',#4868,#4867,#716,.F.);
#3919=EDGE_CURVE('',#4868,#4866,#717,.F.);
#3920=EDGE_CURVE('',#4869,#4870,#718,.T.);
#3921=EDGE_CURVE('',#4869,#4871,#719,.T.);
#3922=EDGE_CURVE('',#4872,#4871,#720,.F.);
#3923=EDGE_CURVE('',#4872,#4870,#721,.F.);
#3924=EDGE_CURVE('',#4873,#4874,#722,.T.);
#3925=EDGE_CURVE('',#4873,#4875,#723,.T.);
#3926=EDGE_CURVE('',#4876,#4875,#724,.F.);
#3927=EDGE_CURVE('',#4876,#4874,#725,.F.);
#3928=EDGE_CURVE('',#4800,#4797,#402,.T.);
#3929=EDGE_CURVE('',#4877,#4878,#726,.T.);
#3930=EDGE_CURVE('',#4878,#4879,#727,.F.);
#3931=EDGE_CURVE('',#4879,#4880,#728,.F.);
#3932=EDGE_CURVE('',#4880,#4877,#729,.T.);
#3933=EDGE_CURVE('',#4881,#4882,#730,.T.);
#3934=EDGE_CURVE('',#4882,#4883,#731,.F.);
#3935=EDGE_CURVE('',#4883,#4884,#732,.F.);
#3936=EDGE_CURVE('',#4884,#4881,#733,.T.);
#3937=EDGE_CURVE('',#4885,#4886,#734,.T.);
#3938=EDGE_CURVE('',#4886,#4887,#735,.F.);
#3939=EDGE_CURVE('',#4887,#4888,#736,.F.);
#3940=EDGE_CURVE('',#4888,#4885,#737,.T.);
#3941=EDGE_CURVE('',#4889,#4889,#403,.T.);
#3942=EDGE_CURVE('',#4890,#4891,#738,.T.);
#3943=EDGE_CURVE('',#4891,#4892,#739,.F.);
#3944=EDGE_CURVE('',#4892,#4893,#740,.F.);
#3945=EDGE_CURVE('',#4893,#4890,#741,.T.);
#3946=EDGE_CURVE('',#4894,#4895,#742,.T.);
#3947=EDGE_CURVE('',#4895,#4896,#743,.F.);
#3948=EDGE_CURVE('',#4896,#4897,#744,.F.);
#3949=EDGE_CURVE('',#4897,#4894,#745,.T.);
#3950=EDGE_CURVE('',#4898,#4899,#746,.T.);
#3951=EDGE_CURVE('',#4899,#4900,#747,.F.);
#3952=EDGE_CURVE('',#4900,#4901,#748,.F.);
#3953=EDGE_CURVE('',#4901,#4898,#749,.T.);
#3954=EDGE_CURVE('',#4902,#4903,#404,.F.);
#3955=EDGE_CURVE('',#4904,#4902,#405,.F.);
#3956=EDGE_CURVE('',#4905,#4904,#750,.F.);
#3957=EDGE_CURVE('',#4906,#4905,#406,.F.);
#3958=EDGE_CURVE('',#4907,#4906,#407,.F.);
#3959=EDGE_CURVE('',#4903,#4907,#751,.T.);
#3960=EDGE_CURVE('',#4908,#4909,#182,.T.);
#3961=EDGE_CURVE('',#4910,#4908,#183,.T.);
#3962=EDGE_CURVE('',#4911,#4910,#184,.T.);
#3963=EDGE_CURVE('',#4909,#4911,#185,.T.);
#3964=EDGE_CURVE('',#4912,#4912,#408,.T.);
#3965=EDGE_CURVE('',#4913,#4714,#186,.T.);
#3966=EDGE_CURVE('',#4914,#4913,#187,.T.);
#3967=EDGE_CURVE('',#4753,#4914,#188,.T.);
#3968=EDGE_CURVE('',#4915,#4915,#409,.T.);
#3969=EDGE_CURVE('',#4902,#4916,#752,.T.);
#3970=EDGE_CURVE('',#4903,#4916,#753,.T.);
#3971=EDGE_CURVE('',#4907,#4917,#754,.T.);
#3972=EDGE_CURVE('',#4917,#4906,#755,.F.);
#3973=EDGE_CURVE('',#4918,#4919,#756,.T.);
#3974=EDGE_CURVE('',#4918,#4920,#189,.T.);
#3975=EDGE_CURVE('',#4919,#4920,#757,.F.);
#3976=EDGE_CURVE('',#4921,#4922,#758,.T.);
#3977=EDGE_CURVE('',#4921,#4923,#190,.T.);
#3978=EDGE_CURVE('',#4922,#4923,#759,.T.);
#3979=EDGE_CURVE('',#4924,#4925,#191,.T.);
#3980=EDGE_CURVE('',#4926,#4924,#192,.T.);
#3981=EDGE_CURVE('',#4927,#4926,#193,.T.);
#3982=EDGE_CURVE('',#4925,#4927,#194,.T.);
#3983=EDGE_CURVE('',#4928,#4929,#195,.T.);
#3984=EDGE_CURVE('',#4929,#4930,#196,.T.);
#3985=EDGE_CURVE('',#4930,#4931,#197,.T.);
#3986=EDGE_CURVE('',#4931,#4928,#198,.T.);
#3987=EDGE_CURVE('',#4932,#4933,#410,.T.);
#3988=EDGE_CURVE('',#4933,#4934,#411,.T.);
#3989=EDGE_CURVE('',#4934,#4935,#760,.T.);
#3990=EDGE_CURVE('',#4935,#4936,#412,.T.);
#3991=EDGE_CURVE('',#4936,#4937,#413,.T.);
#3992=EDGE_CURVE('',#4937,#4932,#761,.F.);
#3993=EDGE_CURVE('',#4938,#4938,#414,.T.);
#3994=EDGE_CURVE('',#4939,#4939,#415,.T.);
#3995=EDGE_CURVE('',#4940,#4941,#199,.T.);
#3996=EDGE_CURVE('',#4942,#4940,#200,.T.);
#3997=EDGE_CURVE('',#4943,#4942,#201,.T.);
#3998=EDGE_CURVE('',#4944,#4943,#202,.T.);
#3999=EDGE_CURVE('',#4945,#4944,#203,.T.);
#4000=EDGE_CURVE('',#4941,#4945,#204,.T.);
#4001=EDGE_CURVE('',#4929,#4946,#205,.T.);
#4002=EDGE_CURVE('',#4946,#4947,#206,.T.);
#4003=EDGE_CURVE('',#4930,#4947,#207,.T.);
#4004=EDGE_CURVE('',#4947,#4948,#208,.T.);
#4005=EDGE_CURVE('',#4931,#4948,#209,.T.);
#4006=EDGE_CURVE('',#4948,#4949,#210,.T.);
#4007=EDGE_CURVE('',#4928,#4949,#211,.T.);
#4008=EDGE_CURVE('',#4949,#4946,#212,.T.);
#4009=EDGE_CURVE('',#4937,#4950,#762,.T.);
#4010=EDGE_CURVE('',#4950,#4951,#213,.T.);
#4011=EDGE_CURVE('',#4951,#4952,#763,.F.);
#4012=EDGE_CURVE('',#4952,#4953,#764,.F.);
#4013=EDGE_CURVE('',#4954,#4953,#214,.T.);
#4014=EDGE_CURVE('',#4932,#4954,#765,.T.);
#4015=EDGE_CURVE('',#4934,#4955,#766,.T.);
#4016=EDGE_CURVE('',#4955,#4956,#215,.T.);
#4017=EDGE_CURVE('',#4956,#4957,#767,.T.);
#4018=EDGE_CURVE('',#4957,#4958,#768,.T.);
#4019=EDGE_CURVE('',#4959,#4958,#216,.T.);
#4020=EDGE_CURVE('',#4935,#4959,#769,.T.);
#4021=EDGE_CURVE('',#4933,#4955,#770,.T.);
#4022=EDGE_CURVE('',#4959,#4936,#771,.F.);
#4023=EDGE_CURVE('',#4960,#4961,#772,.T.);
#4024=EDGE_CURVE('',#4960,#4921,#217,.T.);
#4025=EDGE_CURVE('',#4922,#4962,#218,.T.);
#4026=EDGE_CURVE('',#4963,#4962,#773,.T.);
#4027=EDGE_CURVE('',#4963,#4964,#774,.T.);
#4028=EDGE_CURVE('',#4964,#4965,#775,.T.);
#4029=EDGE_CURVE('',#4961,#4965,#219,.T.);
#4030=EDGE_CURVE('',#4966,#4967,#776,.T.);
#4031=EDGE_CURVE('',#4966,#4918,#220,.T.);
#4032=EDGE_CURVE('',#4919,#4968,#221,.T.);
#4033=EDGE_CURVE('',#4969,#4968,#777,.T.);
#4034=EDGE_CURVE('',#4969,#4970,#778,.F.);
#4035=EDGE_CURVE('',#4970,#4971,#779,.T.);
#4036=EDGE_CURVE('',#4967,#4971,#222,.T.);
#4037=EDGE_CURVE('',#4963,#4972,#416,.F.);
#4038=EDGE_CURVE('',#4962,#4972,#780,.T.);
#4039=EDGE_CURVE('',#4969,#4973,#417,.F.);
#4040=EDGE_CURVE('',#4968,#4973,#781,.F.);
#4041=EDGE_CURVE('',#4972,#4971,#782,.T.);
#4042=EDGE_CURVE('',#4923,#4967,#783,.T.);
#4043=EDGE_CURVE('',#4920,#4961,#784,.F.);
#4044=EDGE_CURVE('',#4973,#4965,#785,.F.);
#4045=EDGE_CURVE('',#4972,#4970,#418,.F.);
#4046=EDGE_CURVE('',#4973,#4964,#419,.F.);
#4047=EDGE_CURVE('',#4920,#4960,#223,.T.);
#4048=EDGE_CURVE('',#4923,#4966,#224,.T.);
#4049=EDGE_CURVE('',#4974,#4975,#420,.T.);
#4050=EDGE_CURVE('',#4975,#4976,#786,.F.);
#4051=EDGE_CURVE('',#4977,#4976,#5376,.T.);
#4052=EDGE_CURVE('',#4977,#4974,#787,.T.);
#4053=EDGE_CURVE('',#4978,#4979,#421,.T.);
#4054=EDGE_CURVE('',#4979,#4980,#788,.F.);
#4055=EDGE_CURVE('',#4980,#4981,#422,.T.);
#4056=EDGE_CURVE('',#4981,#4978,#789,.T.);
#4057=EDGE_CURVE('',#4982,#4983,#423,.T.);
#4058=EDGE_CURVE('',#4983,#4984,#790,.T.);
#4059=EDGE_CURVE('',#4984,#4985,#424,.T.);
#4060=EDGE_CURVE('',#4985,#4982,#791,.F.);
#4061=EDGE_CURVE('',#4986,#4986,#425,.T.);
#4062=EDGE_CURVE('',#4987,#4987,#426,.T.);
#4063=EDGE_CURVE('',#4988,#4988,#427,.T.);
#4064=EDGE_CURVE('',#4989,#4990,#792,.F.);
#4065=EDGE_CURVE('',#4990,#4975,#793,.F.);
#4066=EDGE_CURVE('',#4974,#4989,#794,.T.);
#4067=EDGE_CURVE('',#4979,#4991,#795,.T.);
#4068=EDGE_CURVE('',#4992,#4991,#796,.F.);
#4069=EDGE_CURVE('',#4993,#4992,#797,.F.);
#4070=EDGE_CURVE('',#4994,#4993,#798,.T.);
#4071=EDGE_CURVE('',#4994,#4995,#799,.T.);
#4072=EDGE_CURVE('',#4996,#4995,#800,.T.);
#4073=EDGE_CURVE('',#4980,#4996,#801,.T.);
#4074=EDGE_CURVE('',#4981,#4997,#802,.T.);
#4075=EDGE_CURVE('',#4998,#4997,#803,.F.);
#4076=EDGE_CURVE('',#4978,#4998,#804,.T.);
#4077=EDGE_CURVE('',#4983,#4999,#805,.T.);
#4078=EDGE_CURVE('',#5000,#4999,#806,.F.);
#4079=EDGE_CURVE('',#4957,#5000,#807,.T.);
#4080=EDGE_CURVE('',#4953,#4956,#808,.T.);
#4081=EDGE_CURVE('',#4984,#4952,#809,.T.);
#4082=EDGE_CURVE('',#4985,#5001,#810,.T.);
#4083=EDGE_CURVE('',#5002,#5001,#811,.T.);
#4084=EDGE_CURVE('',#4982,#5002,#812,.T.);
#4085=EDGE_CURVE('',#4997,#4996,#428,.T.);
#4086=EDGE_CURVE('',#4995,#4998,#429,.T.);
#4087=EDGE_CURVE('',#5003,#4994,#813,.T.);
#4088=EDGE_CURVE('',#5003,#5004,#814,.F.);
#4089=EDGE_CURVE('',#4991,#5004,#815,.F.);
#4090=EDGE_CURVE('',#5005,#5006,#430,.F.);
#4091=EDGE_CURVE('',#5007,#5005,#816,.F.);
#4092=EDGE_CURVE('',#5008,#5007,#431,.F.);
#4093=EDGE_CURVE('',#5006,#5008,#817,.T.);
#4094=EDGE_CURVE('',#5009,#5009,#432,.T.);
#4095=EDGE_CURVE('',#5010,#5010,#433,.T.);
#4096=EDGE_CURVE('',#5011,#5012,#818,.T.);
#4097=EDGE_CURVE('',#5011,#5013,#434,.F.);
#4098=EDGE_CURVE('',#5013,#5014,#435,.F.);
#4099=EDGE_CURVE('',#5015,#5014,#819,.F.);
#4100=EDGE_CURVE('',#5015,#5016,#436,.F.);
#4101=EDGE_CURVE('',#5016,#5012,#437,.F.);
#4102=EDGE_CURVE('',#5017,#5017,#438,.T.);
#4103=EDGE_CURVE('',#5018,#5018,#439,.T.);
#4104=EDGE_CURVE('',#5011,#5019,#820,.T.);
#4105=EDGE_CURVE('',#5013,#5019,#821,.T.);
#4106=EDGE_CURVE('',#5015,#5020,#822,.T.);
#4107=EDGE_CURVE('',#5016,#5020,#823,.F.);
#4108=EDGE_CURVE('',#4748,#5021,#824,.T.);
#4109=EDGE_CURVE('',#5021,#4749,#825,.F.);
#4110=EDGE_CURVE('',#4751,#5022,#826,.T.);
#4111=EDGE_CURVE('',#5022,#4752,#827,.T.);
#4112=EDGE_CURVE('',#5014,#5023,#828,.T.);
#4113=EDGE_CURVE('',#5022,#5023,#225,.T.);
#4114=EDGE_CURVE('',#4750,#5024,#829,.T.);
#4115=EDGE_CURVE('',#5024,#5020,#226,.T.);
#4116=EDGE_CURVE('',#5025,#5019,#227,.T.);
#4117=EDGE_CURVE('',#4752,#5025,#830,.T.);
#4118=EDGE_CURVE('',#5023,#5013,#831,.T.);
#4119=EDGE_CURVE('',#5012,#5026,#832,.T.);
#4120=EDGE_CURVE('',#5021,#5026,#228,.T.);
#4121=EDGE_CURVE('',#4747,#5025,#833,.T.);
#4122=EDGE_CURVE('',#5026,#5016,#834,.F.);
#4123=EDGE_CURVE('',#4749,#5024,#835,.F.);
#4124=EDGE_CURVE('',#5027,#4754,#229,.T.);
#4125=EDGE_CURVE('',#5028,#5027,#230,.T.);
#4126=EDGE_CURVE('',#4774,#5028,#231,.T.);
#4127=EDGE_CURVE('',#5029,#5030,#232,.T.);
#4128=EDGE_CURVE('',#5030,#5031,#233,.T.);
#4129=EDGE_CURVE('',#5031,#5032,#234,.T.);
#4130=EDGE_CURVE('',#5032,#5029,#235,.T.);
#4131=EDGE_CURVE('',#5033,#5034,#836,.F.);
#4132=EDGE_CURVE('',#5034,#5035,#440,.T.);
#4133=EDGE_CURVE('',#5035,#5036,#441,.T.);
#4134=EDGE_CURVE('',#5036,#5037,#837,.T.);
#4135=EDGE_CURVE('',#5037,#5038,#442,.T.);
#4136=EDGE_CURVE('',#5038,#5033,#443,.T.);
#4137=EDGE_CURVE('',#5039,#5039,#444,.T.);
#4138=EDGE_CURVE('',#5040,#5040,#445,.T.);
#4139=EDGE_CURVE('',#5041,#5042,#236,.T.);
#4140=EDGE_CURVE('',#5042,#5043,#237,.T.);
#4141=EDGE_CURVE('',#5043,#5044,#238,.T.);
#4142=EDGE_CURVE('',#5044,#5045,#239,.T.);
#4143=EDGE_CURVE('',#5045,#5046,#240,.T.);
#4144=EDGE_CURVE('',#5046,#5041,#241,.T.);
#4145=EDGE_CURVE('',#5047,#5030,#242,.T.);
#4146=EDGE_CURVE('',#5048,#5047,#243,.T.);
#4147=EDGE_CURVE('',#5048,#5031,#244,.T.);
#4148=EDGE_CURVE('',#5049,#5029,#245,.T.);
#4149=EDGE_CURVE('',#5047,#5049,#246,.T.);
#4150=EDGE_CURVE('',#5050,#5032,#247,.T.);
#4151=EDGE_CURVE('',#5049,#5050,#248,.T.);
#4152=EDGE_CURVE('',#5050,#5048,#249,.T.);
#4153=EDGE_CURVE('',#5036,#5051,#838,.T.);
#4154=EDGE_CURVE('',#5051,#5052,#250,.T.);
#4155=EDGE_CURVE('',#5052,#5053,#839,.F.);
#4156=EDGE_CURVE('',#5053,#5054,#840,.F.);
#4157=EDGE_CURVE('',#5055,#5054,#251,.T.);
#4158=EDGE_CURVE('',#5037,#5055,#841,.T.);
#4159=EDGE_CURVE('',#5033,#5056,#842,.T.);
#4160=EDGE_CURVE('',#5056,#5057,#252,.T.);
#4161=EDGE_CURVE('',#5057,#5058,#843,.T.);
#4162=EDGE_CURVE('',#5058,#5059,#844,.T.);
#4163=EDGE_CURVE('',#5060,#5059,#253,.T.);
#4164=EDGE_CURVE('',#5034,#5060,#845,.T.);
#4165=EDGE_CURVE('',#5035,#5060,#846,.T.);
#4166=EDGE_CURVE('',#5056,#5038,#847,.F.);
#4167=EDGE_CURVE('',#4999,#5002,#446,.T.);
#4168=EDGE_CURVE('',#4958,#4951,#848,.F.);
#4169=EDGE_CURVE('',#5001,#5000,#447,.T.);
#4170=EDGE_CURVE('',#5061,#5062,#849,.F.);
#4171=EDGE_CURVE('',#5063,#5061,#448,.F.);
#4172=EDGE_CURVE('',#5064,#5063,#850,.T.);
#4173=EDGE_CURVE('',#5062,#5064,#449,.F.);
#4174=EDGE_CURVE('',#5065,#5066,#851,.T.);
#4175=EDGE_CURVE('',#5067,#5065,#450,.F.);
#4176=EDGE_CURVE('',#5068,#5067,#852,.F.);
#4177=EDGE_CURVE('',#5066,#5068,#451,.F.);
#4178=EDGE_CURVE('',#5069,#5070,#5377,.T.);
#4179=EDGE_CURVE('',#5069,#5071,#853,.T.);
#4180=EDGE_CURVE('',#5071,#5072,#452,.T.);
#4181=EDGE_CURVE('',#5072,#5070,#854,.F.);
#4182=EDGE_CURVE('',#5073,#5073,#453,.T.);
#4183=EDGE_CURVE('',#5074,#5075,#454,.T.);
#4184=EDGE_CURVE('',#5074,#5076,#855,.T.);
#4185=EDGE_CURVE('',#5077,#5076,#455,.T.);
#4186=EDGE_CURVE('',#5078,#5077,#456,.T.);
#4187=EDGE_CURVE('',#5078,#5079,#856,.F.);
#4188=EDGE_CURVE('',#5075,#5079,#457,.T.);
#4189=EDGE_CURVE('',#5080,#5080,#458,.T.);
#4190=EDGE_CURVE('',#5081,#5081,#459,.T.);
#4191=EDGE_CURVE('',#5071,#5082,#857,.F.);
#4192=EDGE_CURVE('',#5082,#5083,#858,.T.);
#4193=EDGE_CURVE('',#5083,#5072,#859,.T.);
#4194=EDGE_CURVE('',#5078,#5084,#860,.T.);
#4195=EDGE_CURVE('',#5085,#5084,#254,.T.);
#4196=EDGE_CURVE('',#5042,#5085,#861,.T.);
#4197=EDGE_CURVE('',#5041,#5086,#862,.T.);
#4198=EDGE_CURVE('',#5086,#5087,#255,.T.);
#4199=EDGE_CURVE('',#5079,#5087,#863,.T.);
#4200=EDGE_CURVE('',#5074,#5088,#864,.T.);
#4201=EDGE_CURVE('',#5089,#5088,#256,.T.);
#4202=EDGE_CURVE('',#5045,#5089,#865,.T.);
#4203=EDGE_CURVE('',#5044,#5090,#866,.T.);
#4204=EDGE_CURVE('',#5090,#5091,#257,.T.);
#4205=EDGE_CURVE('',#5076,#5091,#867,.T.);
#4206=EDGE_CURVE('',#5075,#5088,#868,.T.);
#4207=EDGE_CURVE('',#5077,#5084,#869,.F.);
#4208=EDGE_CURVE('',#5043,#5085,#870,.F.);
#4209=EDGE_CURVE('',#5046,#5089,#871,.T.);
#4210=EDGE_CURVE('',#5091,#5077,#872,.F.);
#4211=EDGE_CURVE('',#5090,#5043,#873,.F.);
#4212=EDGE_CURVE('',#5087,#5075,#874,.T.);
#4213=EDGE_CURVE('',#5086,#5046,#875,.T.);
#4214=EDGE_CURVE('',#5092,#5093,#460,.F.);
#4215=EDGE_CURVE('',#5094,#5092,#876,.F.);
#4216=EDGE_CURVE('',#5095,#5094,#461,.F.);
#4217=EDGE_CURVE('',#5096,#5095,#462,.F.);
#4218=EDGE_CURVE('',#5097,#5096,#877,.T.);
#4219=EDGE_CURVE('',#5093,#5097,#463,.F.);
#4220=EDGE_CURVE('',#5098,#5098,#464,.T.);
#4221=EDGE_CURVE('',#5099,#5099,#465,.T.);
#4222=EDGE_CURVE('',#4940,#5100,#878,.T.);
#4223=EDGE_CURVE('',#4941,#5100,#879,.F.);
#4224=EDGE_CURVE('',#4944,#5101,#880,.T.);
#4225=EDGE_CURVE('',#4943,#5101,#881,.T.);
#4226=EDGE_CURVE('',#5102,#5103,#882,.T.);
#4227=EDGE_CURVE('',#5102,#5104,#466,.T.);
#4228=EDGE_CURVE('',#5103,#5104,#883,.T.);
#4229=EDGE_CURVE('',#5105,#5106,#884,.T.);
#4230=EDGE_CURVE('',#5105,#5107,#467,.T.);
#4231=EDGE_CURVE('',#5106,#5107,#885,.F.);
#4232=EDGE_CURVE('',#4942,#5108,#886,.T.);
#4233=EDGE_CURVE('',#5100,#5109,#258,.T.);
#4234=EDGE_CURVE('',#5110,#5109,#887,.T.);
#4235=EDGE_CURVE('',#5102,#5110,#888,.T.);
#4236=EDGE_CURVE('',#5108,#5103,#259,.T.);
#4237=EDGE_CURVE('',#5101,#5111,#260,.T.);
#4238=EDGE_CURVE('',#5108,#4943,#889,.T.);
#4239=EDGE_CURVE('',#5104,#5111,#890,.T.);
#4240=EDGE_CURVE('',#4945,#5112,#891,.T.);
#4241=EDGE_CURVE('',#5113,#5111,#892,.T.);
#4242=EDGE_CURVE('',#5105,#5113,#893,.F.);
#4243=EDGE_CURVE('',#5112,#5106,#261,.T.);
#4244=EDGE_CURVE('',#5107,#5109,#894,.F.);
#4245=EDGE_CURVE('',#5112,#4941,#895,.F.);
#4246=EDGE_CURVE('',#5104,#5113,#468,.T.);
#4247=EDGE_CURVE('',#5107,#5110,#469,.T.);
#4248=EDGE_CURVE('',#5114,#5115,#470,.T.);
#4249=EDGE_CURVE('',#5115,#5116,#896,.T.);
#4250=EDGE_CURVE('',#5116,#5117,#471,.T.);
#4251=EDGE_CURVE('',#5117,#5114,#897,.F.);
#4252=EDGE_CURVE('',#5118,#5118,#472,.T.);
#4253=EDGE_CURVE('',#5119,#5119,#473,.T.);
#4254=EDGE_CURVE('',#5120,#5120,#474,.T.);
#4255=EDGE_CURVE('',#5121,#5121,#475,.T.);
#4256=EDGE_CURVE('',#5092,#5122,#898,.T.);
#4257=EDGE_CURVE('',#5093,#5122,#899,.T.);
#4258=EDGE_CURVE('',#5123,#5095,#900,.F.);
#4259=EDGE_CURVE('',#5094,#5123,#901,.T.);
#4260=EDGE_CURVE('',#5123,#5124,#262,.T.);
#4261=EDGE_CURVE('',#5124,#5125,#902,.T.);
#4262=EDGE_CURVE('',#5126,#5125,#263,.T.);
#4263=EDGE_CURVE('',#5095,#5126,#903,.F.);
#4264=EDGE_CURVE('',#5125,#5127,#904,.F.);
#4265=EDGE_CURVE('',#5127,#5128,#905,.F.);
#4266=EDGE_CURVE('',#5129,#5128,#264,.T.);
#4267=EDGE_CURVE('',#5097,#5129,#906,.T.);
#4268=EDGE_CURVE('',#5096,#5126,#907,.T.);
#4269=EDGE_CURVE('',#5128,#5130,#908,.T.);
#4270=EDGE_CURVE('',#5122,#5130,#265,.T.);
#4271=EDGE_CURVE('',#5129,#5093,#909,.T.);
#4272=EDGE_CURVE('',#5130,#5131,#910,.T.);
#4273=EDGE_CURVE('',#5131,#5124,#911,.T.);
#4274=EDGE_CURVE('',#5131,#5066,#912,.T.);
#4275=EDGE_CURVE('',#5117,#5068,#913,.T.);
#4276=EDGE_CURVE('',#5116,#5127,#914,.T.);
#4277=EDGE_CURVE('',#5115,#5065,#915,.T.);
#4278=EDGE_CURVE('',#5114,#5067,#916,.T.);
#4279=EDGE_CURVE('',#4936,#4950,#917,.F.);
#4280=EDGE_CURVE('',#4954,#4933,#918,.T.);
#4281=EDGE_CURVE('',#5006,#5062,#919,.T.);
#4282=EDGE_CURVE('',#5008,#5053,#920,.T.);
#4283=EDGE_CURVE('',#5059,#5052,#921,.F.);
#4284=EDGE_CURVE('',#5058,#5061,#922,.T.);
#4285=EDGE_CURVE('',#5007,#5063,#923,.T.);
#4286=EDGE_CURVE('',#5005,#5064,#924,.T.);
#4287=EDGE_CURVE('',#5057,#5054,#925,.F.);
#4288=EDGE_CURVE('',#5038,#5055,#926,.F.);
#4289=EDGE_CURVE('',#5051,#5035,#927,.T.);
#4290=EDGE_CURVE('',#4914,#5027,#266,.T.);
#4291=EDGE_CURVE('',#4913,#5028,#267,.T.);
#4292=EDGE_CURVE('',#4917,#5003,#268,.T.);
#4293=EDGE_CURVE('',#4916,#4993,#269,.T.);
#4294=EDGE_CURVE('',#5132,#4992,#270,.T.);
#4295=EDGE_CURVE('',#5132,#4902,#928,.T.);
#4296=EDGE_CURVE('',#4905,#5133,#929,.T.);
#4297=EDGE_CURVE('',#4904,#5132,#930,.T.);
#4298=EDGE_CURVE('',#5133,#5004,#271,.T.);
#4299=EDGE_CURVE('',#4906,#5133,#931,.F.);
#4300=EDGE_CURVE('',#4925,#4908,#272,.T.);
#4301=EDGE_CURVE('',#4924,#4909,#273,.T.);
#4302=EDGE_CURVE('',#4927,#4910,#274,.T.);
#4303=EDGE_CURVE('',#4926,#4911,#275,.T.);
#4304=EDGE_CURVE('',#5134,#4901,#276,.T.);
#4305=EDGE_CURVE('',#5135,#5134,#932,.T.);
#4306=EDGE_CURVE('',#5135,#5136,#933,.F.);
#4307=EDGE_CURVE('',#5136,#5137,#934,.T.);
#4308=EDGE_CURVE('',#5137,#4898,#277,.T.);
#4309=EDGE_CURVE('',#5138,#4899,#278,.T.);
#4310=EDGE_CURVE('',#5139,#5138,#935,.T.);
#4311=EDGE_CURVE('',#5139,#5140,#936,.T.);
#4312=EDGE_CURVE('',#5140,#5141,#937,.T.);
#4313=EDGE_CURVE('',#5141,#4900,#279,.T.);
#4314=EDGE_CURVE('',#5142,#4880,#280,.T.);
#4315=EDGE_CURVE('',#5143,#5142,#938,.T.);
#4316=EDGE_CURVE('',#5143,#5144,#939,.F.);
#4317=EDGE_CURVE('',#5144,#5145,#940,.T.);
#4318=EDGE_CURVE('',#5145,#4877,#281,.T.);
#4319=EDGE_CURVE('',#5146,#4878,#282,.T.);
#4320=EDGE_CURVE('',#5147,#5146,#941,.T.);
#4321=EDGE_CURVE('',#5147,#5148,#942,.T.);
#4322=EDGE_CURVE('',#5148,#5149,#943,.T.);
#4323=EDGE_CURVE('',#5149,#4879,#283,.T.);
#4324=EDGE_CURVE('',#5150,#4897,#284,.T.);
#4325=EDGE_CURVE('',#5151,#5150,#944,.T.);
#4326=EDGE_CURVE('',#5151,#5152,#945,.F.);
#4327=EDGE_CURVE('',#5152,#5153,#946,.T.);
#4328=EDGE_CURVE('',#5153,#4894,#285,.T.);
#4329=EDGE_CURVE('',#5154,#4895,#286,.T.);
#4330=EDGE_CURVE('',#5155,#5154,#947,.T.);
#4331=EDGE_CURVE('',#5155,#5156,#948,.T.);
#4332=EDGE_CURVE('',#5156,#5157,#949,.T.);
#4333=EDGE_CURVE('',#5157,#4896,#287,.T.);
#4334=EDGE_CURVE('',#5158,#4884,#288,.T.);
#4335=EDGE_CURVE('',#5159,#5158,#950,.T.);
#4336=EDGE_CURVE('',#5159,#5160,#951,.F.);
#4337=EDGE_CURVE('',#5160,#5161,#952,.T.);
#4338=EDGE_CURVE('',#5161,#4881,#289,.T.);
#4339=EDGE_CURVE('',#5162,#4882,#290,.T.);
#4340=EDGE_CURVE('',#5163,#5162,#953,.T.);
#4341=EDGE_CURVE('',#5163,#5164,#954,.T.);
#4342=EDGE_CURVE('',#5164,#5165,#955,.T.);
#4343=EDGE_CURVE('',#5165,#4883,#291,.T.);
#4344=EDGE_CURVE('',#5166,#4893,#292,.T.);
#4345=EDGE_CURVE('',#5167,#5166,#956,.T.);
#4346=EDGE_CURVE('',#5167,#5168,#957,.F.);
#4347=EDGE_CURVE('',#5168,#5169,#958,.T.);
#4348=EDGE_CURVE('',#5169,#4890,#293,.T.);
#4349=EDGE_CURVE('',#5170,#4891,#294,.T.);
#4350=EDGE_CURVE('',#5171,#5170,#959,.T.);
#4351=EDGE_CURVE('',#5171,#5172,#960,.T.);
#4352=EDGE_CURVE('',#5172,#5173,#961,.T.);
#4353=EDGE_CURVE('',#5173,#4892,#295,.T.);
#4354=EDGE_CURVE('',#5174,#4888,#296,.T.);
#4355=EDGE_CURVE('',#5175,#5174,#962,.T.);
#4356=EDGE_CURVE('',#5175,#5176,#963,.F.);
#4357=EDGE_CURVE('',#5176,#5177,#964,.T.);
#4358=EDGE_CURVE('',#5177,#4885,#297,.T.);
#4359=EDGE_CURVE('',#5178,#4886,#298,.T.);
#4360=EDGE_CURVE('',#5179,#5178,#965,.T.);
#4361=EDGE_CURVE('',#5179,#5180,#966,.T.);
#4362=EDGE_CURVE('',#5180,#5181,#967,.T.);
#4363=EDGE_CURVE('',#5181,#4887,#299,.T.);
#4364=EDGE_CURVE('',#5137,#5138,#968,.T.);
#4365=EDGE_CURVE('',#5141,#5134,#969,.F.);
#4366=EDGE_CURVE('',#5143,#5140,#476,.T.);
#4367=EDGE_CURVE('',#5149,#5142,#970,.F.);
#4368=EDGE_CURVE('',#5159,#5148,#477,.T.);
#4369=EDGE_CURVE('',#5165,#5158,#971,.F.);
#4370=EDGE_CURVE('',#5151,#5164,#478,.T.);
#4371=EDGE_CURVE('',#5157,#5150,#972,.F.);
#4372=EDGE_CURVE('',#5167,#5156,#479,.T.);
#4373=EDGE_CURVE('',#5173,#5166,#973,.F.);
#4374=EDGE_CURVE('',#5175,#5172,#480,.T.);
#4375=EDGE_CURVE('',#5181,#5174,#974,.F.);
#4376=EDGE_CURVE('',#5135,#5180,#481,.T.);
#4377=EDGE_CURVE('',#5182,#5182,#482,.T.);
#4378=EDGE_CURVE('',#5183,#5183,#483,.T.);
#4379=EDGE_CURVE('',#5184,#5184,#484,.T.);
#4380=EDGE_CURVE('',#5185,#5185,#485,.T.);
#4381=EDGE_CURVE('',#5144,#5139,#486,.T.);
#4382=EDGE_CURVE('',#5136,#5179,#487,.T.);
#4383=EDGE_CURVE('',#5177,#5178,#975,.T.);
#4384=EDGE_CURVE('',#5176,#5171,#488,.T.);
#4385=EDGE_CURVE('',#5169,#5170,#976,.T.);
#4386=EDGE_CURVE('',#5168,#5155,#489,.T.);
#4387=EDGE_CURVE('',#5153,#5154,#977,.T.);
#4388=EDGE_CURVE('',#5152,#5163,#490,.T.);
#4389=EDGE_CURVE('',#5161,#5162,#978,.T.);
#4390=EDGE_CURVE('',#5160,#5147,#491,.T.);
#4391=EDGE_CURVE('',#5145,#5146,#979,.T.);
#4392=EDGE_CURVE('',#5186,#5186,#492,.T.);
#4393=EDGE_CURVE('',#5187,#5187,#493,.T.);
#4394=EDGE_CURVE('',#5188,#5188,#494,.T.);
#4395=EDGE_CURVE('',#5189,#5189,#495,.T.);
#4396=EDGE_CURVE('',#5190,#4873,#300,.T.);
#4397=EDGE_CURVE('',#5191,#5190,#980,.T.);
#4398=EDGE_CURVE('',#5192,#5191,#981,.F.);
#4399=EDGE_CURVE('',#5192,#5193,#982,.T.);
#4400=EDGE_CURVE('',#5193,#4875,#301,.T.);
#4401=EDGE_CURVE('',#5194,#4876,#302,.T.);
#4402=EDGE_CURVE('',#5195,#5194,#983,.T.);
#4403=EDGE_CURVE('',#5196,#5195,#984,.T.);
#4404=EDGE_CURVE('',#5196,#5197,#985,.T.);
#4405=EDGE_CURVE('',#5197,#4874,#303,.T.);
#4406=EDGE_CURVE('',#5198,#4853,#304,.T.);
#4407=EDGE_CURVE('',#5199,#5198,#986,.T.);
#4408=EDGE_CURVE('',#5200,#5199,#987,.F.);
#4409=EDGE_CURVE('',#5200,#5201,#988,.T.);
#4410=EDGE_CURVE('',#5201,#4855,#305,.T.);
#4411=EDGE_CURVE('',#5202,#4856,#306,.T.);
#4412=EDGE_CURVE('',#5203,#5202,#989,.T.);
#4413=EDGE_CURVE('',#5204,#5203,#990,.T.);
#4414=EDGE_CURVE('',#5204,#5205,#991,.T.);
#4415=EDGE_CURVE('',#5205,#4854,#307,.T.);
#4416=EDGE_CURVE('',#5206,#4869,#308,.T.);
#4417=EDGE_CURVE('',#5207,#5206,#992,.T.);
#4418=EDGE_CURVE('',#5208,#5207,#993,.F.);
#4419=EDGE_CURVE('',#5208,#5209,#994,.T.);
#4420=EDGE_CURVE('',#5209,#4871,#309,.T.);
#4421=EDGE_CURVE('',#5210,#4872,#310,.T.);
#4422=EDGE_CURVE('',#5211,#5210,#995,.T.);
#4423=EDGE_CURVE('',#5212,#5211,#996,.T.);
#4424=EDGE_CURVE('',#5212,#5213,#997,.T.);
#4425=EDGE_CURVE('',#5213,#4870,#311,.T.);
#4426=EDGE_CURVE('',#5214,#4857,#312,.T.);
#4427=EDGE_CURVE('',#5215,#5214,#998,.T.);
#4428=EDGE_CURVE('',#5216,#5215,#999,.F.);
#4429=EDGE_CURVE('',#5216,#5217,#1000,.T.);
#4430=EDGE_CURVE('',#5217,#4859,#313,.T.);
#4431=EDGE_CURVE('',#5218,#4860,#314,.T.);
#4432=EDGE_CURVE('',#5219,#5218,#1001,.T.);
#4433=EDGE_CURVE('',#5220,#5219,#1002,.T.);
#4434=EDGE_CURVE('',#5220,#5221,#1003,.T.);
#4435=EDGE_CURVE('',#5221,#4858,#315,.T.);
#4436=EDGE_CURVE('',#5222,#4865,#316,.T.);
#4437=EDGE_CURVE('',#5223,#5222,#1004,.T.);
#4438=EDGE_CURVE('',#5224,#5223,#1005,.F.);
#4439=EDGE_CURVE('',#5224,#5225,#1006,.T.);
#4440=EDGE_CURVE('',#5225,#4867,#317,.T.);
#4441=EDGE_CURVE('',#5226,#4868,#318,.T.);
#4442=EDGE_CURVE('',#5227,#5226,#1007,.T.);
#4443=EDGE_CURVE('',#5228,#5227,#1008,.T.);
#4444=EDGE_CURVE('',#5228,#5229,#1009,.T.);
#4445=EDGE_CURVE('',#5229,#4866,#319,.T.);
#4446=EDGE_CURVE('',#5230,#4861,#320,.T.);
#4447=EDGE_CURVE('',#5231,#5230,#1010,.T.);
#4448=EDGE_CURVE('',#5232,#5231,#1011,.F.);
#4449=EDGE_CURVE('',#5232,#5233,#1012,.T.);
#4450=EDGE_CURVE('',#5233,#4863,#321,.T.);
#4451=EDGE_CURVE('',#5234,#4864,#322,.T.);
#4452=EDGE_CURVE('',#5235,#5234,#1013,.T.);
#4453=EDGE_CURVE('',#5236,#5235,#1014,.T.);
#4454=EDGE_CURVE('',#5236,#5237,#1015,.T.);
#4455=EDGE_CURVE('',#5237,#4862,#323,.T.);
#4456=EDGE_CURVE('',#5190,#5197,#1016,.T.);
#4457=EDGE_CURVE('',#5194,#5193,#1017,.F.);
#4458=EDGE_CURVE('',#5192,#5235,#496,.T.);
#4459=EDGE_CURVE('',#5234,#5233,#1018,.F.);
#4460=EDGE_CURVE('',#5232,#5227,#497,.T.);
#4461=EDGE_CURVE('',#5226,#5225,#1019,.F.);
#4462=EDGE_CURVE('',#5224,#5211,#498,.T.);
#4463=EDGE_CURVE('',#5210,#5209,#1020,.F.);
#4464=EDGE_CURVE('',#5208,#5219,#499,.T.);
#4465=EDGE_CURVE('',#5218,#5217,#1021,.F.);
#4466=EDGE_CURVE('',#5216,#5203,#500,.T.);
#4467=EDGE_CURVE('',#5202,#5201,#1022,.F.);
#4468=EDGE_CURVE('',#5200,#5195,#501,.T.);
#4469=EDGE_CURVE('',#5238,#5238,#502,.T.);
#4470=EDGE_CURVE('',#5239,#5239,#503,.T.);
#4471=EDGE_CURVE('',#5240,#5240,#504,.T.);
#4472=EDGE_CURVE('',#5241,#5241,#505,.T.);
#4473=EDGE_CURVE('',#5199,#5196,#506,.T.);
#4474=EDGE_CURVE('',#5198,#5205,#1023,.T.);
#4475=EDGE_CURVE('',#5215,#5204,#507,.T.);
#4476=EDGE_CURVE('',#5214,#5221,#1024,.T.);
#4477=EDGE_CURVE('',#5207,#5220,#508,.T.);
#4478=EDGE_CURVE('',#5206,#5213,#1025,.T.);
#4479=EDGE_CURVE('',#5223,#5212,#509,.T.);
#4480=EDGE_CURVE('',#5222,#5229,#1026,.T.);
#4481=EDGE_CURVE('',#5231,#5228,#510,.T.);
#4482=EDGE_CURVE('',#5230,#5237,#1027,.T.);
#4483=EDGE_CURVE('',#5191,#5236,#511,.T.);
#4484=EDGE_CURVE('',#5242,#5242,#512,.T.);
#4485=EDGE_CURVE('',#5243,#5243,#513,.T.);
#4486=EDGE_CURVE('',#5244,#5244,#514,.T.);
#4487=EDGE_CURVE('',#5245,#5245,#515,.T.);
#4488=EDGE_CURVE('',#5246,#4849,#324,.T.);
#4489=EDGE_CURVE('',#5247,#5246,#1028,.T.);
#4490=EDGE_CURVE('',#5248,#5247,#1029,.F.);
#4491=EDGE_CURVE('',#5248,#5249,#1030,.T.);
#4492=EDGE_CURVE('',#5249,#4851,#325,.T.);
#4493=EDGE_CURVE('',#5250,#4852,#326,.T.);
#4494=EDGE_CURVE('',#5251,#5250,#1031,.T.);
#4495=EDGE_CURVE('',#5252,#5251,#1032,.T.);
#4496=EDGE_CURVE('',#5252,#5253,#1033,.T.);
#4497=EDGE_CURVE('',#5253,#4850,#327,.T.);
#4498=EDGE_CURVE('',#5254,#4828,#328,.T.);
#4499=EDGE_CURVE('',#5255,#5254,#1034,.T.);
#4500=EDGE_CURVE('',#5256,#5255,#1035,.F.);
#4501=EDGE_CURVE('',#5256,#5257,#1036,.T.);
#4502=EDGE_CURVE('',#5257,#4830,#329,.T.);
#4503=EDGE_CURVE('',#5258,#4831,#330,.T.);
#4504=EDGE_CURVE('',#5259,#5258,#1037,.T.);
#4505=EDGE_CURVE('',#5260,#5259,#1038,.T.);
#4506=EDGE_CURVE('',#5260,#5261,#1039,.T.);
#4507=EDGE_CURVE('',#5261,#4829,#331,.T.);
#4508=EDGE_CURVE('',#5262,#4845,#332,.T.);
#4509=EDGE_CURVE('',#5263,#5262,#1040,.T.);
#4510=EDGE_CURVE('',#5264,#5263,#1041,.F.);
#4511=EDGE_CURVE('',#5264,#5265,#1042,.T.);
#4512=EDGE_CURVE('',#5265,#4847,#333,.T.);
#4513=EDGE_CURVE('',#5266,#4848,#334,.T.);
#4514=EDGE_CURVE('',#5267,#5266,#1043,.T.);
#4515=EDGE_CURVE('',#5268,#5267,#1044,.T.);
#4516=EDGE_CURVE('',#5268,#5269,#1045,.T.);
#4517=EDGE_CURVE('',#5269,#4846,#335,.T.);
#4518=EDGE_CURVE('',#5270,#4832,#336,.T.);
#4519=EDGE_CURVE('',#5271,#5270,#1046,.T.);
#4520=EDGE_CURVE('',#5272,#5271,#1047,.F.);
#4521=EDGE_CURVE('',#5272,#5273,#1048,.T.);
#4522=EDGE_CURVE('',#5273,#4834,#337,.T.);
#4523=EDGE_CURVE('',#5274,#4835,#338,.T.);
#4524=EDGE_CURVE('',#5275,#5274,#1049,.T.);
#4525=EDGE_CURVE('',#5276,#5275,#1050,.T.);
#4526=EDGE_CURVE('',#5276,#5277,#1051,.T.);
#4527=EDGE_CURVE('',#5277,#4833,#339,.T.);
#4528=EDGE_CURVE('',#5278,#4841,#340,.T.);
#4529=EDGE_CURVE('',#5279,#5278,#1052,.T.);
#4530=EDGE_CURVE('',#5280,#5279,#1053,.F.);
#4531=EDGE_CURVE('',#5280,#5281,#1054,.T.);
#4532=EDGE_CURVE('',#5281,#4843,#341,.T.);
#4533=EDGE_CURVE('',#5282,#4844,#342,.T.);
#4534=EDGE_CURVE('',#5283,#5282,#1055,.T.);
#4535=EDGE_CURVE('',#5284,#5283,#1056,.T.);
#4536=EDGE_CURVE('',#5284,#5285,#1057,.T.);
#4537=EDGE_CURVE('',#5285,#4842,#343,.T.);
#4538=EDGE_CURVE('',#5286,#4836,#344,.T.);
#4539=EDGE_CURVE('',#5287,#5286,#1058,.T.);
#4540=EDGE_CURVE('',#5288,#5287,#1059,.F.);
#4541=EDGE_CURVE('',#5288,#5289,#1060,.T.);
#4542=EDGE_CURVE('',#5289,#4838,#345,.T.);
#4543=EDGE_CURVE('',#5290,#4839,#346,.T.);
#4544=EDGE_CURVE('',#5291,#5290,#1061,.T.);
#4545=EDGE_CURVE('',#5292,#5291,#1062,.T.);
#4546=EDGE_CURVE('',#5292,#5293,#1063,.T.);
#4547=EDGE_CURVE('',#5293,#4837,#347,.T.);
#4548=EDGE_CURVE('',#5246,#5253,#1064,.T.);
#4549=EDGE_CURVE('',#5250,#5249,#1065,.F.);
#4550=EDGE_CURVE('',#5248,#5291,#516,.T.);
#4551=EDGE_CURVE('',#5290,#5289,#1066,.F.);
#4552=EDGE_CURVE('',#5288,#5283,#517,.T.);
#4553=EDGE_CURVE('',#5282,#5281,#1067,.F.);
#4554=EDGE_CURVE('',#5280,#5267,#518,.T.);
#4555=EDGE_CURVE('',#5266,#5265,#1068,.F.);
#4556=EDGE_CURVE('',#5264,#5275,#519,.T.);
#4557=EDGE_CURVE('',#5274,#5273,#1069,.F.);
#4558=EDGE_CURVE('',#5272,#5259,#520,.T.);
#4559=EDGE_CURVE('',#5258,#5257,#1070,.F.);
#4560=EDGE_CURVE('',#5256,#5251,#521,.T.);
#4561=EDGE_CURVE('',#5294,#5294,#522,.T.);
#4562=EDGE_CURVE('',#5295,#5295,#523,.T.);
#4563=EDGE_CURVE('',#5296,#5296,#524,.T.);
#4564=EDGE_CURVE('',#5297,#5297,#525,.T.);
#4565=EDGE_CURVE('',#5255,#5252,#526,.T.);
#4566=EDGE_CURVE('',#5254,#5261,#1071,.T.);
#4567=EDGE_CURVE('',#5271,#5260,#527,.T.);
#4568=EDGE_CURVE('',#5270,#5277,#1072,.T.);
#4569=EDGE_CURVE('',#5263,#5276,#528,.T.);
#4570=EDGE_CURVE('',#5262,#5269,#1073,.T.);
#4571=EDGE_CURVE('',#5279,#5268,#529,.T.);
#4572=EDGE_CURVE('',#5278,#5285,#1074,.T.);
#4573=EDGE_CURVE('',#5287,#5284,#530,.T.);
#4574=EDGE_CURVE('',#5286,#5293,#1075,.T.);
#4575=EDGE_CURVE('',#5247,#5292,#531,.T.);
#4576=EDGE_CURVE('',#5298,#5298,#532,.T.);
#4577=EDGE_CURVE('',#5299,#5299,#533,.T.);
#4578=EDGE_CURVE('',#5300,#5300,#534,.T.);
#4579=EDGE_CURVE('',#5301,#5301,#535,.T.);
#4580=EDGE_CURVE('',#5302,#4827,#348,.T.);
#4581=EDGE_CURVE('',#5303,#5302,#1076,.T.);
#4582=EDGE_CURVE('',#5303,#5304,#1077,.F.);
#4583=EDGE_CURVE('',#5304,#5305,#1078,.T.);
#4584=EDGE_CURVE('',#5305,#4824,#349,.T.);
#4585=EDGE_CURVE('',#5306,#4825,#350,.T.);
#4586=EDGE_CURVE('',#5307,#5306,#1079,.T.);
#4587=EDGE_CURVE('',#5307,#5308,#1080,.T.);
#4588=EDGE_CURVE('',#5308,#5309,#1081,.T.);
#4589=EDGE_CURVE('',#5309,#4826,#351,.T.);
#4590=EDGE_CURVE('',#5310,#4807,#352,.T.);
#4591=EDGE_CURVE('',#5311,#5310,#1082,.T.);
#4592=EDGE_CURVE('',#5311,#5312,#1083,.F.);
#4593=EDGE_CURVE('',#5312,#5313,#1084,.T.);
#4594=EDGE_CURVE('',#5313,#4804,#353,.T.);
#4595=EDGE_CURVE('',#5314,#4805,#354,.T.);
#4596=EDGE_CURVE('',#5315,#5314,#1085,.T.);
#4597=EDGE_CURVE('',#5315,#5316,#1086,.T.);
#4598=EDGE_CURVE('',#5316,#5317,#1087,.T.);
#4599=EDGE_CURVE('',#5317,#4806,#355,.T.);
#4600=EDGE_CURVE('',#5318,#4823,#356,.T.);
#4601=EDGE_CURVE('',#5319,#5318,#1088,.T.);
#4602=EDGE_CURVE('',#5319,#5320,#1089,.F.);
#4603=EDGE_CURVE('',#5320,#5321,#1090,.T.);
#4604=EDGE_CURVE('',#5321,#4820,#357,.T.);
#4605=EDGE_CURVE('',#5322,#4821,#358,.T.);
#4606=EDGE_CURVE('',#5323,#5322,#1091,.T.);
#4607=EDGE_CURVE('',#5323,#5324,#1092,.T.);
#4608=EDGE_CURVE('',#5324,#5325,#1093,.T.);
#4609=EDGE_CURVE('',#5325,#4822,#359,.T.);
#4610=EDGE_CURVE('',#5326,#4811,#360,.T.);
#4611=EDGE_CURVE('',#5327,#5326,#1094,.T.);
#4612=EDGE_CURVE('',#5327,#5328,#1095,.F.);
#4613=EDGE_CURVE('',#5328,#5329,#1096,.T.);
#4614=EDGE_CURVE('',#5329,#4808,#361,.T.);
#4615=EDGE_CURVE('',#5330,#4809,#362,.T.);
#4616=EDGE_CURVE('',#5331,#5330,#1097,.T.);
#4617=EDGE_CURVE('',#5331,#5332,#1098,.T.);
#4618=EDGE_CURVE('',#5332,#5333,#1099,.T.);
#4619=EDGE_CURVE('',#5333,#4810,#363,.T.);
#4620=EDGE_CURVE('',#5334,#4819,#364,.T.);
#4621=EDGE_CURVE('',#5335,#5334,#1100,.T.);
#4622=EDGE_CURVE('',#5335,#5336,#1101,.F.);
#4623=EDGE_CURVE('',#5336,#5337,#1102,.T.);
#4624=EDGE_CURVE('',#5337,#4816,#365,.T.);
#4625=EDGE_CURVE('',#5338,#4817,#366,.T.);
#4626=EDGE_CURVE('',#5339,#5338,#1103,.T.);
#4627=EDGE_CURVE('',#5339,#5340,#1104,.T.);
#4628=EDGE_CURVE('',#5340,#5341,#1105,.T.);
#4629=EDGE_CURVE('',#5341,#4818,#367,.T.);
#4630=EDGE_CURVE('',#5342,#4815,#368,.T.);
#4631=EDGE_CURVE('',#5343,#5342,#1106,.T.);
#4632=EDGE_CURVE('',#5343,#5344,#1107,.F.);
#4633=EDGE_CURVE('',#5344,#5345,#1108,.T.);
#4634=EDGE_CURVE('',#5345,#4812,#369,.T.);
#4635=EDGE_CURVE('',#5346,#4813,#370,.T.);
#4636=EDGE_CURVE('',#5347,#5346,#1109,.T.);
#4637=EDGE_CURVE('',#5347,#5348,#1110,.T.);
#4638=EDGE_CURVE('',#5348,#5349,#1111,.T.);
#4639=EDGE_CURVE('',#5349,#4814,#371,.T.);
#4640=EDGE_CURVE('',#5309,#5302,#1112,.F.);
#4641=EDGE_CURVE('',#5305,#5306,#1113,.T.);
#4642=EDGE_CURVE('',#5311,#5308,#536,.T.);
#4643=EDGE_CURVE('',#5317,#5310,#1114,.F.);
#4644=EDGE_CURVE('',#5327,#5316,#537,.T.);
#4645=EDGE_CURVE('',#5333,#5326,#1115,.F.);
#4646=EDGE_CURVE('',#5319,#5332,#538,.T.);
#4647=EDGE_CURVE('',#5325,#5318,#1116,.F.);
#4648=EDGE_CURVE('',#5335,#5324,#539,.T.);
#4649=EDGE_CURVE('',#5341,#5334,#1117,.F.);
#4650=EDGE_CURVE('',#5343,#5340,#540,.T.);
#4651=EDGE_CURVE('',#5349,#5342,#1118,.F.);
#4652=EDGE_CURVE('',#5303,#5348,#541,.T.);
#4653=EDGE_CURVE('',#5350,#5350,#542,.T.);
#4654=EDGE_CURVE('',#5351,#5351,#543,.T.);
#4655=EDGE_CURVE('',#5352,#5352,#544,.T.);
#4656=EDGE_CURVE('',#5353,#5353,#545,.T.);
#4657=EDGE_CURVE('',#5312,#5307,#546,.T.);
#4658=EDGE_CURVE('',#5304,#5347,#547,.T.);
#4659=EDGE_CURVE('',#5345,#5346,#1119,.T.);
#4660=EDGE_CURVE('',#5344,#5339,#548,.T.);
#4661=EDGE_CURVE('',#5337,#5338,#1120,.T.);
#4662=EDGE_CURVE('',#5336,#5323,#549,.T.);
#4663=EDGE_CURVE('',#5321,#5322,#1121,.T.);
#4664=EDGE_CURVE('',#5320,#5331,#550,.T.);
#4665=EDGE_CURVE('',#5329,#5330,#1122,.T.);
#4666=EDGE_CURVE('',#5328,#5315,#551,.T.);
#4667=EDGE_CURVE('',#5313,#5314,#1123,.T.);
#4668=EDGE_CURVE('',#5354,#5354,#552,.T.);
#4669=EDGE_CURVE('',#5355,#5355,#553,.T.);
#4670=EDGE_CURVE('',#5356,#5356,#554,.T.);
#4671=EDGE_CURVE('',#5357,#5357,#555,.T.);
#4672=EDGE_CURVE('',#4782,#5358,#1124,.F.);
#4673=EDGE_CURVE('',#5358,#5359,#1125,.T.);
#4674=EDGE_CURVE('',#5359,#5082,#372,.T.);
#4675=EDGE_CURVE('',#5069,#5360,#1126,.T.);
#4676=EDGE_CURVE('',#4802,#5360,#373,.T.);
#4677=EDGE_CURVE('',#5359,#5361,#1127,.F.);
#4678=EDGE_CURVE('',#5361,#5083,#374,.T.);
#4679=EDGE_CURVE('',#5362,#4793,#1128,.F.);
#4680=EDGE_CURVE('',#4803,#5363,#375,.T.);
#4681=EDGE_CURVE('',#5070,#5363,#1129,.T.);
#4682=EDGE_CURVE('',#5362,#5361,#1130,.T.);
#4683=EDGE_CURVE('',#5363,#5360,#1131,.F.);
#4684=EDGE_CURVE('',#5358,#5362,#1132,.F.);
#4685=EDGE_CURVE('',#4722,#5364,#1133,.F.);
#4686=EDGE_CURVE('',#4743,#5365,#376,.T.);
#4687=EDGE_CURVE('',#4976,#5365,#1134,.T.);
#4688=EDGE_CURVE('',#5366,#4990,#377,.T.);
#4689=EDGE_CURVE('',#5364,#5366,#1135,.T.);
#4690=EDGE_CURVE('',#5367,#4989,#378,.T.);
#4691=EDGE_CURVE('',#5366,#5367,#1136,.F.);
#4692=EDGE_CURVE('',#5368,#4724,#1137,.F.);
#4693=EDGE_CURVE('',#5368,#5367,#1138,.T.);
#4694=EDGE_CURVE('',#4977,#5369,#1139,.T.);
#4695=EDGE_CURVE('',#4744,#5369,#379,.T.);
#4696=EDGE_CURVE('',#5369,#5365,#1140,.F.);
#4697=EDGE_CURVE('',#5364,#5368,#1141,.F.);
#4698=VERTEX_POINT('',#8728);
#4699=VERTEX_POINT('',#8729);
#4700=VERTEX_POINT('',#8731);
#4701=VERTEX_POINT('',#8735);
#4702=VERTEX_POINT('',#8736);
#4703=VERTEX_POINT('',#8738);
#4704=VERTEX_POINT('',#8740);
#4705=VERTEX_POINT('',#8744);
#4706=VERTEX_POINT('',#8745);
#4707=VERTEX_POINT('',#8747);
#4708=VERTEX_POINT('',#8749);
#4709=VERTEX_POINT('',#8751);
#4710=VERTEX_POINT('',#8753);
#4711=VERTEX_POINT('',#8755);
#4712=VERTEX_POINT('',#8757);
#4713=VERTEX_POINT('',#8762);
#4714=VERTEX_POINT('',#8767);
#4715=VERTEX_POINT('',#8769);
#4716=VERTEX_POINT('',#8771);
#4717=VERTEX_POINT('',#8773);
#4718=VERTEX_POINT('',#8775);
#4719=VERTEX_POINT('',#8779);
#4720=VERTEX_POINT('',#8780);
#4721=VERTEX_POINT('',#8782);
#4722=VERTEX_POINT('',#8787);
#4723=VERTEX_POINT('',#8788);
#4724=VERTEX_POINT('',#8790);
#4725=VERTEX_POINT('',#8792);
#4726=VERTEX_POINT('',#8794);
#4727=VERTEX_POINT('',#8796);
#4728=VERTEX_POINT('',#8799);
#4729=VERTEX_POINT('',#8801);
#4730=VERTEX_POINT('',#8803);
#4731=VERTEX_POINT('',#8806);
#4732=VERTEX_POINT('',#8808);
#4733=VERTEX_POINT('',#8810);
#4734=VERTEX_POINT('',#8814);
#4735=VERTEX_POINT('',#8816);
#4736=VERTEX_POINT('',#8821);
#4737=VERTEX_POINT('',#8829);
#4738=VERTEX_POINT('',#8831);
#4739=VERTEX_POINT('',#8836);
#4740=VERTEX_POINT('',#8844);
#4741=VERTEX_POINT('',#8845);
#4742=VERTEX_POINT('',#8847);
#4743=VERTEX_POINT('',#8860);
#4744=VERTEX_POINT('',#8862);
#4745=VERTEX_POINT('',#8866);
#4746=VERTEX_POINT('',#8870);
#4747=VERTEX_POINT('',#8907);
#4748=VERTEX_POINT('',#8908);
#4749=VERTEX_POINT('',#8913);
#4750=VERTEX_POINT('',#8918);
#4751=VERTEX_POINT('',#8923);
#4752=VERTEX_POINT('',#8928);
#4753=VERTEX_POINT('',#8937);
#4754=VERTEX_POINT('',#8952);
#4755=VERTEX_POINT('',#8957);
#4756=VERTEX_POINT('',#8962);
#4757=VERTEX_POINT('',#8967);
#4758=VERTEX_POINT('',#8984);
#4759=VERTEX_POINT('',#8986);
#4760=VERTEX_POINT('',#8990);
#4761=VERTEX_POINT('',#8991);
#4762=VERTEX_POINT('',#8993);
#4763=VERTEX_POINT('',#8995);
#4764=VERTEX_POINT('',#8999);
#4765=VERTEX_POINT('',#9001);
#4766=VERTEX_POINT('',#9005);
#4767=VERTEX_POINT('',#9006);
#4768=VERTEX_POINT('',#9008);
#4769=VERTEX_POINT('',#9010);
#4770=VERTEX_POINT('',#9012);
#4771=VERTEX_POINT('',#9014);
#4772=VERTEX_POINT('',#9016);
#4773=VERTEX_POINT('',#9018);
#4774=VERTEX_POINT('',#9020);
#4775=VERTEX_POINT('',#9026);
#4776=VERTEX_POINT('',#9030);
#4777=VERTEX_POINT('',#9031);
#4778=VERTEX_POINT('',#9033);
#4779=VERTEX_POINT('',#9035);
#4780=VERTEX_POINT('',#9037);
#4781=VERTEX_POINT('',#9041);
#4782=VERTEX_POINT('',#9042);
#4783=VERTEX_POINT('',#9044);
#4784=VERTEX_POINT('',#9046);
#4785=VERTEX_POINT('',#9048);
#4786=VERTEX_POINT('',#9050);
#4787=VERTEX_POINT('',#9053);
#4788=VERTEX_POINT('',#9055);
#4789=VERTEX_POINT('',#9057);
#4790=VERTEX_POINT('',#9060);
#4791=VERTEX_POINT('',#9062);
#4792=VERTEX_POINT('',#9064);
#4793=VERTEX_POINT('',#9066);
#4794=VERTEX_POINT('',#9073);
#4795=VERTEX_POINT('',#9075);
#4796=VERTEX_POINT('',#9086);
#4797=VERTEX_POINT('',#9087);
#4798=VERTEX_POINT('',#9089);
#4799=VERTEX_POINT('',#9095);
#4800=VERTEX_POINT('',#9097);
#4801=VERTEX_POINT('',#9102);
#4802=VERTEX_POINT('',#9115);
#4803=VERTEX_POINT('',#9117);
#4804=VERTEX_POINT('',#9124);
#4805=VERTEX_POINT('',#9125);
#4806=VERTEX_POINT('',#9127);
#4807=VERTEX_POINT('',#9129);
#4808=VERTEX_POINT('',#9132);
#4809=VERTEX_POINT('',#9133);
#4810=VERTEX_POINT('',#9135);
#4811=VERTEX_POINT('',#9137);
#4812=VERTEX_POINT('',#9140);
#4813=VERTEX_POINT('',#9141);
#4814=VERTEX_POINT('',#9143);
#4815=VERTEX_POINT('',#9145);
#4816=VERTEX_POINT('',#9148);
#4817=VERTEX_POINT('',#9149);
#4818=VERTEX_POINT('',#9151);
#4819=VERTEX_POINT('',#9153);
#4820=VERTEX_POINT('',#9156);
#4821=VERTEX_POINT('',#9157);
#4822=VERTEX_POINT('',#9159);
#4823=VERTEX_POINT('',#9161);
#4824=VERTEX_POINT('',#9164);
#4825=VERTEX_POINT('',#9165);
#4826=VERTEX_POINT('',#9167);
#4827=VERTEX_POINT('',#9169);
#4828=VERTEX_POINT('',#9174);
#4829=VERTEX_POINT('',#9175);
#4830=VERTEX_POINT('',#9177);
#4831=VERTEX_POINT('',#9179);
#4832=VERTEX_POINT('',#9182);
#4833=VERTEX_POINT('',#9183);
#4834=VERTEX_POINT('',#9185);
#4835=VERTEX_POINT('',#9187);
#4836=VERTEX_POINT('',#9190);
#4837=VERTEX_POINT('',#9191);
#4838=VERTEX_POINT('',#9193);
#4839=VERTEX_POINT('',#9195);
#4840=VERTEX_POINT('',#9198);
#4841=VERTEX_POINT('',#9200);
#4842=VERTEX_POINT('',#9201);
#4843=VERTEX_POINT('',#9203);
#4844=VERTEX_POINT('',#9205);
#4845=VERTEX_POINT('',#9208);
#4846=VERTEX_POINT('',#9209);
#4847=VERTEX_POINT('',#9211);
#4848=VERTEX_POINT('',#9213);
#4849=VERTEX_POINT('',#9216);
#4850=VERTEX_POINT('',#9217);
#4851=VERTEX_POINT('',#9219);
#4852=VERTEX_POINT('',#9221);
#4853=VERTEX_POINT('',#9227);
#4854=VERTEX_POINT('',#9228);
#4855=VERTEX_POINT('',#9230);
#4856=VERTEX_POINT('',#9232);
#4857=VERTEX_POINT('',#9235);
#4858=VERTEX_POINT('',#9236);
#4859=VERTEX_POINT('',#9238);
#4860=VERTEX_POINT('',#9240);
#4861=VERTEX_POINT('',#9243);
#4862=VERTEX_POINT('',#9244);
#4863=VERTEX_POINT('',#9246);
#4864=VERTEX_POINT('',#9248);
#4865=VERTEX_POINT('',#9251);
#4866=VERTEX_POINT('',#9252);
#4867=VERTEX_POINT('',#9254);
#4868=VERTEX_POINT('',#9256);
#4869=VERTEX_POINT('',#9259);
#4870=VERTEX_POINT('',#9260);
#4871=VERTEX_POINT('',#9262);
#4872=VERTEX_POINT('',#9264);
#4873=VERTEX_POINT('',#9267);
#4874=VERTEX_POINT('',#9268);
#4875=VERTEX_POINT('',#9270);
#4876=VERTEX_POINT('',#9272);
#4877=VERTEX_POINT('',#9277);
#4878=VERTEX_POINT('',#9278);
#4879=VERTEX_POINT('',#9280);
#4880=VERTEX_POINT('',#9282);
#4881=VERTEX_POINT('',#9285);
#4882=VERTEX_POINT('',#9286);
#4883=VERTEX_POINT('',#9288);
#4884=VERTEX_POINT('',#9290);
#4885=VERTEX_POINT('',#9293);
#4886=VERTEX_POINT('',#9294);
#4887=VERTEX_POINT('',#9296);
#4888=VERTEX_POINT('',#9298);
#4889=VERTEX_POINT('',#9301);
#4890=VERTEX_POINT('',#9303);
#4891=VERTEX_POINT('',#9304);
#4892=VERTEX_POINT('',#9306);
#4893=VERTEX_POINT('',#9308);
#4894=VERTEX_POINT('',#9311);
#4895=VERTEX_POINT('',#9312);
#4896=VERTEX_POINT('',#9314);
#4897=VERTEX_POINT('',#9316);
#4898=VERTEX_POINT('',#9319);
#4899=VERTEX_POINT('',#9320);
#4900=VERTEX_POINT('',#9322);
#4901=VERTEX_POINT('',#9324);
#4902=VERTEX_POINT('',#9328);
#4903=VERTEX_POINT('',#9329);
#4904=VERTEX_POINT('',#9331);
#4905=VERTEX_POINT('',#9333);
#4906=VERTEX_POINT('',#9335);
#4907=VERTEX_POINT('',#9337);
#4908=VERTEX_POINT('',#9343);
#4909=VERTEX_POINT('',#9344);
#4910=VERTEX_POINT('',#9349);
#4911=VERTEX_POINT('',#9354);
#4912=VERTEX_POINT('',#9360);
#4913=VERTEX_POINT('',#9365);
#4914=VERTEX_POINT('',#9370);
#4915=VERTEX_POINT('',#9377);
#4916=VERTEX_POINT('',#9381);
#4917=VERTEX_POINT('',#9385);
#4918=VERTEX_POINT('',#9389);
#4919=VERTEX_POINT('',#9390);
#4920=VERTEX_POINT('',#9395);
#4921=VERTEX_POINT('',#9399);
#4922=VERTEX_POINT('',#9400);
#4923=VERTEX_POINT('',#9405);
#4924=VERTEX_POINT('',#9412);
#4925=VERTEX_POINT('',#9413);
#4926=VERTEX_POINT('',#9418);
#4927=VERTEX_POINT('',#9423);
#4928=VERTEX_POINT('',#9432);
#4929=VERTEX_POINT('',#9433);
#4930=VERTEX_POINT('',#9438);
#4931=VERTEX_POINT('',#9443);
#4932=VERTEX_POINT('',#9449);
#4933=VERTEX_POINT('',#9450);
#4934=VERTEX_POINT('',#9452);
#4935=VERTEX_POINT('',#9454);
#4936=VERTEX_POINT('',#9456);
#4937=VERTEX_POINT('',#9458);
#4938=VERTEX_POINT('',#9461);
#4939=VERTEX_POINT('',#9464);
#4940=VERTEX_POINT('',#9498);
#4941=VERTEX_POINT('',#9499);
#4942=VERTEX_POINT('',#9504);
#4943=VERTEX_POINT('',#9509);
#4944=VERTEX_POINT('',#9514);
#4945=VERTEX_POINT('',#9519);
#4946=VERTEX_POINT('',#9538);
#4947=VERTEX_POINT('',#9543);
#4948=VERTEX_POINT('',#9590);
#4949=VERTEX_POINT('',#9637);
#4950=VERTEX_POINT('',#9686);
#4951=VERTEX_POINT('',#9699);
#4952=VERTEX_POINT('',#9701);
#4953=VERTEX_POINT('',#9703);
#4954=VERTEX_POINT('',#9716);
#4955=VERTEX_POINT('',#9720);
#4956=VERTEX_POINT('',#9733);
#4957=VERTEX_POINT('',#9735);
#4958=VERTEX_POINT('',#9737);
#4959=VERTEX_POINT('',#9750);
#4960=VERTEX_POINT('',#9758);
#4961=VERTEX_POINT('',#9759);
#4962=VERTEX_POINT('',#9774);
#4963=VERTEX_POINT('',#9776);
#4964=VERTEX_POINT('',#9778);
#4965=VERTEX_POINT('',#9780);
#4966=VERTEX_POINT('',#9793);
#4967=VERTEX_POINT('',#9794);
#4968=VERTEX_POINT('',#9809);
#4969=VERTEX_POINT('',#9811);
#4970=VERTEX_POINT('',#9813);
#4971=VERTEX_POINT('',#9815);
#4972=VERTEX_POINT('',#9828);
#4973=VERTEX_POINT('',#9832);
#4974=VERTEX_POINT('',#9882);
#4975=VERTEX_POINT('',#9883);
#4976=VERTEX_POINT('',#9885);
#4977=VERTEX_POINT('',#9887);
#4978=VERTEX_POINT('',#9890);
#4979=VERTEX_POINT('',#9891);
#4980=VERTEX_POINT('',#9893);
#4981=VERTEX_POINT('',#9895);
#4982=VERTEX_POINT('',#9898);
#4983=VERTEX_POINT('',#9899);
#4984=VERTEX_POINT('',#9901);
#4985=VERTEX_POINT('',#9903);
#4986=VERTEX_POINT('',#9906);
#4987=VERTEX_POINT('',#9909);
#4988=VERTEX_POINT('',#9911);
#4989=VERTEX_POINT('',#9915);
#4990=VERTEX_POINT('',#9916);
#4991=VERTEX_POINT('',#9921);
#4992=VERTEX_POINT('',#9923);
#4993=VERTEX_POINT('',#9925);
#4994=VERTEX_POINT('',#9927);
#4995=VERTEX_POINT('',#9929);
#4996=VERTEX_POINT('',#9931);
#4997=VERTEX_POINT('',#9935);
#4998=VERTEX_POINT('',#9937);
#4999=VERTEX_POINT('',#9941);
#5000=VERTEX_POINT('',#9943);
#5001=VERTEX_POINT('',#9949);
#5002=VERTEX_POINT('',#9951);
#5003=VERTEX_POINT('',#9958);
#5004=VERTEX_POINT('',#9960);
#5005=VERTEX_POINT('',#9964);
#5006=VERTEX_POINT('',#9965);
#5007=VERTEX_POINT('',#9967);
#5008=VERTEX_POINT('',#9969);
#5009=VERTEX_POINT('',#9972);
#5010=VERTEX_POINT('',#9974);
#5011=VERTEX_POINT('',#9976);
#5012=VERTEX_POINT('',#9977);
#5013=VERTEX_POINT('',#9979);
#5014=VERTEX_POINT('',#9981);
#5015=VERTEX_POINT('',#9983);
#5016=VERTEX_POINT('',#9985);
#5017=VERTEX_POINT('',#9989);
#5018=VERTEX_POINT('',#9991);
#5019=VERTEX_POINT('',#9996);
#5020=VERTEX_POINT('',#10000);
#5021=VERTEX_POINT('',#10004);
#5022=VERTEX_POINT('',#10008);
#5023=VERTEX_POINT('',#10012);
#5024=VERTEX_POINT('',#10024);
#5025=VERTEX_POINT('',#10059);
#5026=VERTEX_POINT('',#10064);
#5027=VERTEX_POINT('',#10101);
#5028=VERTEX_POINT('',#10106);
#5029=VERTEX_POINT('',#10115);
#5030=VERTEX_POINT('',#10116);
#5031=VERTEX_POINT('',#10121);
#5032=VERTEX_POINT('',#10126);
#5033=VERTEX_POINT('',#10132);
#5034=VERTEX_POINT('',#10133);
#5035=VERTEX_POINT('',#10135);
#5036=VERTEX_POINT('',#10137);
#5037=VERTEX_POINT('',#10139);
#5038=VERTEX_POINT('',#10141);
#5039=VERTEX_POINT('',#10144);
#5040=VERTEX_POINT('',#10147);
#5041=VERTEX_POINT('',#10181);
#5042=VERTEX_POINT('',#10182);
#5043=VERTEX_POINT('',#10187);
#5044=VERTEX_POINT('',#10192);
#5045=VERTEX_POINT('',#10197);
#5046=VERTEX_POINT('',#10202);
#5047=VERTEX_POINT('',#10221);
#5048=VERTEX_POINT('',#10226);
#5049=VERTEX_POINT('',#10283);
#5050=VERTEX_POINT('',#10330);
#5051=VERTEX_POINT('',#10369);
#5052=VERTEX_POINT('',#10382);
#5053=VERTEX_POINT('',#10384);
#5054=VERTEX_POINT('',#10386);
#5055=VERTEX_POINT('',#10399);
#5056=VERTEX_POINT('',#10403);
#5057=VERTEX_POINT('',#10416);
#5058=VERTEX_POINT('',#10418);
#5059=VERTEX_POINT('',#10420);
#5060=VERTEX_POINT('',#10433);
#5061=VERTEX_POINT('',#10446);
#5062=VERTEX_POINT('',#10447);
#5063=VERTEX_POINT('',#10449);
#5064=VERTEX_POINT('',#10451);
#5065=VERTEX_POINT('',#10454);
#5066=VERTEX_POINT('',#10455);
#5067=VERTEX_POINT('',#10457);
#5068=VERTEX_POINT('',#10459);
#5069=VERTEX_POINT('',#10462);
#5070=VERTEX_POINT('',#10463);
#5071=VERTEX_POINT('',#10465);
#5072=VERTEX_POINT('',#10467);
#5073=VERTEX_POINT('',#10470);
#5074=VERTEX_POINT('',#10472);
#5075=VERTEX_POINT('',#10473);
#5076=VERTEX_POINT('',#10475);
#5077=VERTEX_POINT('',#10477);
#5078=VERTEX_POINT('',#10479);
#5079=VERTEX_POINT('',#10481);
#5080=VERTEX_POINT('',#10485);
#5081=VERTEX_POINT('',#10487);
#5082=VERTEX_POINT('',#10491);
#5083=VERTEX_POINT('',#10493);
#5084=VERTEX_POINT('',#10497);
#5085=VERTEX_POINT('',#10508);
#5086=VERTEX_POINT('',#10511);
#5087=VERTEX_POINT('',#10522);
#5088=VERTEX_POINT('',#10526);
#5089=VERTEX_POINT('',#10537);
#5090=VERTEX_POINT('',#10540);
#5091=VERTEX_POINT('',#10551);
#5092=VERTEX_POINT('',#10599);
#5093=VERTEX_POINT('',#10600);
#5094=VERTEX_POINT('',#10602);
#5095=VERTEX_POINT('',#10604);
#5096=VERTEX_POINT('',#10606);
#5097=VERTEX_POINT('',#10608);
#5098=VERTEX_POINT('',#10611);
#5099=VERTEX_POINT('',#10614);
#5100=VERTEX_POINT('',#10618);
#5101=VERTEX_POINT('',#10622);
#5102=VERTEX_POINT('',#10626);
#5103=VERTEX_POINT('',#10627);
#5104=VERTEX_POINT('',#10629);
#5105=VERTEX_POINT('',#10633);
#5106=VERTEX_POINT('',#10634);
#5107=VERTEX_POINT('',#10636);
#5108=VERTEX_POINT('',#10640);
#5109=VERTEX_POINT('',#10651);
#5110=VERTEX_POINT('',#10653);
#5111=VERTEX_POINT('',#10689);
#5112=VERTEX_POINT('',#10694);
#5113=VERTEX_POINT('',#10696);
#5114=VERTEX_POINT('',#10732);
#5115=VERTEX_POINT('',#10733);
#5116=VERTEX_POINT('',#10735);
#5117=VERTEX_POINT('',#10737);
#5118=VERTEX_POINT('',#10740);
#5119=VERTEX_POINT('',#10742);
#5120=VERTEX_POINT('',#10745);
#5121=VERTEX_POINT('',#10747);
#5122=VERTEX_POINT('',#10752);
#5123=VERTEX_POINT('',#10756);
#5124=VERTEX_POINT('',#10786);
#5125=VERTEX_POINT('',#10788);
#5126=VERTEX_POINT('',#10801);
#5127=VERTEX_POINT('',#10805);
#5128=VERTEX_POINT('',#10807);
#5129=VERTEX_POINT('',#10820);
#5130=VERTEX_POINT('',#10838);
#5131=VERTEX_POINT('',#10854);
#5132=VERTEX_POINT('',#11109);
#5133=VERTEX_POINT('',#11113);
#5134=VERTEX_POINT('',#11325);
#5135=VERTEX_POINT('',#11327);
#5136=VERTEX_POINT('',#11329);
#5137=VERTEX_POINT('',#11331);
#5138=VERTEX_POINT('',#11353);
#5139=VERTEX_POINT('',#11355);
#5140=VERTEX_POINT('',#11357);
#5141=VERTEX_POINT('',#11359);
#5142=VERTEX_POINT('',#11381);
#5143=VERTEX_POINT('',#11383);
#5144=VERTEX_POINT('',#11385);
#5145=VERTEX_POINT('',#11387);
#5146=VERTEX_POINT('',#11409);
#5147=VERTEX_POINT('',#11411);
#5148=VERTEX_POINT('',#11413);
#5149=VERTEX_POINT('',#11415);
#5150=VERTEX_POINT('',#11437);
#5151=VERTEX_POINT('',#11439);
#5152=VERTEX_POINT('',#11441);
#5153=VERTEX_POINT('',#11443);
#5154=VERTEX_POINT('',#11465);
#5155=VERTEX_POINT('',#11467);
#5156=VERTEX_POINT('',#11469);
#5157=VERTEX_POINT('',#11471);
#5158=VERTEX_POINT('',#11493);
#5159=VERTEX_POINT('',#11495);
#5160=VERTEX_POINT('',#11497);
#5161=VERTEX_POINT('',#11499);
#5162=VERTEX_POINT('',#11521);
#5163=VERTEX_POINT('',#11523);
#5164=VERTEX_POINT('',#11525);
#5165=VERTEX_POINT('',#11527);
#5166=VERTEX_POINT('',#11549);
#5167=VERTEX_POINT('',#11551);
#5168=VERTEX_POINT('',#11553);
#5169=VERTEX_POINT('',#11555);
#5170=VERTEX_POINT('',#11577);
#5171=VERTEX_POINT('',#11579);
#5172=VERTEX_POINT('',#11581);
#5173=VERTEX_POINT('',#11583);
#5174=VERTEX_POINT('',#11605);
#5175=VERTEX_POINT('',#11607);
#5176=VERTEX_POINT('',#11609);
#5177=VERTEX_POINT('',#11611);
#5178=VERTEX_POINT('',#11633);
#5179=VERTEX_POINT('',#11635);
#5180=VERTEX_POINT('',#11637);
#5181=VERTEX_POINT('',#11639);
#5182=VERTEX_POINT('',#11705);
#5183=VERTEX_POINT('',#11707);
#5184=VERTEX_POINT('',#11709);
#5185=VERTEX_POINT('',#11711);
#5186=VERTEX_POINT('',#11725);
#5187=VERTEX_POINT('',#11727);
#5188=VERTEX_POINT('',#11729);
#5189=VERTEX_POINT('',#11731);
#5190=VERTEX_POINT('',#11953);
#5191=VERTEX_POINT('',#11955);
#5192=VERTEX_POINT('',#11957);
#5193=VERTEX_POINT('',#11959);
#5194=VERTEX_POINT('',#11981);
#5195=VERTEX_POINT('',#11983);
#5196=VERTEX_POINT('',#11985);
#5197=VERTEX_POINT('',#11987);
#5198=VERTEX_POINT('',#12009);
#5199=VERTEX_POINT('',#12011);
#5200=VERTEX_POINT('',#12013);
#5201=VERTEX_POINT('',#12015);
#5202=VERTEX_POINT('',#12037);
#5203=VERTEX_POINT('',#12039);
#5204=VERTEX_POINT('',#12041);
#5205=VERTEX_POINT('',#12043);
#5206=VERTEX_POINT('',#12065);
#5207=VERTEX_POINT('',#12067);
#5208=VERTEX_POINT('',#12069);
#5209=VERTEX_POINT('',#12071);
#5210=VERTEX_POINT('',#12093);
#5211=VERTEX_POINT('',#12095);
#5212=VERTEX_POINT('',#12097);
#5213=VERTEX_POINT('',#12099);
#5214=VERTEX_POINT('',#12121);
#5215=VERTEX_POINT('',#12123);
#5216=VERTEX_POINT('',#12125);
#5217=VERTEX_POINT('',#12127);
#5218=VERTEX_POINT('',#12149);
#5219=VERTEX_POINT('',#12151);
#5220=VERTEX_POINT('',#12153);
#5221=VERTEX_POINT('',#12155);
#5222=VERTEX_POINT('',#12177);
#5223=VERTEX_POINT('',#12179);
#5224=VERTEX_POINT('',#12181);
#5225=VERTEX_POINT('',#12183);
#5226=VERTEX_POINT('',#12205);
#5227=VERTEX_POINT('',#12207);
#5228=VERTEX_POINT('',#12209);
#5229=VERTEX_POINT('',#12211);
#5230=VERTEX_POINT('',#12233);
#5231=VERTEX_POINT('',#12235);
#5232=VERTEX_POINT('',#12237);
#5233=VERTEX_POINT('',#12239);
#5234=VERTEX_POINT('',#12261);
#5235=VERTEX_POINT('',#12263);
#5236=VERTEX_POINT('',#12265);
#5237=VERTEX_POINT('',#12267);
#5238=VERTEX_POINT('',#12333);
#5239=VERTEX_POINT('',#12335);
#5240=VERTEX_POINT('',#12337);
#5241=VERTEX_POINT('',#12339);
#5242=VERTEX_POINT('',#12353);
#5243=VERTEX_POINT('',#12355);
#5244=VERTEX_POINT('',#12357);
#5245=VERTEX_POINT('',#12359);
#5246=VERTEX_POINT('',#12581);
#5247=VERTEX_POINT('',#12583);
#5248=VERTEX_POINT('',#12585);
#5249=VERTEX_POINT('',#12587);
#5250=VERTEX_POINT('',#12609);
#5251=VERTEX_POINT('',#12611);
#5252=VERTEX_POINT('',#12613);
#5253=VERTEX_POINT('',#12615);
#5254=VERTEX_POINT('',#12637);
#5255=VERTEX_POINT('',#12639);
#5256=VERTEX_POINT('',#12641);
#5257=VERTEX_POINT('',#12643);
#5258=VERTEX_POINT('',#12665);
#5259=VERTEX_POINT('',#12667);
#5260=VERTEX_POINT('',#12669);
#5261=VERTEX_POINT('',#12671);
#5262=VERTEX_POINT('',#12693);
#5263=VERTEX_POINT('',#12695);
#5264=VERTEX_POINT('',#12697);
#5265=VERTEX_POINT('',#12699);
#5266=VERTEX_POINT('',#12721);
#5267=VERTEX_POINT('',#12723);
#5268=VERTEX_POINT('',#12725);
#5269=VERTEX_POINT('',#12727);
#5270=VERTEX_POINT('',#12749);
#5271=VERTEX_POINT('',#12751);
#5272=VERTEX_POINT('',#12753);
#5273=VERTEX_POINT('',#12755);
#5274=VERTEX_POINT('',#12777);
#5275=VERTEX_POINT('',#12779);
#5276=VERTEX_POINT('',#12781);
#5277=VERTEX_POINT('',#12783);
#5278=VERTEX_POINT('',#12805);
#5279=VERTEX_POINT('',#12807);
#5280=VERTEX_POINT('',#12809);
#5281=VERTEX_POINT('',#12811);
#5282=VERTEX_POINT('',#12833);
#5283=VERTEX_POINT('',#12835);
#5284=VERTEX_POINT('',#12837);
#5285=VERTEX_POINT('',#12839);
#5286=VERTEX_POINT('',#12861);
#5287=VERTEX_POINT('',#12863);
#5288=VERTEX_POINT('',#12865);
#5289=VERTEX_POINT('',#12867);
#5290=VERTEX_POINT('',#12889);
#5291=VERTEX_POINT('',#12891);
#5292=VERTEX_POINT('',#12893);
#5293=VERTEX_POINT('',#12895);
#5294=VERTEX_POINT('',#12961);
#5295=VERTEX_POINT('',#12963);
#5296=VERTEX_POINT('',#12965);
#5297=VERTEX_POINT('',#12967);
#5298=VERTEX_POINT('',#12981);
#5299=VERTEX_POINT('',#12983);
#5300=VERTEX_POINT('',#12985);
#5301=VERTEX_POINT('',#12987);
#5302=VERTEX_POINT('',#13209);
#5303=VERTEX_POINT('',#13211);
#5304=VERTEX_POINT('',#13213);
#5305=VERTEX_POINT('',#13215);
#5306=VERTEX_POINT('',#13237);
#5307=VERTEX_POINT('',#13239);
#5308=VERTEX_POINT('',#13241);
#5309=VERTEX_POINT('',#13243);
#5310=VERTEX_POINT('',#13265);
#5311=VERTEX_POINT('',#13267);
#5312=VERTEX_POINT('',#13269);
#5313=VERTEX_POINT('',#13271);
#5314=VERTEX_POINT('',#13293);
#5315=VERTEX_POINT('',#13295);
#5316=VERTEX_POINT('',#13297);
#5317=VERTEX_POINT('',#13299);
#5318=VERTEX_POINT('',#13321);
#5319=VERTEX_POINT('',#13323);
#5320=VERTEX_POINT('',#13325);
#5321=VERTEX_POINT('',#13327);
#5322=VERTEX_POINT('',#13349);
#5323=VERTEX_POINT('',#13351);
#5324=VERTEX_POINT('',#13353);
#5325=VERTEX_POINT('',#13355);
#5326=VERTEX_POINT('',#13377);
#5327=VERTEX_POINT('',#13379);
#5328=VERTEX_POINT('',#13381);
#5329=VERTEX_POINT('',#13383);
#5330=VERTEX_POINT('',#13405);
#5331=VERTEX_POINT('',#13407);
#5332=VERTEX_POINT('',#13409);
#5333=VERTEX_POINT('',#13411);
#5334=VERTEX_POINT('',#13433);
#5335=VERTEX_POINT('',#13435);
#5336=VERTEX_POINT('',#13437);
#5337=VERTEX_POINT('',#13439);
#5338=VERTEX_POINT('',#13461);
#5339=VERTEX_POINT('',#13463);
#5340=VERTEX_POINT('',#13465);
#5341=VERTEX_POINT('',#13467);
#5342=VERTEX_POINT('',#13489);
#5343=VERTEX_POINT('',#13491);
#5344=VERTEX_POINT('',#13493);
#5345=VERTEX_POINT('',#13495);
#5346=VERTEX_POINT('',#13517);
#5347=VERTEX_POINT('',#13519);
#5348=VERTEX_POINT('',#13521);
#5349=VERTEX_POINT('',#13523);
#5350=VERTEX_POINT('',#13589);
#5351=VERTEX_POINT('',#13591);
#5352=VERTEX_POINT('',#13593);
#5353=VERTEX_POINT('',#13595);
#5354=VERTEX_POINT('',#13609);
#5355=VERTEX_POINT('',#13611);
#5356=VERTEX_POINT('',#13613);
#5357=VERTEX_POINT('',#13615);
#5358=VERTEX_POINT('',#13828);
#5359=VERTEX_POINT('',#13830);
#5360=VERTEX_POINT('',#13836);
#5361=VERTEX_POINT('',#13850);
#5362=VERTEX_POINT('',#13857);
#5363=VERTEX_POINT('',#13862);
#5364=VERTEX_POINT('',#13880);
#5365=VERTEX_POINT('',#13885);
#5366=VERTEX_POINT('',#13891);
#5367=VERTEX_POINT('',#13905);
#5368=VERTEX_POINT('',#13909);
#5369=VERTEX_POINT('',#13912);
#5370=ELLIPSE('',#6836,0.0225000528340579,0.0225);
#5371=ELLIPSE('',#6838,0.0225000528340579,0.0225);
#5372=ELLIPSE('',#6861,0.0250000587045087,0.025);
#5373=ELLIPSE('',#6863,0.02500005870451,0.0250000000000012);
#5374=ELLIPSE('',#6865,0.0225000528340579,0.0225);
#5375=ELLIPSE('',#6886,0.0225000528340579,0.0225);
#5376=ELLIPSE('',#6941,0.00573066354874905,0.00325);
#5377=ELLIPSE('',#7006,0.00573066354874905,0.00325);
#5378=EDGE_LOOP('',(#1728,#1729,#1730));
#5379=EDGE_LOOP('',(#1731,#1732,#1733,#1734));
#5380=EDGE_LOOP('',(#1735,#1736,#1737,#1738,#1739,#1740,#1741,#1742,#1743,
#1744,#1745,#1746,#1747,#1748));
#5381=EDGE_LOOP('',(#1749,#1750,#1751,#1752,#1753));
#5382=EDGE_LOOP('',(#1754,#1755,#1756,#1757,#1758,#1759,#1760,#1761,#1762,
#1763,#1764,#1765,#1766,#1767,#1768,#1769,#1770));
#5383=EDGE_LOOP('',(#1771,#1772,#1773,#1774,#1775,#1776,#1777));
#5384=EDGE_LOOP('',(#1778,#1779,#1780,#1781,#1782));
#5385=EDGE_LOOP('',(#1783,#1784,#1785,#1786,#1787,#1788,#1789));
#5386=EDGE_LOOP('',(#1790,#1791,#1792,#1793,#1794,#1795,#1796));
#5387=EDGE_LOOP('',(#1797,#1798,#1799));
#5388=EDGE_LOOP('',(#1800,#1801,#1802,#1803));
#5389=EDGE_LOOP('',(#1804,#1805,#1806,#1807));
#5390=EDGE_LOOP('',(#1808,#1809,#1810,#1811));
#5391=EDGE_LOOP('',(#1812,#1813,#1814,#1815,#1816,#1817,#1818,#1819));
#5392=EDGE_LOOP('',(#1820,#1821,#1822,#1823));
#5393=EDGE_LOOP('',(#1824,#1825,#1826,#1827));
#5394=EDGE_LOOP('',(#1828,#1829,#1830,#1831,#1832,#1833));
#5395=EDGE_LOOP('',(#1834,#1835,#1836,#1837,#1838,#1839,#1840,#1841));
#5396=EDGE_LOOP('',(#1842,#1843,#1844,#1845));
#5397=EDGE_LOOP('',(#1846,#1847,#1848,#1849));
#5398=EDGE_LOOP('',(#1850,#1851,#1852,#1853));
#5399=EDGE_LOOP('',(#1854,#1855,#1856,#1857,#1858,#1859,#1860,#1861,#1862,
#1863,#1864,#1865,#1866,#1867));
#5400=EDGE_LOOP('',(#1868,#1869,#1870,#1871,#1872));
#5401=EDGE_LOOP('',(#1873,#1874,#1875,#1876,#1877,#1878,#1879,#1880,#1881,
#1882,#1883,#1884,#1885,#1886,#1887,#1888,#1889));
#5402=EDGE_LOOP('',(#1890,#1891,#1892,#1893,#1894,#1895,#1896));
#5403=EDGE_LOOP('',(#1897,#1898,#1899,#1900,#1901));
#5404=EDGE_LOOP('',(#1902,#1903,#1904,#1905,#1906,#1907,#1908));
#5405=EDGE_LOOP('',(#1909,#1910,#1911,#1912,#1913,#1914,#1915));
#5406=EDGE_LOOP('',(#1916,#1917,#1918,#1919));
#5407=EDGE_LOOP('',(#1920,#1921,#1922));
#5408=EDGE_LOOP('',(#1923,#1924,#1925,#1926));
#5409=EDGE_LOOP('',(#1927,#1928,#1929));
#5410=EDGE_LOOP('',(#1930,#1931,#1932,#1933,#1934,#1935,#1936,#1937));
#5411=EDGE_LOOP('',(#1938,#1939,#1940,#1941));
#5412=EDGE_LOOP('',(#1942,#1943,#1944,#1945,#1946,#1947,#1948,#1949));
#5413=EDGE_LOOP('',(#1950,#1951,#1952,#1953));
#5414=EDGE_LOOP('',(#1954,#1955,#1956,#1957));
#5415=EDGE_LOOP('',(#1958,#1959,#1960,#1961));
#5416=EDGE_LOOP('',(#1962,#1963,#1964,#1965));
#5417=EDGE_LOOP('',(#1966,#1967,#1968,#1969));
#5418=EDGE_LOOP('',(#1970,#1971,#1972,#1973));
#5419=EDGE_LOOP('',(#1974,#1975,#1976,#1977,#1978,#1979));
#5420=EDGE_LOOP('',(#1980,#1981,#1982,#1983));
#5421=EDGE_LOOP('',(#1984,#1985,#1986,#1987));
#5422=EDGE_LOOP('',(#1988,#1989,#1990,#1991));
#5423=EDGE_LOOP('',(#1992));
#5424=EDGE_LOOP('',(#1993,#1994,#1995,#1996));
#5425=EDGE_LOOP('',(#1997,#1998,#1999,#2000));
#5426=EDGE_LOOP('',(#2001,#2002,#2003,#2004));
#5427=EDGE_LOOP('',(#2005,#2006,#2007,#2008,#2009,#2010,#2011,#2012));
#5428=EDGE_LOOP('',(#2013,#2014,#2015,#2016));
#5429=EDGE_LOOP('',(#2017,#2018,#2019,#2020));
#5430=EDGE_LOOP('',(#2021,#2022,#2023,#2024));
#5431=EDGE_LOOP('',(#2025,#2026,#2027,#2028));
#5432=EDGE_LOOP('',(#2029,#2030,#2031,#2032));
#5433=EDGE_LOOP('',(#2033,#2034,#2035,#2036));
#5434=EDGE_LOOP('',(#2037,#2038,#2039,#2040,#2041,#2042));
#5435=EDGE_LOOP('',(#2043,#2044,#2045,#2046));
#5436=EDGE_LOOP('',(#2047,#2048,#2049,#2050));
#5437=EDGE_LOOP('',(#2051,#2052,#2053,#2054));
#5438=EDGE_LOOP('',(#2055));
#5439=EDGE_LOOP('',(#2056,#2057,#2058,#2059));
#5440=EDGE_LOOP('',(#2060,#2061,#2062,#2063));
#5441=EDGE_LOOP('',(#2064,#2065,#2066,#2067));
#5442=EDGE_LOOP('',(#2068,#2069,#2070,#2071,#2072,#2073));
#5443=EDGE_LOOP('',(#2074,#2075,#2076,#2077));
#5444=EDGE_LOOP('',(#2078));
#5445=EDGE_LOOP('',(#2079,#2080,#2081,#2082,#2083,#2084,#2085,#2086,#2087));
#5446=EDGE_LOOP('',(#2088,#2089,#2090,#2091));
#5447=EDGE_LOOP('',(#2092));
#5448=EDGE_LOOP('',(#2093));
#5449=EDGE_LOOP('',(#2094));
#5450=EDGE_LOOP('',(#2095,#2096,#2097));
#5451=EDGE_LOOP('',(#2098,#2099,#2100));
#5452=EDGE_LOOP('',(#2101,#2102,#2103));
#5453=EDGE_LOOP('',(#2104,#2105,#2106));
#5454=EDGE_LOOP('',(#2107,#2108,#2109,#2110));
#5455=EDGE_LOOP('',(#2111,#2112,#2113,#2114));
#5456=EDGE_LOOP('',(#2115,#2116,#2117,#2118,#2119,#2120));
#5457=EDGE_LOOP('',(#2121));
#5458=EDGE_LOOP('',(#2122));
#5459=EDGE_LOOP('',(#2123));
#5460=EDGE_LOOP('',(#2124,#2125,#2126,#2127,#2128,#2129));
#5461=EDGE_LOOP('',(#2130));
#5462=EDGE_LOOP('',(#2131));
#5463=EDGE_LOOP('',(#2132,#2133,#2134,#2135,#2136,#2137));
#5464=EDGE_LOOP('',(#2138,#2139,#2140,#2141));
#5465=EDGE_LOOP('',(#2142,#2143,#2144,#2145));
#5466=EDGE_LOOP('',(#2146,#2147,#2148,#2149));
#5467=EDGE_LOOP('',(#2150,#2151,#2152,#2153));
#5468=EDGE_LOOP('',(#2154,#2155,#2156,#2157,#2158,#2159,#2160));
#5469=EDGE_LOOP('',(#2161,#2162,#2163,#2164,#2165,#2166,#2167));
#5470=EDGE_LOOP('',(#2168,#2169,#2170));
#5471=EDGE_LOOP('',(#2171,#2172,#2173));
#5472=EDGE_LOOP('',(#2174,#2175,#2176,#2177,#2178,#2179,#2180,#2181));
#5473=EDGE_LOOP('',(#2182,#2183,#2184,#2185,#2186,#2187,#2188,#2189));
#5474=EDGE_LOOP('',(#2190,#2191,#2192));
#5475=EDGE_LOOP('',(#2193,#2194,#2195));
#5476=EDGE_LOOP('',(#2196,#2197,#2198,#2199,#2200,#2201));
#5477=EDGE_LOOP('',(#2202,#2203,#2204,#2205,#2206,#2207));
#5478=EDGE_LOOP('',(#2208,#2209,#2210));
#5479=EDGE_LOOP('',(#2211,#2212,#2213));
#5480=EDGE_LOOP('',(#2214,#2215,#2216));
#5481=EDGE_LOOP('',(#2217,#2218,#2219));
#5482=EDGE_LOOP('',(#2220,#2221,#2222,#2223));
#5483=EDGE_LOOP('',(#2224,#2225,#2226,#2227));
#5484=EDGE_LOOP('',(#2228,#2229,#2230,#2231));
#5485=EDGE_LOOP('',(#2232));
#5486=EDGE_LOOP('',(#2233,#2234,#2235,#2236,#2237,#2238));
#5487=EDGE_LOOP('',(#2239));
#5488=EDGE_LOOP('',(#2240));
#5489=EDGE_LOOP('',(#2241));
#5490=EDGE_LOOP('',(#2242));
#5491=EDGE_LOOP('',(#2243));
#5492=EDGE_LOOP('',(#2244,#2245,#2246,#2247));
#5493=EDGE_LOOP('',(#2248,#2249,#2250,#2251,#2252,#2253,#2254,#2255));
#5494=EDGE_LOOP('',(#2256,#2257,#2258,#2259));
#5495=EDGE_LOOP('',(#2260,#2261,#2262,#2263,#2264,#2265,#2266,#2267));
#5496=EDGE_LOOP('',(#2268,#2269,#2270,#2271));
#5497=EDGE_LOOP('',(#2272,#2273,#2274,#2275));
#5498=EDGE_LOOP('',(#2276,#2277,#2278,#2279,#2280,#2281,#2282,#2283));
#5499=EDGE_LOOP('',(#2284,#2285,#2286,#2287));
#5500=EDGE_LOOP('',(#2288,#2289,#2290,#2291));
#5501=EDGE_LOOP('',(#2292));
#5502=EDGE_LOOP('',(#2293));
#5503=EDGE_LOOP('',(#2294,#2295,#2296,#2297,#2298,#2299));
#5504=EDGE_LOOP('',(#2300));
#5505=EDGE_LOOP('',(#2301));
#5506=EDGE_LOOP('',(#2302));
#5507=EDGE_LOOP('',(#2303));
#5508=EDGE_LOOP('',(#2304));
#5509=EDGE_LOOP('',(#2305));
#5510=EDGE_LOOP('',(#2306,#2307,#2308));
#5511=EDGE_LOOP('',(#2309,#2310,#2311));
#5512=EDGE_LOOP('',(#2312,#2313,#2314));
#5513=EDGE_LOOP('',(#2315,#2316,#2317));
#5514=EDGE_LOOP('',(#2318,#2319,#2320,#2321,#2322,#2323,#2324,#2325));
#5515=EDGE_LOOP('',(#2326,#2327,#2328,#2329,#2330,#2331));
#5516=EDGE_LOOP('',(#2332,#2333,#2334,#2335,#2336,#2337,#2338,#2339));
#5517=EDGE_LOOP('',(#2340,#2341,#2342,#2343,#2344,#2345));
#5518=EDGE_LOOP('',(#2346,#2347,#2348));
#5519=EDGE_LOOP('',(#2349,#2350,#2351));
#5520=EDGE_LOOP('',(#2352,#2353,#2354));
#5521=EDGE_LOOP('',(#2355,#2356,#2357));
#5522=EDGE_LOOP('',(#2358,#2359,#2360,#2361,#2362,#2363,#2364,#2365,#2366));
#5523=EDGE_LOOP('',(#2367,#2368,#2369,#2370));
#5524=EDGE_LOOP('',(#2371,#2372,#2373,#2374,#2375,#2376));
#5525=EDGE_LOOP('',(#2377));
#5526=EDGE_LOOP('',(#2378));
#5527=EDGE_LOOP('',(#2379,#2380,#2381,#2382));
#5528=EDGE_LOOP('',(#2383));
#5529=EDGE_LOOP('',(#2384));
#5530=EDGE_LOOP('',(#2385,#2386,#2387,#2388,#2389,#2390));
#5531=EDGE_LOOP('',(#2391,#2392,#2393,#2394));
#5532=EDGE_LOOP('',(#2395,#2396,#2397,#2398));
#5533=EDGE_LOOP('',(#2399,#2400,#2401,#2402));
#5534=EDGE_LOOP('',(#2403,#2404,#2405,#2406));
#5535=EDGE_LOOP('',(#2407,#2408,#2409,#2410,#2411,#2412,#2413));
#5536=EDGE_LOOP('',(#2414,#2415,#2416,#2417,#2418,#2419,#2420));
#5537=EDGE_LOOP('',(#2421,#2422,#2423));
#5538=EDGE_LOOP('',(#2424,#2425,#2426));
#5539=EDGE_LOOP('',(#2427,#2428,#2429,#2430));
#5540=EDGE_LOOP('',(#2431,#2432,#2433,#2434,#2435,#2436,#2437,#2438));
#5541=EDGE_LOOP('',(#2439,#2440,#2441,#2442));
#5542=EDGE_LOOP('',(#2443,#2444,#2445,#2446));
#5543=EDGE_LOOP('',(#2447,#2448,#2449,#2450));
#5544=EDGE_LOOP('',(#2451));
#5545=EDGE_LOOP('',(#2452,#2453,#2454,#2455,#2456,#2457));
#5546=EDGE_LOOP('',(#2458));
#5547=EDGE_LOOP('',(#2459));
#5548=EDGE_LOOP('',(#2460));
#5549=EDGE_LOOP('',(#2461));
#5550=EDGE_LOOP('',(#2462));
#5551=EDGE_LOOP('',(#2463,#2464,#2465,#2466));
#5552=EDGE_LOOP('',(#2467,#2468,#2469,#2470,#2471,#2472,#2473,#2474));
#5553=EDGE_LOOP('',(#2475,#2476,#2477,#2478,#2479,#2480,#2481,#2482));
#5554=EDGE_LOOP('',(#2483,#2484,#2485));
#5555=EDGE_LOOP('',(#2486,#2487,#2488));
#5556=EDGE_LOOP('',(#2489,#2490,#2491));
#5557=EDGE_LOOP('',(#2492,#2493,#2494));
#5558=EDGE_LOOP('',(#2495,#2496,#2497,#2498,#2499,#2500));
#5559=EDGE_LOOP('',(#2501,#2502,#2503,#2504,#2505,#2506));
#5560=EDGE_LOOP('',(#2507,#2508,#2509));
#5561=EDGE_LOOP('',(#2510,#2511,#2512));
#5562=EDGE_LOOP('',(#2513,#2514,#2515));
#5563=EDGE_LOOP('',(#2516,#2517,#2518));
#5564=EDGE_LOOP('',(#2519,#2520,#2521,#2522));
#5565=EDGE_LOOP('',(#2523,#2524,#2525,#2526,#2527,#2528));
#5566=EDGE_LOOP('',(#2529,#2530,#2531,#2532));
#5567=EDGE_LOOP('',(#2533));
#5568=EDGE_LOOP('',(#2534));
#5569=EDGE_LOOP('',(#2535,#2536,#2537,#2538,#2539,#2540));
#5570=EDGE_LOOP('',(#2541));
#5571=EDGE_LOOP('',(#2542));
#5572=EDGE_LOOP('',(#2543));
#5573=EDGE_LOOP('',(#2544,#2545,#2546));
#5574=EDGE_LOOP('',(#2547,#2548,#2549));
#5575=EDGE_LOOP('',(#2550,#2551,#2552));
#5576=EDGE_LOOP('',(#2553,#2554,#2555));
#5577=EDGE_LOOP('',(#2556,#2557,#2558,#2559,#2560,#2561,#2562,#2563));
#5578=EDGE_LOOP('',(#2564,#2565,#2566,#2567,#2568,#2569));
#5579=EDGE_LOOP('',(#2570,#2571,#2572,#2573,#2574,#2575,#2576,#2577));
#5580=EDGE_LOOP('',(#2578,#2579,#2580,#2581,#2582,#2583));
#5581=EDGE_LOOP('',(#2584,#2585,#2586));
#5582=EDGE_LOOP('',(#2587,#2588,#2589));
#5583=EDGE_LOOP('',(#2590,#2591,#2592));
#5584=EDGE_LOOP('',(#2593,#2594,#2595));
#5585=EDGE_LOOP('',(#2596,#2597,#2598,#2599));
#5586=EDGE_LOOP('',(#2600,#2601,#2602,#2603));
#5587=EDGE_LOOP('',(#2604));
#5588=EDGE_LOOP('',(#2605));
#5589=EDGE_LOOP('',(#2606,#2607,#2608,#2609,#2610,#2611));
#5590=EDGE_LOOP('',(#2612));
#5591=EDGE_LOOP('',(#2613));
#5592=EDGE_LOOP('',(#2614));
#5593=EDGE_LOOP('',(#2615));
#5594=EDGE_LOOP('',(#2616));
#5595=EDGE_LOOP('',(#2617));
#5596=EDGE_LOOP('',(#2618,#2619,#2620));
#5597=EDGE_LOOP('',(#2621,#2622,#2623));
#5598=EDGE_LOOP('',(#2624,#2625,#2626,#2627,#2628));
#5599=EDGE_LOOP('',(#2629,#2630,#2631,#2632,#2633,#2634,#2635));
#5600=EDGE_LOOP('',(#2636,#2637,#2638,#2639,#2640));
#5601=EDGE_LOOP('',(#2641,#2642,#2643,#2644,#2645,#2646,#2647));
#5602=EDGE_LOOP('',(#2648,#2649,#2650));
#5603=EDGE_LOOP('',(#2651,#2652,#2653));
#5604=EDGE_LOOP('',(#2654,#2655,#2656,#2657,#2658,#2659,#2660,#2661));
#5605=EDGE_LOOP('',(#2662,#2663,#2664,#2665,#2666,#2667,#2668,#2669));
#5606=EDGE_LOOP('',(#2670,#2671,#2672,#2673));
#5607=EDGE_LOOP('',(#2674,#2675,#2676,#2677));
#5608=EDGE_LOOP('',(#2678,#2679,#2680,#2681,#2682));
#5609=EDGE_LOOP('',(#2683,#2684,#2685,#2686,#2687));
#5610=EDGE_LOOP('',(#2688,#2689,#2690));
#5611=EDGE_LOOP('',(#2691,#2692,#2693));
#5612=EDGE_LOOP('',(#2694,#2695,#2696,#2697,#2698,#2699,#2700,#2701));
#5613=EDGE_LOOP('',(#2702,#2703,#2704,#2705));
#5614=EDGE_LOOP('',(#2706,#2707,#2708,#2709));
#5615=EDGE_LOOP('',(#2710,#2711,#2712,#2713,#2714,#2715,#2716,#2717));
#5616=EDGE_LOOP('',(#2718,#2719,#2720,#2721,#2722));
#5617=EDGE_LOOP('',(#2723,#2724,#2725,#2726,#2727));
#5618=EDGE_LOOP('',(#2728,#2729,#2730));
#5619=EDGE_LOOP('',(#2731,#2732,#2733));
#5620=EDGE_LOOP('',(#2734,#2735,#2736,#2737));
#5621=EDGE_LOOP('',(#2738,#2739,#2740,#2741));
#5622=EDGE_LOOP('',(#2742,#2743,#2744,#2745,#2746,#2747));
#5623=EDGE_LOOP('',(#2748,#2749,#2750,#2751,#2752,#2753,#2754));
#5624=EDGE_LOOP('',(#2755,#2756,#2757,#2758,#2759));
#5625=EDGE_LOOP('',(#2760,#2761,#2762,#2763,#2764,#2765,#2766));
#5626=EDGE_LOOP('',(#2767,#2768,#2769,#2770,#2771));
#5627=EDGE_LOOP('',(#2772,#2773,#2774));
#5628=EDGE_LOOP('',(#2775,#2776,#2777));
#5629=EDGE_LOOP('',(#2778,#2779,#2780,#2781,#2782,#2783));
#5630=EDGE_LOOP('',(#2784,#2785,#2786,#2787));
#5631=EDGE_LOOP('',(#2788,#2789,#2790,#2791));
#5632=EDGE_LOOP('',(#2792,#2793,#2794,#2795));
#5633=EDGE_LOOP('',(#2796,#2797,#2798,#2799));
#5634=EDGE_LOOP('',(#2800,#2801,#2802,#2803,#2804,#2805));
#5635=EDGE_LOOP('',(#2806,#2807,#2808,#2809,#2810,#2811));
#5636=EDGE_LOOP('',(#2812,#2813,#2814,#2815,#2816,#2817));
#5637=EDGE_LOOP('',(#2818,#2819,#2820,#2821,#2822,#2823));
#5638=EDGE_LOOP('',(#2824,#2825,#2826,#2827,#2828,#2829));
#5639=EDGE_LOOP('',(#2830,#2831,#2832,#2833,#2834,#2835));
#5640=EDGE_LOOP('',(#2836,#2837,#2838,#2839,#2840,#2841));
#5641=EDGE_LOOP('',(#2842,#2843,#2844,#2845,#2846,#2847));
#5642=EDGE_LOOP('',(#2848,#2849,#2850,#2851,#2852,#2853));
#5643=EDGE_LOOP('',(#2854,#2855,#2856,#2857,#2858,#2859));
#5644=EDGE_LOOP('',(#2860,#2861,#2862,#2863,#2864,#2865));
#5645=EDGE_LOOP('',(#2866,#2867,#2868,#2869,#2870,#2871));
#5646=EDGE_LOOP('',(#2872,#2873,#2874,#2875));
#5647=EDGE_LOOP('',(#2876,#2877,#2878,#2879));
#5648=EDGE_LOOP('',(#2880,#2881,#2882,#2883,#2884,#2885,#2886,#2887,#2888,
#2889,#2890,#2891,#2892,#2893,#2894,#2895,#2896,#2897,#2898,#2899,#2900,
#2901,#2902,#2903));
#5649=EDGE_LOOP('',(#2904));
#5650=EDGE_LOOP('',(#2905));
#5651=EDGE_LOOP('',(#2906));
#5652=EDGE_LOOP('',(#2907));
#5653=EDGE_LOOP('',(#2908,#2909,#2910,#2911,#2912,#2913,#2914,#2915,#2916,
#2917,#2918,#2919,#2920,#2921,#2922,#2923,#2924,#2925,#2926,#2927,#2928,
#2929,#2930,#2931));
#5654=EDGE_LOOP('',(#2932));
#5655=EDGE_LOOP('',(#2933));
#5656=EDGE_LOOP('',(#2934));
#5657=EDGE_LOOP('',(#2935));
#5658=EDGE_LOOP('',(#2936,#2937,#2938,#2939));
#5659=EDGE_LOOP('',(#2940,#2941,#2942,#2943));
#5660=EDGE_LOOP('',(#2944,#2945,#2946,#2947));
#5661=EDGE_LOOP('',(#2948,#2949,#2950,#2951));
#5662=EDGE_LOOP('',(#2952,#2953,#2954,#2955));
#5663=EDGE_LOOP('',(#2956,#2957,#2958,#2959));
#5664=EDGE_LOOP('',(#2960,#2961,#2962,#2963));
#5665=EDGE_LOOP('',(#2964,#2965,#2966,#2967));
#5666=EDGE_LOOP('',(#2968,#2969,#2970,#2971));
#5667=EDGE_LOOP('',(#2972,#2973,#2974,#2975));
#5668=EDGE_LOOP('',(#2976,#2977,#2978,#2979));
#5669=EDGE_LOOP('',(#2980,#2981,#2982,#2983));
#5670=EDGE_LOOP('',(#2984,#2985,#2986,#2987));
#5671=EDGE_LOOP('',(#2988,#2989,#2990,#2991));
#5672=EDGE_LOOP('',(#2992,#2993,#2994,#2995));
#5673=EDGE_LOOP('',(#2996));
#5674=EDGE_LOOP('',(#2997));
#5675=EDGE_LOOP('',(#2998));
#5676=EDGE_LOOP('',(#2999));
#5677=EDGE_LOOP('',(#3000));
#5678=EDGE_LOOP('',(#3001));
#5679=EDGE_LOOP('',(#3002));
#5680=EDGE_LOOP('',(#3003));
#5681=EDGE_LOOP('',(#3004,#3005,#3006,#3007));
#5682=EDGE_LOOP('',(#3008,#3009,#3010,#3011,#3012,#3013));
#5683=EDGE_LOOP('',(#3014,#3015,#3016,#3017,#3018,#3019));
#5684=EDGE_LOOP('',(#3020,#3021,#3022,#3023,#3024,#3025));
#5685=EDGE_LOOP('',(#3026,#3027,#3028,#3029,#3030,#3031));
#5686=EDGE_LOOP('',(#3032,#3033,#3034,#3035,#3036,#3037));
#5687=EDGE_LOOP('',(#3038,#3039,#3040,#3041,#3042,#3043));
#5688=EDGE_LOOP('',(#3044,#3045,#3046,#3047,#3048,#3049));
#5689=EDGE_LOOP('',(#3050,#3051,#3052,#3053,#3054,#3055));
#5690=EDGE_LOOP('',(#3056,#3057,#3058,#3059,#3060,#3061));
#5691=EDGE_LOOP('',(#3062,#3063,#3064,#3065,#3066,#3067));
#5692=EDGE_LOOP('',(#3068,#3069,#3070,#3071,#3072,#3073));
#5693=EDGE_LOOP('',(#3074,#3075,#3076,#3077,#3078,#3079));
#5694=EDGE_LOOP('',(#3080,#3081,#3082,#3083));
#5695=EDGE_LOOP('',(#3084,#3085,#3086,#3087));
#5696=EDGE_LOOP('',(#3088,#3089,#3090,#3091,#3092,#3093,#3094,#3095,#3096,
#3097,#3098,#3099,#3100,#3101,#3102,#3103,#3104,#3105,#3106,#3107,#3108,
#3109,#3110,#3111));
#5697=EDGE_LOOP('',(#3112));
#5698=EDGE_LOOP('',(#3113));
#5699=EDGE_LOOP('',(#3114));
#5700=EDGE_LOOP('',(#3115));
#5701=EDGE_LOOP('',(#3116,#3117,#3118,#3119,#3120,#3121,#3122,#3123,#3124,
#3125,#3126,#3127,#3128,#3129,#3130,#3131,#3132,#3133,#3134,#3135,#3136,
#3137,#3138,#3139));
#5702=EDGE_LOOP('',(#3140));
#5703=EDGE_LOOP('',(#3141));
#5704=EDGE_LOOP('',(#3142));
#5705=EDGE_LOOP('',(#3143));
#5706=EDGE_LOOP('',(#3144,#3145,#3146,#3147));
#5707=EDGE_LOOP('',(#3148,#3149,#3150,#3151));
#5708=EDGE_LOOP('',(#3152,#3153,#3154,#3155));
#5709=EDGE_LOOP('',(#3156,#3157,#3158,#3159));
#5710=EDGE_LOOP('',(#3160,#3161,#3162,#3163));
#5711=EDGE_LOOP('',(#3164,#3165,#3166,#3167));
#5712=EDGE_LOOP('',(#3168,#3169,#3170,#3171));
#5713=EDGE_LOOP('',(#3172,#3173,#3174,#3175));
#5714=EDGE_LOOP('',(#3176,#3177,#3178,#3179));
#5715=EDGE_LOOP('',(#3180,#3181,#3182,#3183));
#5716=EDGE_LOOP('',(#3184,#3185,#3186,#3187));
#5717=EDGE_LOOP('',(#3188,#3189,#3190,#3191));
#5718=EDGE_LOOP('',(#3192,#3193,#3194,#3195));
#5719=EDGE_LOOP('',(#3196,#3197,#3198,#3199));
#5720=EDGE_LOOP('',(#3200,#3201,#3202,#3203));
#5721=EDGE_LOOP('',(#3204));
#5722=EDGE_LOOP('',(#3205));
#5723=EDGE_LOOP('',(#3206));
#5724=EDGE_LOOP('',(#3207));
#5725=EDGE_LOOP('',(#3208));
#5726=EDGE_LOOP('',(#3209));
#5727=EDGE_LOOP('',(#3210));
#5728=EDGE_LOOP('',(#3211));
#5729=EDGE_LOOP('',(#3212,#3213,#3214,#3215));
#5730=EDGE_LOOP('',(#3216,#3217,#3218,#3219,#3220,#3221));
#5731=EDGE_LOOP('',(#3222,#3223,#3224,#3225,#3226,#3227));
#5732=EDGE_LOOP('',(#3228,#3229,#3230,#3231,#3232,#3233));
#5733=EDGE_LOOP('',(#3234,#3235,#3236,#3237,#3238,#3239));
#5734=EDGE_LOOP('',(#3240,#3241,#3242,#3243,#3244,#3245));
#5735=EDGE_LOOP('',(#3246,#3247,#3248,#3249,#3250,#3251));
#5736=EDGE_LOOP('',(#3252,#3253,#3254,#3255,#3256,#3257));
#5737=EDGE_LOOP('',(#3258,#3259,#3260,#3261,#3262,#3263));
#5738=EDGE_LOOP('',(#3264,#3265,#3266,#3267,#3268,#3269));
#5739=EDGE_LOOP('',(#3270,#3271,#3272,#3273,#3274,#3275));
#5740=EDGE_LOOP('',(#3276,#3277,#3278,#3279,#3280,#3281));
#5741=EDGE_LOOP('',(#3282,#3283,#3284,#3285,#3286,#3287));
#5742=EDGE_LOOP('',(#3288,#3289,#3290,#3291));
#5743=EDGE_LOOP('',(#3292,#3293,#3294,#3295));
#5744=EDGE_LOOP('',(#3296,#3297,#3298,#3299,#3300,#3301,#3302,#3303,#3304,
#3305,#3306,#3307,#3308,#3309,#3310,#3311,#3312,#3313,#3314,#3315,#3316,
#3317,#3318,#3319));
#5745=EDGE_LOOP('',(#3320));
#5746=EDGE_LOOP('',(#3321));
#5747=EDGE_LOOP('',(#3322));
#5748=EDGE_LOOP('',(#3323));
#5749=EDGE_LOOP('',(#3324,#3325,#3326,#3327,#3328,#3329,#3330,#3331,#3332,
#3333,#3334,#3335,#3336,#3337,#3338,#3339,#3340,#3341,#3342,#3343,#3344,
#3345,#3346,#3347));
#5750=EDGE_LOOP('',(#3348));
#5751=EDGE_LOOP('',(#3349));
#5752=EDGE_LOOP('',(#3350));
#5753=EDGE_LOOP('',(#3351));
#5754=EDGE_LOOP('',(#3352,#3353,#3354,#3355));
#5755=EDGE_LOOP('',(#3356,#3357,#3358,#3359));
#5756=EDGE_LOOP('',(#3360,#3361,#3362,#3363));
#5757=EDGE_LOOP('',(#3364,#3365,#3366,#3367));
#5758=EDGE_LOOP('',(#3368,#3369,#3370,#3371));
#5759=EDGE_LOOP('',(#3372,#3373,#3374,#3375));
#5760=EDGE_LOOP('',(#3376,#3377,#3378,#3379));
#5761=EDGE_LOOP('',(#3380,#3381,#3382,#3383));
#5762=EDGE_LOOP('',(#3384,#3385,#3386,#3387));
#5763=EDGE_LOOP('',(#3388,#3389,#3390,#3391));
#5764=EDGE_LOOP('',(#3392,#3393,#3394,#3395));
#5765=EDGE_LOOP('',(#3396,#3397,#3398,#3399));
#5766=EDGE_LOOP('',(#3400,#3401,#3402,#3403));
#5767=EDGE_LOOP('',(#3404,#3405,#3406,#3407));
#5768=EDGE_LOOP('',(#3408,#3409,#3410,#3411));
#5769=EDGE_LOOP('',(#3412));
#5770=EDGE_LOOP('',(#3413));
#5771=EDGE_LOOP('',(#3414));
#5772=EDGE_LOOP('',(#3415));
#5773=EDGE_LOOP('',(#3416));
#5774=EDGE_LOOP('',(#3417));
#5775=EDGE_LOOP('',(#3418));
#5776=EDGE_LOOP('',(#3419));
#5777=EDGE_LOOP('',(#3420,#3421,#3422,#3423));
#5778=EDGE_LOOP('',(#3424,#3425,#3426,#3427,#3428,#3429));
#5779=EDGE_LOOP('',(#3430,#3431,#3432,#3433,#3434,#3435));
#5780=EDGE_LOOP('',(#3436,#3437,#3438,#3439,#3440,#3441));
#5781=EDGE_LOOP('',(#3442,#3443,#3444,#3445,#3446,#3447));
#5782=EDGE_LOOP('',(#3448,#3449,#3450,#3451,#3452,#3453));
#5783=EDGE_LOOP('',(#3454,#3455,#3456,#3457,#3458,#3459));
#5784=EDGE_LOOP('',(#3460,#3461,#3462,#3463,#3464,#3465));
#5785=EDGE_LOOP('',(#3466,#3467,#3468,#3469,#3470,#3471));
#5786=EDGE_LOOP('',(#3472,#3473,#3474,#3475,#3476,#3477));
#5787=EDGE_LOOP('',(#3478,#3479,#3480,#3481,#3482,#3483));
#5788=EDGE_LOOP('',(#3484,#3485,#3486,#3487,#3488,#3489));
#5789=EDGE_LOOP('',(#3490,#3491,#3492,#3493,#3494,#3495));
#5790=EDGE_LOOP('',(#3496,#3497,#3498,#3499));
#5791=EDGE_LOOP('',(#3500,#3501,#3502,#3503));
#5792=EDGE_LOOP('',(#3504,#3505,#3506,#3507,#3508,#3509,#3510,#3511,#3512,
#3513,#3514,#3515,#3516,#3517,#3518,#3519,#3520,#3521,#3522,#3523,#3524,
#3525,#3526,#3527));
#5793=EDGE_LOOP('',(#3528));
#5794=EDGE_LOOP('',(#3529));
#5795=EDGE_LOOP('',(#3530));
#5796=EDGE_LOOP('',(#3531));
#5797=EDGE_LOOP('',(#3532,#3533,#3534,#3535,#3536,#3537,#3538,#3539,#3540,
#3541,#3542,#3543,#3544,#3545,#3546,#3547,#3548,#3549,#3550,#3551,#3552,
#3553,#3554,#3555));
#5798=EDGE_LOOP('',(#3556));
#5799=EDGE_LOOP('',(#3557));
#5800=EDGE_LOOP('',(#3558));
#5801=EDGE_LOOP('',(#3559));
#5802=EDGE_LOOP('',(#3560,#3561,#3562,#3563));
#5803=EDGE_LOOP('',(#3564,#3565,#3566,#3567));
#5804=EDGE_LOOP('',(#3568,#3569,#3570,#3571));
#5805=EDGE_LOOP('',(#3572,#3573,#3574,#3575));
#5806=EDGE_LOOP('',(#3576,#3577,#3578,#3579));
#5807=EDGE_LOOP('',(#3580,#3581,#3582,#3583));
#5808=EDGE_LOOP('',(#3584,#3585,#3586,#3587));
#5809=EDGE_LOOP('',(#3588,#3589,#3590,#3591));
#5810=EDGE_LOOP('',(#3592,#3593,#3594,#3595));
#5811=EDGE_LOOP('',(#3596,#3597,#3598,#3599));
#5812=EDGE_LOOP('',(#3600,#3601,#3602,#3603));
#5813=EDGE_LOOP('',(#3604,#3605,#3606,#3607));
#5814=EDGE_LOOP('',(#3608,#3609,#3610,#3611));
#5815=EDGE_LOOP('',(#3612,#3613,#3614,#3615));
#5816=EDGE_LOOP('',(#3616,#3617,#3618,#3619));
#5817=EDGE_LOOP('',(#3620));
#5818=EDGE_LOOP('',(#3621));
#5819=EDGE_LOOP('',(#3622));
#5820=EDGE_LOOP('',(#3623));
#5821=EDGE_LOOP('',(#3624));
#5822=EDGE_LOOP('',(#3625));
#5823=EDGE_LOOP('',(#3626));
#5824=EDGE_LOOP('',(#3627));
#5825=EDGE_LOOP('',(#3628,#3629,#3630,#3631));
#5826=EDGE_LOOP('',(#3632,#3633,#3634,#3635,#3636,#3637,#3638,#3639,#3640));
#5827=EDGE_LOOP('',(#3641,#3642,#3643,#3644));
#5828=EDGE_LOOP('',(#3645,#3646,#3647,#3648,#3649,#3650,#3651,#3652,#3653));
#5829=EDGE_LOOP('',(#3654,#3655,#3656,#3657));
#5830=EDGE_LOOP('',(#3658,#3659,#3660,#3661));
#5831=EDGE_LOOP('',(#3662,#3663,#3664,#3665));
#5832=EDGE_LOOP('',(#3666,#3667,#3668,#3669));
#5833=EDGE_LOOP('',(#3670,#3671,#3672,#3673,#3674,#3675,#3676,#3677,#3678));
#5834=EDGE_LOOP('',(#3679,#3680,#3681,#3682));
#5835=EDGE_LOOP('',(#3683,#3684,#3685,#3686,#3687,#3688,#3689,#3690,#3691));
#5836=EDGE_LOOP('',(#3692,#3693,#3694,#3695));
#5837=EDGE_LOOP('',(#3696,#3697,#3698,#3699));
#5838=EDGE_LOOP('',(#3700,#3701,#3702,#3703));
#5839=EDGE_LOOP('',(#3704,#3705,#3706,#3707));
#5840=FACE_BOUND('',#5378,.T.);
#5841=FACE_BOUND('',#5379,.T.);
#5842=FACE_BOUND('',#5380,.T.);
#5843=FACE_BOUND('',#5381,.T.);
#5844=FACE_BOUND('',#5382,.T.);
#5845=FACE_BOUND('',#5383,.T.);
#5846=FACE_BOUND('',#5384,.T.);
#5847=FACE_BOUND('',#5385,.T.);
#5848=FACE_BOUND('',#5386,.T.);
#5849=FACE_BOUND('',#5387,.T.);
#5850=FACE_BOUND('',#5388,.T.);
#5851=FACE_BOUND('',#5389,.T.);
#5852=FACE_BOUND('',#5390,.T.);
#5853=FACE_BOUND('',#5391,.T.);
#5854=FACE_BOUND('',#5392,.T.);
#5855=FACE_BOUND('',#5393,.T.);
#5856=FACE_BOUND('',#5394,.T.);
#5857=FACE_BOUND('',#5395,.T.);
#5858=FACE_BOUND('',#5396,.T.);
#5859=FACE_BOUND('',#5397,.T.);
#5860=FACE_BOUND('',#5398,.T.);
#5861=FACE_BOUND('',#5399,.T.);
#5862=FACE_BOUND('',#5400,.T.);
#5863=FACE_BOUND('',#5401,.T.);
#5864=FACE_BOUND('',#5402,.T.);
#5865=FACE_BOUND('',#5403,.T.);
#5866=FACE_BOUND('',#5404,.T.);
#5867=FACE_BOUND('',#5405,.T.);
#5868=FACE_BOUND('',#5406,.T.);
#5869=FACE_BOUND('',#5407,.T.);
#5870=FACE_BOUND('',#5408,.T.);
#5871=FACE_BOUND('',#5409,.T.);
#5872=FACE_BOUND('',#5410,.T.);
#5873=FACE_BOUND('',#5411,.T.);
#5874=FACE_BOUND('',#5412,.T.);
#5875=FACE_BOUND('',#5413,.T.);
#5876=FACE_BOUND('',#5414,.T.);
#5877=FACE_BOUND('',#5415,.T.);
#5878=FACE_BOUND('',#5416,.T.);
#5879=FACE_BOUND('',#5417,.T.);
#5880=FACE_BOUND('',#5418,.T.);
#5881=FACE_BOUND('',#5419,.T.);
#5882=FACE_BOUND('',#5420,.T.);
#5883=FACE_BOUND('',#5421,.T.);
#5884=FACE_BOUND('',#5422,.T.);
#5885=FACE_BOUND('',#5423,.T.);
#5886=FACE_BOUND('',#5424,.T.);
#5887=FACE_BOUND('',#5425,.T.);
#5888=FACE_BOUND('',#5426,.T.);
#5889=FACE_BOUND('',#5427,.T.);
#5890=FACE_BOUND('',#5428,.T.);
#5891=FACE_BOUND('',#5429,.T.);
#5892=FACE_BOUND('',#5430,.T.);
#5893=FACE_BOUND('',#5431,.T.);
#5894=FACE_BOUND('',#5432,.T.);
#5895=FACE_BOUND('',#5433,.T.);
#5896=FACE_BOUND('',#5434,.T.);
#5897=FACE_BOUND('',#5435,.T.);
#5898=FACE_BOUND('',#5436,.T.);
#5899=FACE_BOUND('',#5437,.T.);
#5900=FACE_BOUND('',#5438,.T.);
#5901=FACE_BOUND('',#5439,.T.);
#5902=FACE_BOUND('',#5440,.T.);
#5903=FACE_BOUND('',#5441,.T.);
#5904=FACE_BOUND('',#5442,.T.);
#5905=FACE_BOUND('',#5443,.T.);
#5906=FACE_BOUND('',#5444,.T.);
#5907=FACE_BOUND('',#5445,.T.);
#5908=FACE_BOUND('',#5446,.T.);
#5909=FACE_BOUND('',#5447,.T.);
#5910=FACE_BOUND('',#5448,.T.);
#5911=FACE_BOUND('',#5449,.T.);
#5912=FACE_BOUND('',#5450,.T.);
#5913=FACE_BOUND('',#5451,.T.);
#5914=FACE_BOUND('',#5452,.T.);
#5915=FACE_BOUND('',#5453,.T.);
#5916=FACE_BOUND('',#5454,.T.);
#5917=FACE_BOUND('',#5455,.T.);
#5918=FACE_BOUND('',#5456,.T.);
#5919=FACE_BOUND('',#5457,.T.);
#5920=FACE_BOUND('',#5458,.T.);
#5921=FACE_BOUND('',#5459,.T.);
#5922=FACE_BOUND('',#5460,.T.);
#5923=FACE_BOUND('',#5461,.T.);
#5924=FACE_BOUND('',#5462,.T.);
#5925=FACE_BOUND('',#5463,.T.);
#5926=FACE_BOUND('',#5464,.T.);
#5927=FACE_BOUND('',#5465,.T.);
#5928=FACE_BOUND('',#5466,.T.);
#5929=FACE_BOUND('',#5467,.T.);
#5930=FACE_BOUND('',#5468,.T.);
#5931=FACE_BOUND('',#5469,.T.);
#5932=FACE_BOUND('',#5470,.T.);
#5933=FACE_BOUND('',#5471,.T.);
#5934=FACE_BOUND('',#5472,.T.);
#5935=FACE_BOUND('',#5473,.T.);
#5936=FACE_BOUND('',#5474,.T.);
#5937=FACE_BOUND('',#5475,.T.);
#5938=FACE_BOUND('',#5476,.T.);
#5939=FACE_BOUND('',#5477,.T.);
#5940=FACE_BOUND('',#5478,.T.);
#5941=FACE_BOUND('',#5479,.T.);
#5942=FACE_BOUND('',#5480,.T.);
#5943=FACE_BOUND('',#5481,.T.);
#5944=FACE_BOUND('',#5482,.T.);
#5945=FACE_BOUND('',#5483,.T.);
#5946=FACE_BOUND('',#5484,.T.);
#5947=FACE_BOUND('',#5485,.T.);
#5948=FACE_BOUND('',#5486,.T.);
#5949=FACE_BOUND('',#5487,.T.);
#5950=FACE_BOUND('',#5488,.T.);
#5951=FACE_BOUND('',#5489,.T.);
#5952=FACE_BOUND('',#5490,.T.);
#5953=FACE_BOUND('',#5491,.T.);
#5954=FACE_BOUND('',#5492,.T.);
#5955=FACE_BOUND('',#5493,.T.);
#5956=FACE_BOUND('',#5494,.T.);
#5957=FACE_BOUND('',#5495,.T.);
#5958=FACE_BOUND('',#5496,.T.);
#5959=FACE_BOUND('',#5497,.T.);
#5960=FACE_BOUND('',#5498,.T.);
#5961=FACE_BOUND('',#5499,.T.);
#5962=FACE_BOUND('',#5500,.T.);
#5963=FACE_BOUND('',#5501,.T.);
#5964=FACE_BOUND('',#5502,.T.);
#5965=FACE_BOUND('',#5503,.T.);
#5966=FACE_BOUND('',#5504,.T.);
#5967=FACE_BOUND('',#5505,.T.);
#5968=FACE_BOUND('',#5506,.T.);
#5969=FACE_BOUND('',#5507,.T.);
#5970=FACE_BOUND('',#5508,.T.);
#5971=FACE_BOUND('',#5509,.T.);
#5972=FACE_BOUND('',#5510,.T.);
#5973=FACE_BOUND('',#5511,.T.);
#5974=FACE_BOUND('',#5512,.T.);
#5975=FACE_BOUND('',#5513,.T.);
#5976=FACE_BOUND('',#5514,.T.);
#5977=FACE_BOUND('',#5515,.T.);
#5978=FACE_BOUND('',#5516,.T.);
#5979=FACE_BOUND('',#5517,.T.);
#5980=FACE_BOUND('',#5518,.T.);
#5981=FACE_BOUND('',#5519,.T.);
#5982=FACE_BOUND('',#5520,.T.);
#5983=FACE_BOUND('',#5521,.T.);
#5984=FACE_BOUND('',#5522,.T.);
#5985=FACE_BOUND('',#5523,.T.);
#5986=FACE_BOUND('',#5524,.T.);
#5987=FACE_BOUND('',#5525,.T.);
#5988=FACE_BOUND('',#5526,.T.);
#5989=FACE_BOUND('',#5527,.T.);
#5990=FACE_BOUND('',#5528,.T.);
#5991=FACE_BOUND('',#5529,.T.);
#5992=FACE_BOUND('',#5530,.T.);
#5993=FACE_BOUND('',#5531,.T.);
#5994=FACE_BOUND('',#5532,.T.);
#5995=FACE_BOUND('',#5533,.T.);
#5996=FACE_BOUND('',#5534,.T.);
#5997=FACE_BOUND('',#5535,.T.);
#5998=FACE_BOUND('',#5536,.T.);
#5999=FACE_BOUND('',#5537,.T.);
#6000=FACE_BOUND('',#5538,.T.);
#6001=FACE_BOUND('',#5539,.T.);
#6002=FACE_BOUND('',#5540,.T.);
#6003=FACE_BOUND('',#5541,.T.);
#6004=FACE_BOUND('',#5542,.T.);
#6005=FACE_BOUND('',#5543,.T.);
#6006=FACE_BOUND('',#5544,.T.);
#6007=FACE_BOUND('',#5545,.T.);
#6008=FACE_BOUND('',#5546,.T.);
#6009=FACE_BOUND('',#5547,.T.);
#6010=FACE_BOUND('',#5548,.T.);
#6011=FACE_BOUND('',#5549,.T.);
#6012=FACE_BOUND('',#5550,.T.);
#6013=FACE_BOUND('',#5551,.T.);
#6014=FACE_BOUND('',#5552,.T.);
#6015=FACE_BOUND('',#5553,.T.);
#6016=FACE_BOUND('',#5554,.T.);
#6017=FACE_BOUND('',#5555,.T.);
#6018=FACE_BOUND('',#5556,.T.);
#6019=FACE_BOUND('',#5557,.T.);
#6020=FACE_BOUND('',#5558,.T.);
#6021=FACE_BOUND('',#5559,.T.);
#6022=FACE_BOUND('',#5560,.T.);
#6023=FACE_BOUND('',#5561,.T.);
#6024=FACE_BOUND('',#5562,.T.);
#6025=FACE_BOUND('',#5563,.T.);
#6026=FACE_BOUND('',#5564,.T.);
#6027=FACE_BOUND('',#5565,.T.);
#6028=FACE_BOUND('',#5566,.T.);
#6029=FACE_BOUND('',#5567,.T.);
#6030=FACE_BOUND('',#5568,.T.);
#6031=FACE_BOUND('',#5569,.T.);
#6032=FACE_BOUND('',#5570,.T.);
#6033=FACE_BOUND('',#5571,.T.);
#6034=FACE_BOUND('',#5572,.T.);
#6035=FACE_BOUND('',#5573,.T.);
#6036=FACE_BOUND('',#5574,.T.);
#6037=FACE_BOUND('',#5575,.T.);
#6038=FACE_BOUND('',#5576,.T.);
#6039=FACE_BOUND('',#5577,.T.);
#6040=FACE_BOUND('',#5578,.T.);
#6041=FACE_BOUND('',#5579,.T.);
#6042=FACE_BOUND('',#5580,.T.);
#6043=FACE_BOUND('',#5581,.T.);
#6044=FACE_BOUND('',#5582,.T.);
#6045=FACE_BOUND('',#5583,.T.);
#6046=FACE_BOUND('',#5584,.T.);
#6047=FACE_BOUND('',#5585,.T.);
#6048=FACE_BOUND('',#5586,.T.);
#6049=FACE_BOUND('',#5587,.T.);
#6050=FACE_BOUND('',#5588,.T.);
#6051=FACE_BOUND('',#5589,.T.);
#6052=FACE_BOUND('',#5590,.T.);
#6053=FACE_BOUND('',#5591,.T.);
#6054=FACE_BOUND('',#5592,.T.);
#6055=FACE_BOUND('',#5593,.T.);
#6056=FACE_BOUND('',#5594,.T.);
#6057=FACE_BOUND('',#5595,.T.);
#6058=FACE_BOUND('',#5596,.T.);
#6059=FACE_BOUND('',#5597,.T.);
#6060=FACE_BOUND('',#5598,.T.);
#6061=FACE_BOUND('',#5599,.T.);
#6062=FACE_BOUND('',#5600,.T.);
#6063=FACE_BOUND('',#5601,.T.);
#6064=FACE_BOUND('',#5602,.T.);
#6065=FACE_BOUND('',#5603,.T.);
#6066=FACE_BOUND('',#5604,.T.);
#6067=FACE_BOUND('',#5605,.T.);
#6068=FACE_BOUND('',#5606,.T.);
#6069=FACE_BOUND('',#5607,.T.);
#6070=FACE_BOUND('',#5608,.T.);
#6071=FACE_BOUND('',#5609,.T.);
#6072=FACE_BOUND('',#5610,.T.);
#6073=FACE_BOUND('',#5611,.T.);
#6074=FACE_BOUND('',#5612,.T.);
#6075=FACE_BOUND('',#5613,.T.);
#6076=FACE_BOUND('',#5614,.T.);
#6077=FACE_BOUND('',#5615,.T.);
#6078=FACE_BOUND('',#5616,.T.);
#6079=FACE_BOUND('',#5617,.T.);
#6080=FACE_BOUND('',#5618,.T.);
#6081=FACE_BOUND('',#5619,.T.);
#6082=FACE_BOUND('',#5620,.T.);
#6083=FACE_BOUND('',#5621,.T.);
#6084=FACE_BOUND('',#5622,.T.);
#6085=FACE_BOUND('',#5623,.T.);
#6086=FACE_BOUND('',#5624,.T.);
#6087=FACE_BOUND('',#5625,.T.);
#6088=FACE_BOUND('',#5626,.T.);
#6089=FACE_BOUND('',#5627,.T.);
#6090=FACE_BOUND('',#5628,.T.);
#6091=FACE_BOUND('',#5629,.T.);
#6092=FACE_BOUND('',#5630,.T.);
#6093=FACE_BOUND('',#5631,.T.);
#6094=FACE_BOUND('',#5632,.T.);
#6095=FACE_BOUND('',#5633,.T.);
#6096=FACE_BOUND('',#5634,.T.);
#6097=FACE_BOUND('',#5635,.T.);
#6098=FACE_BOUND('',#5636,.T.);
#6099=FACE_BOUND('',#5637,.T.);
#6100=FACE_BOUND('',#5638,.T.);
#6101=FACE_BOUND('',#5639,.T.);
#6102=FACE_BOUND('',#5640,.T.);
#6103=FACE_BOUND('',#5641,.T.);
#6104=FACE_BOUND('',#5642,.T.);
#6105=FACE_BOUND('',#5643,.T.);
#6106=FACE_BOUND('',#5644,.T.);
#6107=FACE_BOUND('',#5645,.T.);
#6108=FACE_BOUND('',#5646,.T.);
#6109=FACE_BOUND('',#5647,.T.);
#6110=FACE_BOUND('',#5648,.T.);
#6111=FACE_BOUND('',#5649,.T.);
#6112=FACE_BOUND('',#5650,.T.);
#6113=FACE_BOUND('',#5651,.T.);
#6114=FACE_BOUND('',#5652,.T.);
#6115=FACE_BOUND('',#5653,.T.);
#6116=FACE_BOUND('',#5654,.T.);
#6117=FACE_BOUND('',#5655,.T.);
#6118=FACE_BOUND('',#5656,.T.);
#6119=FACE_BOUND('',#5657,.T.);
#6120=FACE_BOUND('',#5658,.T.);
#6121=FACE_BOUND('',#5659,.T.);
#6122=FACE_BOUND('',#5660,.T.);
#6123=FACE_BOUND('',#5661,.T.);
#6124=FACE_BOUND('',#5662,.T.);
#6125=FACE_BOUND('',#5663,.T.);
#6126=FACE_BOUND('',#5664,.T.);
#6127=FACE_BOUND('',#5665,.T.);
#6128=FACE_BOUND('',#5666,.T.);
#6129=FACE_BOUND('',#5667,.T.);
#6130=FACE_BOUND('',#5668,.T.);
#6131=FACE_BOUND('',#5669,.T.);
#6132=FACE_BOUND('',#5670,.T.);
#6133=FACE_BOUND('',#5671,.T.);
#6134=FACE_BOUND('',#5672,.T.);
#6135=FACE_BOUND('',#5673,.T.);
#6136=FACE_BOUND('',#5674,.T.);
#6137=FACE_BOUND('',#5675,.T.);
#6138=FACE_BOUND('',#5676,.T.);
#6139=FACE_BOUND('',#5677,.T.);
#6140=FACE_BOUND('',#5678,.T.);
#6141=FACE_BOUND('',#5679,.T.);
#6142=FACE_BOUND('',#5680,.T.);
#6143=FACE_BOUND('',#5681,.T.);
#6144=FACE_BOUND('',#5682,.T.);
#6145=FACE_BOUND('',#5683,.T.);
#6146=FACE_BOUND('',#5684,.T.);
#6147=FACE_BOUND('',#5685,.T.);
#6148=FACE_BOUND('',#5686,.T.);
#6149=FACE_BOUND('',#5687,.T.);
#6150=FACE_BOUND('',#5688,.T.);
#6151=FACE_BOUND('',#5689,.T.);
#6152=FACE_BOUND('',#5690,.T.);
#6153=FACE_BOUND('',#5691,.T.);
#6154=FACE_BOUND('',#5692,.T.);
#6155=FACE_BOUND('',#5693,.T.);
#6156=FACE_BOUND('',#5694,.T.);
#6157=FACE_BOUND('',#5695,.T.);
#6158=FACE_BOUND('',#5696,.T.);
#6159=FACE_BOUND('',#5697,.T.);
#6160=FACE_BOUND('',#5698,.T.);
#6161=FACE_BOUND('',#5699,.T.);
#6162=FACE_BOUND('',#5700,.T.);
#6163=FACE_BOUND('',#5701,.T.);
#6164=FACE_BOUND('',#5702,.T.);
#6165=FACE_BOUND('',#5703,.T.);
#6166=FACE_BOUND('',#5704,.T.);
#6167=FACE_BOUND('',#5705,.T.);
#6168=FACE_BOUND('',#5706,.T.);
#6169=FACE_BOUND('',#5707,.T.);
#6170=FACE_BOUND('',#5708,.T.);
#6171=FACE_BOUND('',#5709,.T.);
#6172=FACE_BOUND('',#5710,.T.);
#6173=FACE_BOUND('',#5711,.T.);
#6174=FACE_BOUND('',#5712,.T.);
#6175=FACE_BOUND('',#5713,.T.);
#6176=FACE_BOUND('',#5714,.T.);
#6177=FACE_BOUND('',#5715,.T.);
#6178=FACE_BOUND('',#5716,.T.);
#6179=FACE_BOUND('',#5717,.T.);
#6180=FACE_BOUND('',#5718,.T.);
#6181=FACE_BOUND('',#5719,.T.);
#6182=FACE_BOUND('',#5720,.T.);
#6183=FACE_BOUND('',#5721,.T.);
#6184=FACE_BOUND('',#5722,.T.);
#6185=FACE_BOUND('',#5723,.T.);
#6186=FACE_BOUND('',#5724,.T.);
#6187=FACE_BOUND('',#5725,.T.);
#6188=FACE_BOUND('',#5726,.T.);
#6189=FACE_BOUND('',#5727,.T.);
#6190=FACE_BOUND('',#5728,.T.);
#6191=FACE_BOUND('',#5729,.T.);
#6192=FACE_BOUND('',#5730,.T.);
#6193=FACE_BOUND('',#5731,.T.);
#6194=FACE_BOUND('',#5732,.T.);
#6195=FACE_BOUND('',#5733,.T.);
#6196=FACE_BOUND('',#5734,.T.);
#6197=FACE_BOUND('',#5735,.T.);
#6198=FACE_BOUND('',#5736,.T.);
#6199=FACE_BOUND('',#5737,.T.);
#6200=FACE_BOUND('',#5738,.T.);
#6201=FACE_BOUND('',#5739,.T.);
#6202=FACE_BOUND('',#5740,.T.);
#6203=FACE_BOUND('',#5741,.T.);
#6204=FACE_BOUND('',#5742,.T.);
#6205=FACE_BOUND('',#5743,.T.);
#6206=FACE_BOUND('',#5744,.T.);
#6207=FACE_BOUND('',#5745,.T.);
#6208=FACE_BOUND('',#5746,.T.);
#6209=FACE_BOUND('',#5747,.T.);
#6210=FACE_BOUND('',#5748,.T.);
#6211=FACE_BOUND('',#5749,.T.);
#6212=FACE_BOUND('',#5750,.T.);
#6213=FACE_BOUND('',#5751,.T.);
#6214=FACE_BOUND('',#5752,.T.);
#6215=FACE_BOUND('',#5753,.T.);
#6216=FACE_BOUND('',#5754,.T.);
#6217=FACE_BOUND('',#5755,.T.);
#6218=FACE_BOUND('',#5756,.T.);
#6219=FACE_BOUND('',#5757,.T.);
#6220=FACE_BOUND('',#5758,.T.);
#6221=FACE_BOUND('',#5759,.T.);
#6222=FACE_BOUND('',#5760,.T.);
#6223=FACE_BOUND('',#5761,.T.);
#6224=FACE_BOUND('',#5762,.T.);
#6225=FACE_BOUND('',#5763,.T.);
#6226=FACE_BOUND('',#5764,.T.);
#6227=FACE_BOUND('',#5765,.T.);
#6228=FACE_BOUND('',#5766,.T.);
#6229=FACE_BOUND('',#5767,.T.);
#6230=FACE_BOUND('',#5768,.T.);
#6231=FACE_BOUND('',#5769,.T.);
#6232=FACE_BOUND('',#5770,.T.);
#6233=FACE_BOUND('',#5771,.T.);
#6234=FACE_BOUND('',#5772,.T.);
#6235=FACE_BOUND('',#5773,.T.);
#6236=FACE_BOUND('',#5774,.T.);
#6237=FACE_BOUND('',#5775,.T.);
#6238=FACE_BOUND('',#5776,.T.);
#6239=FACE_BOUND('',#5777,.T.);
#6240=FACE_BOUND('',#5778,.T.);
#6241=FACE_BOUND('',#5779,.T.);
#6242=FACE_BOUND('',#5780,.T.);
#6243=FACE_BOUND('',#5781,.T.);
#6244=FACE_BOUND('',#5782,.T.);
#6245=FACE_BOUND('',#5783,.T.);
#6246=FACE_BOUND('',#5784,.T.);
#6247=FACE_BOUND('',#5785,.T.);
#6248=FACE_BOUND('',#5786,.T.);
#6249=FACE_BOUND('',#5787,.T.);
#6250=FACE_BOUND('',#5788,.T.);
#6251=FACE_BOUND('',#5789,.T.);
#6252=FACE_BOUND('',#5790,.T.);
#6253=FACE_BOUND('',#5791,.T.);
#6254=FACE_BOUND('',#5792,.T.);
#6255=FACE_BOUND('',#5793,.T.);
#6256=FACE_BOUND('',#5794,.T.);
#6257=FACE_BOUND('',#5795,.T.);
#6258=FACE_BOUND('',#5796,.T.);
#6259=FACE_BOUND('',#5797,.T.);
#6260=FACE_BOUND('',#5798,.T.);
#6261=FACE_BOUND('',#5799,.T.);
#6262=FACE_BOUND('',#5800,.T.);
#6263=FACE_BOUND('',#5801,.T.);
#6264=FACE_BOUND('',#5802,.T.);
#6265=FACE_BOUND('',#5803,.T.);
#6266=FACE_BOUND('',#5804,.T.);
#6267=FACE_BOUND('',#5805,.T.);
#6268=FACE_BOUND('',#5806,.T.);
#6269=FACE_BOUND('',#5807,.T.);
#6270=FACE_BOUND('',#5808,.T.);
#6271=FACE_BOUND('',#5809,.T.);
#6272=FACE_BOUND('',#5810,.T.);
#6273=FACE_BOUND('',#5811,.T.);
#6274=FACE_BOUND('',#5812,.T.);
#6275=FACE_BOUND('',#5813,.T.);
#6276=FACE_BOUND('',#5814,.T.);
#6277=FACE_BOUND('',#5815,.T.);
#6278=FACE_BOUND('',#5816,.T.);
#6279=FACE_BOUND('',#5817,.T.);
#6280=FACE_BOUND('',#5818,.T.);
#6281=FACE_BOUND('',#5819,.T.);
#6282=FACE_BOUND('',#5820,.T.);
#6283=FACE_BOUND('',#5821,.T.);
#6284=FACE_BOUND('',#5822,.T.);
#6285=FACE_BOUND('',#5823,.T.);
#6286=FACE_BOUND('',#5824,.T.);
#6287=FACE_BOUND('',#5825,.T.);
#6288=FACE_BOUND('',#5826,.T.);
#6289=FACE_BOUND('',#5827,.T.);
#6290=FACE_BOUND('',#5828,.T.);
#6291=FACE_BOUND('',#5829,.T.);
#6292=FACE_BOUND('',#5830,.T.);
#6293=FACE_BOUND('',#5831,.T.);
#6294=FACE_BOUND('',#5832,.T.);
#6295=FACE_BOUND('',#5833,.T.);
#6296=FACE_BOUND('',#5834,.T.);
#6297=FACE_BOUND('',#5835,.T.);
#6298=FACE_BOUND('',#5836,.T.);
#6299=FACE_BOUND('',#5837,.T.);
#6300=FACE_BOUND('',#5838,.T.);
#6301=FACE_BOUND('',#5839,.T.);
#6302=PLANE('',#6835);
#6303=PLANE('',#6837);
#6304=PLANE('',#6839);
#6305=PLANE('',#6844);
#6306=PLANE('',#6845);
#6307=PLANE('',#6854);
#6308=PLANE('',#6855);
#6309=PLANE('',#6856);
#6310=PLANE('',#6857);
#6311=PLANE('',#6858);
#6312=PLANE('',#6859);
#6313=PLANE('',#6860);
#6314=PLANE('',#6862);
#6315=PLANE('',#6864);
#6316=PLANE('',#6866);
#6317=PLANE('',#6867);
#6318=PLANE('',#6872);
#6319=PLANE('',#6873);
#6320=PLANE('',#6882);
#6321=PLANE('',#6883);
#6322=PLANE('',#6884);
#6323=PLANE('',#6885);
#6324=PLANE('',#6887);
#6325=PLANE('',#6888);
#6326=PLANE('',#6889);
#6327=PLANE('',#6892);
#6328=PLANE('',#6895);
#6329=PLANE('',#6898);
#6330=PLANE('',#6909);
#6331=PLANE('',#6910);
#6332=PLANE('',#6911);
#6333=PLANE('',#6912);
#6334=PLANE('',#6913);
#6335=PLANE('',#6922);
#6336=PLANE('',#6923);
#6337=PLANE('',#6924);
#6338=PLANE('',#6925);
#6339=PLANE('',#6926);
#6340=PLANE('',#6927);
#6341=PLANE('',#6928);
#6342=PLANE('',#6929);
#6343=PLANE('',#6931);
#6344=PLANE('',#6933);
#6345=PLANE('',#6935);
#6346=PLANE('',#6937);
#6347=PLANE('',#6938);
#6348=PLANE('',#6950);
#6349=PLANE('',#6951);
#6350=PLANE('',#6952);
#6351=PLANE('',#6953);
#6352=PLANE('',#6954);
#6353=PLANE('',#6955);
#6354=PLANE('',#6956);
#6355=PLANE('',#6958);
#6356=PLANE('',#6972);
#6357=PLANE('',#6973);
#6358=PLANE('',#6974);
#6359=PLANE('',#6975);
#6360=PLANE('',#6976);
#6361=PLANE('',#6977);
#6362=PLANE('',#6978);
#6363=PLANE('',#6979);
#6364=PLANE('',#6980);
#6365=PLANE('',#6981);
#6366=PLANE('',#6982);
#6367=PLANE('',#6983);
#6368=PLANE('',#6992);
#6369=PLANE('',#6993);
#6370=PLANE('',#6994);
#6371=PLANE('',#6995);
#6372=PLANE('',#6996);
#6373=PLANE('',#6997);
#6374=PLANE('',#6999);
#6375=PLANE('',#7016);
#6376=PLANE('',#7017);
#6377=PLANE('',#7018);
#6378=PLANE('',#7019);
#6379=PLANE('',#7020);
#6380=PLANE('',#7021);
#6381=PLANE('',#7022);
#6382=PLANE('',#7023);
#6383=PLANE('',#7024);
#6384=PLANE('',#7025);
#6385=PLANE('',#7026);
#6386=PLANE('',#7027);
#6387=PLANE('',#7036);
#6388=PLANE('',#7037);
#6389=PLANE('',#7038);
#6390=PLANE('',#7039);
#6391=PLANE('',#7041);
#6392=PLANE('',#7043);
#6393=PLANE('',#7044);
#6394=PLANE('',#7045);
#6395=PLANE('',#7047);
#6396=PLANE('',#7049);
#6397=PLANE('',#7050);
#6398=PLANE('',#7059);
#6399=PLANE('',#7060);
#6400=PLANE('',#7061);
#6401=PLANE('',#7062);
#6402=PLANE('',#7063);
#6403=PLANE('',#7064);
#6404=PLANE('',#7065);
#6405=PLANE('',#7066);
#6406=PLANE('',#7067);
#6407=PLANE('',#7068);
#6408=PLANE('',#7069);
#6409=PLANE('',#7070);
#6410=PLANE('',#7071);
#6411=PLANE('',#7072);
#6412=PLANE('',#7073);
#6413=PLANE('',#7074);
#6414=PLANE('',#7075);
#6415=PLANE('',#7076);
#6416=PLANE('',#7077);
#6417=PLANE('',#7078);
#6418=PLANE('',#7079);
#6419=PLANE('',#7080);
#6420=PLANE('',#7081);
#6421=PLANE('',#7082);
#6422=PLANE('',#7083);
#6423=PLANE('',#7084);
#6424=PLANE('',#7085);
#6425=PLANE('',#7086);
#6426=PLANE('',#7087);
#6427=PLANE('',#7088);
#6428=PLANE('',#7089);
#6429=PLANE('',#7090);
#6430=PLANE('',#7091);
#6431=PLANE('',#7092);
#6432=PLANE('',#7093);
#6433=PLANE('',#7094);
#6434=PLANE('',#7095);
#6435=PLANE('',#7106);
#6436=PLANE('',#7127);
#6437=PLANE('',#7128);
#6438=PLANE('',#7129);
#6439=PLANE('',#7130);
#6440=PLANE('',#7131);
#6441=PLANE('',#7132);
#6442=PLANE('',#7133);
#6443=PLANE('',#7134);
#6444=PLANE('',#7135);
#6445=PLANE('',#7136);
#6446=PLANE('',#7137);
#6447=PLANE('',#7138);
#6448=PLANE('',#7139);
#6449=PLANE('',#7150);
#6450=PLANE('',#7171);
#6451=PLANE('',#7172);
#6452=PLANE('',#7173);
#6453=PLANE('',#7174);
#6454=PLANE('',#7175);
#6455=PLANE('',#7176);
#6456=PLANE('',#7177);
#6457=PLANE('',#7178);
#6458=PLANE('',#7179);
#6459=PLANE('',#7180);
#6460=PLANE('',#7181);
#6461=PLANE('',#7182);
#6462=PLANE('',#7183);
#6463=PLANE('',#7194);
#6464=PLANE('',#7215);
#6465=PLANE('',#7216);
#6466=PLANE('',#7217);
#6467=PLANE('',#7218);
#6468=PLANE('',#7219);
#6469=PLANE('',#7220);
#6470=PLANE('',#7221);
#6471=PLANE('',#7222);
#6472=PLANE('',#7223);
#6473=PLANE('',#7224);
#6474=PLANE('',#7225);
#6475=PLANE('',#7226);
#6476=PLANE('',#7227);
#6477=PLANE('',#7238);
#6478=PLANE('',#7259);
#6479=PLANE('',#7260);
#6480=PLANE('',#7261);
#6481=PLANE('',#7262);
#6482=PLANE('',#7263);
#6483=PLANE('',#7264);
#6484=PLANE('',#7265);
#6485=PLANE('',#7266);
#6486=PLANE('',#7267);
#6487=PLANE('',#7268);
#6488=ADVANCED_FACE('',(#5840),#6302,.F.);
#6489=ADVANCED_FACE('',(#5841),#6303,.T.);
#6490=ADVANCED_FACE('',(#5842),#6304,.T.);
#6491=ADVANCED_FACE('',(#5843),#6305,.T.);
#6492=ADVANCED_FACE('',(#5844),#6306,.T.);
#6493=ADVANCED_FACE('',(#5845),#96,.F.);
#6494=ADVANCED_FACE('',(#5846),#97,.T.);
#6495=ADVANCED_FACE('',(#5847),#98,.F.);
#6496=ADVANCED_FACE('',(#5848),#99,.T.);
#6497=ADVANCED_FACE('',(#5849),#6307,.T.);
#6498=ADVANCED_FACE('',(#5850),#6308,.T.);
#6499=ADVANCED_FACE('',(#5851),#6309,.T.);
#6500=ADVANCED_FACE('',(#5852),#6310,.T.);
#6501=ADVANCED_FACE('',(#5853),#6311,.T.);
#6502=ADVANCED_FACE('',(#5854),#6312,.T.);
#6503=ADVANCED_FACE('',(#5855),#6313,.F.);
#6504=ADVANCED_FACE('',(#5856,#5857),#12,.T.);
#6505=ADVANCED_FACE('',(#5858),#6314,.F.);
#6506=ADVANCED_FACE('',(#5859),#6315,.T.);
#6507=ADVANCED_FACE('',(#5860),#6316,.T.);
#6508=ADVANCED_FACE('',(#5861),#6317,.T.);
#6509=ADVANCED_FACE('',(#5862),#6318,.T.);
#6510=ADVANCED_FACE('',(#5863),#6319,.T.);
#6511=ADVANCED_FACE('',(#5864),#100,.F.);
#6512=ADVANCED_FACE('',(#5865),#101,.T.);
#6513=ADVANCED_FACE('',(#5866),#102,.F.);
#6514=ADVANCED_FACE('',(#5867),#103,.T.);
#6515=ADVANCED_FACE('',(#5868),#6320,.T.);
#6516=ADVANCED_FACE('',(#5869),#6321,.T.);
#6517=ADVANCED_FACE('',(#5870),#6322,.T.);
#6518=ADVANCED_FACE('',(#5871),#6323,.F.);
#6519=ADVANCED_FACE('',(#5872),#6324,.T.);
#6520=ADVANCED_FACE('',(#5873),#6325,.T.);
#6521=ADVANCED_FACE('',(#5874,#5875,#5876,#5877,#5878,#5879,#5880),#6326,
 .F.);
#6522=ADVANCED_FACE('',(#5881,#5882,#5883,#5884,#5885,#5886,#5887,#5888),
#6327,.F.);
#6523=ADVANCED_FACE('',(#5889,#5890,#5891,#5892,#5893,#5894,#5895),#6328,
 .F.);
#6524=ADVANCED_FACE('',(#5896,#5897,#5898,#5899,#5900,#5901,#5902,#5903),
#6329,.F.);
#6525=ADVANCED_FACE('',(#5904,#5905,#5906,#5907),#104,.T.);
#6526=ADVANCED_FACE('',(#5908,#5909),#105,.F.);
#6527=ADVANCED_FACE('',(#5910,#5911),#6330,.T.);
#6528=ADVANCED_FACE('',(#5912),#6331,.T.);
#6529=ADVANCED_FACE('',(#5913),#6332,.T.);
#6530=ADVANCED_FACE('',(#5914),#6333,.T.);
#6531=ADVANCED_FACE('',(#5915),#6334,.T.);
#6532=ADVANCED_FACE('',(#5916,#5917,#5918,#5919,#5920),#106,.T.);
#6533=ADVANCED_FACE('',(#5921,#5922),#107,.F.);
#6534=ADVANCED_FACE('',(#5923,#5924),#6335,.T.);
#6535=ADVANCED_FACE('',(#5925,#5926),#13,.F.);
#6536=ADVANCED_FACE('',(#5927),#14,.F.);
#6537=ADVANCED_FACE('',(#5928),#15,.F.);
#6538=ADVANCED_FACE('',(#5929),#16,.F.);
#6539=ADVANCED_FACE('',(#5930),#6336,.F.);
#6540=ADVANCED_FACE('',(#5931),#6337,.T.);
#6541=ADVANCED_FACE('',(#5932),#6338,.T.);
#6542=ADVANCED_FACE('',(#5933),#6339,.T.);
#6543=ADVANCED_FACE('',(#5934),#6340,.F.);
#6544=ADVANCED_FACE('',(#5935),#6341,.T.);
#6545=ADVANCED_FACE('',(#5936),#6342,.F.);
#6546=ADVANCED_FACE('',(#5937),#6343,.F.);
#6547=ADVANCED_FACE('',(#5938),#17,.T.);
#6548=ADVANCED_FACE('',(#5939),#18,.T.);
#6549=ADVANCED_FACE('',(#5940),#6344,.F.);
#6550=ADVANCED_FACE('',(#5941),#6345,.F.);
#6551=ADVANCED_FACE('',(#5942),#6346,.T.);
#6552=ADVANCED_FACE('',(#5943),#6347,.T.);
#6553=ADVANCED_FACE('',(#5944,#5945,#5946,#5947,#5948),#108,.T.);
#6554=ADVANCED_FACE('',(#5949,#5950),#109,.F.);
#6555=ADVANCED_FACE('',(#5951,#5952),#6348,.T.);
#6556=ADVANCED_FACE('',(#5953,#5954),#6349,.F.);
#6557=ADVANCED_FACE('',(#5955),#6350,.T.);
#6558=ADVANCED_FACE('',(#5956),#6351,.T.);
#6559=ADVANCED_FACE('',(#5957),#6352,.T.);
#6560=ADVANCED_FACE('',(#5958),#6353,.T.);
#6561=ADVANCED_FACE('',(#5959),#6354,.T.);
#6562=ADVANCED_FACE('',(#5960),#6355,.T.);
#6563=ADVANCED_FACE('',(#5961,#5962,#5963,#5964,#5965),#110,.T.);
#6564=ADVANCED_FACE('',(#5966,#5967),#111,.F.);
#6565=ADVANCED_FACE('',(#5968,#5969),#6356,.T.);
#6566=ADVANCED_FACE('',(#5970,#5971),#6357,.F.);
#6567=ADVANCED_FACE('',(#5972),#6358,.F.);
#6568=ADVANCED_FACE('',(#5973),#6359,.F.);
#6569=ADVANCED_FACE('',(#5974),#6360,.T.);
#6570=ADVANCED_FACE('',(#5975),#6361,.T.);
#6571=ADVANCED_FACE('',(#5976),#6362,.F.);
#6572=ADVANCED_FACE('',(#5977),#19,.T.);
#6573=ADVANCED_FACE('',(#5978),#6363,.T.);
#6574=ADVANCED_FACE('',(#5979),#20,.T.);
#6575=ADVANCED_FACE('',(#5980),#6364,.F.);
#6576=ADVANCED_FACE('',(#5981),#6365,.F.);
#6577=ADVANCED_FACE('',(#5982),#6366,.T.);
#6578=ADVANCED_FACE('',(#5983),#6367,.T.);
#6579=ADVANCED_FACE('',(#5984,#5985,#5986,#5987),#112,.T.);
#6580=ADVANCED_FACE('',(#5988,#5989),#113,.F.);
#6581=ADVANCED_FACE('',(#5990,#5991),#6368,.T.);
#6582=ADVANCED_FACE('',(#5992,#5993),#21,.F.);
#6583=ADVANCED_FACE('',(#5994),#22,.F.);
#6584=ADVANCED_FACE('',(#5995),#23,.F.);
#6585=ADVANCED_FACE('',(#5996),#24,.F.);
#6586=ADVANCED_FACE('',(#5997),#6369,.F.);
#6587=ADVANCED_FACE('',(#5998),#6370,.T.);
#6588=ADVANCED_FACE('',(#5999),#6371,.T.);
#6589=ADVANCED_FACE('',(#6000),#6372,.T.);
#6590=ADVANCED_FACE('',(#6001),#6373,.T.);
#6591=ADVANCED_FACE('',(#6002),#6374,.T.);
#6592=ADVANCED_FACE('',(#6003,#6004,#6005,#6006,#6007),#114,.T.);
#6593=ADVANCED_FACE('',(#6008,#6009),#115,.F.);
#6594=ADVANCED_FACE('',(#6010,#6011),#6375,.T.);
#6595=ADVANCED_FACE('',(#6012,#6013),#6376,.F.);
#6596=ADVANCED_FACE('',(#6014),#6377,.F.);
#6597=ADVANCED_FACE('',(#6015),#6378,.T.);
#6598=ADVANCED_FACE('',(#6016),#6379,.F.);
#6599=ADVANCED_FACE('',(#6017),#6380,.F.);
#6600=ADVANCED_FACE('',(#6018),#6381,.T.);
#6601=ADVANCED_FACE('',(#6019),#6382,.T.);
#6602=ADVANCED_FACE('',(#6020),#25,.T.);
#6603=ADVANCED_FACE('',(#6021),#26,.T.);
#6604=ADVANCED_FACE('',(#6022),#6383,.F.);
#6605=ADVANCED_FACE('',(#6023),#6384,.F.);
#6606=ADVANCED_FACE('',(#6024),#6385,.T.);
#6607=ADVANCED_FACE('',(#6025),#6386,.T.);
#6608=ADVANCED_FACE('',(#6026,#6027,#6028,#6029,#6030),#116,.T.);
#6609=ADVANCED_FACE('',(#6031,#6032),#117,.F.);
#6610=ADVANCED_FACE('',(#6033,#6034),#6387,.T.);
#6611=ADVANCED_FACE('',(#6035),#6388,.T.);
#6612=ADVANCED_FACE('',(#6036),#6389,.T.);
#6613=ADVANCED_FACE('',(#6037),#6390,.F.);
#6614=ADVANCED_FACE('',(#6038),#6391,.F.);
#6615=ADVANCED_FACE('',(#6039),#6392,.F.);
#6616=ADVANCED_FACE('',(#6040),#27,.T.);
#6617=ADVANCED_FACE('',(#6041),#6393,.T.);
#6618=ADVANCED_FACE('',(#6042),#28,.T.);
#6619=ADVANCED_FACE('',(#6043),#6394,.F.);
#6620=ADVANCED_FACE('',(#6044),#6395,.F.);
#6621=ADVANCED_FACE('',(#6045),#6396,.T.);
#6622=ADVANCED_FACE('',(#6046),#6397,.T.);
#6623=ADVANCED_FACE('',(#6047,#6048,#6049,#6050,#6051),#118,.T.);
#6624=ADVANCED_FACE('',(#6052,#6053),#119,.F.);
#6625=ADVANCED_FACE('',(#6054,#6055),#6398,.T.);
#6626=ADVANCED_FACE('',(#6056,#6057),#6399,.F.);
#6627=ADVANCED_FACE('',(#6058),#6400,.T.);
#6628=ADVANCED_FACE('',(#6059),#6401,.T.);
#6629=ADVANCED_FACE('',(#6060),#29,.T.);
#6630=ADVANCED_FACE('',(#6061),#6402,.F.);
#6631=ADVANCED_FACE('',(#6062),#30,.T.);
#6632=ADVANCED_FACE('',(#6063),#6403,.T.);
#6633=ADVANCED_FACE('',(#6064),#6404,.T.);
#6634=ADVANCED_FACE('',(#6065),#6405,.T.);
#6635=ADVANCED_FACE('',(#6066),#6406,.T.);
#6636=ADVANCED_FACE('',(#6067),#6407,.T.);
#6637=ADVANCED_FACE('',(#6068),#6408,.T.);
#6638=ADVANCED_FACE('',(#6069),#6409,.T.);
#6639=ADVANCED_FACE('',(#6070),#31,.T.);
#6640=ADVANCED_FACE('',(#6071),#32,.T.);
#6641=ADVANCED_FACE('',(#6072),#6410,.T.);
#6642=ADVANCED_FACE('',(#6073),#6411,.T.);
#6643=ADVANCED_FACE('',(#6074),#6412,.T.);
#6644=ADVANCED_FACE('',(#6075),#6413,.T.);
#6645=ADVANCED_FACE('',(#6076),#6414,.T.);
#6646=ADVANCED_FACE('',(#6077),#6415,.T.);
#6647=ADVANCED_FACE('',(#6078),#33,.T.);
#6648=ADVANCED_FACE('',(#6079),#34,.T.);
#6649=ADVANCED_FACE('',(#6080),#6416,.T.);
#6650=ADVANCED_FACE('',(#6081),#6417,.T.);
#6651=ADVANCED_FACE('',(#6082),#35,.T.);
#6652=ADVANCED_FACE('',(#6083),#36,.T.);
#6653=ADVANCED_FACE('',(#6084),#37,.T.);
#6654=ADVANCED_FACE('',(#6085),#6418,.T.);
#6655=ADVANCED_FACE('',(#6086),#38,.T.);
#6656=ADVANCED_FACE('',(#6087),#6419,.F.);
#6657=ADVANCED_FACE('',(#6088),#39,.T.);
#6658=ADVANCED_FACE('',(#6089),#6420,.T.);
#6659=ADVANCED_FACE('',(#6090),#6421,.T.);
#6660=ADVANCED_FACE('',(#6091,#6092),#40,.T.);
#6661=ADVANCED_FACE('',(#6093),#41,.T.);
#6662=ADVANCED_FACE('',(#6094),#42,.T.);
#6663=ADVANCED_FACE('',(#6095),#43,.T.);
#6664=ADVANCED_FACE('',(#6096),#6422,.T.);
#6665=ADVANCED_FACE('',(#6097),#6423,.F.);
#6666=ADVANCED_FACE('',(#6098),#6424,.T.);
#6667=ADVANCED_FACE('',(#6099),#6425,.F.);
#6668=ADVANCED_FACE('',(#6100),#6426,.T.);
#6669=ADVANCED_FACE('',(#6101),#6427,.F.);
#6670=ADVANCED_FACE('',(#6102),#6428,.T.);
#6671=ADVANCED_FACE('',(#6103),#6429,.F.);
#6672=ADVANCED_FACE('',(#6104),#6430,.T.);
#6673=ADVANCED_FACE('',(#6105),#6431,.F.);
#6674=ADVANCED_FACE('',(#6106),#6432,.T.);
#6675=ADVANCED_FACE('',(#6107),#6433,.F.);
#6676=ADVANCED_FACE('',(#6108),#44,.T.);
#6677=ADVANCED_FACE('',(#6109),#45,.T.);
#6678=ADVANCED_FACE('',(#6110,#6111,#6112,#6113,#6114),#6434,.T.);
#6679=ADVANCED_FACE('',(#6115,#6116,#6117,#6118,#6119),#6435,.T.);
#6680=ADVANCED_FACE('',(#6120),#120,.T.);
#6681=ADVANCED_FACE('',(#6121),#46,.T.);
#6682=ADVANCED_FACE('',(#6122),#47,.T.);
#6683=ADVANCED_FACE('',(#6123),#121,.T.);
#6684=ADVANCED_FACE('',(#6124),#48,.T.);
#6685=ADVANCED_FACE('',(#6125),#49,.T.);
#6686=ADVANCED_FACE('',(#6126),#122,.T.);
#6687=ADVANCED_FACE('',(#6127),#50,.T.);
#6688=ADVANCED_FACE('',(#6128),#51,.T.);
#6689=ADVANCED_FACE('',(#6129),#123,.T.);
#6690=ADVANCED_FACE('',(#6130),#52,.T.);
#6691=ADVANCED_FACE('',(#6131),#53,.T.);
#6692=ADVANCED_FACE('',(#6132),#124,.T.);
#6693=ADVANCED_FACE('',(#6133),#54,.T.);
#6694=ADVANCED_FACE('',(#6134),#55,.T.);
#6695=ADVANCED_FACE('',(#6135,#6136),#125,.F.);
#6696=ADVANCED_FACE('',(#6137,#6138),#126,.F.);
#6697=ADVANCED_FACE('',(#6139,#6140),#127,.F.);
#6698=ADVANCED_FACE('',(#6141,#6142),#128,.F.);
#6699=ADVANCED_FACE('',(#6143),#129,.T.);
#6700=ADVANCED_FACE('',(#6144),#6436,.T.);
#6701=ADVANCED_FACE('',(#6145),#6437,.F.);
#6702=ADVANCED_FACE('',(#6146),#6438,.T.);
#6703=ADVANCED_FACE('',(#6147),#6439,.F.);
#6704=ADVANCED_FACE('',(#6148),#6440,.T.);
#6705=ADVANCED_FACE('',(#6149),#6441,.F.);
#6706=ADVANCED_FACE('',(#6150),#6442,.T.);
#6707=ADVANCED_FACE('',(#6151),#6443,.F.);
#6708=ADVANCED_FACE('',(#6152),#6444,.T.);
#6709=ADVANCED_FACE('',(#6153),#6445,.F.);
#6710=ADVANCED_FACE('',(#6154),#6446,.T.);
#6711=ADVANCED_FACE('',(#6155),#6447,.F.);
#6712=ADVANCED_FACE('',(#6156),#56,.T.);
#6713=ADVANCED_FACE('',(#6157),#57,.T.);
#6714=ADVANCED_FACE('',(#6158,#6159,#6160,#6161,#6162),#6448,.T.);
#6715=ADVANCED_FACE('',(#6163,#6164,#6165,#6166,#6167),#6449,.T.);
#6716=ADVANCED_FACE('',(#6168),#130,.T.);
#6717=ADVANCED_FACE('',(#6169),#58,.T.);
#6718=ADVANCED_FACE('',(#6170),#59,.T.);
#6719=ADVANCED_FACE('',(#6171),#131,.T.);
#6720=ADVANCED_FACE('',(#6172),#60,.T.);
#6721=ADVANCED_FACE('',(#6173),#61,.T.);
#6722=ADVANCED_FACE('',(#6174),#132,.T.);
#6723=ADVANCED_FACE('',(#6175),#62,.T.);
#6724=ADVANCED_FACE('',(#6176),#63,.T.);
#6725=ADVANCED_FACE('',(#6177),#133,.T.);
#6726=ADVANCED_FACE('',(#6178),#64,.T.);
#6727=ADVANCED_FACE('',(#6179),#65,.T.);
#6728=ADVANCED_FACE('',(#6180),#134,.T.);
#6729=ADVANCED_FACE('',(#6181),#66,.T.);
#6730=ADVANCED_FACE('',(#6182),#67,.T.);
#6731=ADVANCED_FACE('',(#6183,#6184),#135,.F.);
#6732=ADVANCED_FACE('',(#6185,#6186),#136,.F.);
#6733=ADVANCED_FACE('',(#6187,#6188),#137,.F.);
#6734=ADVANCED_FACE('',(#6189,#6190),#138,.F.);
#6735=ADVANCED_FACE('',(#6191),#139,.T.);
#6736=ADVANCED_FACE('',(#6192),#6450,.T.);
#6737=ADVANCED_FACE('',(#6193),#6451,.F.);
#6738=ADVANCED_FACE('',(#6194),#6452,.T.);
#6739=ADVANCED_FACE('',(#6195),#6453,.F.);
#6740=ADVANCED_FACE('',(#6196),#6454,.T.);
#6741=ADVANCED_FACE('',(#6197),#6455,.F.);
#6742=ADVANCED_FACE('',(#6198),#6456,.T.);
#6743=ADVANCED_FACE('',(#6199),#6457,.F.);
#6744=ADVANCED_FACE('',(#6200),#6458,.T.);
#6745=ADVANCED_FACE('',(#6201),#6459,.F.);
#6746=ADVANCED_FACE('',(#6202),#6460,.T.);
#6747=ADVANCED_FACE('',(#6203),#6461,.F.);
#6748=ADVANCED_FACE('',(#6204),#68,.T.);
#6749=ADVANCED_FACE('',(#6205),#69,.T.);
#6750=ADVANCED_FACE('',(#6206,#6207,#6208,#6209,#6210),#6462,.T.);
#6751=ADVANCED_FACE('',(#6211,#6212,#6213,#6214,#6215),#6463,.T.);
#6752=ADVANCED_FACE('',(#6216),#140,.T.);
#6753=ADVANCED_FACE('',(#6217),#70,.T.);
#6754=ADVANCED_FACE('',(#6218),#71,.T.);
#6755=ADVANCED_FACE('',(#6219),#141,.T.);
#6756=ADVANCED_FACE('',(#6220),#72,.T.);
#6757=ADVANCED_FACE('',(#6221),#73,.T.);
#6758=ADVANCED_FACE('',(#6222),#142,.T.);
#6759=ADVANCED_FACE('',(#6223),#74,.T.);
#6760=ADVANCED_FACE('',(#6224),#75,.T.);
#6761=ADVANCED_FACE('',(#6225),#143,.T.);
#6762=ADVANCED_FACE('',(#6226),#76,.T.);
#6763=ADVANCED_FACE('',(#6227),#77,.T.);
#6764=ADVANCED_FACE('',(#6228),#144,.T.);
#6765=ADVANCED_FACE('',(#6229),#78,.T.);
#6766=ADVANCED_FACE('',(#6230),#79,.T.);
#6767=ADVANCED_FACE('',(#6231,#6232),#145,.F.);
#6768=ADVANCED_FACE('',(#6233,#6234),#146,.F.);
#6769=ADVANCED_FACE('',(#6235,#6236),#147,.F.);
#6770=ADVANCED_FACE('',(#6237,#6238),#148,.F.);
#6771=ADVANCED_FACE('',(#6239),#149,.T.);
#6772=ADVANCED_FACE('',(#6240),#6464,.T.);
#6773=ADVANCED_FACE('',(#6241),#6465,.F.);
#6774=ADVANCED_FACE('',(#6242),#6466,.T.);
#6775=ADVANCED_FACE('',(#6243),#6467,.F.);
#6776=ADVANCED_FACE('',(#6244),#6468,.T.);
#6777=ADVANCED_FACE('',(#6245),#6469,.F.);
#6778=ADVANCED_FACE('',(#6246),#6470,.T.);
#6779=ADVANCED_FACE('',(#6247),#6471,.F.);
#6780=ADVANCED_FACE('',(#6248),#6472,.T.);
#6781=ADVANCED_FACE('',(#6249),#6473,.F.);
#6782=ADVANCED_FACE('',(#6250),#6474,.T.);
#6783=ADVANCED_FACE('',(#6251),#6475,.F.);
#6784=ADVANCED_FACE('',(#6252),#80,.T.);
#6785=ADVANCED_FACE('',(#6253),#81,.T.);
#6786=ADVANCED_FACE('',(#6254,#6255,#6256,#6257,#6258),#6476,.T.);
#6787=ADVANCED_FACE('',(#6259,#6260,#6261,#6262,#6263),#6477,.T.);
#6788=ADVANCED_FACE('',(#6264),#150,.T.);
#6789=ADVANCED_FACE('',(#6265),#82,.T.);
#6790=ADVANCED_FACE('',(#6266),#83,.T.);
#6791=ADVANCED_FACE('',(#6267),#151,.T.);
#6792=ADVANCED_FACE('',(#6268),#84,.T.);
#6793=ADVANCED_FACE('',(#6269),#85,.T.);
#6794=ADVANCED_FACE('',(#6270),#152,.T.);
#6795=ADVANCED_FACE('',(#6271),#86,.T.);
#6796=ADVANCED_FACE('',(#6272),#87,.T.);
#6797=ADVANCED_FACE('',(#6273),#153,.T.);
#6798=ADVANCED_FACE('',(#6274),#88,.T.);
#6799=ADVANCED_FACE('',(#6275),#89,.T.);
#6800=ADVANCED_FACE('',(#6276),#154,.T.);
#6801=ADVANCED_FACE('',(#6277),#90,.T.);
#6802=ADVANCED_FACE('',(#6278),#91,.T.);
#6803=ADVANCED_FACE('',(#6279,#6280),#155,.F.);
#6804=ADVANCED_FACE('',(#6281,#6282),#156,.F.);
#6805=ADVANCED_FACE('',(#6283,#6284),#157,.F.);
#6806=ADVANCED_FACE('',(#6285,#6286),#158,.F.);
#6807=ADVANCED_FACE('',(#6287),#159,.T.);
#6808=ADVANCED_FACE('',(#6288),#6478,.F.);
#6809=ADVANCED_FACE('',(#6289),#92,.T.);
#6810=ADVANCED_FACE('',(#6290),#6479,.T.);
#6811=ADVANCED_FACE('',(#6291),#93,.T.);
#6812=ADVANCED_FACE('',(#6292),#6480,.T.);
#6813=ADVANCED_FACE('',(#6293),#6481,.F.);
#6814=ADVANCED_FACE('',(#6294),#6482,.F.);
#6815=ADVANCED_FACE('',(#6295),#6483,.F.);
#6816=ADVANCED_FACE('',(#6296),#94,.T.);
#6817=ADVANCED_FACE('',(#6297),#6484,.T.);
#6818=ADVANCED_FACE('',(#6298),#95,.T.);
#6819=ADVANCED_FACE('',(#6299),#6485,.T.);
#6820=ADVANCED_FACE('',(#6300),#6486,.F.);
#6821=ADVANCED_FACE('',(#6301),#6487,.F.);
#6822=CLOSED_SHELL('',(#6488,#6489,#6490,#6491,#6492,#6493,#6494,#6495,
#6496,#6497,#6498,#6499,#6500,#6501,#6502,#6503,#6504,#6505,#6506,#6507,
#6508,#6509,#6510,#6511,#6512,#6513,#6514,#6515,#6516,#6517,#6518,#6519,
#6520,#6521,#6522,#6523,#6524,#6525,#6526,#6527,#6528,#6529,#6530,#6531,
#6532,#6533,#6534,#6535,#6536,#6537,#6538,#6539,#6540,#6541,#6542,#6543,
#6544,#6545,#6546,#6547,#6548,#6549,#6550,#6551,#6552,#6553,#6554,#6555,
#6556,#6557,#6558,#6559,#6560,#6561,#6562,#6563,#6564,#6565,#6566,#6567,
#6568,#6569,#6570,#6571,#6572,#6573,#6574,#6575,#6576,#6577,#6578,#6579,
#6580,#6581,#6582,#6583,#6584,#6585,#6586,#6587,#6588,#6589,#6590,#6591,
#6592,#6593,#6594,#6595,#6596,#6597,#6598,#6599,#6600,#6601,#6602,#6603,
#6604,#6605,#6606,#6607,#6608,#6609,#6610,#6611,#6612,#6613,#6614,#6615,
#6616,#6617,#6618,#6619,#6620,#6621,#6622,#6623,#6624,#6625,#6626,#6627,
#6628,#6629,#6630,#6631,#6632,#6633,#6634,#6635,#6636,#6637,#6638,#6639,
#6640,#6641,#6642,#6643,#6644,#6645,#6646,#6647,#6648,#6649,#6650,#6651,
#6652,#6653,#6654,#6655,#6656,#6657,#6658,#6659,#6660,#6661,#6662,#6663,
#6664,#6665,#6666,#6667,#6668,#6669,#6670,#6671,#6672,#6673,#6674,#6675,
#6676,#6677,#6678,#6679,#6680,#6681,#6682,#6683,#6684,#6685,#6686,#6687,
#6688,#6689,#6690,#6691,#6692,#6693,#6694,#6695,#6696,#6697,#6698,#6699,
#6700,#6701,#6702,#6703,#6704,#6705,#6706,#6707,#6708,#6709,#6710,#6711,
#6712,#6713,#6714,#6715,#6716,#6717,#6718,#6719,#6720,#6721,#6722,#6723,
#6724,#6725,#6726,#6727,#6728,#6729,#6730,#6731,#6732,#6733,#6734,#6735,
#6736,#6737,#6738,#6739,#6740,#6741,#6742,#6743,#6744,#6745,#6746,#6747,
#6748,#6749,#6750,#6751,#6752,#6753,#6754,#6755,#6756,#6757,#6758,#6759,
#6760,#6761,#6762,#6763,#6764,#6765,#6766,#6767,#6768,#6769,#6770,#6771,
#6772,#6773,#6774,#6775,#6776,#6777,#6778,#6779,#6780,#6781,#6782,#6783,
#6784,#6785,#6786,#6787,#6788,#6789,#6790,#6791,#6792,#6793,#6794,#6795,
#6796,#6797,#6798,#6799,#6800,#6801,#6802,#6803,#6804,#6805,#6806,#6807,
#6808,#6809,#6810,#6811,#6812,#6813,#6814,#6815,#6816,#6817,#6818,#6819,
#6820,#6821));
#6823=STYLED_ITEM('',(#6824),#6831);
#6824=PRESENTATION_STYLE_ASSIGNMENT((#6825));
#6825=SURFACE_STYLE_USAGE(.BOTH.,#6826);
#6826=SURFACE_SIDE_STYLE('',(#6827));
#6827=SURFACE_STYLE_FILL_AREA(#6828);
#6828=FILL_AREA_STYLE('',(#6829));
#6829=FILL_AREA_STYLE_COLOUR('',#6830);
#6830=COLOUR_RGB('',0.768627450980392,0.886274509803922,0.952941176470588);
#6831=MANIFOLD_SOLID_BREP('Part 1',#6822);
#6832=SHAPE_DEFINITION_REPRESENTATION(#13936,#6833);
#6833=SHAPE_REPRESENTATION('Part 1',(#6834),#13931);
#6834=AXIS2_PLACEMENT_3D('',#8725,#7269,#7270);
#6835=AXIS2_PLACEMENT_3D('',#8726,#7271,#7272);
#6836=AXIS2_PLACEMENT_3D('',#8727,#7273,#7274);
#6837=AXIS2_PLACEMENT_3D('',#8733,#7277,#7278);
#6838=AXIS2_PLACEMENT_3D('',#8734,#7279,#7280);
#6839=AXIS2_PLACEMENT_3D('',#8742,#7284,#7285);
#6840=AXIS2_PLACEMENT_3D('',#8748,#7288,#7289);
#6841=AXIS2_PLACEMENT_3D('',#8752,#7291,#7292);
#6842=AXIS2_PLACEMENT_3D('',#8772,#7297,#7298);
#6843=AXIS2_PLACEMENT_3D('',#8776,#7300,#7301);
#6844=AXIS2_PLACEMENT_3D('',#8777,#7302,#7303);
#6845=AXIS2_PLACEMENT_3D('',#8785,#7308,#7309);
#6846=AXIS2_PLACEMENT_3D('',#8795,#7314,#7315);
#6847=AXIS2_PLACEMENT_3D('',#8800,#7318,#7319);
#6848=AXIS2_PLACEMENT_3D('',#8804,#7321,#7322);
#6849=AXIS2_PLACEMENT_3D('',#8809,#7325,#7326);
#6850=AXIS2_PLACEMENT_3D('',#8812,#7328,#7329);
#6851=AXIS2_PLACEMENT_3D('',#8824,#7334,#7335);
#6852=AXIS2_PLACEMENT_3D('',#8827,#7338,#7339);
#6853=AXIS2_PLACEMENT_3D('',#8839,#7344,#7345);
#6854=AXIS2_PLACEMENT_3D('',#8851,#7350,#7351);
#6855=AXIS2_PLACEMENT_3D('',#8853,#7353,#7354);
#6856=AXIS2_PLACEMENT_3D('',#8855,#7356,#7357);
#6857=AXIS2_PLACEMENT_3D('',#8857,#7359,#7360);
#6858=AXIS2_PLACEMENT_3D('',#8858,#7361,#7362);
#6859=AXIS2_PLACEMENT_3D('',#8864,#7366,#7367);
#6860=AXIS2_PLACEMENT_3D('',#8868,#7370,#7371);
#6861=AXIS2_PLACEMENT_3D('',#8869,#7372,#7373);
#6862=AXIS2_PLACEMENT_3D('',#8982,#7374,#7375);
#6863=AXIS2_PLACEMENT_3D('',#8983,#7376,#7377);
#6864=AXIS2_PLACEMENT_3D('',#8988,#7380,#7381);
#6865=AXIS2_PLACEMENT_3D('',#8992,#7383,#7384);
#6866=AXIS2_PLACEMENT_3D('',#8997,#7387,#7388);
#6867=AXIS2_PLACEMENT_3D('',#9003,#7392,#7393);
#6868=AXIS2_PLACEMENT_3D('',#9004,#7394,#7395);
#6869=AXIS2_PLACEMENT_3D('',#9011,#7398,#7399);
#6870=AXIS2_PLACEMENT_3D('',#9015,#7401,#7402);
#6871=AXIS2_PLACEMENT_3D('',#9025,#7405,#7406);
#6872=AXIS2_PLACEMENT_3D('',#9028,#7408,#7409);
#6873=AXIS2_PLACEMENT_3D('',#9039,#7415,#7416);
#6874=AXIS2_PLACEMENT_3D('',#9045,#7419,#7420);
#6875=AXIS2_PLACEMENT_3D('',#9052,#7424,#7425);
#6876=AXIS2_PLACEMENT_3D('',#9056,#7427,#7428);
#6877=AXIS2_PLACEMENT_3D('',#9061,#7431,#7432);
#6878=AXIS2_PLACEMENT_3D('',#9068,#7436,#7437);
#6879=AXIS2_PLACEMENT_3D('',#9078,#7441,#7442);
#6880=AXIS2_PLACEMENT_3D('',#9081,#7445,#7446);
#6881=AXIS2_PLACEMENT_3D('',#9093,#7451,#7452);
#6882=AXIS2_PLACEMENT_3D('',#9105,#7457,#7458);
#6883=AXIS2_PLACEMENT_3D('',#9107,#7460,#7461);
#6884=AXIS2_PLACEMENT_3D('',#9109,#7463,#7464);
#6885=AXIS2_PLACEMENT_3D('',#9111,#7466,#7467);
#6886=AXIS2_PLACEMENT_3D('',#9112,#7468,#7469);
#6887=AXIS2_PLACEMENT_3D('',#9113,#7470,#7471);
#6888=AXIS2_PLACEMENT_3D('',#9119,#7475,#7476);
#6889=AXIS2_PLACEMENT_3D('',#9120,#7477,#7478);
#6890=AXIS2_PLACEMENT_3D('',#9121,#7479,#7480);
#6891=AXIS2_PLACEMENT_3D('',#9122,#7481,#7482);
#6892=AXIS2_PLACEMENT_3D('',#9171,#7507,#7508);
#6893=AXIS2_PLACEMENT_3D('',#9172,#7509,#7510);
#6894=AXIS2_PLACEMENT_3D('',#9197,#7523,#7524);
#6895=AXIS2_PLACEMENT_3D('',#9223,#7537,#7538);
#6896=AXIS2_PLACEMENT_3D('',#9224,#7539,#7540);
#6897=AXIS2_PLACEMENT_3D('',#9225,#7541,#7542);
#6898=AXIS2_PLACEMENT_3D('',#9274,#7567,#7568);
#6899=AXIS2_PLACEMENT_3D('',#9275,#7569,#7570);
#6900=AXIS2_PLACEMENT_3D('',#9300,#7583,#7584);
#6901=AXIS2_PLACEMENT_3D('',#9326,#7597,#7598);
#6902=AXIS2_PLACEMENT_3D('',#9327,#7599,#7600);
#6903=AXIS2_PLACEMENT_3D('',#9330,#7601,#7602);
#6904=AXIS2_PLACEMENT_3D('',#9334,#7604,#7605);
#6905=AXIS2_PLACEMENT_3D('',#9336,#7606,#7607);
#6906=AXIS2_PLACEMENT_3D('',#9359,#7609,#7610);
#6907=AXIS2_PLACEMENT_3D('',#9375,#7611,#7612);
#6908=AXIS2_PLACEMENT_3D('',#9376,#7613,#7614);
#6909=AXIS2_PLACEMENT_3D('',#9378,#7615,#7616);
#6910=AXIS2_PLACEMENT_3D('',#9379,#7617,#7618);
#6911=AXIS2_PLACEMENT_3D('',#9383,#7621,#7622);
#6912=AXIS2_PLACEMENT_3D('',#9387,#7625,#7626);
#6913=AXIS2_PLACEMENT_3D('',#9397,#7629,#7630);
#6914=AXIS2_PLACEMENT_3D('',#9407,#7633,#7634);
#6915=AXIS2_PLACEMENT_3D('',#9448,#7635,#7636);
#6916=AXIS2_PLACEMENT_3D('',#9451,#7637,#7638);
#6917=AXIS2_PLACEMENT_3D('',#9455,#7640,#7641);
#6918=AXIS2_PLACEMENT_3D('',#9457,#7642,#7643);
#6919=AXIS2_PLACEMENT_3D('',#9460,#7645,#7646);
#6920=AXIS2_PLACEMENT_3D('',#9462,#7647,#7648);
#6921=AXIS2_PLACEMENT_3D('',#9463,#7649,#7650);
#6922=AXIS2_PLACEMENT_3D('',#9465,#7651,#7652);
#6923=AXIS2_PLACEMENT_3D('',#9684,#7653,#7654);
#6924=AXIS2_PLACEMENT_3D('',#9718,#7659,#7660);
#6925=AXIS2_PLACEMENT_3D('',#9752,#7665,#7666);
#6926=AXIS2_PLACEMENT_3D('',#9754,#7668,#7669);
#6927=AXIS2_PLACEMENT_3D('',#9756,#7671,#7672);
#6928=AXIS2_PLACEMENT_3D('',#9791,#7677,#7678);
#6929=AXIS2_PLACEMENT_3D('',#9826,#7683,#7684);
#6930=AXIS2_PLACEMENT_3D('',#9827,#7685,#7686);
#6931=AXIS2_PLACEMENT_3D('',#9830,#7688,#7689);
#6932=AXIS2_PLACEMENT_3D('',#9831,#7690,#7691);
#6933=AXIS2_PLACEMENT_3D('',#9866,#7697,#7698);
#6934=AXIS2_PLACEMENT_3D('',#9867,#7699,#7700);
#6935=AXIS2_PLACEMENT_3D('',#9868,#7701,#7702);
#6936=AXIS2_PLACEMENT_3D('',#9869,#7703,#7704);
#6937=AXIS2_PLACEMENT_3D('',#9870,#7705,#7706);
#6938=AXIS2_PLACEMENT_3D('',#9875,#7707,#7708);
#6939=AXIS2_PLACEMENT_3D('',#9880,#7709,#7710);
#6940=AXIS2_PLACEMENT_3D('',#9881,#7711,#7712);
#6941=AXIS2_PLACEMENT_3D('',#9886,#7714,#7715);
#6942=AXIS2_PLACEMENT_3D('',#9889,#7717,#7718);
#6943=AXIS2_PLACEMENT_3D('',#9894,#7720,#7721);
#6944=AXIS2_PLACEMENT_3D('',#9897,#7723,#7724);
#6945=AXIS2_PLACEMENT_3D('',#9902,#7726,#7727);
#6946=AXIS2_PLACEMENT_3D('',#9905,#7729,#7730);
#6947=AXIS2_PLACEMENT_3D('',#9907,#7731,#7732);
#6948=AXIS2_PLACEMENT_3D('',#9908,#7733,#7734);
#6949=AXIS2_PLACEMENT_3D('',#9910,#7735,#7736);
#6950=AXIS2_PLACEMENT_3D('',#9912,#7737,#7738);
#6951=AXIS2_PLACEMENT_3D('',#9913,#7739,#7740);
#6952=AXIS2_PLACEMENT_3D('',#9919,#7744,#7745);
#6953=AXIS2_PLACEMENT_3D('',#9933,#7753,#7754);
#6954=AXIS2_PLACEMENT_3D('',#9939,#7758,#7759);
#6955=AXIS2_PLACEMENT_3D('',#9947,#7765,#7766);
#6956=AXIS2_PLACEMENT_3D('',#9953,#7770,#7771);
#6957=AXIS2_PLACEMENT_3D('',#9954,#7772,#7773);
#6958=AXIS2_PLACEMENT_3D('',#9955,#7774,#7775);
#6959=AXIS2_PLACEMENT_3D('',#9956,#7776,#7777);
#6960=AXIS2_PLACEMENT_3D('',#9962,#7781,#7782);
#6961=AXIS2_PLACEMENT_3D('',#9963,#7783,#7784);
#6962=AXIS2_PLACEMENT_3D('',#9968,#7786,#7787);
#6963=AXIS2_PLACEMENT_3D('',#9971,#7789,#7790);
#6964=AXIS2_PLACEMENT_3D('',#9973,#7791,#7792);
#6965=AXIS2_PLACEMENT_3D('',#9978,#7794,#7795);
#6966=AXIS2_PLACEMENT_3D('',#9980,#7796,#7797);
#6967=AXIS2_PLACEMENT_3D('',#9984,#7799,#7800);
#6968=AXIS2_PLACEMENT_3D('',#9986,#7801,#7802);
#6969=AXIS2_PLACEMENT_3D('',#9987,#7803,#7804);
#6970=AXIS2_PLACEMENT_3D('',#9988,#7805,#7806);
#6971=AXIS2_PLACEMENT_3D('',#9990,#7807,#7808);
#6972=AXIS2_PLACEMENT_3D('',#9992,#7809,#7810);
#6973=AXIS2_PLACEMENT_3D('',#9993,#7811,#7812);
#6974=AXIS2_PLACEMENT_3D('',#9994,#7813,#7814);
#6975=AXIS2_PLACEMENT_3D('',#9998,#7817,#7818);
#6976=AXIS2_PLACEMENT_3D('',#10002,#7821,#7822);
#6977=AXIS2_PLACEMENT_3D('',#10006,#7825,#7826);
#6978=AXIS2_PLACEMENT_3D('',#10010,#7829,#7830);
#6979=AXIS2_PLACEMENT_3D('',#10062,#7835,#7836);
#6980=AXIS2_PLACEMENT_3D('',#10092,#7841,#7842);
#6981=AXIS2_PLACEMENT_3D('',#10093,#7843,#7844);
#6982=AXIS2_PLACEMENT_3D('',#10094,#7845,#7846);
#6983=AXIS2_PLACEMENT_3D('',#10095,#7847,#7848);
#6984=AXIS2_PLACEMENT_3D('',#10096,#7849,#7850);
#6985=AXIS2_PLACEMENT_3D('',#10134,#7852,#7853);
#6986=AXIS2_PLACEMENT_3D('',#10136,#7854,#7855);
#6987=AXIS2_PLACEMENT_3D('',#10140,#7857,#7858);
#6988=AXIS2_PLACEMENT_3D('',#10142,#7859,#7860);
#6989=AXIS2_PLACEMENT_3D('',#10143,#7861,#7862);
#6990=AXIS2_PLACEMENT_3D('',#10145,#7863,#7864);
#6991=AXIS2_PLACEMENT_3D('',#10146,#7865,#7866);
#6992=AXIS2_PLACEMENT_3D('',#10148,#7867,#7868);
#6993=AXIS2_PLACEMENT_3D('',#10367,#7869,#7870);
#6994=AXIS2_PLACEMENT_3D('',#10401,#7875,#7876);
#6995=AXIS2_PLACEMENT_3D('',#10435,#7881,#7882);
#6996=AXIS2_PLACEMENT_3D('',#10437,#7884,#7885);
#6997=AXIS2_PLACEMENT_3D('',#10439,#7887,#7888);
#6998=AXIS2_PLACEMENT_3D('',#10440,#7889,#7890);
#6999=AXIS2_PLACEMENT_3D('',#10441,#7891,#7892);
#7000=AXIS2_PLACEMENT_3D('',#10443,#7894,#7895);
#7001=AXIS2_PLACEMENT_3D('',#10444,#7896,#7897);
#7002=AXIS2_PLACEMENT_3D('',#10448,#7899,#7900);
#7003=AXIS2_PLACEMENT_3D('',#10452,#7902,#7903);
#7004=AXIS2_PLACEMENT_3D('',#10456,#7905,#7906);
#7005=AXIS2_PLACEMENT_3D('',#10460,#7908,#7909);
#7006=AXIS2_PLACEMENT_3D('',#10461,#7910,#7911);
#7007=AXIS2_PLACEMENT_3D('',#10466,#7913,#7914);
#7008=AXIS2_PLACEMENT_3D('',#10469,#7916,#7917);
#7009=AXIS2_PLACEMENT_3D('',#10471,#7918,#7919);
#7010=AXIS2_PLACEMENT_3D('',#10476,#7921,#7922);
#7011=AXIS2_PLACEMENT_3D('',#10478,#7923,#7924);
#7012=AXIS2_PLACEMENT_3D('',#10482,#7926,#7927);
#7013=AXIS2_PLACEMENT_3D('',#10483,#7928,#7929);
#7014=AXIS2_PLACEMENT_3D('',#10484,#7930,#7931);
#7015=AXIS2_PLACEMENT_3D('',#10486,#7932,#7933);
#7016=AXIS2_PLACEMENT_3D('',#10488,#7934,#7935);
#7017=AXIS2_PLACEMENT_3D('',#10489,#7936,#7937);
#7018=AXIS2_PLACEMENT_3D('',#10495,#7941,#7942);
#7019=AXIS2_PLACEMENT_3D('',#10524,#7947,#7948);
#7020=AXIS2_PLACEMENT_3D('',#10553,#7953,#7954);
#7021=AXIS2_PLACEMENT_3D('',#10555,#7956,#7957);
#7022=AXIS2_PLACEMENT_3D('',#10557,#7959,#7960);
#7023=AXIS2_PLACEMENT_3D('',#10559,#7962,#7963);
#7024=AXIS2_PLACEMENT_3D('',#10593,#7969,#7970);
#7025=AXIS2_PLACEMENT_3D('',#10594,#7971,#7972);
#7026=AXIS2_PLACEMENT_3D('',#10595,#7973,#7974);
#7027=AXIS2_PLACEMENT_3D('',#10596,#7975,#7976);
#7028=AXIS2_PLACEMENT_3D('',#10597,#7977,#7978);
#7029=AXIS2_PLACEMENT_3D('',#10598,#7979,#7980);
#7030=AXIS2_PLACEMENT_3D('',#10603,#7982,#7983);
#7031=AXIS2_PLACEMENT_3D('',#10605,#7984,#7985);
#7032=AXIS2_PLACEMENT_3D('',#10609,#7987,#7988);
#7033=AXIS2_PLACEMENT_3D('',#10610,#7989,#7990);
#7034=AXIS2_PLACEMENT_3D('',#10612,#7991,#7992);
#7035=AXIS2_PLACEMENT_3D('',#10613,#7993,#7994);
#7036=AXIS2_PLACEMENT_3D('',#10615,#7995,#7996);
#7037=AXIS2_PLACEMENT_3D('',#10616,#7997,#7998);
#7038=AXIS2_PLACEMENT_3D('',#10620,#8001,#8002);
#7039=AXIS2_PLACEMENT_3D('',#10624,#8005,#8006);
#7040=AXIS2_PLACEMENT_3D('',#10628,#8008,#8009);
#7041=AXIS2_PLACEMENT_3D('',#10631,#8011,#8012);
#7042=AXIS2_PLACEMENT_3D('',#10635,#8014,#8015);
#7043=AXIS2_PLACEMENT_3D('',#10638,#8017,#8018);
#7044=AXIS2_PLACEMENT_3D('',#10692,#8024,#8025);
#7045=AXIS2_PLACEMENT_3D('',#10724,#8031,#8032);
#7046=AXIS2_PLACEMENT_3D('',#10725,#8033,#8034);
#7047=AXIS2_PLACEMENT_3D('',#10726,#8035,#8036);
#7048=AXIS2_PLACEMENT_3D('',#10727,#8037,#8038);
#7049=AXIS2_PLACEMENT_3D('',#10728,#8039,#8040);
#7050=AXIS2_PLACEMENT_3D('',#10729,#8041,#8042);
#7051=AXIS2_PLACEMENT_3D('',#10730,#8043,#8044);
#7052=AXIS2_PLACEMENT_3D('',#10731,#8045,#8046);
#7053=AXIS2_PLACEMENT_3D('',#10736,#8048,#8049);
#7054=AXIS2_PLACEMENT_3D('',#10739,#8051,#8052);
#7055=AXIS2_PLACEMENT_3D('',#10741,#8053,#8054);
#7056=AXIS2_PLACEMENT_3D('',#10743,#8055,#8056);
#7057=AXIS2_PLACEMENT_3D('',#10744,#8057,#8058);
#7058=AXIS2_PLACEMENT_3D('',#10746,#8059,#8060);
#7059=AXIS2_PLACEMENT_3D('',#10748,#8061,#8062);
#7060=AXIS2_PLACEMENT_3D('',#10749,#8063,#8064);
#7061=AXIS2_PLACEMENT_3D('',#10750,#8065,#8066);
#7062=AXIS2_PLACEMENT_3D('',#10754,#8069,#8070);
#7063=AXIS2_PLACEMENT_3D('',#10803,#8075,#8076);
#7064=AXIS2_PLACEMENT_3D('',#10852,#8083,#8084);
#7065=AXIS2_PLACEMENT_3D('',#10856,#8087,#8088);
#7066=AXIS2_PLACEMENT_3D('',#10857,#8089,#8090);
#7067=AXIS2_PLACEMENT_3D('',#10858,#8091,#8092);
#7068=AXIS2_PLACEMENT_3D('',#10862,#8096,#8097);
#7069=AXIS2_PLACEMENT_3D('',#10864,#8099,#8100);
#7070=AXIS2_PLACEMENT_3D('',#10866,#8102,#8103);
#7071=AXIS2_PLACEMENT_3D('',#10899,#8106,#8107);
#7072=AXIS2_PLACEMENT_3D('',#10900,#8108,#8109);
#7073=AXIS2_PLACEMENT_3D('',#10901,#8110,#8111);
#7074=AXIS2_PLACEMENT_3D('',#10906,#8116,#8117);
#7075=AXIS2_PLACEMENT_3D('',#10909,#8120,#8121);
#7076=AXIS2_PLACEMENT_3D('',#10910,#8122,#8123);
#7077=AXIS2_PLACEMENT_3D('',#10944,#8127,#8128);
#7078=AXIS2_PLACEMENT_3D('',#10945,#8129,#8130);
#7079=AXIS2_PLACEMENT_3D('',#11058,#8131,#8132);
#7080=AXIS2_PLACEMENT_3D('',#11111,#8134,#8135);
#7081=AXIS2_PLACEMENT_3D('',#11144,#8139,#8140);
#7082=AXIS2_PLACEMENT_3D('',#11145,#8141,#8142);
#7083=AXIS2_PLACEMENT_3D('',#11314,#8143,#8144);
#7084=AXIS2_PLACEMENT_3D('',#11342,#8148,#8149);
#7085=AXIS2_PLACEMENT_3D('',#11370,#8153,#8154);
#7086=AXIS2_PLACEMENT_3D('',#11398,#8158,#8159);
#7087=AXIS2_PLACEMENT_3D('',#11426,#8163,#8164);
#7088=AXIS2_PLACEMENT_3D('',#11454,#8168,#8169);
#7089=AXIS2_PLACEMENT_3D('',#11482,#8173,#8174);
#7090=AXIS2_PLACEMENT_3D('',#11510,#8178,#8179);
#7091=AXIS2_PLACEMENT_3D('',#11538,#8183,#8184);
#7092=AXIS2_PLACEMENT_3D('',#11566,#8188,#8189);
#7093=AXIS2_PLACEMENT_3D('',#11594,#8193,#8194);
#7094=AXIS2_PLACEMENT_3D('',#11622,#8198,#8199);
#7095=AXIS2_PLACEMENT_3D('',#11692,#8205,#8206);
#7096=AXIS2_PLACEMENT_3D('',#11693,#8207,#8208);
#7097=AXIS2_PLACEMENT_3D('',#11695,#8210,#8211);
#7098=AXIS2_PLACEMENT_3D('',#11697,#8213,#8214);
#7099=AXIS2_PLACEMENT_3D('',#11699,#8216,#8217);
#7100=AXIS2_PLACEMENT_3D('',#11701,#8219,#8220);
#7101=AXIS2_PLACEMENT_3D('',#11703,#8222,#8223);
#7102=AXIS2_PLACEMENT_3D('',#11704,#8224,#8225);
#7103=AXIS2_PLACEMENT_3D('',#11706,#8226,#8227);
#7104=AXIS2_PLACEMENT_3D('',#11708,#8228,#8229);
#7105=AXIS2_PLACEMENT_3D('',#11710,#8230,#8231);
#7106=AXIS2_PLACEMENT_3D('',#11712,#8232,#8233);
#7107=AXIS2_PLACEMENT_3D('',#11713,#8234,#8235);
#7108=AXIS2_PLACEMENT_3D('',#11714,#8236,#8237);
#7109=AXIS2_PLACEMENT_3D('',#11716,#8239,#8240);
#7110=AXIS2_PLACEMENT_3D('',#11718,#8242,#8243);
#7111=AXIS2_PLACEMENT_3D('',#11720,#8245,#8246);
#7112=AXIS2_PLACEMENT_3D('',#11722,#8248,#8249);
#7113=AXIS2_PLACEMENT_3D('',#11724,#8251,#8252);
#7114=AXIS2_PLACEMENT_3D('',#11726,#8253,#8254);
#7115=AXIS2_PLACEMENT_3D('',#11728,#8255,#8256);
#7116=AXIS2_PLACEMENT_3D('',#11730,#8257,#8258);
#7117=AXIS2_PLACEMENT_3D('',#11732,#8259,#8260);
#7118=AXIS2_PLACEMENT_3D('',#11773,#8261,#8262);
#7119=AXIS2_PLACEMENT_3D('',#11814,#8263,#8264);
#7120=AXIS2_PLACEMENT_3D('',#11855,#8265,#8266);
#7121=AXIS2_PLACEMENT_3D('',#11896,#8267,#8268);
#7122=AXIS2_PLACEMENT_3D('',#11937,#8269,#8270);
#7123=AXIS2_PLACEMENT_3D('',#11938,#8271,#8272);
#7124=AXIS2_PLACEMENT_3D('',#11939,#8273,#8274);
#7125=AXIS2_PLACEMENT_3D('',#11940,#8275,#8276);
#7126=AXIS2_PLACEMENT_3D('',#11941,#8277,#8278);
#7127=AXIS2_PLACEMENT_3D('',#11942,#8279,#8280);
#7128=AXIS2_PLACEMENT_3D('',#11970,#8284,#8285);
#7129=AXIS2_PLACEMENT_3D('',#11998,#8289,#8290);
#7130=AXIS2_PLACEMENT_3D('',#12026,#8294,#8295);
#7131=AXIS2_PLACEMENT_3D('',#12054,#8299,#8300);
#7132=AXIS2_PLACEMENT_3D('',#12082,#8304,#8305);
#7133=AXIS2_PLACEMENT_3D('',#12110,#8309,#8310);
#7134=AXIS2_PLACEMENT_3D('',#12138,#8314,#8315);
#7135=AXIS2_PLACEMENT_3D('',#12166,#8319,#8320);
#7136=AXIS2_PLACEMENT_3D('',#12194,#8324,#8325);
#7137=AXIS2_PLACEMENT_3D('',#12222,#8329,#8330);
#7138=AXIS2_PLACEMENT_3D('',#12250,#8334,#8335);
#7139=AXIS2_PLACEMENT_3D('',#12320,#8341,#8342);
#7140=AXIS2_PLACEMENT_3D('',#12321,#8343,#8344);
#7141=AXIS2_PLACEMENT_3D('',#12323,#8346,#8347);
#7142=AXIS2_PLACEMENT_3D('',#12325,#8349,#8350);
#7143=AXIS2_PLACEMENT_3D('',#12327,#8352,#8353);
#7144=AXIS2_PLACEMENT_3D('',#12329,#8355,#8356);
#7145=AXIS2_PLACEMENT_3D('',#12331,#8358,#8359);
#7146=AXIS2_PLACEMENT_3D('',#12332,#8360,#8361);
#7147=AXIS2_PLACEMENT_3D('',#12334,#8362,#8363);
#7148=AXIS2_PLACEMENT_3D('',#12336,#8364,#8365);
#7149=AXIS2_PLACEMENT_3D('',#12338,#8366,#8367);
#7150=AXIS2_PLACEMENT_3D('',#12340,#8368,#8369);
#7151=AXIS2_PLACEMENT_3D('',#12341,#8370,#8371);
#7152=AXIS2_PLACEMENT_3D('',#12343,#8373,#8374);
#7153=AXIS2_PLACEMENT_3D('',#12345,#8376,#8377);
#7154=AXIS2_PLACEMENT_3D('',#12347,#8379,#8380);
#7155=AXIS2_PLACEMENT_3D('',#12349,#8382,#8383);
#7156=AXIS2_PLACEMENT_3D('',#12351,#8385,#8386);
#7157=AXIS2_PLACEMENT_3D('',#12352,#8387,#8388);
#7158=AXIS2_PLACEMENT_3D('',#12354,#8389,#8390);
#7159=AXIS2_PLACEMENT_3D('',#12356,#8391,#8392);
#7160=AXIS2_PLACEMENT_3D('',#12358,#8393,#8394);
#7161=AXIS2_PLACEMENT_3D('',#12360,#8395,#8396);
#7162=AXIS2_PLACEMENT_3D('',#12401,#8397,#8398);
#7163=AXIS2_PLACEMENT_3D('',#12442,#8399,#8400);
#7164=AXIS2_PLACEMENT_3D('',#12483,#8401,#8402);
#7165=AXIS2_PLACEMENT_3D('',#12524,#8403,#8404);
#7166=AXIS2_PLACEMENT_3D('',#12565,#8405,#8406);
#7167=AXIS2_PLACEMENT_3D('',#12566,#8407,#8408);
#7168=AXIS2_PLACEMENT_3D('',#12567,#8409,#8410);
#7169=AXIS2_PLACEMENT_3D('',#12568,#8411,#8412);
#7170=AXIS2_PLACEMENT_3D('',#12569,#8413,#8414);
#7171=AXIS2_PLACEMENT_3D('',#12570,#8415,#8416);
#7172=AXIS2_PLACEMENT_3D('',#12598,#8420,#8421);
#7173=AXIS2_PLACEMENT_3D('',#12626,#8425,#8426);
#7174=AXIS2_PLACEMENT_3D('',#12654,#8430,#8431);
#7175=AXIS2_PLACEMENT_3D('',#12682,#8435,#8436);
#7176=AXIS2_PLACEMENT_3D('',#12710,#8440,#8441);
#7177=AXIS2_PLACEMENT_3D('',#12738,#8445,#8446);
#7178=AXIS2_PLACEMENT_3D('',#12766,#8450,#8451);
#7179=AXIS2_PLACEMENT_3D('',#12794,#8455,#8456);
#7180=AXIS2_PLACEMENT_3D('',#12822,#8460,#8461);
#7181=AXIS2_PLACEMENT_3D('',#12850,#8465,#8466);
#7182=AXIS2_PLACEMENT_3D('',#12878,#8470,#8471);
#7183=AXIS2_PLACEMENT_3D('',#12948,#8477,#8478);
#7184=AXIS2_PLACEMENT_3D('',#12949,#8479,#8480);
#7185=AXIS2_PLACEMENT_3D('',#12951,#8482,#8483);
#7186=AXIS2_PLACEMENT_3D('',#12953,#8485,#8486);
#7187=AXIS2_PLACEMENT_3D('',#12955,#8488,#8489);
#7188=AXIS2_PLACEMENT_3D('',#12957,#8491,#8492);
#7189=AXIS2_PLACEMENT_3D('',#12959,#8494,#8495);
#7190=AXIS2_PLACEMENT_3D('',#12960,#8496,#8497);
#7191=AXIS2_PLACEMENT_3D('',#12962,#8498,#8499);
#7192=AXIS2_PLACEMENT_3D('',#12964,#8500,#8501);
#7193=AXIS2_PLACEMENT_3D('',#12966,#8502,#8503);
#7194=AXIS2_PLACEMENT_3D('',#12968,#8504,#8505);
#7195=AXIS2_PLACEMENT_3D('',#12969,#8506,#8507);
#7196=AXIS2_PLACEMENT_3D('',#12971,#8509,#8510);
#7197=AXIS2_PLACEMENT_3D('',#12973,#8512,#8513);
#7198=AXIS2_PLACEMENT_3D('',#12975,#8515,#8516);
#7199=AXIS2_PLACEMENT_3D('',#12977,#8518,#8519);
#7200=AXIS2_PLACEMENT_3D('',#12979,#8521,#8522);
#7201=AXIS2_PLACEMENT_3D('',#12980,#8523,#8524);
#7202=AXIS2_PLACEMENT_3D('',#12982,#8525,#8526);
#7203=AXIS2_PLACEMENT_3D('',#12984,#8527,#8528);
#7204=AXIS2_PLACEMENT_3D('',#12986,#8529,#8530);
#7205=AXIS2_PLACEMENT_3D('',#12988,#8531,#8532);
#7206=AXIS2_PLACEMENT_3D('',#13029,#8533,#8534);
#7207=AXIS2_PLACEMENT_3D('',#13070,#8535,#8536);
#7208=AXIS2_PLACEMENT_3D('',#13111,#8537,#8538);
#7209=AXIS2_PLACEMENT_3D('',#13152,#8539,#8540);
#7210=AXIS2_PLACEMENT_3D('',#13193,#8541,#8542);
#7211=AXIS2_PLACEMENT_3D('',#13194,#8543,#8544);
#7212=AXIS2_PLACEMENT_3D('',#13195,#8545,#8546);
#7213=AXIS2_PLACEMENT_3D('',#13196,#8547,#8548);
#7214=AXIS2_PLACEMENT_3D('',#13197,#8549,#8550);
#7215=AXIS2_PLACEMENT_3D('',#13198,#8551,#8552);
#7216=AXIS2_PLACEMENT_3D('',#13226,#8556,#8557);
#7217=AXIS2_PLACEMENT_3D('',#13254,#8561,#8562);
#7218=AXIS2_PLACEMENT_3D('',#13282,#8566,#8567);
#7219=AXIS2_PLACEMENT_3D('',#13310,#8571,#8572);
#7220=AXIS2_PLACEMENT_3D('',#13338,#8576,#8577);
#7221=AXIS2_PLACEMENT_3D('',#13366,#8581,#8582);
#7222=AXIS2_PLACEMENT_3D('',#13394,#8586,#8587);
#7223=AXIS2_PLACEMENT_3D('',#13422,#8591,#8592);
#7224=AXIS2_PLACEMENT_3D('',#13450,#8596,#8597);
#7225=AXIS2_PLACEMENT_3D('',#13478,#8601,#8602);
#7226=AXIS2_PLACEMENT_3D('',#13506,#8606,#8607);
#7227=AXIS2_PLACEMENT_3D('',#13576,#8613,#8614);
#7228=AXIS2_PLACEMENT_3D('',#13577,#8615,#8616);
#7229=AXIS2_PLACEMENT_3D('',#13579,#8618,#8619);
#7230=AXIS2_PLACEMENT_3D('',#13581,#8621,#8622);
#7231=AXIS2_PLACEMENT_3D('',#13583,#8624,#8625);
#7232=AXIS2_PLACEMENT_3D('',#13585,#8627,#8628);
#7233=AXIS2_PLACEMENT_3D('',#13587,#8630,#8631);
#7234=AXIS2_PLACEMENT_3D('',#13588,#8632,#8633);
#7235=AXIS2_PLACEMENT_3D('',#13590,#8634,#8635);
#7236=AXIS2_PLACEMENT_3D('',#13592,#8636,#8637);
#7237=AXIS2_PLACEMENT_3D('',#13594,#8638,#8639);
#7238=AXIS2_PLACEMENT_3D('',#13596,#8640,#8641);
#7239=AXIS2_PLACEMENT_3D('',#13597,#8642,#8643);
#7240=AXIS2_PLACEMENT_3D('',#13598,#8644,#8645);
#7241=AXIS2_PLACEMENT_3D('',#13600,#8647,#8648);
#7242=AXIS2_PLACEMENT_3D('',#13602,#8650,#8651);
#7243=AXIS2_PLACEMENT_3D('',#13604,#8653,#8654);
#7244=AXIS2_PLACEMENT_3D('',#13606,#8656,#8657);
#7245=AXIS2_PLACEMENT_3D('',#13608,#8659,#8660);
#7246=AXIS2_PLACEMENT_3D('',#13610,#8661,#8662);
#7247=AXIS2_PLACEMENT_3D('',#13612,#8663,#8664);
#7248=AXIS2_PLACEMENT_3D('',#13614,#8665,#8666);
#7249=AXIS2_PLACEMENT_3D('',#13616,#8667,#8668);
#7250=AXIS2_PLACEMENT_3D('',#13657,#8669,#8670);
#7251=AXIS2_PLACEMENT_3D('',#13698,#8671,#8672);
#7252=AXIS2_PLACEMENT_3D('',#13739,#8673,#8674);
#7253=AXIS2_PLACEMENT_3D('',#13780,#8675,#8676);
#7254=AXIS2_PLACEMENT_3D('',#13821,#8677,#8678);
#7255=AXIS2_PLACEMENT_3D('',#13822,#8679,#8680);
#7256=AXIS2_PLACEMENT_3D('',#13823,#8681,#8682);
#7257=AXIS2_PLACEMENT_3D('',#13824,#8683,#8684);
#7258=AXIS2_PLACEMENT_3D('',#13825,#8685,#8686);
#7259=AXIS2_PLACEMENT_3D('',#13826,#8687,#8688);
#7260=AXIS2_PLACEMENT_3D('',#13855,#8693,#8694);
#7261=AXIS2_PLACEMENT_3D('',#13874,#8699,#8700);
#7262=AXIS2_PLACEMENT_3D('',#13876,#8702,#8703);
#7263=AXIS2_PLACEMENT_3D('',#13877,#8704,#8705);
#7264=AXIS2_PLACEMENT_3D('',#13878,#8706,#8707);
#7265=AXIS2_PLACEMENT_3D('',#13907,#8712,#8713);
#7266=AXIS2_PLACEMENT_3D('',#13926,#8718,#8719);
#7267=AXIS2_PLACEMENT_3D('',#13928,#8721,#8722);
#7268=AXIS2_PLACEMENT_3D('',#13929,#8723,#8724);
#7269=DIRECTION('',(0.,0.,1.));
#7270=DIRECTION('',(1.,0.,0.));
#7271=DIRECTION('',(0.00153569187224113,-0.00152905023863852,-0.999997651825164));
#7272=DIRECTION('',(-0.708635831425186,0.705571089314306,-0.00216710501793249));
#7273=DIRECTION('',(0.00153569187224113,-0.00152905023863852,-0.999997651825164));
#7274=DIRECTION('',(-0.708635831425126,0.705571089314366,-0.00216710501793244));
#7275=DIRECTION('',(-0.705572746122474,-0.708637495429921,1.83828997861747E-16));
#7276=DIRECTION('',(-0.708635831425186,0.705571089314306,-0.00216710501793249));
#7277=DIRECTION('',(0.0015356918722415,-0.00152905023863827,0.999997651825164));
#7278=DIRECTION('',(-0.708635831425186,0.705571089314306,0.00216710501793249));
#7279=DIRECTION('',(0.0015356918722415,-0.00152905023863827,0.999997651825164));
#7280=DIRECTION('',(0.708635831425268,-0.705571089314224,-0.00216710501793252));
#7281=DIRECTION('',(-0.708635831425186,0.705571089314306,0.00216710501793249));
#7282=DIRECTION('',(0.705572746122474,0.708637495429921,-1.83828997861747E-16));
#7283=DIRECTION('',(-0.708635831425186,0.705571089314306,0.00216710501793243));
#7284=DIRECTION('',(0.708637495429921,-0.705572746122474,0.));
#7285=DIRECTION('',(0.705572746122474,0.708637495429921,0.));
#7286=DIRECTION('',(-4.3203971705704E-17,-4.33916339178454E-17,1.));
#7287=DIRECTION('',(-0.705572746122474,-0.708637495429921,0.));
#7288=DIRECTION('',(0.708637495429921,-0.705572746122474,0.));
#7289=DIRECTION('',(0.705572746122474,0.708637495429921,0.));
#7290=DIRECTION('',(0.705572746122474,0.708637495429921,1.83829285430565E-16));
#7291=DIRECTION('',(0.708637495429921,-0.705572746122474,0.));
#7292=DIRECTION('',(0.705572746122474,0.708637495429921,0.));
#7293=DIRECTION('',(4.3203971705704E-17,4.33916339178454E-17,-1.));
#7294=DIRECTION('',(-0.705572746122474,-0.708637495429921,1.83828997861747E-16));
#7295=DIRECTION('',(0.,0.,-1.));
#7296=DIRECTION('',(-0.705572746122474,-0.708637495429921,0.));
#7297=DIRECTION('',(0.708637291863585,-0.705572950572919,2.6392946679155E-7));
#7298=DIRECTION('',(0.705572950572944,0.708637291863609,0.));
#7299=DIRECTION('',(0.705572746122474,0.708637495429921,1.83829285430565E-16));
#7300=DIRECTION('',(0.708637309207182,-0.705572933153987,-2.8851018197448E-7));
#7301=DIRECTION('',(0.705572933154017,0.708637309207212,0.));
#7302=DIRECTION('',(-0.705572746122474,-0.708637495429921,-6.12324837419452E-17));
#7303=DIRECTION('',(0.708637495429921,-0.705572746122474,0.));
#7304=DIRECTION('',(-0.708635831425186,0.705571089314306,-0.00216710501793249));
#7305=DIRECTION('',(-0.708637495429921,0.705572746122474,0.));
#7306=DIRECTION('',(0.,0.,-1.));
#7307=DIRECTION('',(4.3203971705704E-17,4.33916339178454E-17,-1.));
#7308=DIRECTION('',(-0.708637495429921,0.705572746122474,0.));
#7309=DIRECTION('',(-0.705572746122474,-0.708637495429921,0.));
#7310=DIRECTION('',(8.69687597187047E-33,8.73465201234003E-33,-1.));
#7311=DIRECTION('',(0.705572746122474,0.708637495429921,2.65393822362735E-19));
#7312=DIRECTION('',(8.69687597187047E-33,8.73465201234003E-33,-1.));
#7313=DIRECTION('',(0.705572746122474,0.708637495429921,1.83829285430565E-16));
#7314=DIRECTION('',(-0.708637495429921,0.705572746122474,0.));
#7315=DIRECTION('',(-0.705572746122474,-0.708637495429921,0.));
#7316=DIRECTION('',(-4.3203971705704E-17,-4.33916339178454E-17,1.));
#7317=DIRECTION('',(-4.3203971705704E-17,-4.33916339178454E-17,1.));
#7318=DIRECTION('',(0.708637309207182,-0.705572933153987,-2.8851018197448E-7));
#7319=DIRECTION('',(0.705572933154017,0.708637309207212,0.));
#7320=DIRECTION('',(0.705572746122474,0.708637495429921,1.83829285430565E-16));
#7321=DIRECTION('',(0.708637291863585,-0.705572950572919,2.6392946679155E-7));
#7322=DIRECTION('',(0.705572950572944,0.708637291863609,0.));
#7323=DIRECTION('',(0.,0.,-1.));
#7324=DIRECTION('',(0.705572746122474,0.708637495429921,0.));
#7325=DIRECTION('',(-0.708637495429921,0.705572746122474,0.));
#7326=DIRECTION('',(-0.705572746122474,-0.708637495429921,0.));
#7327=DIRECTION('',(0.705572746122474,0.708637495429921,1.83829285430565E-16));
#7328=DIRECTION('',(0.708637706481246,-0.705572534154293,2.99201006208174E-7));
#7329=DIRECTION('',(-0.49889902236515,-0.501066656417055,-0.707129387955366));
#7330=DIRECTION('',(0.708637706481246,-0.705572534154293,2.99201006208174E-7));
#7331=DIRECTION('',(0.708637706481246,-0.705572534154293,2.99201006208174E-7));
#7332=DIRECTION('',(-0.708635831425186,0.705571089314306,-0.00216710501793243));
#7333=DIRECTION('',(-0.707106781186548,0.707106781186547,1.69953884180861E-32));
#7334=DIRECTION('',(0.708637291863585,-0.705572950572919,2.6392946679155E-7));
#7335=DIRECTION('',(-0.499061043182497,-0.501228756573043,-0.706900140586943));
#7336=DIRECTION('',(0.708637291863585,-0.705572950572919,2.6392946679155E-7));
#7337=DIRECTION('',(-0.707106781186548,0.707106781186547,-4.4188009887024E-32));
#7338=DIRECTION('',(0.708637284320183,-0.705572958149068,2.99118410207757E-7));
#7339=DIRECTION('',(0.498930027428749,0.501096596910219,-0.707086294800674));
#7340=DIRECTION('',(0.708637284320183,-0.705572958149068,2.99118410207757E-7));
#7341=DIRECTION('',(0.708637284320183,-0.705572958149068,2.99118410207757E-7));
#7342=DIRECTION('',(-0.708635831425186,0.705571089314306,0.00216710501793238));
#7343=DIRECTION('',(-0.707106781186548,0.707106781186547,1.69953884180861E-32));
#7344=DIRECTION('',(0.708637309207182,-0.705572933153987,-2.8851018197448E-7));
#7345=DIRECTION('',(0.498768295479872,0.500934786875043,-0.707315012369));
#7346=DIRECTION('',(0.708637309207182,-0.705572933153987,-2.8851018197448E-7));
#7347=DIRECTION('',(-0.708635831425186,0.705571089314306,0.00216710501793243));
#7348=DIRECTION('',(-0.707106781186548,0.707106781186547,-4.4188009887024E-32));
#7349=DIRECTION('',(-0.708635831425186,0.705571089314306,0.00216710501793243));
#7350=DIRECTION('',(0.705572746122474,0.708637495429921,6.12324837419452E-17));
#7351=DIRECTION('',(-0.708637495429921,0.705572746122474,0.));
#7352=DIRECTION('',(0.708637495429921,-0.705572746122474,0.));
#7353=DIRECTION('',(0.705572746122474,0.708637495429921,6.12324837419452E-17));
#7354=DIRECTION('',(-0.708637495429921,0.705572746122474,0.));
#7355=DIRECTION('',(0.,0.,-1.));
#7356=DIRECTION('',(-0.705572746122474,-0.708637495429921,-6.12324837419452E-17));
#7357=DIRECTION('',(0.708637495429921,-0.705572746122474,0.));
#7358=DIRECTION('',(0.,0.,-1.));
#7359=DIRECTION('',(1.29987239541395E-16,1.29987239541395E-16,-1.));
#7360=DIRECTION('',(-1.,0.,-1.29987239541395E-16));
#7361=DIRECTION('',(-1.29987239541395E-16,-1.29987239541395E-16,1.));
#7362=DIRECTION('',(0.,-1.,-1.29987239541395E-16));
#7363=DIRECTION('',(-0.707106781186548,0.707106781186548,4.93038065763133E-32));
#7364=DIRECTION('',(-0.707106781186548,0.707106781186548,4.93038065763133E-32));
#7365=DIRECTION('',(0.707106781186547,0.707106781186548,7.39557098644699E-32));
#7366=DIRECTION('',(0.705572746122474,0.708637495429921,6.12324837419452E-17));
#7367=DIRECTION('',(-0.708637495429921,0.705572746122474,0.));
#7368=DIRECTION('',(0.,0.,-1.));
#7369=DIRECTION('',(-0.708635831425186,0.705571089314306,-0.00216710501793243));
#7370=DIRECTION('',(0.00153569187224113,-0.00152905023863852,-0.999997651825164));
#7371=DIRECTION('',(-0.708635831425186,0.705571089314306,-0.00216710501793249));
#7372=DIRECTION('',(0.00153569187224113,-0.00152905023863852,-0.999997651825164));
#7373=DIRECTION('',(-0.708635831425126,0.705571089314366,-0.00216710501793244));
#7374=DIRECTION('',(-0.00152905023863861,0.00153569187224122,-0.999997651825164));
#7375=DIRECTION('',(0.705571089314306,-0.708635831425186,-0.00216710501793261));
#7376=DIRECTION('',(-0.00152905023863861,0.00153569187224122,-0.999997651825164));
#7377=DIRECTION('',(0.705571089314367,-0.708635831425126,-0.00216710501793257));
#7378=DIRECTION('',(0.705571089314306,-0.708635831425186,-0.00216710501793256));
#7379=DIRECTION('',(-0.708637495429921,-0.705572746122474,1.8409439168411E-16));
#7380=DIRECTION('',(-0.00152905023863818,0.00153569187224141,0.999997651825164));
#7381=DIRECTION('',(0.705571089314306,-0.708635831425186,0.00216710501793237));
#7382=DIRECTION('',(0.705571089314306,-0.708635831425186,0.00216710501793237));
#7383=DIRECTION('',(-0.00152905023863818,0.00153569187224141,0.999997651825164));
#7384=DIRECTION('',(-0.705571089314224,0.708635831425268,-0.0021671050179324));
#7385=DIRECTION('',(0.705571089314306,-0.708635831425186,0.00216710501793231));
#7386=DIRECTION('',(0.708637495429921,0.705572746122474,-1.8409439168411E-16));
#7387=DIRECTION('',(0.708637495429921,0.705572746122474,6.09670899195825E-17));
#7388=DIRECTION('',(0.705572746122474,-0.708637495429921,-1.22464392346256E-16));
#7389=DIRECTION('',(0.,0.,-1.));
#7390=DIRECTION('',(0.705571089314306,-0.708635831425186,-0.00216710501793256));
#7391=DIRECTION('',(-4.3203971705704E-17,1.29799577329253E-16,-1.));
#7392=DIRECTION('',(-0.705572746122474,0.708637495429921,1.22464392346256E-16));
#7393=DIRECTION('',(0.708637495429921,0.705572746122474,-2.65393822362722E-19));
#7394=DIRECTION('',(-0.705572746122474,0.708637495429921,1.22464392346256E-16));
#7395=DIRECTION('',(-0.708637495429921,-0.705572746122474,0.));
#7396=DIRECTION('',(0.708637495429921,0.705572746122474,0.));
#7397=DIRECTION('',(4.3203971705704E-17,-1.29799577329253E-16,1.));
#7398=DIRECTION('',(0.705572933153987,-0.708637309207182,2.88510181974451E-7));
#7399=DIRECTION('',(0.708637309207212,0.705572933154017,0.));
#7400=DIRECTION('',(0.708637495429921,0.705572746122474,1.83563891608202E-16));
#7401=DIRECTION('',(0.705572950572919,-0.708637291863585,-2.63929466870064E-7));
#7402=DIRECTION('',(0.708637291863609,0.705572950572944,0.));
#7403=DIRECTION('',(0.708637495429921,0.705572746122474,0.));
#7404=DIRECTION('',(0.,0.,-1.));
#7405=DIRECTION('',(-0.705572746122474,0.708637495429921,1.22464392346256E-16));
#7406=DIRECTION('',(-0.708637495429921,-0.705572746122474,0.));
#7407=DIRECTION('',(0.708637495429921,0.705572746122474,1.83563891608202E-16));
#7408=DIRECTION('',(-0.708637495429921,-0.705572746122474,-6.09670899195825E-17));
#7409=DIRECTION('',(-0.705572746122474,0.708637495429921,1.22464392346256E-16));
#7410=DIRECTION('',(0.,0.,-1.));
#7411=DIRECTION('',(-0.705572746122474,0.708637495429921,0.));
#7412=DIRECTION('',(0.705571089314306,-0.708635831425186,-0.00216710501793261));
#7413=DIRECTION('',(-4.3203971705704E-17,1.29799577329253E-16,-1.));
#7414=DIRECTION('',(0.705571089314306,-0.708635831425186,-0.00216710501793261));
#7415=DIRECTION('',(0.705572746122474,-0.708637495429921,-1.22464392346256E-16));
#7416=DIRECTION('',(-0.708637495429921,-0.705572746122474,2.65393822362722E-19));
#7417=DIRECTION('',(8.65956056235493E-17,-8.65956056235493E-17,1.));
#7418=DIRECTION('',(0.708637495429921,0.705572746122474,1.83563891608202E-16));
#7419=DIRECTION('',(0.705572746122474,-0.708637495429921,-1.22464392346256E-16));
#7420=DIRECTION('',(0.708637495429921,0.705572746122474,0.));
#7421=DIRECTION('',(-0.708637495429921,-0.705572746122474,0.));
#7422=DIRECTION('',(0.,0.,-1.));
#7423=DIRECTION('',(-0.708637495429921,-0.705572746122474,1.8409439168411E-16));
#7424=DIRECTION('',(0.705572950572919,-0.708637291863585,-2.63929466870064E-7));
#7425=DIRECTION('',(0.708637291863609,0.705572950572944,0.));
#7426=DIRECTION('',(0.708637495429921,0.705572746122474,1.83563891608202E-16));
#7427=DIRECTION('',(0.705572933153987,-0.708637309207182,2.88510181974451E-7));
#7428=DIRECTION('',(0.708637309207212,0.705572933154017,0.));
#7429=DIRECTION('',(4.3203971705704E-17,-1.29799577329253E-16,1.));
#7430=DIRECTION('',(4.3203971705704E-17,-1.29799577329253E-16,1.));
#7431=DIRECTION('',(0.705572746122474,-0.708637495429921,-1.22464392346256E-16));
#7432=DIRECTION('',(0.708637495429921,0.705572746122474,0.));
#7433=DIRECTION('',(0.708637495429921,0.705572746122474,1.83563891608202E-16));
#7434=DIRECTION('',(8.65956056235493E-17,-8.65956056235493E-17,1.));
#7435=DIRECTION('',(-0.708637495429921,-0.705572746122474,0.));
#7436=DIRECTION('',(0.705572534154296,-0.708637706481242,-2.99201006129669E-7));
#7437=DIRECTION('',(-0.501066656417056,-0.498899022365156,-0.707129387955361));
#7438=DIRECTION('',(0.705572534154296,-0.708637706481242,-2.99201006129669E-7));
#7439=DIRECTION('',(0.705572534154296,-0.708637706481242,-2.99201006129669E-7));
#7440=DIRECTION('',(0.707106781186548,-0.707106781186548,-1.22464679914735E-16));
#7441=DIRECTION('',(0.705572950572919,-0.708637291863585,-2.63929466870064E-7));
#7442=DIRECTION('',(-0.501228756573043,-0.499061043182497,-0.706900140586943));
#7443=DIRECTION('',(0.705572950572919,-0.708637291863585,-2.63929466870064E-7));
#7444=DIRECTION('',(0.707106781186548,-0.707106781186548,-1.22464679914735E-16));
#7445=DIRECTION('',(0.705572958149058,-0.708637284320193,-2.99118410210088E-7));
#7446=DIRECTION('',(0.501096596910219,0.498930027428734,-0.707086294800684));
#7447=DIRECTION('',(0.705572958149058,-0.708637284320193,-2.99118410210088E-7));
#7448=DIRECTION('',(0.705572958149058,-0.708637284320193,-2.99118410210088E-7));
#7449=DIRECTION('',(0.707106781186548,-0.707106781186548,-1.22464679914735E-16));
#7450=DIRECTION('',(0.705571089314306,-0.708635831425186,0.00216710501793226));
#7451=DIRECTION('',(0.705572933153987,-0.708637309207182,2.88510181974451E-7));
#7452=DIRECTION('',(0.50093478687504,0.498768295479869,-0.707315012369004));
#7453=DIRECTION('',(0.705571089314306,-0.708635831425186,0.00216710501793231));
#7454=DIRECTION('',(0.705572933153987,-0.708637309207182,2.88510181974451E-7));
#7455=DIRECTION('',(0.705571089314306,-0.708635831425186,0.00216710501793231));
#7456=DIRECTION('',(0.707106781186548,-0.707106781186548,-1.22464679914735E-16));
#7457=DIRECTION('',(-0.708637495429921,-0.705572746122474,-6.09670899195824E-17));
#7458=DIRECTION('',(-0.705572746122474,0.708637495429921,1.22464392346256E-16));
#7459=DIRECTION('',(0.,0.,-1.));
#7460=DIRECTION('',(0.708637495429921,0.705572746122474,6.09670899195824E-17));
#7461=DIRECTION('',(0.705572746122474,-0.708637495429921,-1.22464392346256E-16));
#7462=DIRECTION('',(0.705572746122474,-0.708637495429921,0.));
#7463=DIRECTION('',(0.708637495429921,0.705572746122474,6.09670899195824E-17));
#7464=DIRECTION('',(0.705572746122474,-0.708637495429921,-1.22464392346256E-16));
#7465=DIRECTION('',(0.,0.,-1.));
#7466=DIRECTION('',(-0.00152905023863861,0.00153569187224122,-0.999997651825164));
#7467=DIRECTION('',(0.705571089314306,-0.708635831425186,-0.00216710501793261));
#7468=DIRECTION('',(-0.00152905023863861,0.00153569187224122,-0.999997651825164));
#7469=DIRECTION('',(0.705571089314367,-0.708635831425126,-0.00216710501793257));
#7470=DIRECTION('',(-4.33916339178454E-17,-2.16582845164944E-16,1.));
#7471=DIRECTION('',(-1.,-2.22044604925032E-16,-4.33916339178454E-17));
#7472=DIRECTION('',(-0.707106781186548,0.707106781186548,1.22464679914735E-16));
#7473=DIRECTION('',(0.707106781186548,0.707106781186547,0.));
#7474=DIRECTION('',(-0.707106781186548,0.707106781186548,1.22464679914735E-16));
#7475=DIRECTION('',(4.33916339178453E-17,2.16582845164944E-16,-1.));
#7476=DIRECTION('',(2.22044604925032E-16,-1.,-2.16582845164944E-16));
#7477=DIRECTION('',(0.,0.,1.));
#7478=DIRECTION('',(1.,0.,0.));
#7479=DIRECTION('',(0.,0.,-1.));
#7480=DIRECTION('',(1.,0.,0.));
#7481=DIRECTION('',(0.,0.,-1.));
#7482=DIRECTION('',(1.,0.,0.));
#7483=DIRECTION('',(-0.866025403784439,0.5,-3.82085898925432E-16));
#7484=DIRECTION('',(0.5,0.866025403784439,0.));
#7485=DIRECTION('',(-0.866025403784439,0.5,-3.82085898925432E-16));
#7486=DIRECTION('',(0.5,0.866025403784439,0.));
#7487=DIRECTION('',(-5.43669134860359E-16,1.,-4.25383701737206E-16));
#7488=DIRECTION('',(1.,5.43669134860359E-16,0.));
#7489=DIRECTION('',(-5.43669134860359E-16,1.,-4.25383701737206E-16));
#7490=DIRECTION('',(1.,5.43669134860359E-16,0.));
#7491=DIRECTION('',(6.66133814775094E-16,-1.,-2.52192490490108E-16));
#7492=DIRECTION('',(-1.,-6.66133814775094E-16,0.));
#7493=DIRECTION('',(6.66133814775094E-16,-1.,-2.52192490490108E-16));
#7494=DIRECTION('',(-1.,-6.66133814775094E-16,0.));
#7495=DIRECTION('',(0.866025403784439,-0.5,-2.95490293301882E-16));
#7496=DIRECTION('',(-0.5,-0.866025403784439,0.));
#7497=DIRECTION('',(0.866025403784439,-0.5,-2.95490293301882E-16));
#7498=DIRECTION('',(-0.5,-0.866025403784439,0.));
#7499=DIRECTION('',(0.866025403784438,0.5,-3.82085898925432E-16));
#7500=DIRECTION('',(0.5,-0.866025403784438,0.));
#7501=DIRECTION('',(0.866025403784438,0.5,-3.82085898925432E-16));
#7502=DIRECTION('',(0.5,-0.866025403784438,0.));
#7503=DIRECTION('',(-0.866025403784439,-0.5,-2.95490293301882E-16));
#7504=DIRECTION('',(-0.5,0.866025403784439,0.));
#7505=DIRECTION('',(-0.866025403784439,-0.5,-2.95490293301882E-16));
#7506=DIRECTION('',(-0.5,0.866025403784439,0.));
#7507=DIRECTION('',(0.,0.,1.));
#7508=DIRECTION('',(1.,0.,0.));
#7509=DIRECTION('',(0.,0.,1.));
#7510=DIRECTION('',(1.,0.,0.));
#7511=DIRECTION('',(-0.5,0.866025403784439,-4.13782090439749E-16));
#7512=DIRECTION('',(0.866025403784439,0.5,0.));
#7513=DIRECTION('',(-0.5,0.866025403784439,-4.13782090439749E-16));
#7514=DIRECTION('',(0.866025403784439,0.5,0.));
#7515=DIRECTION('',(-1.,9.95799250102959E-17,-3.38788096113657E-16));
#7516=DIRECTION('',(9.95799250102958E-17,1.,0.));
#7517=DIRECTION('',(-1.,9.95799250102959E-17,-3.38788096113657E-16));
#7518=DIRECTION('',(9.95799250102958E-17,1.,0.));
#7519=DIRECTION('',(1.,-2.22044604925032E-16,-3.38788096113657E-16));
#7520=DIRECTION('',(-2.22044604925031E-16,-1.,0.));
#7521=DIRECTION('',(1.,-2.22044604925032E-16,-3.38788096113657E-16));
#7522=DIRECTION('',(-2.22044604925031E-16,-1.,0.));
#7523=DIRECTION('',(0.,0.,1.));
#7524=DIRECTION('',(1.,0.,0.));
#7525=DIRECTION('',(0.5,-0.866025403784439,-2.63794101787565E-16));
#7526=DIRECTION('',(-0.866025403784439,-0.5,0.));
#7527=DIRECTION('',(0.5,-0.866025403784439,-2.63794101787565E-16));
#7528=DIRECTION('',(-0.866025403784439,-0.5,0.));
#7529=DIRECTION('',(-0.5,-0.866025403784439,-2.63794101787565E-16));
#7530=DIRECTION('',(-0.866025403784439,0.5,0.));
#7531=DIRECTION('',(-0.5,-0.866025403784439,-2.63794101787565E-16));
#7532=DIRECTION('',(-0.866025403784439,0.5,0.));
#7533=DIRECTION('',(0.5,0.866025403784439,-4.13782090439749E-16));
#7534=DIRECTION('',(0.866025403784439,-0.5,0.));
#7535=DIRECTION('',(0.5,0.866025403784439,-4.13782090439749E-16));
#7536=DIRECTION('',(0.866025403784439,-0.5,0.));
#7537=DIRECTION('',(0.,0.,1.));
#7538=DIRECTION('',(1.,0.,0.));
#7539=DIRECTION('',(0.,0.,1.));
#7540=DIRECTION('',(1.,0.,0.));
#7541=DIRECTION('',(0.,0.,1.));
#7542=DIRECTION('',(1.,0.,0.));
#7543=DIRECTION('',(0.5,-0.866025403784439,-5.00377696063299E-16));
#7544=DIRECTION('',(-0.866025403784439,-0.5,0.));
#7545=DIRECTION('',(0.5,-0.866025403784439,-5.00377696063299E-16));
#7546=DIRECTION('',(-0.866025403784439,-0.5,0.));
#7547=DIRECTION('',(1.,-3.21624529935327E-16,-5.11979307360756E-16));
#7548=DIRECTION('',(-3.21624529935327E-16,-1.,0.));
#7549=DIRECTION('',(1.,-3.21624529935327E-16,-5.11979307360756E-16));
#7550=DIRECTION('',(-3.21624529935327E-16,-1.,0.));
#7551=DIRECTION('',(-1.,4.44089209850063E-16,-1.65596884866558E-16));
#7552=DIRECTION('',(4.44089209850063E-16,1.,0.));
#7553=DIRECTION('',(-1.,4.44089209850063E-16,-1.65596884866558E-16));
#7554=DIRECTION('',(4.44089209850063E-16,1.,0.));
#7555=DIRECTION('',(-0.5,0.866025403784439,-1.77198496164015E-16));
#7556=DIRECTION('',(0.866025403784439,0.5,0.));
#7557=DIRECTION('',(-0.5,0.866025403784439,-1.77198496164015E-16));
#7558=DIRECTION('',(0.866025403784439,0.5,0.));
#7559=DIRECTION('',(0.5,0.866025403784439,-3.50389707411114E-16));
#7560=DIRECTION('',(0.866025403784439,-0.5,0.));
#7561=DIRECTION('',(0.5,0.866025403784439,-3.50389707411114E-16));
#7562=DIRECTION('',(0.866025403784439,-0.5,0.));
#7563=DIRECTION('',(-0.5,-0.866025403784439,-3.271864848162E-16));
#7564=DIRECTION('',(-0.866025403784439,0.5,0.));
#7565=DIRECTION('',(-0.5,-0.866025403784439,-3.271864848162E-16));
#7566=DIRECTION('',(-0.866025403784439,0.5,0.));
#7567=DIRECTION('',(0.,0.,1.));
#7568=DIRECTION('',(1.,0.,0.));
#7569=DIRECTION('',(0.,0.,-1.));
#7570=DIRECTION('',(1.,0.,0.));
#7571=DIRECTION('',(0.866025403784439,-0.5,-5.32073887577616E-16));
#7572=DIRECTION('',(-0.5,-0.866025403784439,0.));
#7573=DIRECTION('',(0.866025403784439,-0.5,-5.32073887577616E-16));
#7574=DIRECTION('',(-0.5,-0.866025403784439,0.));
#7575=DIRECTION('',(3.21624529935327E-16,-1.,-4.25383701737207E-16));
#7576=DIRECTION('',(-1.,-3.21624529935327E-16,0.));
#7577=DIRECTION('',(3.21624529935327E-16,-1.,-4.25383701737207E-16));
#7578=DIRECTION('',(-1.,-3.21624529935327E-16,0.));
#7579=DIRECTION('',(-4.44089209850063E-16,1.,-2.52192490490108E-16));
#7580=DIRECTION('',(1.,4.44089209850063E-16,0.));
#7581=DIRECTION('',(-4.44089209850063E-16,1.,-2.52192490490108E-16));
#7582=DIRECTION('',(1.,4.44089209850063E-16,0.));
#7583=DIRECTION('',(0.,0.,-1.));
#7584=DIRECTION('',(1.,0.,0.));
#7585=DIRECTION('',(-0.866025403784439,0.5,-1.45502304649697E-16));
#7586=DIRECTION('',(0.5,0.866025403784439,0.));
#7587=DIRECTION('',(-0.866025403784439,0.5,-1.45502304649697E-16));
#7588=DIRECTION('',(0.5,0.866025403784439,0.));
#7589=DIRECTION('',(-0.866025403784439,-0.5,-2.32097910273247E-16));
#7590=DIRECTION('',(-0.5,0.866025403784439,0.));
#7591=DIRECTION('',(-0.866025403784439,-0.5,-2.32097910273247E-16));
#7592=DIRECTION('',(-0.5,0.866025403784439,0.));
#7593=DIRECTION('',(0.866025403784439,0.5,-4.45478281954067E-16));
#7594=DIRECTION('',(0.5,-0.866025403784439,0.));
#7595=DIRECTION('',(0.866025403784439,0.5,-4.45478281954067E-16));
#7596=DIRECTION('',(0.5,-0.866025403784439,0.));
#7597=DIRECTION('',(0.,0.,-1.));
#7598=DIRECTION('',(-1.,0.,0.));
#7599=DIRECTION('',(0.,0.,1.));
#7600=DIRECTION('',(1.,0.,0.));
#7601=DIRECTION('',(0.,0.,1.));
#7602=DIRECTION('',(1.,0.,0.));
#7603=DIRECTION('',(0.,0.,-1.));
#7604=DIRECTION('',(0.,0.,-1.));
#7605=DIRECTION('',(-1.,0.,0.));
#7606=DIRECTION('',(0.,0.,-1.));
#7607=DIRECTION('',(-1.,0.,0.));
#7608=DIRECTION('',(0.,0.,-1.));
#7609=DIRECTION('',(0.,0.,-1.));
#7610=DIRECTION('',(1.,0.,0.));
#7611=DIRECTION('',(0.,0.,-1.));
#7612=DIRECTION('',(-1.,0.,0.));
#7613=DIRECTION('',(0.,0.,-1.));
#7614=DIRECTION('',(1.,0.,0.));
#7615=DIRECTION('',(0.,0.,1.));
#7616=DIRECTION('',(1.,0.,0.));
#7617=DIRECTION('',(0.,0.,1.));
#7618=DIRECTION('',(1.,0.,0.));
#7619=DIRECTION('',(0.,-1.,0.));
#7620=DIRECTION('',(1.,0.,0.));
#7621=DIRECTION('',(0.,0.,-1.));
#7622=DIRECTION('',(-1.,0.,0.));
#7623=DIRECTION('',(1.,0.,0.));
#7624=DIRECTION('',(0.,-1.,0.));
#7625=DIRECTION('',(9.58308385427107E-17,9.58308385427108E-17,-1.));
#7626=DIRECTION('',(0.,-1.,-9.58308385427108E-17));
#7627=DIRECTION('',(0.707106781186548,-0.707106781186548,0.));
#7628=DIRECTION('',(-0.707106781186548,-0.707106781186548,-1.35525271560688E-16));
#7629=DIRECTION('',(0.,0.,1.));
#7630=DIRECTION('',(-1.,0.,0.));
#7631=DIRECTION('',(0.707106781186548,-0.707106781186548,0.));
#7632=DIRECTION('',(-0.707106781186548,-0.707106781186548,0.));
#7633=DIRECTION('',(0.,0.,-1.));
#7634=DIRECTION('',(-1.,0.,0.));
#7635=DIRECTION('',(8.65956056235493E-17,8.65956056235493E-17,1.));
#7636=DIRECTION('',(0.,-1.,8.65956056235493E-17));
#7637=DIRECTION('',(8.65956056235493E-17,8.65956056235493E-17,1.));
#7638=DIRECTION('',(0.,-1.,8.65956056235493E-17));
#7639=DIRECTION('',(0.,0.,-1.));
#7640=DIRECTION('',(-8.65956056235493E-17,-8.65956056235493E-17,-1.));
#7641=DIRECTION('',(0.,1.,-8.65956056235493E-17));
#7642=DIRECTION('',(-8.65956056235493E-17,-8.65956056235493E-17,-1.));
#7643=DIRECTION('',(0.,1.,-8.65956056235493E-17));
#7644=DIRECTION('',(0.,0.,-1.));
#7645=DIRECTION('',(0.,0.,1.));
#7646=DIRECTION('',(1.,0.,0.));
#7647=DIRECTION('',(0.,0.,-1.));
#7648=DIRECTION('',(-1.,0.,0.));
#7649=DIRECTION('',(0.,0.,1.));
#7650=DIRECTION('',(1.,0.,0.));
#7651=DIRECTION('',(0.,0.,1.));
#7652=DIRECTION('',(1.,0.,0.));
#7653=DIRECTION('',(1.,4.44089209850063E-16,-8.65956056235493E-17));
#7654=DIRECTION('',(-8.65956056235493E-17,-8.65956056235493E-17,-1.));
#7655=DIRECTION('',(4.44089209850063E-16,-1.,8.65956056235493E-17));
#7656=DIRECTION('',(4.44089209850063E-16,-1.,0.));
#7657=DIRECTION('',(-8.65956056235493E-17,0.,-1.));
#7658=DIRECTION('',(4.44089209850063E-16,-1.,8.65956056235493E-17));
#7659=DIRECTION('',(1.,4.44089209850063E-16,-8.65956056235493E-17));
#7660=DIRECTION('',(-8.65956056235493E-17,-8.65956056235493E-17,-1.));
#7661=DIRECTION('',(4.44089209850063E-16,-1.,8.65956056235493E-17));
#7662=DIRECTION('',(-8.65956056235493E-17,0.,-1.));
#7663=DIRECTION('',(4.44089209850063E-16,-1.,0.));
#7664=DIRECTION('',(4.44089209850063E-16,-1.,8.65956056235493E-17));
#7665=DIRECTION('',(8.65956056235493E-17,8.65956056235493E-17,1.));
#7666=DIRECTION('',(4.44089209850063E-16,-1.,8.65956056235493E-17));
#7667=DIRECTION('',(1.,4.44089209850063E-16,-8.65956056235493E-17));
#7668=DIRECTION('',(-8.65956056235493E-17,-8.65956056235493E-17,-1.));
#7669=DIRECTION('',(-4.44089209850063E-16,1.,-8.65956056235493E-17));
#7670=DIRECTION('',(1.,4.44089209850063E-16,-8.65956056235493E-17));
#7671=DIRECTION('',(-0.707106781186548,-0.707106781186548,0.));
#7672=DIRECTION('',(0.707106781186548,-0.707106781186548,0.));
#7673=DIRECTION('',(0.707106781186548,-0.707106781186548,0.));
#7674=DIRECTION('',(-0.707106781186548,0.707106781186548,0.));
#7675=DIRECTION('',(0.,0.,-1.));
#7676=DIRECTION('',(-0.707106781186548,0.707106781186548,0.));
#7677=DIRECTION('',(-0.707106781186548,-0.707106781186548,0.));
#7678=DIRECTION('',(0.707106781186548,-0.707106781186548,0.));
#7679=DIRECTION('',(0.707106781186548,-0.707106781186548,0.));
#7680=DIRECTION('',(-0.707106781186548,0.707106781186548,0.));
#7681=DIRECTION('',(0.,0.,-1.));
#7682=DIRECTION('',(-0.707106781186548,0.707106781186548,0.));
#7683=DIRECTION('',(0.,0.,-1.));
#7684=DIRECTION('',(1.,0.,0.));
#7685=DIRECTION('',(0.,0.,-1.));
#7686=DIRECTION('',(-1.,0.,0.));
#7687=DIRECTION('',(-0.707106781186548,-0.707106781186548,0.));
#7688=DIRECTION('',(-9.58308385427107E-17,-9.58308385427108E-17,1.));
#7689=DIRECTION('',(0.,1.,9.58308385427108E-17));
#7690=DIRECTION('',(-9.58308385427107E-17,-9.58308385427108E-17,1.));
#7691=DIRECTION('',(0.,-1.,-9.58308385427108E-17));
#7692=DIRECTION('',(-0.707106781186548,-0.707106781186548,-1.35525271560688E-16));
#7693=DIRECTION('',(-0.707106781186548,-0.707106781186548,0.));
#7694=DIRECTION('',(-0.707106781186548,-0.707106781186548,0.));
#7695=DIRECTION('',(-0.707106781186548,-0.707106781186548,-1.35525271560688E-16));
#7696=DIRECTION('',(-0.707106781186548,-0.707106781186548,-1.35525271560688E-16));
#7697=DIRECTION('',(0.,0.,-1.));
#7698=DIRECTION('',(1.,0.,0.));
#7699=DIRECTION('',(0.,0.,-1.));
#7700=DIRECTION('',(-1.,0.,0.));
#7701=DIRECTION('',(-9.58308385427107E-17,-9.58308385427108E-17,1.));
#7702=DIRECTION('',(0.,1.,9.58308385427108E-17));
#7703=DIRECTION('',(-9.58308385427107E-17,-9.58308385427108E-17,1.));
#7704=DIRECTION('',(0.,-1.,-9.58308385427108E-17));
#7705=DIRECTION('',(9.58308385427107E-17,9.58308385427108E-17,-1.));
#7706=DIRECTION('',(0.,-1.,-9.58308385427108E-17));
#7707=DIRECTION('',(0.,0.,1.));
#7708=DIRECTION('',(-1.,0.,0.));
#7709=DIRECTION('',(0.,0.,-1.));
#7710=DIRECTION('',(-1.,0.,0.));
#7711=DIRECTION('',(0.,0.,1.));
#7712=DIRECTION('',(1.,0.,0.));
#7713=DIRECTION('',(0.,0.,-1.));
#7714=DIRECTION('',(-0.582395802729072,0.582395802729071,-0.567124552393142));
#7715=DIRECTION('',(0.401017616774577,-0.401017616774576,-0.823632042888618));
#7716=DIRECTION('',(0.,0.,-1.));
#7717=DIRECTION('',(-8.65956056235493E-17,-8.65956056235493E-17,-1.));
#7718=DIRECTION('',(0.,1.,-8.65956056235493E-17));
#7719=DIRECTION('',(0.,0.,-1.));
#7720=DIRECTION('',(8.65956056235493E-17,8.65956056235493E-17,1.));
#7721=DIRECTION('',(0.,-1.,8.65956056235493E-17));
#7722=DIRECTION('',(0.,0.,-1.));
#7723=DIRECTION('',(0.,0.,1.));
#7724=DIRECTION('',(1.,0.,0.));
#7725=DIRECTION('',(0.,0.,-1.));
#7726=DIRECTION('',(0.,0.,-1.));
#7727=DIRECTION('',(-1.,0.,0.));
#7728=DIRECTION('',(0.,0.,-1.));
#7729=DIRECTION('',(0.,0.,1.));
#7730=DIRECTION('',(1.,0.,0.));
#7731=DIRECTION('',(0.,0.,-1.));
#7732=DIRECTION('',(-1.,0.,0.));
#7733=DIRECTION('',(0.,0.,1.));
#7734=DIRECTION('',(1.,0.,0.));
#7735=DIRECTION('',(0.,0.,1.));
#7736=DIRECTION('',(1.,0.,0.));
#7737=DIRECTION('',(0.,0.,1.));
#7738=DIRECTION('',(1.,0.,0.));
#7739=DIRECTION('',(0.,0.,1.));
#7740=DIRECTION('',(1.,0.,0.));
#7741=DIRECTION('',(0.707106781186548,0.707106781186548,0.));
#7742=DIRECTION('',(-0.707106781186548,0.707106781186548,0.));
#7743=DIRECTION('',(-0.707106781186548,0.707106781186548,0.));
#7744=DIRECTION('',(-1.,-4.44089209850063E-16,8.65956056235493E-17));
#7745=DIRECTION('',(8.65956056235493E-17,8.65956056235493E-17,1.));
#7746=DIRECTION('',(4.44089209850063E-16,-1.,8.65956056235493E-17));
#7747=DIRECTION('',(8.65956056235493E-17,0.,1.));
#7748=DIRECTION('',(0.,-1.,0.));
#7749=DIRECTION('',(8.65956056235493E-17,0.,1.));
#7750=DIRECTION('',(4.44089209850063E-16,-1.,8.65956056235493E-17));
#7751=DIRECTION('',(0.,0.,-1.));
#7752=DIRECTION('',(4.44089209850063E-16,-1.,8.65956056235493E-17));
#7753=DIRECTION('',(1.,4.44089209850063E-16,-8.65956056235493E-17));
#7754=DIRECTION('',(-8.65956056235493E-17,-8.65956056235493E-17,-1.));
#7755=DIRECTION('',(4.44089209850063E-16,-1.,8.65956056235493E-17));
#7756=DIRECTION('',(0.,0.,-1.));
#7757=DIRECTION('',(4.44089209850063E-16,-1.,8.65956056235493E-17));
#7758=DIRECTION('',(0.,1.,0.));
#7759=DIRECTION('',(0.,0.,1.));
#7760=DIRECTION('',(1.,0.,0.));
#7761=DIRECTION('',(0.,0.,-1.));
#7762=DIRECTION('',(1.,0.,0.));
#7763=DIRECTION('',(1.,0.,-2.16840434497101E-16));
#7764=DIRECTION('',(1.,0.,0.));
#7765=DIRECTION('',(0.,-1.,0.));
#7766=DIRECTION('',(0.,0.,-1.));
#7767=DIRECTION('',(1.,0.,0.));
#7768=DIRECTION('',(0.,0.,-1.));
#7769=DIRECTION('',(1.,0.,0.));
#7770=DIRECTION('',(8.65956056235493E-17,8.65956056235493E-17,1.));
#7771=DIRECTION('',(4.44089209850063E-16,-1.,8.65956056235493E-17));
#7772=DIRECTION('',(8.65956056235493E-17,8.65956056235493E-17,1.));
#7773=DIRECTION('',(0.,-1.,8.65956056235493E-17));
#7774=DIRECTION('',(-8.65956056235493E-17,-8.65956056235493E-17,-1.));
#7775=DIRECTION('',(-4.44089209850063E-16,1.,-8.65956056235493E-17));
#7776=DIRECTION('',(-8.65956056235493E-17,-8.65956056235493E-17,-1.));
#7777=DIRECTION('',(0.,1.,-8.65956056235493E-17));
#7778=DIRECTION('',(-1.,0.,8.65956056235493E-17));
#7779=DIRECTION('',(0.,-1.,0.));
#7780=DIRECTION('',(-1.,0.,8.65956056235493E-17));
#7781=DIRECTION('',(0.,0.,-1.));
#7782=DIRECTION('',(-1.,0.,0.));
#7783=DIRECTION('',(0.,0.,1.));
#7784=DIRECTION('',(1.,0.,0.));
#7785=DIRECTION('',(0.,0.,-1.));
#7786=DIRECTION('',(0.,0.,-1.));
#7787=DIRECTION('',(-1.,0.,0.));
#7788=DIRECTION('',(0.,0.,-1.));
#7789=DIRECTION('',(0.,0.,-1.));
#7790=DIRECTION('',(1.,0.,0.));
#7791=DIRECTION('',(0.,0.,-1.));
#7792=DIRECTION('',(1.,0.,0.));
#7793=DIRECTION('',(0.,0.,-1.));
#7794=DIRECTION('',(0.,0.,-1.));
#7795=DIRECTION('',(-1.,0.,0.));
#7796=DIRECTION('',(0.,0.,-1.));
#7797=DIRECTION('',(-1.,0.,0.));
#7798=DIRECTION('',(0.,0.,-1.));
#7799=DIRECTION('',(-9.58308385427107E-17,9.58308385427108E-17,1.));
#7800=DIRECTION('',(0.,-1.,9.58308385427108E-17));
#7801=DIRECTION('',(-9.58308385427107E-17,9.58308385427108E-17,1.));
#7802=DIRECTION('',(0.,-1.,9.58308385427108E-17));
#7803=DIRECTION('',(0.,0.,-1.));
#7804=DIRECTION('',(-1.,0.,0.));
#7805=DIRECTION('',(0.,0.,-1.));
#7806=DIRECTION('',(1.,0.,0.));
#7807=DIRECTION('',(0.,0.,-1.));
#7808=DIRECTION('',(1.,0.,0.));
#7809=DIRECTION('',(0.,0.,1.));
#7810=DIRECTION('',(1.,0.,0.));
#7811=DIRECTION('',(0.,0.,1.));
#7812=DIRECTION('',(1.,0.,0.));
#7813=DIRECTION('',(0.,0.,-1.));
#7814=DIRECTION('',(1.,0.,0.));
#7815=DIRECTION('',(-0.707106781186548,-0.707106781186548,0.));
#7816=DIRECTION('',(-0.707106781186548,0.707106781186548,0.));
#7817=DIRECTION('',(-9.58308385427107E-17,9.58308385427108E-17,1.));
#7818=DIRECTION('',(0.,-1.,9.58308385427108E-17));
#7819=DIRECTION('',(-0.707106781186548,-0.707106781186548,0.));
#7820=DIRECTION('',(-0.707106781186548,0.707106781186548,-1.35525271560688E-16));
#7821=DIRECTION('',(9.58308385427107E-17,-9.58308385427108E-17,-1.));
#7822=DIRECTION('',(0.,1.,-9.58308385427108E-17));
#7823=DIRECTION('',(0.707106781186548,0.707106781186548,0.));
#7824=DIRECTION('',(-0.707106781186548,0.707106781186548,-1.35525271560688E-16));
#7825=DIRECTION('',(0.,0.,1.));
#7826=DIRECTION('',(-1.,0.,0.));
#7827=DIRECTION('',(0.707106781186548,0.707106781186548,0.));
#7828=DIRECTION('',(-0.707106781186548,0.707106781186548,0.));
#7829=DIRECTION('',(-0.707106781186548,0.707106781186548,0.));
#7830=DIRECTION('',(0.707106781186548,0.707106781186548,0.));
#7831=DIRECTION('',(-0.707106781186548,-0.707106781186548,0.));
#7832=DIRECTION('',(0.707106781186548,0.707106781186548,0.));
#7833=DIRECTION('',(-0.707106781186548,0.707106781186548,0.));
#7834=DIRECTION('',(-0.707106781186548,0.707106781186548,0.));
#7835=DIRECTION('',(-0.707106781186548,0.707106781186548,0.));
#7836=DIRECTION('',(0.707106781186548,0.707106781186548,0.));
#7837=DIRECTION('',(-0.707106781186548,-0.707106781186548,0.));
#7838=DIRECTION('',(0.707106781186548,0.707106781186548,0.));
#7839=DIRECTION('',(-0.707106781186548,0.707106781186548,-1.35525271560688E-16));
#7840=DIRECTION('',(-0.707106781186548,0.707106781186548,-1.35525271560688E-16));
#7841=DIRECTION('',(0.,0.,-1.));
#7842=DIRECTION('',(1.,0.,0.));
#7843=DIRECTION('',(-9.58308385427107E-17,9.58308385427108E-17,1.));
#7844=DIRECTION('',(0.,-1.,9.58308385427108E-17));
#7845=DIRECTION('',(9.58308385427107E-17,-9.58308385427108E-17,-1.));
#7846=DIRECTION('',(0.,1.,-9.58308385427108E-17));
#7847=DIRECTION('',(0.,0.,1.));
#7848=DIRECTION('',(-1.,0.,0.));
#7849=DIRECTION('',(0.,0.,-1.));
#7850=DIRECTION('',(-1.,0.,0.));
#7851=DIRECTION('',(0.,0.,-1.));
#7852=DIRECTION('',(8.65956056235493E-17,8.65956056235493E-17,1.));
#7853=DIRECTION('',(0.,-1.,8.65956056235493E-17));
#7854=DIRECTION('',(8.65956056235493E-17,8.65956056235493E-17,1.));
#7855=DIRECTION('',(0.,-1.,8.65956056235493E-17));
#7856=DIRECTION('',(0.,0.,-1.));
#7857=DIRECTION('',(-8.65956056235493E-17,-8.65956056235493E-17,-1.));
#7858=DIRECTION('',(0.,1.,-8.65956056235493E-17));
#7859=DIRECTION('',(-8.65956056235493E-17,-8.65956056235493E-17,-1.));
#7860=DIRECTION('',(0.,1.,-8.65956056235493E-17));
#7861=DIRECTION('',(0.,0.,1.));
#7862=DIRECTION('',(1.,0.,0.));
#7863=DIRECTION('',(0.,0.,-1.));
#7864=DIRECTION('',(-1.,0.,0.));
#7865=DIRECTION('',(0.,0.,1.));
#7866=DIRECTION('',(1.,0.,0.));
#7867=DIRECTION('',(0.,0.,1.));
#7868=DIRECTION('',(1.,0.,0.));
#7869=DIRECTION('',(1.,4.44089209850063E-16,-8.65956056235493E-17));
#7870=DIRECTION('',(-8.65956056235493E-17,-8.65956056235493E-17,-1.));
#7871=DIRECTION('',(-4.44089209850063E-16,1.,-8.65956056235493E-17));
#7872=DIRECTION('',(8.65956056235493E-17,0.,1.));
#7873=DIRECTION('',(4.44089209850063E-16,-1.,0.));
#7874=DIRECTION('',(-4.44089209850063E-16,1.,-8.65956056235493E-17));
#7875=DIRECTION('',(1.,4.44089209850063E-16,-8.65956056235493E-17));
#7876=DIRECTION('',(-8.65956056235493E-17,-8.65956056235493E-17,-1.));
#7877=DIRECTION('',(-4.44089209850063E-16,1.,-8.65956056235493E-17));
#7878=DIRECTION('',(4.44089209850063E-16,-1.,0.));
#7879=DIRECTION('',(8.65956056235493E-17,0.,1.));
#7880=DIRECTION('',(-4.44089209850063E-16,1.,-8.65956056235493E-17));
#7881=DIRECTION('',(8.65956056235493E-17,8.65956056235493E-17,1.));
#7882=DIRECTION('',(-4.44089209850063E-16,1.,-8.65956056235493E-17));
#7883=DIRECTION('',(1.,4.44089209850063E-16,-8.65956056235493E-17));
#7884=DIRECTION('',(-8.65956056235493E-17,-8.65956056235493E-17,-1.));
#7885=DIRECTION('',(4.44089209850063E-16,-1.,8.65956056235493E-17));
#7886=DIRECTION('',(1.,4.44089209850063E-16,-8.65956056235493E-17));
#7887=DIRECTION('',(0.,0.,1.));
#7888=DIRECTION('',(1.,0.,0.));
#7889=DIRECTION('',(0.,0.,1.));
#7890=DIRECTION('',(1.,0.,0.));
#7891=DIRECTION('',(0.,0.,-1.));
#7892=DIRECTION('',(-1.,0.,0.));
#7893=DIRECTION('',(1.,4.44089209850063E-16,-8.65956056235493E-17));
#7894=DIRECTION('',(0.,0.,-1.));
#7895=DIRECTION('',(-1.,0.,0.));
#7896=DIRECTION('',(0.,0.,-1.));
#7897=DIRECTION('',(-1.,0.,0.));
#7898=DIRECTION('',(0.,0.,-1.));
#7899=DIRECTION('',(0.,0.,-1.));
#7900=DIRECTION('',(-1.,0.,0.));
#7901=DIRECTION('',(0.,0.,-1.));
#7902=DIRECTION('',(0.,0.,1.));
#7903=DIRECTION('',(1.,0.,0.));
#7904=DIRECTION('',(0.,0.,-1.));
#7905=DIRECTION('',(8.65956056235493E-17,8.65956056235493E-17,1.));
#7906=DIRECTION('',(0.,-1.,8.65956056235493E-17));
#7907=DIRECTION('',(0.,0.,-1.));
#7908=DIRECTION('',(-8.65956056235493E-17,-8.65956056235493E-17,-1.));
#7909=DIRECTION('',(0.,1.,-8.65956056235493E-17));
#7910=DIRECTION('',(0.582395802729071,-0.582395802729071,-0.567124552393142));
#7911=DIRECTION('',(-0.401017616774576,0.401017616774577,-0.823632042888618));
#7912=DIRECTION('',(0.,0.,-1.));
#7913=DIRECTION('',(0.,0.,1.));
#7914=DIRECTION('',(1.,0.,0.));
#7915=DIRECTION('',(0.,0.,-1.));
#7916=DIRECTION('',(0.,0.,1.));
#7917=DIRECTION('',(1.,0.,0.));
#7918=DIRECTION('',(0.,0.,-1.));
#7919=DIRECTION('',(-1.,0.,0.));
#7920=DIRECTION('',(0.,0.,-1.));
#7921=DIRECTION('',(9.58308385427107E-17,9.58308385427108E-17,1.));
#7922=DIRECTION('',(0.,-1.,9.58308385427108E-17));
#7923=DIRECTION('',(9.58308385427107E-17,9.58308385427108E-17,1.));
#7924=DIRECTION('',(0.,-1.,9.58308385427108E-17));
#7925=DIRECTION('',(0.,0.,-1.));
#7926=DIRECTION('',(0.,0.,-1.));
#7927=DIRECTION('',(-1.,0.,0.));
#7928=DIRECTION('',(0.,0.,-1.));
#7929=DIRECTION('',(-1.,0.,0.));
#7930=DIRECTION('',(0.,0.,1.));
#7931=DIRECTION('',(1.,0.,0.));
#7932=DIRECTION('',(0.,0.,1.));
#7933=DIRECTION('',(1.,0.,0.));
#7934=DIRECTION('',(0.,0.,1.));
#7935=DIRECTION('',(1.,0.,0.));
#7936=DIRECTION('',(0.,0.,1.));
#7937=DIRECTION('',(1.,0.,0.));
#7938=DIRECTION('',(-0.707106781186548,0.707106781186548,0.));
#7939=DIRECTION('',(0.707106781186548,0.707106781186548,0.));
#7940=DIRECTION('',(-0.707106781186548,0.707106781186548,0.));
#7941=DIRECTION('',(0.707106781186548,0.707106781186548,0.));
#7942=DIRECTION('',(-0.707106781186548,0.707106781186548,0.));
#7943=DIRECTION('',(0.707106781186548,-0.707106781186548,0.));
#7944=DIRECTION('',(-0.707106781186548,0.707106781186548,0.));
#7945=DIRECTION('',(-0.707106781186548,0.707106781186548,0.));
#7946=DIRECTION('',(0.707106781186548,-0.707106781186548,0.));
#7947=DIRECTION('',(0.707106781186548,0.707106781186548,0.));
#7948=DIRECTION('',(-0.707106781186548,0.707106781186548,0.));
#7949=DIRECTION('',(0.707106781186548,-0.707106781186548,0.));
#7950=DIRECTION('',(-0.707106781186548,0.707106781186548,0.));
#7951=DIRECTION('',(-0.707106781186548,0.707106781186548,0.));
#7952=DIRECTION('',(0.707106781186548,-0.707106781186548,0.));
#7953=DIRECTION('',(0.,0.,-1.));
#7954=DIRECTION('',(-1.,0.,0.));
#7955=DIRECTION('',(0.707106781186548,0.707106781186548,0.));
#7956=DIRECTION('',(9.58308385427107E-17,9.58308385427108E-17,1.));
#7957=DIRECTION('',(0.,-1.,9.58308385427108E-17));
#7958=DIRECTION('',(0.707106781186548,0.707106781186548,-1.35525271560688E-16));
#7959=DIRECTION('',(-9.58308385427107E-17,-9.58308385427108E-17,-1.));
#7960=DIRECTION('',(0.,1.,-9.58308385427108E-17));
#7961=DIRECTION('',(0.707106781186548,0.707106781186548,-1.35525271560688E-16));
#7962=DIRECTION('',(0.,0.,1.));
#7963=DIRECTION('',(1.,0.,0.));
#7964=DIRECTION('',(0.707106781186548,0.707106781186548,0.));
#7965=DIRECTION('',(0.707106781186548,0.707106781186548,-1.35525271560688E-16));
#7966=DIRECTION('',(0.707106781186548,0.707106781186548,-1.35525271560688E-16));
#7967=DIRECTION('',(0.707106781186548,0.707106781186548,0.));
#7968=DIRECTION('',(0.707106781186548,0.707106781186548,0.));
#7969=DIRECTION('',(0.,0.,-1.));
#7970=DIRECTION('',(-1.,0.,0.));
#7971=DIRECTION('',(9.58308385427107E-17,9.58308385427108E-17,1.));
#7972=DIRECTION('',(0.,-1.,9.58308385427108E-17));
#7973=DIRECTION('',(-9.58308385427107E-17,-9.58308385427108E-17,-1.));
#7974=DIRECTION('',(0.,1.,-9.58308385427108E-17));
#7975=DIRECTION('',(0.,0.,1.));
#7976=DIRECTION('',(1.,0.,0.));
#7977=DIRECTION('',(0.,0.,-1.));
#7978=DIRECTION('',(-1.,0.,0.));
#7979=DIRECTION('',(0.,0.,1.));
#7980=DIRECTION('',(1.,0.,0.));
#7981=DIRECTION('',(0.,0.,-1.));
#7982=DIRECTION('',(0.,0.,-1.));
#7983=DIRECTION('',(-1.,0.,0.));
#7984=DIRECTION('',(0.,0.,-1.));
#7985=DIRECTION('',(-1.,0.,0.));
#7986=DIRECTION('',(0.,0.,-1.));
#7987=DIRECTION('',(0.,0.,1.));
#7988=DIRECTION('',(1.,0.,0.));
#7989=DIRECTION('',(0.,0.,-1.));
#7990=DIRECTION('',(1.,0.,0.));
#7991=DIRECTION('',(0.,0.,-1.));
#7992=DIRECTION('',(-1.,0.,0.));
#7993=DIRECTION('',(0.,0.,-1.));
#7994=DIRECTION('',(1.,0.,0.));
#7995=DIRECTION('',(0.,0.,1.));
#7996=DIRECTION('',(1.,0.,0.));
#7997=DIRECTION('',(-9.58308385427107E-17,9.58308385427108E-17,-1.));
#7998=DIRECTION('',(0.,-1.,-9.58308385427108E-17));
#7999=DIRECTION('',(-0.707106781186548,-0.707106781186548,0.));
#8000=DIRECTION('',(0.707106781186548,-0.707106781186548,-1.35525271560688E-16));
#8001=DIRECTION('',(0.,0.,1.));
#8002=DIRECTION('',(1.,0.,0.));
#8003=DIRECTION('',(-0.707106781186548,-0.707106781186548,0.));
#8004=DIRECTION('',(0.707106781186548,-0.707106781186548,0.));
#8005=DIRECTION('',(0.,0.,-1.));
#8006=DIRECTION('',(-1.,0.,0.));
#8007=DIRECTION('',(0.707106781186548,0.707106781186548,0.));
#8008=DIRECTION('',(0.,0.,-1.));
#8009=DIRECTION('',(-1.,0.,0.));
#8010=DIRECTION('',(0.707106781186548,-0.707106781186548,0.));
#8011=DIRECTION('',(9.58308385427107E-17,-9.58308385427108E-17,1.));
#8012=DIRECTION('',(0.,1.,9.58308385427108E-17));
#8013=DIRECTION('',(0.707106781186548,0.707106781186548,0.));
#8014=DIRECTION('',(9.58308385427107E-17,-9.58308385427108E-17,1.));
#8015=DIRECTION('',(0.,-1.,-9.58308385427108E-17));
#8016=DIRECTION('',(0.707106781186548,-0.707106781186548,-1.35525271560688E-16));
#8017=DIRECTION('',(0.707106781186548,-0.707106781186548,0.));
#8018=DIRECTION('',(-0.707106781186548,-0.707106781186548,0.));
#8019=DIRECTION('',(-0.707106781186548,-0.707106781186548,0.));
#8020=DIRECTION('',(0.707106781186548,0.707106781186548,0.));
#8021=DIRECTION('',(0.,0.,-1.));
#8022=DIRECTION('',(0.707106781186548,-0.707106781186548,0.));
#8023=DIRECTION('',(0.707106781186548,-0.707106781186548,0.));
#8024=DIRECTION('',(0.707106781186548,-0.707106781186548,0.));
#8025=DIRECTION('',(-0.707106781186548,-0.707106781186548,0.));
#8026=DIRECTION('',(-0.707106781186548,-0.707106781186548,0.));
#8027=DIRECTION('',(0.707106781186548,0.707106781186548,0.));
#8028=DIRECTION('',(0.,0.,-1.));
#8029=DIRECTION('',(0.707106781186548,-0.707106781186548,-1.35525271560688E-16));
#8030=DIRECTION('',(0.707106781186548,-0.707106781186548,-1.35525271560688E-16));
#8031=DIRECTION('',(0.,0.,-1.));
#8032=DIRECTION('',(-1.,0.,0.));
#8033=DIRECTION('',(0.,0.,-1.));
#8034=DIRECTION('',(-1.,0.,0.));
#8035=DIRECTION('',(9.58308385427107E-17,-9.58308385427108E-17,1.));
#8036=DIRECTION('',(0.,1.,9.58308385427108E-17));
#8037=DIRECTION('',(9.58308385427107E-17,-9.58308385427108E-17,1.));
#8038=DIRECTION('',(0.,-1.,-9.58308385427108E-17));
#8039=DIRECTION('',(-9.58308385427107E-17,9.58308385427108E-17,-1.));
#8040=DIRECTION('',(0.,-1.,-9.58308385427108E-17));
#8041=DIRECTION('',(0.,0.,1.));
#8042=DIRECTION('',(1.,0.,0.));
#8043=DIRECTION('',(0.,0.,-1.));
#8044=DIRECTION('',(-1.,0.,0.));
#8045=DIRECTION('',(8.65956056235493E-17,8.65956056235493E-17,1.));
#8046=DIRECTION('',(0.,-1.,8.65956056235493E-17));
#8047=DIRECTION('',(0.,0.,-1.));
#8048=DIRECTION('',(-8.65956056235493E-17,-8.65956056235493E-17,-1.));
#8049=DIRECTION('',(0.,1.,-8.65956056235493E-17));
#8050=DIRECTION('',(0.,0.,-1.));
#8051=DIRECTION('',(0.,0.,-1.));
#8052=DIRECTION('',(1.,0.,0.));
#8053=DIRECTION('',(0.,0.,-1.));
#8054=DIRECTION('',(1.,0.,0.));
#8055=DIRECTION('',(0.,0.,-1.));
#8056=DIRECTION('',(-1.,0.,0.));
#8057=DIRECTION('',(0.,0.,-1.));
#8058=DIRECTION('',(1.,0.,0.));
#8059=DIRECTION('',(0.,0.,-1.));
#8060=DIRECTION('',(1.,0.,0.));
#8061=DIRECTION('',(0.,0.,1.));
#8062=DIRECTION('',(1.,0.,0.));
#8063=DIRECTION('',(0.,0.,1.));
#8064=DIRECTION('',(1.,0.,0.));
#8065=DIRECTION('',(0.,0.,1.));
#8066=DIRECTION('',(-1.,0.,0.));
#8067=DIRECTION('',(-1.,0.,0.));
#8068=DIRECTION('',(0.,-1.,0.));
#8069=DIRECTION('',(0.,0.,-1.));
#8070=DIRECTION('',(1.,0.,0.));
#8071=DIRECTION('',(0.,-1.,0.));
#8072=DIRECTION('',(-1.,0.,0.));
#8073=DIRECTION('',(0.,1.,0.));
#8074=DIRECTION('',(0.,-1.,0.));
#8075=DIRECTION('',(0.,-1.,0.));
#8076=DIRECTION('',(0.,0.,-1.));
#8077=DIRECTION('',(-1.,0.,8.65956056235493E-17));
#8078=DIRECTION('',(-8.65956056235493E-17,0.,-1.));
#8079=DIRECTION('',(-1.,0.,0.));
#8080=DIRECTION('',(-1.,0.,0.));
#8081=DIRECTION('',(0.,-1.,0.));
#8082=DIRECTION('',(0.,-1.,0.));
#8083=DIRECTION('',(0.,-1.,0.));
#8084=DIRECTION('',(0.,0.,-1.));
#8085=DIRECTION('',(-8.65956056235493E-17,0.,-1.));
#8086=DIRECTION('',(-1.,0.,8.65956056235493E-17));
#8087=DIRECTION('',(0.,0.,1.));
#8088=DIRECTION('',(-1.,0.,0.));
#8089=DIRECTION('',(0.,0.,-1.));
#8090=DIRECTION('',(1.,0.,0.));
#8091=DIRECTION('',(-8.65956056235493E-17,-8.65956056235493E-17,-1.));
#8092=DIRECTION('',(-4.44089209850063E-16,1.,-8.65956056235493E-17));
#8093=DIRECTION('',(4.44089209850063E-16,-1.,8.65956056235493E-17));
#8094=DIRECTION('',(4.44089209850063E-16,-1.,8.65956056235493E-17));
#8095=DIRECTION('',(4.44089209850063E-16,-1.,8.65956056235493E-17));
#8096=DIRECTION('',(1.,4.44089209850063E-16,-8.65956056235493E-17));
#8097=DIRECTION('',(8.65956056235493E-17,8.65956056235493E-17,1.));
#8098=DIRECTION('',(4.44089209850063E-16,-1.,8.65956056235493E-17));
#8099=DIRECTION('',(8.65956056235493E-17,8.65956056235493E-17,1.));
#8100=DIRECTION('',(4.44089209850063E-16,-1.,8.65956056235493E-17));
#8101=DIRECTION('',(4.44089209850063E-16,-1.,8.65956056235493E-17));
#8102=DIRECTION('',(-1.,-4.44089209850063E-16,8.65956056235493E-17));
#8103=DIRECTION('',(-8.65956056235493E-17,-8.65956056235493E-17,-1.));
#8104=DIRECTION('',(1.,4.44089209850063E-16,-8.65956056235493E-17));
#8105=DIRECTION('',(1.,4.44089209850063E-16,-8.65956056235493E-17));
#8106=DIRECTION('',(8.65956056235493E-17,8.65956056235493E-17,1.));
#8107=DIRECTION('',(4.44089209850063E-16,-1.,8.65956056235493E-17));
#8108=DIRECTION('',(-8.65956056235493E-17,-8.65956056235493E-17,-1.));
#8109=DIRECTION('',(-4.44089209850063E-16,1.,-8.65956056235493E-17));
#8110=DIRECTION('',(0.,-1.,0.));
#8111=DIRECTION('',(0.,0.,1.));
#8112=DIRECTION('',(1.,0.,0.));
#8113=DIRECTION('',(1.,0.,0.));
#8114=DIRECTION('',(1.,0.,-2.16840434497101E-16));
#8115=DIRECTION('',(1.,0.,0.));
#8116=DIRECTION('',(0.,1.,0.));
#8117=DIRECTION('',(0.,0.,-1.));
#8118=DIRECTION('',(1.,0.,0.));
#8119=DIRECTION('',(1.,0.,0.));
#8120=DIRECTION('',(0.,0.,1.));
#8121=DIRECTION('',(1.,0.,0.));
#8122=DIRECTION('',(0.,0.,-1.));
#8123=DIRECTION('',(-1.,0.,0.));
#8124=DIRECTION('',(1.,4.44089209850063E-16,-8.65956056235493E-17));
#8125=DIRECTION('',(1.,4.44089209850063E-16,-8.65956056235493E-17));
#8126=DIRECTION('',(1.,4.44089209850063E-16,-8.65956056235493E-17));
#8127=DIRECTION('',(8.65956056235493E-17,8.65956056235493E-17,1.));
#8128=DIRECTION('',(-4.44089209850063E-16,1.,-8.65956056235493E-17));
#8129=DIRECTION('',(-8.65956056235493E-17,-8.65956056235493E-17,-1.));
#8130=DIRECTION('',(4.44089209850063E-16,-1.,8.65956056235493E-17));
#8131=DIRECTION('',(0.,-1.,0.));
#8132=DIRECTION('',(0.,0.,-1.));
#8133=DIRECTION('',(0.,-1.,0.));
#8134=DIRECTION('',(0.,-1.,0.));
#8135=DIRECTION('',(0.,0.,-1.));
#8136=DIRECTION('',(1.,0.,0.));
#8137=DIRECTION('',(1.,0.,0.));
#8138=DIRECTION('',(0.,-1.,0.));
#8139=DIRECTION('',(0.,0.,1.));
#8140=DIRECTION('',(1.,0.,0.));
#8141=DIRECTION('',(0.,0.,-1.));
#8142=DIRECTION('',(-1.,0.,0.));
#8143=DIRECTION('',(-0.866025403784439,-0.5,1.67922525797777E-16));
#8144=DIRECTION('',(0.5,-0.866025403784439,-1.00357259992274E-16));
#8145=DIRECTION('',(-0.5,0.866025403784439,1.00357259992274E-16));
#8146=DIRECTION('',(-1.29893408435324E-16,1.1601611297457E-17,-1.));
#8147=DIRECTION('',(-0.5,0.866025403784439,1.00357259992274E-16));
#8148=DIRECTION('',(-0.866025403784439,-0.5,1.67922525797777E-16));
#8149=DIRECTION('',(0.5,-0.866025403784439,-1.00357259992274E-16));
#8150=DIRECTION('',(-0.5,0.866025403784439,1.00357259992274E-16));
#8151=DIRECTION('',(-1.29893408435324E-16,1.1601611297457E-17,-1.));
#8152=DIRECTION('',(-0.5,0.866025403784439,1.00357259992274E-16));
#8153=DIRECTION('',(-0.866025403784439,0.5,2.54518131421327E-16));
#8154=DIRECTION('',(-0.5,-0.866025403784439,7.28339512548247E-17));
#8155=DIRECTION('',(0.5,0.866025403784439,-7.28339512548247E-17));
#8156=DIRECTION('',(-1.29893408435324E-16,1.1601611297457E-17,-1.));
#8157=DIRECTION('',(0.5,0.866025403784439,-7.28339512548247E-17));
#8158=DIRECTION('',(-0.866025403784439,0.5,2.54518131421327E-16));
#8159=DIRECTION('',(-0.5,-0.866025403784439,7.28339512548247E-17));
#8160=DIRECTION('',(0.5,0.866025403784439,-7.28339512548247E-17));
#8161=DIRECTION('',(-1.29893408435324E-16,1.1601611297457E-17,-1.));
#8162=DIRECTION('',(0.5,0.866025403784439,-7.28339512548247E-17));
#8163=DIRECTION('',(0.866025403784439,0.5,-4.54578458830422E-17));
#8164=DIRECTION('',(-0.5,0.866025403784439,2.2282193990701E-16));
#8165=DIRECTION('',(0.5,-0.866025403784439,-2.2282193990701E-16));
#8166=DIRECTION('',(-1.29893408435324E-16,1.1601611297457E-17,-1.));
#8167=DIRECTION('',(0.5,-0.866025403784439,-2.2282193990701E-16));
#8168=DIRECTION('',(0.866025403784439,0.5,-4.54578458830422E-17));
#8169=DIRECTION('',(-0.5,0.866025403784439,2.2282193990701E-16));
#8170=DIRECTION('',(0.5,-0.866025403784439,-2.2282193990701E-16));
#8171=DIRECTION('',(-1.29893408435324E-16,1.1601611297457E-17,-1.));
#8172=DIRECTION('',(0.5,-0.866025403784439,-2.2282193990701E-16));
#8173=DIRECTION('',(-3.21624529935327E-16,1.,1.47827945580917E-16));
#8174=DIRECTION('',(-1.,-3.21624529935327E-16,2.34423551204466E-16));
#8175=DIRECTION('',(1.,3.21624529935327E-16,-2.34423551204466E-16));
#8176=DIRECTION('',(-1.29893408435324E-16,1.1601611297457E-17,-1.));
#8177=DIRECTION('',(1.,3.21624529935327E-16,-2.34423551204466E-16));
#8178=DIRECTION('',(-3.21624529935327E-16,1.,1.47827945580917E-16));
#8179=DIRECTION('',(-1.,-3.21624529935327E-16,2.34423551204466E-16));
#8180=DIRECTION('',(1.,3.21624529935327E-16,-2.34423551204466E-16));
#8181=DIRECTION('',(-1.29893408435324E-16,1.1601611297457E-17,-1.));
#8182=DIRECTION('',(1.,3.21624529935327E-16,-2.34423551204466E-16));
#8183=DIRECTION('',(0.866025403784439,-0.5,-1.32053451506592E-16));
#8184=DIRECTION('',(0.5,0.866025403784439,4.96307286599109E-17));
#8185=DIRECTION('',(-0.5,-0.866025403784439,-4.96307286599109E-17));
#8186=DIRECTION('',(-1.29893408435324E-16,1.1601611297457E-17,-1.));
#8187=DIRECTION('',(-0.5,-0.866025403784439,-4.96307286599109E-17));
#8188=DIRECTION('',(0.866025403784439,-0.5,-1.32053451506592E-16));
#8189=DIRECTION('',(0.5,0.866025403784439,4.96307286599109E-17));
#8190=DIRECTION('',(-0.5,-0.866025403784439,-4.96307286599109E-17));
#8191=DIRECTION('',(-1.29893408435324E-16,1.1601611297457E-17,-1.));
#8192=DIRECTION('',(-0.5,-0.866025403784439,-4.96307286599109E-17));
#8193=DIRECTION('',(4.44089209850063E-16,-1.,-2.53632656661818E-17));
#8194=DIRECTION('',(1.,4.44089209850063E-16,-1.11958871289731E-16));
#8195=DIRECTION('',(-1.,-4.44089209850063E-16,1.11958871289731E-16));
#8196=DIRECTION('',(-1.29893408435324E-16,1.1601611297457E-17,-1.));
#8197=DIRECTION('',(-1.,-4.44089209850063E-16,1.11958871289731E-16));
#8198=DIRECTION('',(4.44089209850063E-16,-1.,-2.53632656661818E-17));
#8199=DIRECTION('',(1.,4.44089209850063E-16,-1.11958871289731E-16));
#8200=DIRECTION('',(-1.,-4.44089209850063E-16,1.11958871289731E-16));
#8201=DIRECTION('',(-1.29893408435324E-16,1.1601611297457E-17,-1.));
#8202=DIRECTION('',(-1.,-4.44089209850063E-16,1.11958871289731E-16));
#8203=DIRECTION('',(0.866025403784439,0.5,-1.67922525797777E-16));
#8204=DIRECTION('',(0.866025403784439,0.5,-1.67922525797777E-16));
#8205=DIRECTION('',(-1.9560380320466E-16,2.95067370862016E-18,-1.));
#8206=DIRECTION('',(0.965925826289068,-0.258819045102521,-1.8970245578742E-16));
#8207=DIRECTION('',(1.29893408435324E-16,-1.1601611297457E-17,1.));
#8208=DIRECTION('',(-0.866025403784439,-0.5,1.0669018584041E-16));
#8209=DIRECTION('',(0.866025403784439,-0.5,-2.54518131421327E-16));
#8210=DIRECTION('',(1.29893408435324E-16,-1.1601611297457E-17,1.));
#8211=DIRECTION('',(-0.866025403784439,-0.5,1.0669018584041E-16));
#8212=DIRECTION('',(2.10602227472811E-16,-1.,-1.47827945580917E-16));
#8213=DIRECTION('',(1.29893408435324E-16,-1.1601611297457E-17,1.));
#8214=DIRECTION('',(-0.866025403784439,-0.5,1.0669018584041E-16));
#8215=DIRECTION('',(-0.866025403784439,-0.5,4.54578458830422E-17));
#8216=DIRECTION('',(1.29893408435324E-16,-1.1601611297457E-17,1.));
#8217=DIRECTION('',(-0.866025403784439,-0.5,1.0669018584041E-16));
#8218=DIRECTION('',(-0.866025403784439,0.5,1.32053451506592E-16));
#8219=DIRECTION('',(1.29893408435324E-16,-1.1601611297457E-17,1.));
#8220=DIRECTION('',(-0.866025403784439,-0.5,1.0669018584041E-16));
#8221=DIRECTION('',(-3.33066907387547E-16,1.,2.53632656661818E-17));
#8222=DIRECTION('',(1.29893408435324E-16,-1.1601611297457E-17,1.));
#8223=DIRECTION('',(-0.866025403784439,-0.5,1.0669018584041E-16));
#8224=DIRECTION('',(1.29893408435324E-16,-1.1601611297457E-17,1.));
#8225=DIRECTION('',(-0.866025403784439,-0.5,1.0669018584041E-16));
#8226=DIRECTION('',(1.29893408435324E-16,-1.1601611297457E-17,1.));
#8227=DIRECTION('',(-0.866025403784439,-0.5,1.0669018584041E-16));
#8228=DIRECTION('',(1.29893408435324E-16,-1.1601611297457E-17,1.));
#8229=DIRECTION('',(-0.866025403784439,-0.5,1.0669018584041E-16));
#8230=DIRECTION('',(1.29893408435324E-16,-1.1601611297457E-17,1.));
#8231=DIRECTION('',(-0.866025403784439,-0.5,1.0669018584041E-16));
#8232=DIRECTION('',(1.9560380320466E-16,-2.95067370862016E-18,1.));
#8233=DIRECTION('',(-0.965925826289068,0.258819045102521,1.8970245578742E-16));
#8234=DIRECTION('',(1.29893408435324E-16,-1.1601611297457E-17,1.));
#8235=DIRECTION('',(-0.866025403784439,-0.5,1.0669018584041E-16));
#8236=DIRECTION('',(1.29893408435324E-16,-1.1601611297457E-17,1.));
#8237=DIRECTION('',(-0.866025403784439,-0.5,1.0669018584041E-16));
#8238=DIRECTION('',(-3.33066907387547E-16,1.,2.53632656661818E-17));
#8239=DIRECTION('',(1.29893408435324E-16,-1.1601611297457E-17,1.));
#8240=DIRECTION('',(-0.866025403784439,-0.5,1.0669018584041E-16));
#8241=DIRECTION('',(-0.866025403784439,0.5,1.32053451506592E-16));
#8242=DIRECTION('',(1.29893408435324E-16,-1.1601611297457E-17,1.));
#8243=DIRECTION('',(-0.866025403784439,-0.5,1.0669018584041E-16));
#8244=DIRECTION('',(-0.866025403784439,-0.5,4.54578458830422E-17));
#8245=DIRECTION('',(1.29893408435324E-16,-1.1601611297457E-17,1.));
#8246=DIRECTION('',(-0.866025403784439,-0.5,1.0669018584041E-16));
#8247=DIRECTION('',(2.10602227472811E-16,-1.,-1.47827945580917E-16));
#8248=DIRECTION('',(1.29893408435324E-16,-1.1601611297457E-17,1.));
#8249=DIRECTION('',(-0.866025403784439,-0.5,1.0669018584041E-16));
#8250=DIRECTION('',(0.866025403784439,-0.5,-2.54518131421327E-16));
#8251=DIRECTION('',(1.29893408435324E-16,-1.1601611297457E-17,1.));
#8252=DIRECTION('',(-0.866025403784439,-0.5,1.0669018584041E-16));
#8253=DIRECTION('',(1.29893408435324E-16,-1.1601611297457E-17,1.));
#8254=DIRECTION('',(-0.866025403784439,-0.5,1.0669018584041E-16));
#8255=DIRECTION('',(1.29893408435324E-16,-1.1601611297457E-17,1.));
#8256=DIRECTION('',(-0.866025403784439,-0.5,1.0669018584041E-16));
#8257=DIRECTION('',(1.29893408435324E-16,-1.1601611297457E-17,1.));
#8258=DIRECTION('',(-0.866025403784439,-0.5,1.0669018584041E-16));
#8259=DIRECTION('',(-1.29893408435324E-16,1.1601611297457E-17,-1.));
#8260=DIRECTION('',(0.866025403784439,0.5,-1.0669018584041E-16));
#8261=DIRECTION('',(-1.29893408435324E-16,1.1601611297457E-17,-1.));
#8262=DIRECTION('',(0.866025403784439,0.5,-1.0669018584041E-16));
#8263=DIRECTION('',(-1.29893408435324E-16,1.1601611297457E-17,-1.));
#8264=DIRECTION('',(0.866025403784439,0.5,-1.0669018584041E-16));
#8265=DIRECTION('',(-1.29893408435324E-16,1.1601611297457E-17,-1.));
#8266=DIRECTION('',(0.866025403784439,0.5,-1.0669018584041E-16));
#8267=DIRECTION('',(-1.29893408435324E-16,1.1601611297457E-17,-1.));
#8268=DIRECTION('',(0.866025403784439,0.5,-1.0669018584041E-16));
#8269=DIRECTION('',(-1.29893408435324E-16,1.1601611297457E-17,-1.));
#8270=DIRECTION('',(0.866025403784439,0.5,-1.0669018584041E-16));
#8271=DIRECTION('',(-1.29893408435324E-16,1.1601611297457E-17,-1.));
#8272=DIRECTION('',(0.866025403784439,0.5,-1.0669018584041E-16));
#8273=DIRECTION('',(-1.29893408435324E-16,1.1601611297457E-17,-1.));
#8274=DIRECTION('',(0.866025403784439,0.5,-1.0669018584041E-16));
#8275=DIRECTION('',(-1.29893408435324E-16,1.1601611297457E-17,-1.));
#8276=DIRECTION('',(0.866025403784439,0.5,-1.0669018584041E-16));
#8277=DIRECTION('',(-1.29893408435324E-16,1.1601611297457E-17,-1.));
#8278=DIRECTION('',(0.866025403784439,0.5,-1.0669018584041E-16));
#8279=DIRECTION('',(0.5,0.866025403784439,4.96307286599107E-17));
#8280=DIRECTION('',(0.866025403784439,-0.5,-1.32053451506592E-16));
#8281=DIRECTION('',(-0.866025403784439,0.5,1.32053451506592E-16));
#8282=DIRECTION('',(-9.81972169210063E-17,4.32978028117747E-17,-1.));
#8283=DIRECTION('',(-0.866025403784439,0.5,1.32053451506592E-16));
#8284=DIRECTION('',(0.5,0.866025403784439,4.96307286599107E-17));
#8285=DIRECTION('',(0.866025403784439,-0.5,-1.32053451506592E-16));
#8286=DIRECTION('',(-0.866025403784439,0.5,1.32053451506592E-16));
#8287=DIRECTION('',(-9.81972169210063E-17,4.32978028117747E-17,-1.));
#8288=DIRECTION('',(-0.866025403784439,0.5,1.32053451506592E-16));
#8289=DIRECTION('',(-0.5,0.866025403784439,2.2282193990701E-16));
#8290=DIRECTION('',(0.866025403784439,0.5,-4.54578458830423E-17));
#8291=DIRECTION('',(-0.866025403784439,-0.5,4.54578458830423E-17));
#8292=DIRECTION('',(-9.81972169210063E-17,4.32978028117747E-17,-1.));
#8293=DIRECTION('',(-0.866025403784439,-0.5,4.54578458830423E-17));
#8294=DIRECTION('',(-0.5,0.866025403784439,2.2282193990701E-16));
#8295=DIRECTION('',(0.866025403784439,0.5,-4.54578458830423E-17));
#8296=DIRECTION('',(-0.866025403784439,-0.5,4.54578458830423E-17));
#8297=DIRECTION('',(-9.81972169210063E-17,4.32978028117747E-17,-1.));
#8298=DIRECTION('',(-0.866025403784439,-0.5,4.54578458830423E-17));
#8299=DIRECTION('',(-0.5,-0.866025403784439,7.28339512548248E-17));
#8300=DIRECTION('',(-0.866025403784439,0.5,2.54518131421327E-16));
#8301=DIRECTION('',(0.866025403784439,-0.5,-2.54518131421327E-16));
#8302=DIRECTION('',(-9.81972169210063E-17,4.32978028117747E-17,-1.));
#8303=DIRECTION('',(0.866025403784439,-0.5,-2.54518131421327E-16));
#8304=DIRECTION('',(-0.5,-0.866025403784439,7.28339512548248E-17));
#8305=DIRECTION('',(-0.866025403784439,0.5,2.54518131421327E-16));
#8306=DIRECTION('',(0.866025403784439,-0.5,-2.54518131421327E-16));
#8307=DIRECTION('',(-9.81972169210063E-17,4.32978028117747E-17,-1.));
#8308=DIRECTION('',(0.866025403784439,-0.5,-2.54518131421327E-16));
#8309=DIRECTION('',(-1.,3.21624529935327E-16,2.34423551204466E-16));
#8310=DIRECTION('',(3.21624529935327E-16,1.,1.47827945580917E-16));
#8311=DIRECTION('',(-3.21624529935327E-16,-1.,-1.47827945580917E-16));
#8312=DIRECTION('',(-9.81972169210063E-17,4.32978028117747E-17,-1.));
#8313=DIRECTION('',(-3.21624529935327E-16,-1.,-1.47827945580917E-16));
#8314=DIRECTION('',(-1.,3.21624529935327E-16,2.34423551204466E-16));
#8315=DIRECTION('',(3.21624529935327E-16,1.,1.47827945580917E-16));
#8316=DIRECTION('',(-3.21624529935327E-16,-1.,-1.47827945580917E-16));
#8317=DIRECTION('',(-9.81972169210063E-17,4.32978028117747E-17,-1.));
#8318=DIRECTION('',(-3.21624529935327E-16,-1.,-1.47827945580917E-16));
#8319=DIRECTION('',(0.5,-0.866025403784439,-1.00357259992274E-16));
#8320=DIRECTION('',(-0.866025403784439,-0.5,1.67922525797778E-16));
#8321=DIRECTION('',(0.866025403784439,0.5,-1.67922525797778E-16));
#8322=DIRECTION('',(-9.81972169210063E-17,4.32978028117747E-17,-1.));
#8323=DIRECTION('',(0.866025403784439,0.5,-1.67922525797778E-16));
#8324=DIRECTION('',(0.5,-0.866025403784439,-1.00357259992274E-16));
#8325=DIRECTION('',(-0.866025403784439,-0.5,1.67922525797778E-16));
#8326=DIRECTION('',(0.866025403784439,0.5,-1.67922525797778E-16));
#8327=DIRECTION('',(-9.81972169210063E-17,4.32978028117747E-17,-1.));
#8328=DIRECTION('',(0.866025403784439,0.5,-1.67922525797778E-16));
#8329=DIRECTION('',(1.,-4.44089209850063E-16,-1.11958871289731E-16));
#8330=DIRECTION('',(-4.44089209850063E-16,-1.,-2.53632656661815E-17));
#8331=DIRECTION('',(4.44089209850063E-16,1.,2.53632656661815E-17));
#8332=DIRECTION('',(-9.81972169210063E-17,4.32978028117747E-17,-1.));
#8333=DIRECTION('',(4.44089209850063E-16,1.,2.53632656661815E-17));
#8334=DIRECTION('',(1.,-4.44089209850063E-16,-1.11958871289731E-16));
#8335=DIRECTION('',(-4.44089209850063E-16,-1.,-2.53632656661815E-17));
#8336=DIRECTION('',(4.44089209850063E-16,1.,2.53632656661815E-17));
#8337=DIRECTION('',(-9.81972169210063E-17,4.32978028117747E-17,-1.));
#8338=DIRECTION('',(4.44089209850063E-16,1.,2.53632656661815E-17));
#8339=DIRECTION('',(-0.5,-0.866025403784439,-4.96307286599107E-17));
#8340=DIRECTION('',(-0.5,-0.866025403784439,-4.96307286599107E-17));
#8341=DIRECTION('',(-8.95462793321695E-17,1.09008197581111E-16,-1.));
#8342=DIRECTION('',(0.258819045102521,-0.965925826289068,-1.28470115830052E-16));
#8343=DIRECTION('',(-9.81972169210063E-17,4.32978028117747E-17,-1.));
#8344=DIRECTION('',(0.5,0.866025403784439,-1.16016112974569E-17));
#8345=DIRECTION('',(-1.,3.33066907387547E-16,1.11958871289731E-16));
#8346=DIRECTION('',(-9.81972169210063E-17,4.32978028117747E-17,-1.));
#8347=DIRECTION('',(0.5,0.866025403784439,-1.16016112974569E-17));
#8348=DIRECTION('',(-0.5,0.866025403784439,1.00357259992274E-16));
#8349=DIRECTION('',(-9.81972169210063E-17,4.32978028117747E-17,-1.));
#8350=DIRECTION('',(0.5,0.866025403784439,-1.16016112974569E-17));
#8351=DIRECTION('',(0.5,0.866025403784439,-7.28339512548248E-17));
#8352=DIRECTION('',(-9.81972169210063E-17,4.32978028117747E-17,-1.));
#8353=DIRECTION('',(0.5,0.866025403784439,-1.16016112974569E-17));
#8354=DIRECTION('',(1.,-2.10602227472811E-16,-2.34423551204466E-16));
#8355=DIRECTION('',(-9.81972169210063E-17,4.32978028117747E-17,-1.));
#8356=DIRECTION('',(0.5,0.866025403784439,-1.16016112974569E-17));
#8357=DIRECTION('',(0.5,-0.866025403784439,-2.2282193990701E-16));
#8358=DIRECTION('',(-9.81972169210063E-17,4.32978028117747E-17,-1.));
#8359=DIRECTION('',(0.5,0.866025403784439,-1.16016112974569E-17));
#8360=DIRECTION('',(-9.81972169210063E-17,4.32978028117747E-17,-1.));
#8361=DIRECTION('',(0.5,0.866025403784439,-1.16016112974569E-17));
#8362=DIRECTION('',(-9.81972169210063E-17,4.32978028117747E-17,-1.));
#8363=DIRECTION('',(0.5,0.866025403784439,-1.16016112974569E-17));
#8364=DIRECTION('',(-9.81972169210063E-17,4.32978028117747E-17,-1.));
#8365=DIRECTION('',(0.5,0.866025403784439,-1.16016112974569E-17));
#8366=DIRECTION('',(-9.81972169210063E-17,4.32978028117747E-17,-1.));
#8367=DIRECTION('',(0.5,0.866025403784439,-1.16016112974569E-17));
#8368=DIRECTION('',(8.95462793321695E-17,-1.09008197581111E-16,1.));
#8369=DIRECTION('',(-0.258819045102521,0.965925826289068,1.28470115830052E-16));
#8370=DIRECTION('',(-9.81972169210063E-17,4.32978028117747E-17,-1.));
#8371=DIRECTION('',(0.5,0.866025403784439,-1.16016112974569E-17));
#8372=DIRECTION('',(0.5,-0.866025403784439,-2.2282193990701E-16));
#8373=DIRECTION('',(-9.81972169210063E-17,4.32978028117747E-17,-1.));
#8374=DIRECTION('',(0.5,0.866025403784439,-1.16016112974569E-17));
#8375=DIRECTION('',(1.,-2.10602227472811E-16,-2.34423551204466E-16));
#8376=DIRECTION('',(-9.81972169210063E-17,4.32978028117747E-17,-1.));
#8377=DIRECTION('',(0.5,0.866025403784439,-1.16016112974569E-17));
#8378=DIRECTION('',(0.5,0.866025403784439,-7.28339512548248E-17));
#8379=DIRECTION('',(-9.81972169210063E-17,4.32978028117747E-17,-1.));
#8380=DIRECTION('',(0.5,0.866025403784439,-1.16016112974569E-17));
#8381=DIRECTION('',(-0.5,0.866025403784439,1.00357259992274E-16));
#8382=DIRECTION('',(-9.81972169210063E-17,4.32978028117747E-17,-1.));
#8383=DIRECTION('',(0.5,0.866025403784439,-1.16016112974569E-17));
#8384=DIRECTION('',(-1.,3.33066907387547E-16,1.11958871289731E-16));
#8385=DIRECTION('',(-9.81972169210063E-17,4.32978028117747E-17,-1.));
#8386=DIRECTION('',(0.5,0.866025403784439,-1.16016112974569E-17));
#8387=DIRECTION('',(-9.81972169210063E-17,4.32978028117747E-17,-1.));
#8388=DIRECTION('',(0.5,0.866025403784439,-1.16016112974569E-17));
#8389=DIRECTION('',(-9.81972169210063E-17,4.32978028117747E-17,-1.));
#8390=DIRECTION('',(0.5,0.866025403784439,-1.16016112974569E-17));
#8391=DIRECTION('',(-9.81972169210063E-17,4.32978028117747E-17,-1.));
#8392=DIRECTION('',(0.5,0.866025403784439,-1.16016112974569E-17));
#8393=DIRECTION('',(-9.81972169210063E-17,4.32978028117747E-17,-1.));
#8394=DIRECTION('',(0.5,0.866025403784439,-1.16016112974569E-17));
#8395=DIRECTION('',(-9.81972169210063E-17,4.32978028117747E-17,-1.));
#8396=DIRECTION('',(-0.5,-0.866025403784439,1.16016112974569E-17));
#8397=DIRECTION('',(-9.81972169210063E-17,4.32978028117747E-17,-1.));
#8398=DIRECTION('',(-0.5,-0.866025403784439,1.16016112974569E-17));
#8399=DIRECTION('',(-9.81972169210063E-17,4.32978028117747E-17,-1.));
#8400=DIRECTION('',(-0.5,-0.866025403784439,1.16016112974569E-17));
#8401=DIRECTION('',(-9.81972169210063E-17,4.32978028117747E-17,-1.));
#8402=DIRECTION('',(-0.5,-0.866025403784439,1.16016112974569E-17));
#8403=DIRECTION('',(-9.81972169210063E-17,4.32978028117747E-17,-1.));
#8404=DIRECTION('',(-0.5,-0.866025403784439,1.16016112974569E-17));
#8405=DIRECTION('',(-9.81972169210063E-17,4.32978028117747E-17,-1.));
#8406=DIRECTION('',(-0.5,-0.866025403784439,1.16016112974569E-17));
#8407=DIRECTION('',(-9.81972169210063E-17,4.32978028117747E-17,-1.));
#8408=DIRECTION('',(-0.5,-0.866025403784439,1.16016112974569E-17));
#8409=DIRECTION('',(-9.81972169210063E-17,4.32978028117747E-17,-1.));
#8410=DIRECTION('',(-0.5,-0.866025403784439,1.16016112974569E-17));
#8411=DIRECTION('',(-9.81972169210063E-17,4.32978028117747E-17,-1.));
#8412=DIRECTION('',(-0.5,-0.866025403784439,1.16016112974569E-17));
#8413=DIRECTION('',(-9.81972169210063E-17,4.32978028117747E-17,-1.));
#8414=DIRECTION('',(-0.5,-0.866025403784439,1.16016112974569E-17));
#8415=DIRECTION('',(-0.5,-0.866025403784439,1.3622633428346E-16));
#8416=DIRECTION('',(-0.866025403784439,0.5,1.7934537145593E-17));
#8417=DIRECTION('',(0.866025403784439,-0.5,-1.7934537145593E-17));
#8418=DIRECTION('',(-7.49939943260923E-17,-4.32978028117747E-17,-1.));
#8419=DIRECTION('',(0.866025403784439,-0.5,-1.7934537145593E-17));
#8420=DIRECTION('',(-0.5,-0.866025403784439,1.3622633428346E-16));
#8421=DIRECTION('',(-0.866025403784439,0.5,1.7934537145593E-17));
#8422=DIRECTION('',(0.866025403784439,-0.5,-1.7934537145593E-17));
#8423=DIRECTION('',(-7.49939943260923E-17,-4.32978028117747E-17,-1.));
#8424=DIRECTION('',(0.866025403784439,-0.5,-1.7934537145593E-17));
#8425=DIRECTION('',(0.5,-0.866025403784439,1.3622633428346E-16));
#8426=DIRECTION('',(-0.866025403784439,-0.5,1.04530142769142E-16));
#8427=DIRECTION('',(0.866025403784439,0.5,-1.04530142769142E-16));
#8428=DIRECTION('',(-7.49939943260923E-17,-4.32978028117747E-17,-1.));
#8429=DIRECTION('',(0.866025403784439,0.5,-1.04530142769142E-16));
#8430=DIRECTION('',(0.5,-0.866025403784439,1.3622633428346E-16));
#8431=DIRECTION('',(-0.866025403784439,-0.5,1.04530142769142E-16));
#8432=DIRECTION('',(0.866025403784439,0.5,-1.04530142769142E-16));
#8433=DIRECTION('',(-7.49939943260923E-17,-4.32978028117747E-17,-1.));
#8434=DIRECTION('',(0.866025403784439,0.5,-1.04530142769142E-16));
#8435=DIRECTION('',(0.5,0.866025403784439,-1.37616543687246E-17));
#8436=DIRECTION('',(0.866025403784439,-0.5,1.04530142769142E-16));
#8437=DIRECTION('',(-0.866025403784439,0.5,-1.04530142769142E-16));
#8438=DIRECTION('',(-7.49939943260923E-17,-4.32978028117747E-17,-1.));
#8439=DIRECTION('',(-0.866025403784439,0.5,-1.04530142769142E-16));
#8440=DIRECTION('',(0.5,0.866025403784439,-1.37616543687246E-17));
#8441=DIRECTION('',(0.866025403784439,-0.5,1.04530142769142E-16));
#8442=DIRECTION('',(-0.866025403784439,0.5,-1.04530142769142E-16));
#8443=DIRECTION('',(-7.49939943260923E-17,-4.32978028117747E-17,-1.));
#8444=DIRECTION('',(-0.866025403784439,0.5,-1.04530142769142E-16));
#8445=DIRECTION('',(1.,-9.95799250102959E-17,6.12323399573678E-17));
#8446=DIRECTION('',(-9.9579925010296E-17,-1.,1.47827945580917E-16));
#8447=DIRECTION('',(9.9579925010296E-17,1.,-1.47827945580917E-16));
#8448=DIRECTION('',(-7.49939943260923E-17,-4.32978028117747E-17,-1.));
#8449=DIRECTION('',(9.9579925010296E-17,1.,-1.47827945580917E-16));
#8450=DIRECTION('',(1.,-9.95799250102959E-17,6.12323399573678E-17));
#8451=DIRECTION('',(-9.9579925010296E-17,-1.,1.47827945580917E-16));
#8452=DIRECTION('',(9.9579925010296E-17,1.,-1.47827945580917E-16));
#8453=DIRECTION('',(-7.49939943260923E-17,-4.32978028117747E-17,-1.));
#8454=DIRECTION('',(9.9579925010296E-17,1.,-1.47827945580917E-16));
#8455=DIRECTION('',(-0.5,0.866025403784439,-1.37616543687246E-17));
#8456=DIRECTION('',(0.866025403784439,0.5,1.79345371455932E-17));
#8457=DIRECTION('',(-0.866025403784439,-0.5,-1.79345371455932E-17));
#8458=DIRECTION('',(-7.49939943260923E-17,-4.32978028117747E-17,-1.));
#8459=DIRECTION('',(-0.866025403784439,-0.5,-1.79345371455932E-17));
#8460=DIRECTION('',(-0.5,0.866025403784439,-1.37616543687246E-17));
#8461=DIRECTION('',(0.866025403784439,0.5,1.79345371455932E-17));
#8462=DIRECTION('',(-0.866025403784439,-0.5,-1.79345371455932E-17));
#8463=DIRECTION('',(-7.49939943260923E-17,-4.32978028117747E-17,-1.));
#8464=DIRECTION('',(-0.866025403784439,-0.5,-1.79345371455932E-17));
#8465=DIRECTION('',(-1.,2.22044604925031E-16,6.12323399573676E-17));
#8466=DIRECTION('',(2.22044604925032E-16,1.,-2.53632656661816E-17));
#8467=DIRECTION('',(-2.22044604925032E-16,-1.,2.53632656661816E-17));
#8468=DIRECTION('',(-7.49939943260923E-17,-4.32978028117747E-17,-1.));
#8469=DIRECTION('',(-2.22044604925032E-16,-1.,2.53632656661816E-17));
#8470=DIRECTION('',(-1.,2.22044604925031E-16,6.12323399573676E-17));
#8471=DIRECTION('',(2.22044604925032E-16,1.,-2.53632656661816E-17));
#8472=DIRECTION('',(-2.22044604925032E-16,-1.,2.53632656661816E-17));
#8473=DIRECTION('',(-7.49939943260923E-17,-4.32978028117747E-17,-1.));
#8474=DIRECTION('',(-2.22044604925032E-16,-1.,2.53632656661816E-17));
#8475=DIRECTION('',(0.5,0.866025403784439,-1.3622633428346E-16));
#8476=DIRECTION('',(0.5,0.866025403784439,-1.3622633428346E-16));
#8477=DIRECTION('',(-8.36449319149291E-17,-1.09008197581111E-16,-1.));
#8478=DIRECTION('',(-0.258819045102521,0.965925826289068,-8.36449319149292E-17));
#8479=DIRECTION('',(-7.49939943260923E-17,-4.32978028117747E-17,-1.));
#8480=DIRECTION('',(-0.5,-0.866025403784439,7.49939943260923E-17));
#8481=DIRECTION('',(1.,-1.11022302462516E-16,-6.12323399573676E-17));
#8482=DIRECTION('',(-7.49939943260923E-17,-4.32978028117747E-17,-1.));
#8483=DIRECTION('',(-0.5,-0.866025403784439,7.49939943260923E-17));
#8484=DIRECTION('',(0.5,-0.866025403784439,1.37616543687247E-17));
#8485=DIRECTION('',(-7.49939943260923E-17,-4.32978028117747E-17,-1.));
#8486=DIRECTION('',(-0.5,-0.866025403784439,7.49939943260923E-17));
#8487=DIRECTION('',(-0.5,-0.866025403784439,1.37616543687246E-17));
#8488=DIRECTION('',(-7.49939943260923E-17,-4.32978028117747E-17,-1.));
#8489=DIRECTION('',(-0.5,-0.866025403784439,7.49939943260923E-17));
#8490=DIRECTION('',(-1.,-1.14423774522197E-17,-6.12323399573678E-17));
#8491=DIRECTION('',(-7.49939943260923E-17,-4.32978028117747E-17,-1.));
#8492=DIRECTION('',(-0.5,-0.866025403784439,7.49939943260923E-17));
#8493=DIRECTION('',(-0.5,0.866025403784439,-1.3622633428346E-16));
#8494=DIRECTION('',(-7.49939943260923E-17,-4.32978028117747E-17,-1.));
#8495=DIRECTION('',(-0.5,-0.866025403784439,7.49939943260923E-17));
#8496=DIRECTION('',(-7.49939943260923E-17,-4.32978028117747E-17,-1.));
#8497=DIRECTION('',(-0.5,-0.866025403784439,7.49939943260923E-17));
#8498=DIRECTION('',(-7.49939943260923E-17,-4.32978028117747E-17,-1.));
#8499=DIRECTION('',(-0.5,-0.866025403784439,7.49939943260923E-17));
#8500=DIRECTION('',(-7.49939943260923E-17,-4.32978028117747E-17,-1.));
#8501=DIRECTION('',(-0.5,-0.866025403784439,7.49939943260923E-17));
#8502=DIRECTION('',(-7.49939943260923E-17,-4.32978028117747E-17,-1.));
#8503=DIRECTION('',(-0.5,-0.866025403784439,7.49939943260923E-17));
#8504=DIRECTION('',(8.36449319149291E-17,1.09008197581111E-16,1.));
#8505=DIRECTION('',(0.258819045102521,-0.965925826289068,8.36449319149292E-17));
#8506=DIRECTION('',(-7.49939943260923E-17,-4.32978028117747E-17,-1.));
#8507=DIRECTION('',(-0.5,-0.866025403784439,7.49939943260923E-17));
#8508=DIRECTION('',(-0.5,0.866025403784439,-1.3622633428346E-16));
#8509=DIRECTION('',(-7.49939943260923E-17,-4.32978028117747E-17,-1.));
#8510=DIRECTION('',(-0.5,-0.866025403784439,7.49939943260923E-17));
#8511=DIRECTION('',(-1.,-1.14423774522197E-17,-6.12323399573678E-17));
#8512=DIRECTION('',(-7.49939943260923E-17,-4.32978028117747E-17,-1.));
#8513=DIRECTION('',(-0.5,-0.866025403784439,7.49939943260923E-17));
#8514=DIRECTION('',(-0.5,-0.866025403784439,1.37616543687246E-17));
#8515=DIRECTION('',(-7.49939943260923E-17,-4.32978028117747E-17,-1.));
#8516=DIRECTION('',(-0.5,-0.866025403784439,7.49939943260923E-17));
#8517=DIRECTION('',(0.5,-0.866025403784439,1.37616543687247E-17));
#8518=DIRECTION('',(-7.49939943260923E-17,-4.32978028117747E-17,-1.));
#8519=DIRECTION('',(-0.5,-0.866025403784439,7.49939943260923E-17));
#8520=DIRECTION('',(1.,-1.11022302462516E-16,-6.12323399573676E-17));
#8521=DIRECTION('',(-7.49939943260923E-17,-4.32978028117747E-17,-1.));
#8522=DIRECTION('',(-0.5,-0.866025403784439,7.49939943260923E-17));
#8523=DIRECTION('',(-7.49939943260923E-17,-4.32978028117747E-17,-1.));
#8524=DIRECTION('',(-0.5,-0.866025403784439,7.49939943260923E-17));
#8525=DIRECTION('',(-7.49939943260923E-17,-4.32978028117747E-17,-1.));
#8526=DIRECTION('',(-0.5,-0.866025403784439,7.49939943260923E-17));
#8527=DIRECTION('',(-7.49939943260923E-17,-4.32978028117747E-17,-1.));
#8528=DIRECTION('',(-0.5,-0.866025403784439,7.49939943260923E-17));
#8529=DIRECTION('',(-7.49939943260923E-17,-4.32978028117747E-17,-1.));
#8530=DIRECTION('',(-0.5,-0.866025403784439,7.49939943260923E-17));
#8531=DIRECTION('',(-7.49939943260923E-17,-4.32978028117747E-17,-1.));
#8532=DIRECTION('',(0.5,0.866025403784439,-7.49939943260923E-17));
#8533=DIRECTION('',(-7.49939943260923E-17,-4.32978028117747E-17,-1.));
#8534=DIRECTION('',(0.5,0.866025403784439,-7.49939943260923E-17));
#8535=DIRECTION('',(-7.49939943260923E-17,-4.32978028117747E-17,-1.));
#8536=DIRECTION('',(0.5,0.866025403784439,-7.49939943260923E-17));
#8537=DIRECTION('',(-7.49939943260923E-17,-4.32978028117747E-17,-1.));
#8538=DIRECTION('',(0.5,0.866025403784439,-7.49939943260923E-17));
#8539=DIRECTION('',(-7.49939943260923E-17,-4.32978028117747E-17,-1.));
#8540=DIRECTION('',(0.5,0.866025403784439,-7.49939943260923E-17));
#8541=DIRECTION('',(-7.49939943260923E-17,-4.32978028117747E-17,-1.));
#8542=DIRECTION('',(0.5,0.866025403784439,-7.49939943260923E-17));
#8543=DIRECTION('',(-7.49939943260923E-17,-4.32978028117747E-17,-1.));
#8544=DIRECTION('',(0.5,0.866025403784439,-7.49939943260923E-17));
#8545=DIRECTION('',(-7.49939943260923E-17,-4.32978028117747E-17,-1.));
#8546=DIRECTION('',(0.5,0.866025403784439,-7.49939943260923E-17));
#8547=DIRECTION('',(-7.49939943260923E-17,-4.32978028117747E-17,-1.));
#8548=DIRECTION('',(0.5,0.866025403784439,-7.49939943260923E-17));
#8549=DIRECTION('',(-7.49939943260923E-17,-4.32978028117747E-17,-1.));
#8550=DIRECTION('',(0.5,0.866025403784439,-7.49939943260923E-17));
#8551=DIRECTION('',(0.866025403784439,0.5,1.7934537145593E-17));
#8552=DIRECTION('',(-0.5,0.866025403784439,-1.37616543687246E-17));
#8553=DIRECTION('',(0.5,-0.866025403784439,1.37616543687247E-17));
#8554=DIRECTION('',(-4.32978028117746E-17,-1.1601611297457E-17,-1.));
#8555=DIRECTION('',(0.5,-0.866025403784439,1.37616543687247E-17));
#8556=DIRECTION('',(0.866025403784439,0.5,1.7934537145593E-17));
#8557=DIRECTION('',(-0.5,0.866025403784439,-1.37616543687246E-17));
#8558=DIRECTION('',(0.5,-0.866025403784439,1.37616543687247E-17));
#8559=DIRECTION('',(-4.32978028117746E-17,-1.1601611297457E-17,-1.));
#8560=DIRECTION('',(0.5,-0.866025403784439,1.37616543687247E-17));
#8561=DIRECTION('',(0.866025403784439,-0.5,1.04530142769142E-16));
#8562=DIRECTION('',(0.5,0.866025403784439,-1.37616543687246E-17));
#8563=DIRECTION('',(-0.5,-0.866025403784439,1.37616543687247E-17));
#8564=DIRECTION('',(-4.32978028117746E-17,-1.1601611297457E-17,-1.));
#8565=DIRECTION('',(-0.5,-0.866025403784439,1.37616543687247E-17));
#8566=DIRECTION('',(0.866025403784439,-0.5,1.04530142769142E-16));
#8567=DIRECTION('',(0.5,0.866025403784439,-1.37616543687246E-17));
#8568=DIRECTION('',(-0.5,-0.866025403784439,1.37616543687247E-17));
#8569=DIRECTION('',(-4.32978028117746E-17,-1.1601611297457E-17,-1.));
#8570=DIRECTION('',(-0.5,-0.866025403784439,1.37616543687247E-17));
#8571=DIRECTION('',(-0.866025403784439,-0.5,1.04530142769142E-16));
#8572=DIRECTION('',(0.5,-0.866025403784438,1.3622633428346E-16));
#8573=DIRECTION('',(-0.5,0.866025403784438,-1.3622633428346E-16));
#8574=DIRECTION('',(-4.32978028117746E-17,-1.1601611297457E-17,-1.));
#8575=DIRECTION('',(-0.5,0.866025403784438,-1.3622633428346E-16));
#8576=DIRECTION('',(-0.866025403784439,-0.5,1.04530142769142E-16));
#8577=DIRECTION('',(0.5,-0.866025403784438,1.3622633428346E-16));
#8578=DIRECTION('',(-0.5,0.866025403784438,-1.3622633428346E-16));
#8579=DIRECTION('',(-4.32978028117746E-17,-1.1601611297457E-17,-1.));
#8580=DIRECTION('',(-0.5,0.866025403784438,-1.3622633428346E-16));
#8581=DIRECTION('',(5.43669134860359E-16,-1.,1.47827945580917E-16));
#8582=DIRECTION('',(1.,5.43669134860359E-16,6.12323399573677E-17));
#8583=DIRECTION('',(-1.,-5.43669134860359E-16,-6.12323399573677E-17));
#8584=DIRECTION('',(-4.32978028117746E-17,-1.1601611297457E-17,-1.));
#8585=DIRECTION('',(-1.,-5.43669134860359E-16,-6.12323399573677E-17));
#8586=DIRECTION('',(5.43669134860359E-16,-1.,1.47827945580917E-16));
#8587=DIRECTION('',(1.,5.43669134860359E-16,6.12323399573677E-17));
#8588=DIRECTION('',(-1.,-5.43669134860359E-16,-6.12323399573677E-17));
#8589=DIRECTION('',(-4.32978028117746E-17,-1.1601611297457E-17,-1.));
#8590=DIRECTION('',(-1.,-5.43669134860359E-16,-6.12323399573677E-17));
#8591=DIRECTION('',(-0.866025403784439,0.5,1.7934537145593E-17));
#8592=DIRECTION('',(-0.5,-0.866025403784439,1.3622633428346E-16));
#8593=DIRECTION('',(0.5,0.866025403784439,-1.3622633428346E-16));
#8594=DIRECTION('',(-4.32978028117746E-17,-1.1601611297457E-17,-1.));
#8595=DIRECTION('',(0.5,0.866025403784439,-1.3622633428346E-16));
#8596=DIRECTION('',(-0.866025403784439,0.5,1.7934537145593E-17));
#8597=DIRECTION('',(-0.5,-0.866025403784439,1.3622633428346E-16));
#8598=DIRECTION('',(0.5,0.866025403784439,-1.3622633428346E-16));
#8599=DIRECTION('',(-4.32978028117746E-17,-1.1601611297457E-17,-1.));
#8600=DIRECTION('',(0.5,0.866025403784439,-1.3622633428346E-16));
#8601=DIRECTION('',(-6.66133814775094E-16,1.,-2.53632656661817E-17));
#8602=DIRECTION('',(-1.,-6.66133814775094E-16,6.12323399573678E-17));
#8603=DIRECTION('',(1.,6.66133814775094E-16,-6.12323399573678E-17));
#8604=DIRECTION('',(-4.32978028117746E-17,-1.1601611297457E-17,-1.));
#8605=DIRECTION('',(1.,6.66133814775094E-16,-6.12323399573678E-17));
#8606=DIRECTION('',(-6.66133814775094E-16,1.,-2.53632656661817E-17));
#8607=DIRECTION('',(-1.,-6.66133814775094E-16,6.12323399573678E-17));
#8608=DIRECTION('',(1.,6.66133814775094E-16,-6.12323399573678E-17));
#8609=DIRECTION('',(-4.32978028117746E-17,-1.1601611297457E-17,-1.));
#8610=DIRECTION('',(1.,6.66133814775094E-16,-6.12323399573678E-17));
#8611=DIRECTION('',(-0.866025403784439,-0.5,-1.7934537145593E-17));
#8612=DIRECTION('',(-0.866025403784439,-0.5,-1.7934537145593E-17));
#8613=DIRECTION('',(2.24125919575615E-17,-2.95067370862015E-18,-1.));
#8614=DIRECTION('',(-0.965925826289068,0.258819045102521,-2.24125919575615E-17));
#8615=DIRECTION('',(4.32978028117746E-17,1.1601611297457E-17,1.));
#8616=DIRECTION('',(0.866025403784439,0.5,-4.32978028117746E-17));
#8617=DIRECTION('',(-0.866025403784439,0.5,-1.04530142769142E-16));
#8618=DIRECTION('',(4.32978028117746E-17,1.1601611297457E-17,1.));
#8619=DIRECTION('',(0.866025403784439,0.5,-4.32978028117746E-17));
#8620=DIRECTION('',(-4.32646832397843E-16,1.,-1.47827945580917E-16));
#8621=DIRECTION('',(4.32978028117746E-17,1.1601611297457E-17,1.));
#8622=DIRECTION('',(0.866025403784439,0.5,-4.32978028117746E-17));
#8623=DIRECTION('',(0.866025403784439,0.5,-1.04530142769142E-16));
#8624=DIRECTION('',(4.32978028117746E-17,1.1601611297457E-17,1.));
#8625=DIRECTION('',(0.866025403784439,0.5,-4.32978028117746E-17));
#8626=DIRECTION('',(0.866025403784439,-0.5,-1.7934537145593E-17));
#8627=DIRECTION('',(4.32978028117746E-17,1.1601611297457E-17,1.));
#8628=DIRECTION('',(0.866025403784439,0.5,-4.32978028117746E-17));
#8629=DIRECTION('',(5.55111512312578E-16,-1.,2.53632656661817E-17));
#8630=DIRECTION('',(4.32978028117746E-17,1.1601611297457E-17,1.));
#8631=DIRECTION('',(0.866025403784439,0.5,-4.32978028117746E-17));
#8632=DIRECTION('',(4.32978028117746E-17,1.1601611297457E-17,1.));
#8633=DIRECTION('',(0.866025403784439,0.5,-4.32978028117746E-17));
#8634=DIRECTION('',(4.32978028117746E-17,1.1601611297457E-17,1.));
#8635=DIRECTION('',(0.866025403784439,0.5,-4.32978028117746E-17));
#8636=DIRECTION('',(4.32978028117746E-17,1.1601611297457E-17,1.));
#8637=DIRECTION('',(0.866025403784439,0.5,-4.32978028117746E-17));
#8638=DIRECTION('',(4.32978028117746E-17,1.1601611297457E-17,1.));
#8639=DIRECTION('',(0.866025403784439,0.5,-4.32978028117746E-17));
#8640=DIRECTION('',(-2.24125919575615E-17,2.95067370862015E-18,1.));
#8641=DIRECTION('',(0.965925826289068,-0.258819045102521,2.24125919575615E-17));
#8642=DIRECTION('',(4.32978028117746E-17,1.1601611297457E-17,1.));
#8643=DIRECTION('',(0.866025403784439,0.5,-4.32978028117746E-17));
#8644=DIRECTION('',(4.32978028117746E-17,1.1601611297457E-17,1.));
#8645=DIRECTION('',(0.866025403784439,0.5,-4.32978028117746E-17));
#8646=DIRECTION('',(5.55111512312578E-16,-1.,2.53632656661817E-17));
#8647=DIRECTION('',(4.32978028117746E-17,1.1601611297457E-17,1.));
#8648=DIRECTION('',(0.866025403784439,0.5,-4.32978028117746E-17));
#8649=DIRECTION('',(0.866025403784439,-0.5,-1.7934537145593E-17));
#8650=DIRECTION('',(4.32978028117746E-17,1.1601611297457E-17,1.));
#8651=DIRECTION('',(0.866025403784439,0.5,-4.32978028117746E-17));
#8652=DIRECTION('',(0.866025403784439,0.5,-1.04530142769142E-16));
#8653=DIRECTION('',(4.32978028117746E-17,1.1601611297457E-17,1.));
#8654=DIRECTION('',(0.866025403784439,0.5,-4.32978028117746E-17));
#8655=DIRECTION('',(-4.32646832397843E-16,1.,-1.47827945580917E-16));
#8656=DIRECTION('',(4.32978028117746E-17,1.1601611297457E-17,1.));
#8657=DIRECTION('',(0.866025403784439,0.5,-4.32978028117746E-17));
#8658=DIRECTION('',(-0.866025403784439,0.5,-1.04530142769142E-16));
#8659=DIRECTION('',(4.32978028117746E-17,1.1601611297457E-17,1.));
#8660=DIRECTION('',(0.866025403784439,0.5,-4.32978028117746E-17));
#8661=DIRECTION('',(4.32978028117746E-17,1.1601611297457E-17,1.));
#8662=DIRECTION('',(0.866025403784439,0.5,-4.32978028117746E-17));
#8663=DIRECTION('',(4.32978028117746E-17,1.1601611297457E-17,1.));
#8664=DIRECTION('',(0.866025403784439,0.5,-4.32978028117746E-17));
#8665=DIRECTION('',(4.32978028117746E-17,1.1601611297457E-17,1.));
#8666=DIRECTION('',(0.866025403784439,0.5,-4.32978028117746E-17));
#8667=DIRECTION('',(-4.32978028117746E-17,-1.1601611297457E-17,-1.));
#8668=DIRECTION('',(-0.866025403784439,-0.5,4.32978028117746E-17));
#8669=DIRECTION('',(-4.32978028117746E-17,-1.1601611297457E-17,-1.));
#8670=DIRECTION('',(-0.866025403784439,-0.5,4.32978028117746E-17));
#8671=DIRECTION('',(-4.32978028117746E-17,-1.1601611297457E-17,-1.));
#8672=DIRECTION('',(-0.866025403784439,-0.5,4.32978028117746E-17));
#8673=DIRECTION('',(-4.32978028117746E-17,-1.1601611297457E-17,-1.));
#8674=DIRECTION('',(-0.866025403784439,-0.5,4.32978028117746E-17));
#8675=DIRECTION('',(-4.32978028117746E-17,-1.1601611297457E-17,-1.));
#8676=DIRECTION('',(-0.866025403784439,-0.5,4.32978028117746E-17));
#8677=DIRECTION('',(-4.32978028117746E-17,-1.1601611297457E-17,-1.));
#8678=DIRECTION('',(-0.866025403784439,-0.5,4.32978028117746E-17));
#8679=DIRECTION('',(-4.32978028117746E-17,-1.1601611297457E-17,-1.));
#8680=DIRECTION('',(-0.866025403784439,-0.5,4.32978028117746E-17));
#8681=DIRECTION('',(-4.32978028117746E-17,-1.1601611297457E-17,-1.));
#8682=DIRECTION('',(-0.866025403784439,-0.5,4.32978028117746E-17));
#8683=DIRECTION('',(-4.32978028117746E-17,-1.1601611297457E-17,-1.));
#8684=DIRECTION('',(-0.866025403784439,-0.5,4.32978028117746E-17));
#8685=DIRECTION('',(-4.32978028117746E-17,-1.1601611297457E-17,-1.));
#8686=DIRECTION('',(-0.866025403784439,-0.5,4.32978028117746E-17));
#8687=DIRECTION('',(0.707106781186548,0.707106781186548,0.));
#8688=DIRECTION('',(-0.707106781186548,0.707106781186548,0.));
#8689=DIRECTION('',(-0.707106781186548,0.707106781186547,0.));
#8690=DIRECTION('',(0.,0.,1.));
#8691=DIRECTION('',(-0.401017616774577,0.401017616774577,-0.823632042888618));
#8692=DIRECTION('',(-0.707106781186548,-0.707106781186548,0.));
#8693=DIRECTION('',(0.707106781186548,0.707106781186548,0.));
#8694=DIRECTION('',(-0.707106781186548,0.707106781186548,0.));
#8695=DIRECTION('',(0.707106781186548,-0.707106781186548,0.));
#8696=DIRECTION('',(-0.401017616774577,0.401017616774577,-0.823632042888618));
#8697=DIRECTION('',(0.,0.,1.));
#8698=DIRECTION('',(0.707106781186548,0.707106781186547,-2.22044604925032E-16));
#8699=DIRECTION('',(0.707106781186548,-0.707106781186548,0.));
#8700=DIRECTION('',(0.707106781186548,0.707106781186548,0.));
#8701=DIRECTION('',(-0.707106781186548,-0.707106781186548,0.));
#8702=DIRECTION('',(0.,0.,1.));
#8703=DIRECTION('',(1.,0.,0.));
#8704=DIRECTION('',(0.582395802729071,-0.582395802729071,-0.567124552393142));
#8705=DIRECTION('',(0.707106781186548,0.707106781186547,0.));
#8706=DIRECTION('',(0.707106781186547,0.707106781186548,1.23259516440783E-32));
#8707=DIRECTION('',(0.707106781186548,-0.707106781186548,-1.22464679914735E-16));
#8708=DIRECTION('',(0.707106781186547,-0.707106781186548,-1.22464679914735E-16));
#8709=DIRECTION('',(0.401017616774577,-0.401017616774576,-0.823632042888618));
#8710=DIRECTION('',(8.65956056235494E-17,-8.65956056235493E-17,1.));
#8711=DIRECTION('',(-0.707106781186548,-0.707106781186548,-1.23259516440783E-32));
#8712=DIRECTION('',(0.707106781186547,0.707106781186548,1.23259516440783E-32));
#8713=DIRECTION('',(0.707106781186548,-0.707106781186548,-1.22464679914735E-16));
#8714=DIRECTION('',(-0.707106781186548,0.707106781186548,1.22464679914735E-16));
#8715=DIRECTION('',(8.65956056235494E-17,-8.65956056235493E-17,1.));
#8716=DIRECTION('',(0.401017616774577,-0.401017616774576,-0.823632042888618));
#8717=DIRECTION('',(0.707106781186547,0.707106781186548,-2.22044604925031E-16));
#8718=DIRECTION('',(-0.707106781186548,0.707106781186547,1.22464679914735E-16));
#8719=DIRECTION('',(0.707106781186548,0.707106781186548,1.23259516440783E-32));
#8720=DIRECTION('',(-0.707106781186548,-0.707106781186548,-1.23259516440783E-32));
#8721=DIRECTION('',(8.65956056235494E-17,-8.65956056235493E-17,1.));
#8722=DIRECTION('',(-2.22044604925032E-16,1.,8.65956056235494E-17));
#8723=DIRECTION('',(-0.582395802729072,0.582395802729071,-0.567124552393142));
#8724=DIRECTION('',(0.707106781186547,0.707106781186548,8.62816615085482E-32));
#8725=CARTESIAN_POINT('',(0.,0.,0.));
#8726=CARTESIAN_POINT('',(-0.0350220104096357,-0.0154109142506062,0.00100012051591094));
#8727=CARTESIAN_POINT('',(-0.0530330085889911,-2.42861286636753E-17,0.000948896990001636));
#8728=CARTESIAN_POINT('',(-0.0355783707013436,-0.0141980849487211,0.00099741163463853));
#8729=CARTESIAN_POINT('',(-0.0367140952831631,-0.015490095820132,0.000997643061703809));
#8730=CARTESIAN_POINT('',(-0.0359078051989171,-0.0145289503889633,0.00099741163463853));
#8731=CARTESIAN_POINT('',(-0.0367897711315702,-0.0154147472582507,0.00099741163463853));
#8732=CARTESIAN_POINT('',(-0.0359039763422888,-0.0162967111198936,0.00100012051591094));
#8733=CARTESIAN_POINT('',(0.0152916862608954,0.035121326670498,0.000999879484089058));
#8734=CARTESIAN_POINT('',(1.04083408558608E-17,0.0530330085889911,0.00105075078335937));
#8735=CARTESIAN_POINT('',(0.0154765308342031,0.0367012299553591,0.001002011376281));
#8736=CARTESIAN_POINT('',(0.013561947464235,0.0350796361766188,0.00100247208912847));
#8737=CARTESIAN_POINT('',(0.0161736521935485,0.0360071235397854,0.000999879484089058));
#8738=CARTESIAN_POINT('',(0.0152878574042671,0.0368890874014283,0.00100258836536147));
#8739=CARTESIAN_POINT('',(0.0144058914716139,0.0360032905321409,0.00100258836536147));
#8740=CARTESIAN_POINT('',(0.0135239255389609,0.0351174936628535,0.00100258836536147));
#8741=CARTESIAN_POINT('',(0.0144097203282423,0.0342355298012105,0.000999879484089059));
#8742=CARTESIAN_POINT('',(-0.0341362156203541,-0.0162928781122491,0.00100282939718336));
#8743=CARTESIAN_POINT('',(0.01705944698283,0.0351251596781424,-2.82939718336326E-6));
#8744=CARTESIAN_POINT('',(0.0170593557555218,0.0351250684089466,-2.82936119099163E-6));
#8745=CARTESIAN_POINT('',(0.01705944698283,0.0351251596781424,0.));
#8746=CARTESIAN_POINT('',(-0.0341362156203541,-0.0162928781122491,0.));
#8747=CARTESIAN_POINT('',(0.0152955151175238,0.0333535659395677,-1.41469859168023E-6));
#8748=CARTESIAN_POINT('',(0.00912161241029485,0.0271528460626702,2.07389215184101E-7));
#8749=CARTESIAN_POINT('',(0.00911974052065096,0.02715096639659,-0.00874989640869974));
#8750=CARTESIAN_POINT('',(-0.0270824679365494,-0.00920849153479706,-0.00875));
#8751=CARTESIAN_POINT('',(-0.0270824679118777,-0.00920849150999671,-0.00874989830249762));
#8752=CARTESIAN_POINT('',(-0.0270803442271026,-0.00920635860073509,2.03484419103126E-7));
#8753=CARTESIAN_POINT('',(-0.0332541779740382,-0.0154070088634357,2.82936606464378E-6));
#8754=CARTESIAN_POINT('',(-0.033254249687701,-0.0154070812429617,0.00100282939718336));
#8755=CARTESIAN_POINT('',(-0.033254249687701,-0.0154070812429617,0.00100282939718336));
#8756=CARTESIAN_POINT('',(-0.0341362156203541,-0.0162928781122491,0.00100282939718336));
#8757=CARTESIAN_POINT('',(-0.033564957480475,-0.0157191386364649,0.00100282939718336));
#8758=CARTESIAN_POINT('',(-0.0335626603746003,-0.0157168315463972,0.000869065360116579));
#8759=CARTESIAN_POINT('',(-0.0335634248388502,-0.0157175993311995,0.000913653415204006));
#8760=CARTESIAN_POINT('',(-0.0335641905376889,-0.0157183683623606,0.000958241427593532));
#8761=CARTESIAN_POINT('',(-0.033564957480475,-0.0157191386364649,0.00100282939718336));
#8762=CARTESIAN_POINT('',(-0.0335626603618395,-0.0157168315504901,0.000869065357208594));
#8763=CARTESIAN_POINT('',(-0.0337204912051766,-0.0158753479426394,0.000877077329306316));
#8764=CARTESIAN_POINT('',(-0.0336678814357956,-0.0158225096557099,0.000874387193249293));
#8765=CARTESIAN_POINT('',(-0.0336152711536219,-0.0157696708537598,0.000871716668583392));
#8766=CARTESIAN_POINT('',(-0.0335626603690301,-0.0157168315472098,0.000869065358518382));
#8767=CARTESIAN_POINT('',(-0.0337204912051766,-0.0158753479426395,0.000877077329306317));
#8768=CARTESIAN_POINT('',(-0.0337204912051765,-0.0158753479426393,0.005));
#8769=CARTESIAN_POINT('',(-0.0337204912051765,-0.0158753479426393,0.));
#8770=CARTESIAN_POINT('',(-0.0341362156203541,-0.0162928781122491,0.));
#8771=CARTESIAN_POINT('',(-0.0350180000080725,-0.0171784882444635,4.48799791462568E-12));
#8772=CARTESIAN_POINT('',(-0.0270803083336874,-0.00920631834434655,2.58478978903801E-7));
#8773=CARTESIAN_POINT('',(-0.0270824679114535,-0.00920849150954329,-0.0112498692652776));
#8774=CARTESIAN_POINT('',(-0.0270824679365494,-0.00920849153479706,-0.01125));
#8775=CARTESIAN_POINT('',(0.00911973959580466,0.0271509673153837,-0.0112498679466943));
#8776=CARTESIAN_POINT('',(0.00912157149945645,0.0271528091812116,2.61234670172197E-7));
#8777=CARTESIAN_POINT('',(-0.0359039763422888,-0.0162967111198936,0.00100012051591094));
#8778=CARTESIAN_POINT('',(-0.0359039763422888,-0.0162967111198936,1.20515910926971E-7));
#8779=CARTESIAN_POINT('',(-0.0359432926212865,-0.0162573808636145,-8.3154868223811E-11));
#8780=CARTESIAN_POINT('',(-0.0367896787006151,-0.0154146547801849,-2.58833174144163E-6));
#8781=CARTESIAN_POINT('',(-0.0359039763422888,-0.0162967111198936,0.));
#8782=CARTESIAN_POINT('',(-0.0367140952831631,-0.015490095820132,0.));
#8783=CARTESIAN_POINT('',(-0.0367140952831631,-0.015490095820132,0.005));
#8784=CARTESIAN_POINT('',(-0.0367897711315702,-0.0154147472582507,0.00099741163463853));
#8785=CARTESIAN_POINT('',(-0.0359078051989171,-0.0145289503889633,0.00099741163463853));
#8786=CARTESIAN_POINT('',(-0.0116260464100365,0.00985827945707018,0.00099741163463853));
#8787=CARTESIAN_POINT('',(-0.0116260464100365,0.00985827945707018,-0.00975));
#8788=CARTESIAN_POINT('',(-0.0116260464100365,0.00985827945707016,-0.00875));
#8789=CARTESIAN_POINT('',(-0.0359078051989171,-0.0145289503889633,-0.00975));
#8790=CARTESIAN_POINT('',(-0.00986211040270021,0.0116298773556666,-0.00975));
#8791=CARTESIAN_POINT('',(-0.00986211040270021,0.0116298773556666,0.00099741163463853));
#8792=CARTESIAN_POINT('',(-0.0098621104027002,0.0116298773556666,-0.00875));
#8793=CARTESIAN_POINT('',(-0.0288502348895157,-0.00744072458183069,-0.00875));
#8794=CARTESIAN_POINT('',(0.00735197369930344,0.0289187331274028,-0.00874989676534983));
#8795=CARTESIAN_POINT('',(0.00735002335950483,0.0289167743160213,2.06641420914537E-7));
#8796=CARTESIAN_POINT('',(0.013523855491057,0.0351174229564072,2.58833772879117E-6));
#8797=CARTESIAN_POINT('',(0.0135239255389609,0.0351174936628535,2.58836536146789E-6));
#8798=CARTESIAN_POINT('',(0.0152878574042671,0.0368890874014283,2.58836536146758E-6));
#8799=CARTESIAN_POINT('',(0.0152877677528545,0.0368889951585266,2.58833876355464E-6));
#8800=CARTESIAN_POINT('',(0.00734998678954791,0.0289167329880168,2.61955942140802E-7));
#8801=CARTESIAN_POINT('',(0.00735197387571121,0.0289187329501787,-0.0112498675593916));
#8802=CARTESIAN_POINT('',(-0.0288502348895157,-0.00744072458183069,-0.01125));
#8803=CARTESIAN_POINT('',(-0.0288502338077218,-0.0074407256974143,-0.011249869680711));
#8804=CARTESIAN_POINT('',(-0.0288518930002355,-0.00744239449399592,2.57819158426122E-7));
#8805=CARTESIAN_POINT('',(-0.0355783707013436,-0.0141980849487211,0.005));
#8806=CARTESIAN_POINT('',(-0.0355783707013436,-0.0141980849487211,0.));
#8807=CARTESIAN_POINT('',(-0.0359078051989171,-0.0145289503889633,0.));
#8808=CARTESIAN_POINT('',(-0.035025839266264,-0.0136431535196759,-1.29418268074473E-6));
#8809=CARTESIAN_POINT('',(-0.0288519343332928,-0.00744243140736837,2.02736418344046E-7));
#8810=CARTESIAN_POINT('',(-0.0288502347324208,-0.00744072477833255,-0.00874989876958484));
#8811=CARTESIAN_POINT('',(-0.0288502348895157,-0.00744072458183069,-0.00875));
#8812=CARTESIAN_POINT('',(-0.0279661419036071,-0.00832439239198969,2.0311041761593E-7));
#8813=CARTESIAN_POINT('',(-0.0341399020040954,-0.0145249727522782,3.78695109419939E-10));
#8814=CARTESIAN_POINT('',(-0.0341793095324863,-0.0144857356789112,4.71162445523061E-12));
#8815=CARTESIAN_POINT('',(-0.0341399020040894,-0.0145249727522724,2.13502707489164E-11));
#8816=CARTESIAN_POINT('',(-0.0333051306420162,-0.0153561333580182,3.71470432195313E-9));
#8817=CARTESIAN_POINT('',(-0.0333051304286964,-0.0153561330828226,2.67335305471805E-6));
#8818=CARTESIAN_POINT('',(-0.0333051305841397,-0.0153561332825192,1.78347362240732E-6));
#8819=CARTESIAN_POINT('',(-0.0333051306546372,-0.0153561333742332,8.93594172391241E-7));
#8820=CARTESIAN_POINT('',(-0.033305130642066,-0.015356133358083,3.71470433285255E-9));
#8821=CARTESIAN_POINT('',(-0.0333051890424691,-0.015356218457348,2.6733824520512E-6));
#8822=CARTESIAN_POINT('',(-0.0341400444769826,-0.0145251173813188,1.20515910925799E-7));
#8823=CARTESIAN_POINT('',(-0.0279663514130325,-0.00832460805831386,-0.00875));
#8824=CARTESIAN_POINT('',(-0.0279661006263872,-0.00832435645956998,2.58149068680073E-7));
#8825=CARTESIAN_POINT('',(-0.0359037945025378,-0.0162965241674424,-3.23926773201155E-10));
#8826=CARTESIAN_POINT('',(-0.0279663514130325,-0.00832460805831386,-0.01125));
#8827=CARTESIAN_POINT('',(0.00823581526149189,0.0280348128014094,2.07015316941969E-7));
#8828=CARTESIAN_POINT('',(0.0144095790731066,0.0342353894687914,-3.69169457571856E-10));
#8829=CARTESIAN_POINT('',(0.0143701715676746,0.0342746265662535,4.70985682198354E-12));
#8830=CARTESIAN_POINT('',(0.014409579073113,0.0342353894687981,2.13439101491284E-11));
#8831=CARTESIAN_POINT('',(0.0135617872924237,0.0350795151842229,2.3937217663695E-12));
#8832=CARTESIAN_POINT('',(0.0135617870581196,0.0350795150080552,2.47203656356318E-6));
#8833=CARTESIAN_POINT('',(0.0135617872300443,0.0350795151379245,1.64803036177882E-6));
#8834=CARTESIAN_POINT('',(0.0135617873081071,0.0350795151960698,8.24011016943388E-7));
#8835=CARTESIAN_POINT('',(0.0135617872924237,0.0350795151842229,4.78727785145858E-12));
#8836=CARTESIAN_POINT('',(0.0135618672611593,0.0350795755921179,2.47207836885792E-6));
#8837=CARTESIAN_POINT('',(0.0144097203282423,0.0342355298012105,-1.20515910943363E-7));
#8838=CARTESIAN_POINT('',(0.00823585719880788,0.028034849674019,-0.00875));
#8839=CARTESIAN_POINT('',(0.00823577918507066,0.0280347710442211,2.61595306139982E-7));
#8840=CARTESIAN_POINT('',(0.0154763441529386,0.036701053053101,5.98938952854865E-12));
#8841=CARTESIAN_POINT('',(0.0154763441642715,0.0367010530638402,6.70450766689256E-7));
#8842=CARTESIAN_POINT('',(0.0154763441320704,0.0367010530323,1.34089147990479E-6));
#8843=CARTESIAN_POINT('',(0.0154763440563604,0.0367010529605564,2.01133624922981E-6));
#8844=CARTESIAN_POINT('',(0.0154763441529258,0.0367010530520629,5.98796089809768E-12));
#8845=CARTESIAN_POINT('',(0.0154764374452813,0.0367011414579573,2.01136032322342E-6));
#8846=CARTESIAN_POINT('',(0.0161734728660999,0.0360069389480646,-2.77838130341422E-10));
#8847=CARTESIAN_POINT('',(0.0161341531283876,0.0360462702160577,-6.39522621408476E-11));
#8848=CARTESIAN_POINT('',(0.0161736521935485,0.0360071235397854,-1.20515910943692E-7));
#8849=CARTESIAN_POINT('',(0.00823585719880788,0.028034849674019,-0.01125));
#8850=CARTESIAN_POINT('',(0.0161736521935485,0.0360071235397854,-1.20515910943692E-7));
#8851=CARTESIAN_POINT('',(0.0161736521935485,0.0360071235397854,-1.20515910946541E-7));
#8852=CARTESIAN_POINT('',(0.0161736521935485,0.0360071235397854,0.));
#8853=CARTESIAN_POINT('',(0.0161736521935485,0.0360071235397854,-1.20515910946541E-7));
#8854=CARTESIAN_POINT('',(0.0154765308342031,0.0367012299553591,0.005));
#8855=CARTESIAN_POINT('',(0.0144097203282423,0.0342355298012105,-1.20515910945369E-7));
#8856=CARTESIAN_POINT('',(0.013561947464235,0.0350796361766188,0.005));
#8857=CARTESIAN_POINT('',(-0.0279663514130325,-0.00832460805831388,-0.01125));
#8858=CARTESIAN_POINT('',(-0.0279663514130325,-0.00832460805831388,-0.00875));
#8859=CARTESIAN_POINT('',(-0.0107047551538425,0.00893698820087615,-0.00875));
#8860=CARTESIAN_POINT('',(-0.00989949623760551,0.00813172928463915,-0.00875));
#8861=CARTESIAN_POINT('',(-0.00893698820087615,0.0107047551538425,-0.00875));
#8862=CARTESIAN_POINT('',(-0.00813172928463914,0.00989949623760551,-0.00875));
#8863=CARTESIAN_POINT('',(-0.00901561276112232,0.00901561276112233,-0.00875));
#8864=CARTESIAN_POINT('',(-0.0341400444769826,-0.0145251173813188,0.00100012051591094));
#8865=CARTESIAN_POINT('',(-0.0333052564921765,-0.0153562950351519,0.005));
#8866=CARTESIAN_POINT('',(-0.0333052564921765,-0.0153562950351519,0.00100267341141884));
#8867=CARTESIAN_POINT('',(-0.0341400444769826,-0.0145251173813188,0.00100012051591094));
#8868=CARTESIAN_POINT('',(-0.0350220104096357,-0.0154109142506062,0.00100012051591094));
#8869=CARTESIAN_POINT('',(-0.053033008588991,-4.77048955893622E-17,0.000948896990001636));
#8870=CARTESIAN_POINT('',(-0.0335854978569551,-0.0157096889315908,0.00100278340431303));
#8871=CARTESIAN_POINT('',(-0.0335854978569552,-0.0157096889315908,0.00100278340431267));
#8872=CARTESIAN_POINT('',(-0.0335786504357918,-0.0157128374479148,0.00100279873411734));
#8873=CARTESIAN_POINT('',(-0.0335718036416151,-0.0157159873450981,0.00100281406507052));
#8874=CARTESIAN_POINT('',(-0.033564957480475,-0.0157191386364649,0.00100282939718336));
#8875=CARTESIAN_POINT('',(-0.0341431530214436,-0.015456006087176,0.000978491875264635));
#8876=CARTESIAN_POINT('',(-0.0334468327281179,-0.0157645636929237,0.000842722009831668));
#8877=CARTESIAN_POINT('',(-0.0327460633647332,-0.0160889335617634,0.00072264076974505));
#8878=CARTESIAN_POINT('',(-0.0309423342409128,-0.0170087293316638,0.000449190421807494));
#8879=CARTESIAN_POINT('',(-0.0298610626893646,-0.0176260591182853,0.000322759086130228));
#8880=CARTESIAN_POINT('',(-0.0266837289175927,-0.0196653295508481,4.22720849218101E-5));
#8881=CARTESIAN_POINT('',(-0.024738759048738,-0.0212235422636529,-8.68058954964953E-6));
#8882=CARTESIAN_POINT('',(-0.0212757085014233,-0.024685882514061,8.4211935440756E-6));
#8883=CARTESIAN_POINT('',(-0.0197296540538488,-0.0266070154051843,8.49816701210645E-5));
#8884=CARTESIAN_POINT('',(-0.0177559406527378,-0.0296446207713169,0.000354504022980414));
#8885=CARTESIAN_POINT('',(-0.0171535694229968,-0.0306814798553362,0.000469588149031461));
#8886=CARTESIAN_POINT('',(-0.0161909897651535,-0.0325296278980365,0.000730526113351444));
#8887=CARTESIAN_POINT('',(-0.015817474420371,-0.0333246571090858,0.000858555331517314));
#8888=CARTESIAN_POINT('',(-0.0154640954785802,-0.0341199946575225,0.00101103152926561));
#8889=CARTESIAN_POINT('',(-0.0337596266077371,-0.0156942217927017,0.00343739830843158));
#8890=CARTESIAN_POINT('',(-0.0330974853581344,-0.0159877036710016,0.00330842567743389));
#8891=CARTESIAN_POINT('',(-0.0324289123246208,-0.0162972712043515,0.00319391438950837));
#8892=CARTESIAN_POINT('',(-0.0307045755852269,-0.0171771431571842,0.00293277015865603));
#8893=CARTESIAN_POINT('',(-0.0296686817273763,-0.0177685309411891,0.00281168023904042));
#8894=CARTESIAN_POINT('',(-0.0266054408744205,-0.0197356379270184,0.00254168734647223));
#8895=CARTESIAN_POINT('',(-0.0247070230606076,-0.0212543522183954,0.00249131944221581));
#8896=CARTESIAN_POINT('',(-0.0213064961451461,-0.0246559932317159,0.00250842116272784));
#8897=CARTESIAN_POINT('',(-0.0198013342233953,-0.0265302492949645,0.00258385813373028));
#8898=CARTESIAN_POINT('',(-0.0178883442595416,-0.029476014165519,0.00284556700632356));
#8899=CARTESIAN_POINT('',(-0.0173082961793184,-0.0304755131177034,0.00295674731162786));
#8900=CARTESIAN_POINT('',(-0.0163843723780217,-0.0322505364493393,0.00320761004053062));
#8901=CARTESIAN_POINT('',(-0.0160287102104206,-0.0330086360256927,0.00333002214569238));
#8902=CARTESIAN_POINT('',(-0.0156950905123401,-0.0337600122740696,0.00347419493330213));
#8903=CARTESIAN_POINT('',(-0.0236985855664252,-0.0222843720040521,0.00223399419818424));
#8904=CARTESIAN_POINT('',(-0.0236985794776529,-0.0222843659152798,0.00156732753152019));
#8905=CARTESIAN_POINT('',(-0.0236985735374295,-0.0222843599750563,0.000900660864853402));
#8906=CARTESIAN_POINT('',(-0.0236985677378253,-0.0222843541754522,0.000233994198184202));
#8907=CARTESIAN_POINT('',(-0.0236985855664253,-0.0222843720040521,0.00223399419818417));
#8908=CARTESIAN_POINT('',(-0.0236985677378253,-0.0222843541754522,0.000233994198184163));
#8909=CARTESIAN_POINT('',(-0.0236985677378253,-0.0222843541754522,0.000233994198184163));
#8910=CARTESIAN_POINT('',(-0.0234552708279535,-0.022513669257881,0.000233994198184163));
#8911=CARTESIAN_POINT('',(-0.0232154654671641,-0.0227464751687061,0.000233994198184163));
#8912=CARTESIAN_POINT('',(-0.0229791601925809,-0.0229827804432894,0.000233994198184164));
#8913=CARTESIAN_POINT('',(-0.0229791602628721,-0.0229827805135661,0.000233994198184164));
#8914=CARTESIAN_POINT('',(-0.0229791601925809,-0.0229827804432894,0.000233994198184163));
#8915=CARTESIAN_POINT('',(-0.0227440609416945,-0.023217879694176,0.000233994198184163));
#8916=CARTESIAN_POINT('',(-0.0225125337574604,-0.0234565502744095,0.000233994198184164));
#8917=CARTESIAN_POINT('',(-0.0222844901646756,-0.0236987037270487,0.000233994198184164));
#8918=CARTESIAN_POINT('',(-0.0222844901646755,-0.0236987037270487,0.000233994198184164));
#8919=CARTESIAN_POINT('',(-0.0222844901646756,-0.0236987037270486,0.000233994198184203));
#8920=CARTESIAN_POINT('',(-0.0222845912016865,-0.0236988047640596,0.000900660865328502));
#8921=CARTESIAN_POINT('',(-0.0222846937719415,-0.0236989073343145,0.00156732753200795));
#8922=CARTESIAN_POINT('',(-0.0222847979513699,-0.0236990115137429,0.00223399419818426));
#8923=CARTESIAN_POINT('',(-0.0222847979513698,-0.0236990115137429,0.00223399419818417));
#8924=CARTESIAN_POINT('',(-0.0222847979513699,-0.0236990115137429,0.00223399419818417));
#8925=CARTESIAN_POINT('',(-0.0225142967583682,-0.0234549876185642,0.00223399419818417));
#8926=CARTESIAN_POINT('',(-0.0227473872251437,-0.0232145531226306,0.00223399419818417));
#8927=CARTESIAN_POINT('',(-0.0229841508624143,-0.0229777894853585,0.00223399419818417));
#8928=CARTESIAN_POINT('',(-0.0229841510768145,-0.0229777896996237,0.00223399419818417));
#8929=CARTESIAN_POINT('',(-0.0229841508624143,-0.0229777894853585,0.00223399419818417));
#8930=CARTESIAN_POINT('',(-0.023218791790628,-0.0227431485571432,0.00223399419818417));
#8931=CARTESIAN_POINT('',(-0.0234569384554935,-0.0225120111591263,0.00223399419818417));
#8932=CARTESIAN_POINT('',(-0.0236985855664253,-0.0222843720040521,0.00223399419818417));
#8933=CARTESIAN_POINT('',(-0.033585497856955,-0.0157096889315908,0.00100278340431303));
#8934=CARTESIAN_POINT('',(-0.0335974422936492,-0.0157244753199025,0.0018054985920351));
#8935=CARTESIAN_POINT('',(-0.0336097428602265,-0.0157396680705898,0.00260820094106662));
#8936=CARTESIAN_POINT('',(-0.0336223870518017,-0.0157552458419411,0.00341089045030652));
#8937=CARTESIAN_POINT('',(-0.0336223870518016,-0.0157552458419411,0.00341089045030651));
#8938=CARTESIAN_POINT('',(-0.034958570148664,-0.0151735018412186,0.00368902868527245));
#8939=CARTESIAN_POINT('',(-0.0339143027649984,-0.0156210664294677,0.0034531854877596));
#8940=CARTESIAN_POINT('',(-0.032831290970461,-0.0160919507023839,0.00325485310268355));
#8941=CARTESIAN_POINT('',(-0.0307045755852269,-0.0171771431571842,0.00293277015865603));
#8942=CARTESIAN_POINT('',(-0.0296686817273763,-0.0177685309411891,0.00281168023904042));
#8943=CARTESIAN_POINT('',(-0.0266054408744205,-0.0197356379270184,0.00254168734647223));
#8944=CARTESIAN_POINT('',(-0.0247070230606076,-0.0212543522183954,0.00249131944221581));
#8945=CARTESIAN_POINT('',(-0.0213064961451461,-0.0246559932317159,0.00250842116272784));
#8946=CARTESIAN_POINT('',(-0.0198013342233953,-0.0265302492949645,0.00258385813373028));
#8947=CARTESIAN_POINT('',(-0.0178883442595416,-0.029476014165519,0.00284556700632356));
#8948=CARTESIAN_POINT('',(-0.0173082961793184,-0.0304755131177034,0.00295674731162786));
#8949=CARTESIAN_POINT('',(-0.0162393453315106,-0.0325291594168547,0.00324698761755745));
#8950=CARTESIAN_POINT('',(-0.015768504777103,-0.0335746276487825,0.00342350411013116));
#8951=CARTESIAN_POINT('',(-0.0153309434124219,-0.0345957738995491,0.00364457675455115));
#8952=CARTESIAN_POINT('',(-0.0157561035833233,-0.0336230832962026,0.00344817429487653));
#8953=CARTESIAN_POINT('',(-0.0157561035833233,-0.0336230832962026,0.00344817429487653));
#8954=CARTESIAN_POINT('',(-0.0157396177379232,-0.0336097008290439,0.00263305813918071));
#8955=CARTESIAN_POINT('',(-0.0157235546342268,-0.033596696323819,0.00181792729607104));
#8956=CARTESIAN_POINT('',(-0.0157079023028493,-0.0335840547548079,0.00100278288862658));
#8957=CARTESIAN_POINT('',(-0.0157079023028493,-0.0335840547548079,0.00100278288862658));
#8958=CARTESIAN_POINT('',(-0.0157174813007995,-0.0335633073125341,0.00100282939718336));
#8959=CARTESIAN_POINT('',(-0.0157142868674284,-0.0335702224724631,0.00100281389314295));
#8960=CARTESIAN_POINT('',(-0.0157110938714681,-0.0335771382880855,0.00100279839029347));
#8961=CARTESIAN_POINT('',(-0.0157079023028493,-0.0335840547548079,0.00100278288862658));
#8962=CARTESIAN_POINT('',(-0.0157174813007995,-0.0335633073125341,0.00100282939718336));
#8963=CARTESIAN_POINT('',(-0.0157174813007995,-0.0335633073125341,0.00100282939718336));
#8964=CARTESIAN_POINT('',(-0.0157169113513504,-0.0335627398280296,0.000971176729153934));
#8965=CARTESIAN_POINT('',(-0.0157163420180434,-0.0335621729570026,0.00093952403990015));
#8966=CARTESIAN_POINT('',(-0.0157157732998523,-0.033561606698431,0.000907871327768853));
#8967=CARTESIAN_POINT('',(-0.0157157733034562,-0.0335616066905911,0.000907871326999481));
#8968=CARTESIAN_POINT('',(-0.0354067710419877,-0.0149072748195634,0.00124398489585591));
#8969=CARTESIAN_POINT('',(-0.034303503393586,-0.0153800900822348,0.000994579378330066));
#8970=CARTESIAN_POINT('',(-0.033166968438391,-0.015874296729011,0.000786451148654178));
#8971=CARTESIAN_POINT('',(-0.0309423342409128,-0.0170087293316638,0.000449190421807494));
#8972=CARTESIAN_POINT('',(-0.0298610626893646,-0.0176260591182853,0.000322759086130228));
#8973=CARTESIAN_POINT('',(-0.0266837289175927,-0.0196653295508481,4.22720849218101E-5));
#8974=CARTESIAN_POINT('',(-0.024738759048738,-0.0212235422636529,-8.68058954964953E-6));
#8975=CARTESIAN_POINT('',(-0.0212757085014233,-0.024685882514061,8.4211935440756E-6));
#8976=CARTESIAN_POINT('',(-0.0197296540538488,-0.0266070154051843,8.49816701210645E-5));
#8977=CARTESIAN_POINT('',(-0.0177559406527378,-0.0296446207713169,0.000354504022980414));
#8978=CARTESIAN_POINT('',(-0.0171535694229968,-0.0306814798553362,0.000469588149031461));
#8979=CARTESIAN_POINT('',(-0.0160398949620834,-0.0328197291507284,0.00077148518620445));
#8980=CARTESIAN_POINT('',(-0.0155437560522848,-0.0339190000628764,0.000956410838407091));
#8981=CARTESIAN_POINT('',(-0.0150770630009781,-0.0350078417818864,0.00119187522419095));
#8982=CARTESIAN_POINT('',(-0.0154109142506062,-0.0350220104096357,0.00100012051591094));
#8983=CARTESIAN_POINT('',(-7.12971348626468E-16,-0.053033008588992,0.00094889699000163));
#8984=CARTESIAN_POINT('',(-0.0153562950351525,-0.0333052564921759,0.00100267341141884));
#8985=CARTESIAN_POINT('',(-0.0145251173813188,-0.0341400444769826,0.00100012051591094));
#8986=CARTESIAN_POINT('',(-0.0154070812429617,-0.033254249687701,0.00100282939718336));
#8987=CARTESIAN_POINT('',(-0.0162928781122491,-0.0341362156203541,0.00100282939718336));
#8988=CARTESIAN_POINT('',(0.035121326670498,0.0152916862608954,0.000999879484089056));
#8989=CARTESIAN_POINT('',(0.0360071235397854,0.0161736521935485,0.000999879484089056));
#8990=CARTESIAN_POINT('',(0.036701229955359,0.0154765308342031,0.001002011376281));
#8991=CARTESIAN_POINT('',(0.0368890874014283,0.0152878574042671,0.00100258836536147));
#8992=CARTESIAN_POINT('',(0.0530330085889911,2.08166817117217E-17,0.00105075078335937));
#8993=CARTESIAN_POINT('',(0.0350796361766188,0.013561947464235,0.00100247208912846));
#8994=CARTESIAN_POINT('',(0.0342355298012105,0.0144097203282423,0.000999879484089057));
#8995=CARTESIAN_POINT('',(0.0351174936628535,0.0135239255389609,0.00100258836536147));
#8996=CARTESIAN_POINT('',(0.0360032905321409,0.014405891471614,0.00100258836536147));
#8997=CARTESIAN_POINT('',(-0.0145251173813188,-0.0341400444769826,0.00100012051591094));
#8998=CARTESIAN_POINT('',(-0.0153562950351525,-0.0333052564921759,0.005));
#8999=CARTESIAN_POINT('',(-0.0153562184573486,-0.0333051890424685,2.6733824520522E-6));
#9000=CARTESIAN_POINT('',(-0.0145251173813188,-0.0341400444769826,1.205159109241E-7));
#9001=CARTESIAN_POINT('',(-0.0154070090398394,-0.0332541777968678,2.82936660640798E-6));
#9002=CARTESIAN_POINT('',(-0.0154070812429617,-0.033254249687701,0.00100282939718336));
#9003=CARTESIAN_POINT('',(-0.0162928781122491,-0.0341362156203541,0.00100282939718336));
#9004=CARTESIAN_POINT('',(0.0271528460626702,0.00912161241029485,2.07389215206186E-7));
#9005=CARTESIAN_POINT('',(0.027150966219802,0.00911974069743907,-0.00874989640869943));
#9006=CARTESIAN_POINT('',(0.0333535659395677,0.0152955151175238,-1.41469859168109E-6));
#9007=CARTESIAN_POINT('',(-0.0162928781122491,-0.0341362156203541,0.));
#9008=CARTESIAN_POINT('',(0.0351251596781424,0.01705944698283,0.));
#9009=CARTESIAN_POINT('',(0.0351251596781424,0.01705944698283,-2.82939718336483E-6));
#9010=CARTESIAN_POINT('',(0.0351250684089466,0.0170593557555218,-2.82936119099182E-6));
#9011=CARTESIAN_POINT('',(0.0271528047961445,0.00912157590356831,2.61234668372931E-7));
#9012=CARTESIAN_POINT('',(0.027150966395894,0.00911974052005551,-0.0112498679466948));
#9013=CARTESIAN_POINT('',(-0.00920849153479706,-0.0270824679365494,-0.01125));
#9014=CARTESIAN_POINT('',(-0.00920849260567877,-0.0270824668105574,-0.0112498692652772));
#9015=CARTESIAN_POINT('',(-0.0092063227288882,-0.0270803039301029,2.58478980933313E-7));
#9016=CARTESIAN_POINT('',(-0.017178491581824,-0.0350179966562229,1.75286678065192E-10));
#9017=CARTESIAN_POINT('',(-0.0162928781122491,-0.0341362156203541,0.));
#9018=CARTESIAN_POINT('',(-0.0158753479426327,-0.0337204912051699,0.));
#9019=CARTESIAN_POINT('',(-0.0158753479426327,-0.0337204912051699,0.005));
#9020=CARTESIAN_POINT('',(-0.0158753479426327,-0.0337204912051699,0.000915386464374769));
#9021=CARTESIAN_POINT('',(-0.0157157732998636,-0.0335616066984428,0.000907871328397011));
#9022=CARTESIAN_POINT('',(-0.0157689653730095,-0.0336145687239686,0.000910355023230678));
#9023=CARTESIAN_POINT('',(-0.015822156925102,-0.0336675302306939,0.000912859885640265));
#9024=CARTESIAN_POINT('',(-0.0158753479426327,-0.0337204912051699,0.000915386464374761));
#9025=CARTESIAN_POINT('',(-0.00920635860073508,-0.0270803442271026,2.03484419101232E-7));
#9026=CARTESIAN_POINT('',(-0.00920849133320886,-0.0270824680886657,-0.00874989830249794));
#9027=CARTESIAN_POINT('',(-0.00920849153479705,-0.0270824679365494,-0.00875));
#9028=CARTESIAN_POINT('',(-0.0162967111198936,-0.0359039763422888,0.00100012051591094));
#9029=CARTESIAN_POINT('',(-0.015490095820132,-0.0367140952831631,0.005));
#9030=CARTESIAN_POINT('',(-0.015490095820132,-0.0367140952831631,0.));
#9031=CARTESIAN_POINT('',(-0.015490095820132,-0.0367140952831631,0.000997643061703807));
#9032=CARTESIAN_POINT('',(-0.0162967111198936,-0.0359039763422888,0.));
#9033=CARTESIAN_POINT('',(-0.0162573817771532,-0.0359432916668578,2.9914554086258E-12));
#9034=CARTESIAN_POINT('',(-0.0162967111198936,-0.0359039763422888,1.20515910925273E-7));
#9035=CARTESIAN_POINT('',(-0.015414654780185,-0.0367896787006151,-2.58833174144342E-6));
#9036=CARTESIAN_POINT('',(-0.0154147472582507,-0.0367897711315702,0.000997411634638528));
#9037=CARTESIAN_POINT('',(-0.0154147472582507,-0.0367897711315702,0.000997411634638528));
#9038=CARTESIAN_POINT('',(-0.0162967111198936,-0.0359039763422888,0.00100012051591094));
#9039=CARTESIAN_POINT('',(-0.0145289503889633,-0.0359078051989171,0.000997411634638528));
#9040=CARTESIAN_POINT('',(0.00985827945707018,-0.0116260464100365,0.000997411634638528));
#9041=CARTESIAN_POINT('',(0.00985827945707016,-0.0116260464100365,-0.00875));
#9042=CARTESIAN_POINT('',(0.00985827945707018,-0.0116260464100365,-0.00975));
#9043=CARTESIAN_POINT('',(-0.00744072458183069,-0.0288502348895157,-0.00875));
#9044=CARTESIAN_POINT('',(-0.00744072460156613,-0.0288502349091872,-0.0087498987695847));
#9045=CARTESIAN_POINT('',(-0.00744243140736835,-0.0288519343332928,2.02736418342348E-7));
#9046=CARTESIAN_POINT('',(-0.0136431535196759,-0.035025839266264,-1.29418268074624E-6));
#9047=CARTESIAN_POINT('',(-0.0145289503889633,-0.0359078051989171,0.));
#9048=CARTESIAN_POINT('',(-0.0141980849487211,-0.0355783707013436,0.));
#9049=CARTESIAN_POINT('',(-0.0141980849487211,-0.0355783707013436,0.005));
#9050=CARTESIAN_POINT('',(-0.0141980849487211,-0.0355783707013436,0.000997411634638528));
#9051=CARTESIAN_POINT('',(-0.0145289503889633,-0.0359078051989171,0.000997411634638528));
#9052=CARTESIAN_POINT('',(-0.00744239010883284,-0.028851897404443,2.57819157175007E-7));
#9053=CARTESIAN_POINT('',(-0.0074407247779007,-0.0288502347319966,-0.0112498696807115));
#9054=CARTESIAN_POINT('',(-0.00744072458183069,-0.0288502348895157,-0.01125));
#9055=CARTESIAN_POINT('',(0.0289187342232461,0.00735197259788253,-0.011249867559391));
#9056=CARTESIAN_POINT('',(0.0289167373731778,0.00734998238534171,2.619559439277E-7));
#9057=CARTESIAN_POINT('',(0.0368889960784236,0.0152877668289623,2.58833822223287E-6));
#9058=CARTESIAN_POINT('',(0.0368890874014283,0.0152878574042671,2.58836536146571E-6));
#9059=CARTESIAN_POINT('',(0.0351174936628535,0.0135239255389609,2.58836536146602E-6));
#9060=CARTESIAN_POINT('',(0.0351174231327898,0.013523855313908,2.58833827055369E-6));
#9061=CARTESIAN_POINT('',(0.0289167743160213,0.0073500233595048,2.06641420936617E-7));
#9062=CARTESIAN_POINT('',(0.0289187329506367,0.00735197387606965,-0.00874989676534998));
#9063=CARTESIAN_POINT('',(-0.00744072458183069,-0.0288502348895157,-0.00875));
#9064=CARTESIAN_POINT('',(0.0116298773556666,-0.0098621104027002,-0.00875));
#9065=CARTESIAN_POINT('',(0.0116298773556666,-0.00986211040270021,0.000997411634638528));
#9066=CARTESIAN_POINT('',(0.0116298773556666,-0.00986211040270021,-0.00975));
#9067=CARTESIAN_POINT('',(-0.0145289503889633,-0.0359078051989171,-0.00975));
#9068=CARTESIAN_POINT('',(-0.00832439239198971,-0.0279661419036071,2.03110417614134E-7));
#9069=CARTESIAN_POINT('',(-0.0153561330828232,-0.0333051304286958,2.67335305471834E-6));
#9070=CARTESIAN_POINT('',(-0.01535613328252,-0.0333051305841393,1.78347282236253E-6));
#9071=CARTESIAN_POINT('',(-0.0153561333742339,-0.0333051306546367,8.93592572301261E-7));
#9072=CARTESIAN_POINT('',(-0.0153561333580836,-0.0333051306420653,3.71230419780253E-9));
#9073=CARTESIAN_POINT('',(-0.0153561333580154,-0.033305130642013,3.71230418634861E-9));
#9074=CARTESIAN_POINT('',(-0.0145249727522664,-0.0341399020040833,-3.47736580536523E-10));
#9075=CARTESIAN_POINT('',(-0.0144857356789116,-0.0341793095324859,4.71161877743642E-12));
#9076=CARTESIAN_POINT('',(-0.0145249727522724,-0.0341399020040894,2.13502650665694E-11));
#9077=CARTESIAN_POINT('',(-0.00832460805831385,-0.0279663514130325,-0.00875));
#9078=CARTESIAN_POINT('',(-0.00832435645956969,-0.027966100626387,2.58149069069388E-7));
#9079=CARTESIAN_POINT('',(-0.016296524167448,-0.0359037945025435,2.06606355122848E-11));
#9080=CARTESIAN_POINT('',(-0.00832460805831385,-0.0279663514130325,-0.01125));
#9081=CARTESIAN_POINT('',(0.0280348128014093,0.00823581526149194,2.07015316964052E-7));
#9082=CARTESIAN_POINT('',(0.0350795150080552,0.0135617870581196,2.47203656356138E-6));
#9083=CARTESIAN_POINT('',(0.0350795151379245,0.0135617872300443,1.6480303619816E-6));
#9084=CARTESIAN_POINT('',(0.0350795151960698,0.0135617873081071,8.24011017962337E-7));
#9085=CARTESIAN_POINT('',(0.0350795151842229,0.0135617872924237,4.78850138507076E-12));
#9086=CARTESIAN_POINT('',(0.0350795755921179,0.0135618672611593,2.47207836885626E-6));
#9087=CARTESIAN_POINT('',(0.0350795151842229,0.0135617872924237,2.39433357385186E-12));
#9088=CARTESIAN_POINT('',(0.0342353894688039,0.0144095790731186,3.6254101081324E-10));
#9089=CARTESIAN_POINT('',(0.0342746265662541,0.0143701715676741,4.70985753171774E-12));
#9090=CARTESIAN_POINT('',(0.0342353894687981,0.014409579073113,2.13439108592331E-11));
#9091=CARTESIAN_POINT('',(0.028034849674019,0.00823585719880789,-0.00875));
#9092=CARTESIAN_POINT('',(0.0342355298012105,0.0144097203282423,-1.2051591094508E-7));
#9093=CARTESIAN_POINT('',(0.0280347710442211,0.00823577918507066,2.6159530613378E-7));
#9094=CARTESIAN_POINT('',(0.0360071235397854,0.0161736521935485,-1.20515910945409E-7));
#9095=CARTESIAN_POINT('',(0.0360462711293325,0.0161341521737252,2.99132421775046E-12));
#9096=CARTESIAN_POINT('',(0.036006938948069,0.0161734728661043,-1.00616237245371E-11));
#9097=CARTESIAN_POINT('',(0.036701053052065,0.0154763441529281,1.39876403525232E-10));
#9098=CARTESIAN_POINT('',(0.0367010530531012,0.0154763441529386,5.98976816363508E-12));
#9099=CARTESIAN_POINT('',(0.0367010530638403,0.0154763441642715,6.70450766255466E-7));
#9100=CARTESIAN_POINT('',(0.0367010530323,0.0154763441320704,1.340891480715E-6));
#9101=CARTESIAN_POINT('',(0.0367010529605564,0.0154763440563604,2.01133624922759E-6));
#9102=CARTESIAN_POINT('',(0.0367011414579573,0.0154764374452813,2.01136032322112E-6));
#9103=CARTESIAN_POINT('',(0.0360071235397854,0.0161736521935485,-1.20515910945409E-7));
#9104=CARTESIAN_POINT('',(0.028034849674019,0.00823585719880789,-0.01125));
#9105=CARTESIAN_POINT('',(0.0342355298012105,0.0144097203282423,-1.20515910947085E-7));
#9106=CARTESIAN_POINT('',(0.0350796361766188,0.013561947464235,0.005));
#9107=CARTESIAN_POINT('',(0.0360071235397854,0.0161736521935485,-1.20515910948258E-7));
#9108=CARTESIAN_POINT('',(0.0360071235397854,0.0161736521935485,0.));
#9109=CARTESIAN_POINT('',(0.0360071235397854,0.0161736521935485,-1.20515910948258E-7));
#9110=CARTESIAN_POINT('',(0.036701229955359,0.0154765308342031,0.005));
#9111=CARTESIAN_POINT('',(-0.0154109142506062,-0.0350220104096357,0.00100012051591094));
#9112=CARTESIAN_POINT('',(-6.93889390390723E-18,-0.0530330085889911,0.00094889699000163));
#9113=CARTESIAN_POINT('',(-0.00832460805831387,-0.0279663514130325,-0.00875));
#9114=CARTESIAN_POINT('',(0.00893698820087616,-0.0107047551538425,-0.00875));
#9115=CARTESIAN_POINT('',(0.00813172928463914,-0.00989949623760551,-0.00875));
#9116=CARTESIAN_POINT('',(0.00901561276112233,-0.00901561276112232,-0.00875));
#9117=CARTESIAN_POINT('',(0.00989949623760551,-0.00813172928463914,-0.00875));
#9118=CARTESIAN_POINT('',(0.0107047551538425,-0.00893698820087615,-0.00875));
#9119=CARTESIAN_POINT('',(-0.00832460805831387,-0.0279663514130325,-0.01125));
#9120=CARTESIAN_POINT('',(0.,0.,0.));
#9121=CARTESIAN_POINT('',(-0.0530330085889911,-2.42861286636753E-17,0.));
#9122=CARTESIAN_POINT('',(-0.053033008588991,-4.77048955893622E-17,0.));
#9123=CARTESIAN_POINT('',(-0.0643955188680013,-0.0196804451047694,3.12733878441639E-19));
#9124=CARTESIAN_POINT('',(-0.0635294934642169,-0.0201804451047694,0.));
#9125=CARTESIAN_POINT('',(-0.0652615442717858,-0.0191804451047694,0.));
#9126=CARTESIAN_POINT('',(-0.0406407818455277,0.0234639663385923,0.));
#9127=CARTESIAN_POINT('',(-0.0662615442717858,-0.0209124959123383,2.35727044409946E-19));
#9128=CARTESIAN_POINT('',(-0.0653955188680013,-0.0214124959123383,3.40257187179087E-19));
#9129=CARTESIAN_POINT('',(-0.0645294934642169,-0.0219124959123383,0.));
#9130=CARTESIAN_POINT('',(-0.0389087310379589,0.0224639663385923,0.));
#9131=CARTESIAN_POINT('',(-0.0757580291470116,-2.49725632469351E-17,-1.39150618434688E-18));
#9132=CARTESIAN_POINT('',(-0.0757580291470116,-0.00100000000000002,0.));
#9133=CARTESIAN_POINT('',(-0.0757580291470116,0.000999999999999971,0.));
#9134=CARTESIAN_POINT('',(-5.43669134860365E-19,0.00100000000000001,0.));
#9135=CARTESIAN_POINT('',(-0.0777580291470116,0.000999999999999976,-1.66179880984254E-18));
#9136=CARTESIAN_POINT('',(-0.0777580291470116,-1.77887399831984E-17,-1.51397086426162E-18));
#9137=CARTESIAN_POINT('',(-0.0777580291470116,-0.00100000000000002,0.));
#9138=CARTESIAN_POINT('',(5.43669134860345E-19,-0.000999999999999976,0.));
#9139=CARTESIAN_POINT('',(-0.0303079880309706,-1.38777878078145E-17,-1.39150618434688E-18));
#9140=CARTESIAN_POINT('',(-0.0303079880309706,0.000999999999999978,0.));
#9141=CARTESIAN_POINT('',(-0.0303079880309706,-0.001,0.));
#9142=CARTESIAN_POINT('',(6.66133814775087E-19,-0.000999999999999989,0.));
#9143=CARTESIAN_POINT('',(-0.0283079880309705,-0.00100000000000001,-1.48860759859544E-18));
#9144=CARTESIAN_POINT('',(-0.0283079880309705,-2.08166817117217E-17,-1.51397086426162E-18));
#9145=CARTESIAN_POINT('',(-0.0283079880309705,0.00099999999999998,0.));
#9146=CARTESIAN_POINT('',(-6.66133814775093E-19,0.001,0.));
#9147=CARTESIAN_POINT('',(-0.0416704983099808,0.0196804451047694,-3.0957462471354E-18));
#9148=CARTESIAN_POINT('',(-0.0425365237137653,0.0201804451047694,0.));
#9149=CARTESIAN_POINT('',(-0.0408044729061964,0.0191804451047694,0.));
#9150=CARTESIAN_POINT('',(-0.0389087310379589,0.0224639663385923,0.));
#9151=CARTESIAN_POINT('',(-0.0398044729061964,0.0209124959123382,-3.38613345284792E-18));
#9152=CARTESIAN_POINT('',(-0.0406704983099808,0.0214124959123383,-3.36819891570232E-18));
#9153=CARTESIAN_POINT('',(-0.0415365237137653,0.0219124959123382,0.));
#9154=CARTESIAN_POINT('',(-0.0406407818455277,0.0234639663385923,0.));
#9155=CARTESIAN_POINT('',(-0.0643955188680013,0.0196804451047694,-3.0957462471354E-18));
#9156=CARTESIAN_POINT('',(-0.0652615442717858,0.0191804451047694,0.));
#9157=CARTESIAN_POINT('',(-0.0635294934642169,0.0201804451047694,0.));
#9158=CARTESIAN_POINT('',(-0.0389087310379589,-0.0224639663385923,0.));
#9159=CARTESIAN_POINT('',(-0.0645294934642169,0.0219124959123382,-3.47272905847146E-18));
#9160=CARTESIAN_POINT('',(-0.0653955188680013,0.0214124959123383,-3.36819891570232E-18));
#9161=CARTESIAN_POINT('',(-0.0662615442717858,0.0209124959123382,0.));
#9162=CARTESIAN_POINT('',(-0.0406407818455277,-0.0234639663385923,0.));
#9163=CARTESIAN_POINT('',(-0.0416704983099808,-0.0196804451047694,3.1273387844164E-19));
#9164=CARTESIAN_POINT('',(-0.0408044729061964,-0.0191804451047694,0.));
#9165=CARTESIAN_POINT('',(-0.0425365237137653,-0.0201804451047694,0.));
#9166=CARTESIAN_POINT('',(-0.0406407818455277,-0.0234639663385923,0.));
#9167=CARTESIAN_POINT('',(-0.0415365237137653,-0.0219124959123383,3.22322650033496E-19));
#9168=CARTESIAN_POINT('',(-0.0406704983099809,-0.0214124959123383,3.40257187179089E-19));
#9169=CARTESIAN_POINT('',(-0.0398044729061964,-0.0209124959123383,0.));
#9170=CARTESIAN_POINT('',(-0.0389087310379589,-0.0224639663385923,0.));
#9171=CARTESIAN_POINT('',(0.,0.,0.));
#9172=CARTESIAN_POINT('',(1.04083408558608E-17,0.0530330085889911,0.));
#9173=CARTESIAN_POINT('',(0.0196804451047694,0.0643955188680013,-6.96787514016415E-18));
#9174=CARTESIAN_POINT('',(0.0201804451047694,0.0635294934642169,0.));
#9175=CARTESIAN_POINT('',(0.0191804451047694,0.0652615442717858,0.));
#9176=CARTESIAN_POINT('',(-0.0224639663385923,0.0389087310379589,0.));
#9177=CARTESIAN_POINT('',(0.0219124959123382,0.0645294934642169,-7.04070909141898E-18));
#9178=CARTESIAN_POINT('',(0.0214124959123383,0.0653955188680013,-7.17693542570244E-18));
#9179=CARTESIAN_POINT('',(0.0209124959123382,0.0662615442717858,0.));
#9180=CARTESIAN_POINT('',(-0.0234639663385923,0.0406407818455277,0.));
#9181=CARTESIAN_POINT('',(-8.67076005675923E-18,0.0757580291470116,-7.95181859917885E-18));
#9182=CARTESIAN_POINT('',(0.000999999999999983,0.0757580291470116,0.));
#9183=CARTESIAN_POINT('',(-0.001,0.0757580291470116,0.));
#9184=CARTESIAN_POINT('',(0.000999999999999976,-9.95799250102934E-20,0.));
#9185=CARTESIAN_POINT('',(0.000999999999999984,0.0777580291470116,-8.18624215038332E-18));
#9186=CARTESIAN_POINT('',(-1.67427617401961E-17,0.0777580291470116,-8.24747449034068E-18));
#9187=CARTESIAN_POINT('',(-0.001,0.0777580291470116,0.));
#9188=CARTESIAN_POINT('',(-0.00100000000000001,9.9579925010297E-20,0.));
#9189=CARTESIAN_POINT('',(4.18337350995582E-19,0.0303079880309706,-4.01604476312007E-18));
#9190=CARTESIAN_POINT('',(-0.001,0.0303079880309706,0.));
#9191=CARTESIAN_POINT('',(0.001,0.0303079880309706,0.));
#9192=CARTESIAN_POINT('',(-0.001,2.22044604925031E-19,0.));
#9193=CARTESIAN_POINT('',(-0.001,0.0283079880309706,-3.90408589183033E-18));
#9194=CARTESIAN_POINT('',(8.24540967460294E-18,0.0283079880309705,-3.9653182317877E-18));
#9195=CARTESIAN_POINT('',(0.001,0.0283079880309705,0.));
#9196=CARTESIAN_POINT('',(0.001,-2.22044604925029E-19,0.));
#9197=CARTESIAN_POINT('',(-3.60302065960383E-15,0.0530330085889873,0.));
#9198=CARTESIAN_POINT('',(0.0249999999999911,0.0530330085889873,0.));
#9199=CARTESIAN_POINT('',(-0.0196804451047694,0.0416704983099808,-4.99998822213476E-18));
#9200=CARTESIAN_POINT('',(-0.0201804451047694,0.0425365237137653,0.));
#9201=CARTESIAN_POINT('',(-0.0191804451047694,0.0408044729061964,0.));
#9202=CARTESIAN_POINT('',(-0.0234639663385923,0.0406407818455277,0.));
#9203=CARTESIAN_POINT('',(-0.0219124959123382,0.0415365237137653,-5.04961895079467E-18));
#9204=CARTESIAN_POINT('',(-0.0214124959123383,0.0406704983099808,-5.03585729642595E-18));
#9205=CARTESIAN_POINT('',(-0.0209124959123382,0.0398044729061964,0.));
#9206=CARTESIAN_POINT('',(-0.0224639663385923,0.0389087310379589,0.));
#9207=CARTESIAN_POINT('',(-0.0196804451047694,0.0643955188680013,-6.96787514016416E-18));
#9208=CARTESIAN_POINT('',(-0.0191804451047694,0.0652615442717857,0.));
#9209=CARTESIAN_POINT('',(-0.0201804451047694,0.0635294934642169,0.));
#9210=CARTESIAN_POINT('',(0.0234639663385923,0.0406407818455277,0.));
#9211=CARTESIAN_POINT('',(-0.0209124959123382,0.0662615442717857,-7.19069708007116E-18));
#9212=CARTESIAN_POINT('',(-0.0214124959123383,0.0653955188680013,-7.17693542570244E-18));
#9213=CARTESIAN_POINT('',(-0.0219124959123382,0.0645294934642169,0.));
#9214=CARTESIAN_POINT('',(0.0224639663385923,0.0389087310379589,0.));
#9215=CARTESIAN_POINT('',(0.0196804451047694,0.0416704983099808,-4.99998822213476E-18));
#9216=CARTESIAN_POINT('',(0.0191804451047694,0.0408044729061964,0.));
#9217=CARTESIAN_POINT('',(0.0201804451047694,0.0425365237137653,0.));
#9218=CARTESIAN_POINT('',(0.0224639663385923,0.0389087310379589,0.));
#9219=CARTESIAN_POINT('',(0.0209124959123382,0.0398044729061964,-4.89963096214249E-18));
#9220=CARTESIAN_POINT('',(0.0214124959123383,0.0406704983099809,-5.03585729642595E-18));
#9221=CARTESIAN_POINT('',(0.0219124959123382,0.0415365237137653,0.));
#9222=CARTESIAN_POINT('',(0.0234639663385923,0.0406407818455278,0.));
#9223=CARTESIAN_POINT('',(0.,0.,0.));
#9224=CARTESIAN_POINT('',(-7.12971348626468E-16,-0.053033008588992,0.));
#9225=CARTESIAN_POINT('',(-6.93889390390723E-18,-0.0530330085889911,0.));
#9226=CARTESIAN_POINT('',(-0.0196804451047694,-0.0643955188680013,-3.55939501458711E-18));
#9227=CARTESIAN_POINT('',(-0.0201804451047694,-0.0635294934642169,0.));
#9228=CARTESIAN_POINT('',(-0.0191804451047694,-0.0652615442717858,0.));
#9229=CARTESIAN_POINT('',(0.0224639663385923,-0.0389087310379589,0.));
#9230=CARTESIAN_POINT('',(-0.0219124959123382,-0.0645294934642169,-3.24565738291402E-18));
#9231=CARTESIAN_POINT('',(-0.0214124959123383,-0.0653955188680013,-3.46847932282103E-18));
#9232=CARTESIAN_POINT('',(-0.0209124959123382,-0.0662615442717858,0.));
#9233=CARTESIAN_POINT('',(0.0234639663385923,-0.0406407818455277,0.));
#9234=CARTESIAN_POINT('',(-8.15090159508796E-18,-0.0757580291470116,-7.95181859917885E-18));
#9235=CARTESIAN_POINT('',(-0.001,-0.0757580291470116,0.));
#9236=CARTESIAN_POINT('',(0.000999999999999988,-0.0757580291470116,0.));
#9237=CARTESIAN_POINT('',(-0.000999999999999976,3.21624529935319E-19,0.));
#9238=CARTESIAN_POINT('',(-0.001,-0.0777580291470116,-8.01305093913622E-18));
#9239=CARTESIAN_POINT('',(-5.22989121501198E-19,-0.0777580291470116,-8.24747449034069E-18));
#9240=CARTESIAN_POINT('',(0.001,-0.0777580291470116,0.));
#9241=CARTESIAN_POINT('',(0.00100000000000001,-3.21624529935331E-19,0.));
#9242=CARTESIAN_POINT('',(-7.14806257940502E-18,-0.0303079880309706,-4.01604476312006E-18));
#9243=CARTESIAN_POINT('',(0.000999999999999985,-0.0303079880309706,0.));
#9244=CARTESIAN_POINT('',(-0.001,-0.0303079880309706,0.));
#9245=CARTESIAN_POINT('',(0.001,-4.44089209850061E-19,0.));
#9246=CARTESIAN_POINT('',(0.000999999999999986,-0.0283079880309706,-4.07727710307743E-18));
#9247=CARTESIAN_POINT('',(-1.45310456931623E-17,-0.0283079880309705,-3.9653182317877E-18));
#9248=CARTESIAN_POINT('',(-0.001,-0.0283079880309705,0.));
#9249=CARTESIAN_POINT('',(-0.001,4.44089209850058E-19,0.));
#9250=CARTESIAN_POINT('',(0.0196804451047694,-0.0416704983099808,-8.4084683477118E-18));
#9251=CARTESIAN_POINT('',(0.0201804451047694,-0.0425365237137653,0.));
#9252=CARTESIAN_POINT('',(0.0191804451047694,-0.0408044729061964,0.));
#9253=CARTESIAN_POINT('',(0.0234639663385923,-0.0406407818455277,0.));
#9254=CARTESIAN_POINT('',(0.0219124959123382,-0.0415365237137653,-8.84467065929963E-18));
#9255=CARTESIAN_POINT('',(0.0214124959123383,-0.0406704983099808,-8.74431339930736E-18));
#9256=CARTESIAN_POINT('',(0.0209124959123382,-0.0398044729061964,0.));
#9257=CARTESIAN_POINT('',(0.0224639663385923,-0.0389087310379589,0.));
#9258=CARTESIAN_POINT('',(0.0196804451047694,-0.0643955188680013,-1.03763552657412E-17));
#9259=CARTESIAN_POINT('',(0.0191804451047694,-0.0652615442717857,0.));
#9260=CARTESIAN_POINT('',(0.0201804451047694,-0.0635294934642169,0.));
#9261=CARTESIAN_POINT('',(-0.0234639663385923,-0.0406407818455277,0.));
#9262=CARTESIAN_POINT('',(0.0209124959123382,-0.0662615442717858,-1.0812557577329E-17));
#9263=CARTESIAN_POINT('',(0.0214124959123383,-0.0653955188680013,-1.08853915285838E-17));
#9264=CARTESIAN_POINT('',(0.0219124959123382,-0.0645294934642169,0.));
#9265=CARTESIAN_POINT('',(-0.0224639663385923,-0.0389087310379589,0.));
#9266=CARTESIAN_POINT('',(-0.0196804451047694,-0.0416704983099808,-1.59150809655772E-18));
#9267=CARTESIAN_POINT('',(-0.0191804451047694,-0.0408044729061964,0.));
#9268=CARTESIAN_POINT('',(-0.0201804451047694,-0.0425365237137653,0.));
#9269=CARTESIAN_POINT('',(-0.0224639663385923,-0.0389087310379589,0.));
#9270=CARTESIAN_POINT('',(-0.0209124959123383,-0.0398044729061964,-1.27777046488462E-18));
#9271=CARTESIAN_POINT('',(-0.0214124959123383,-0.0406704983099809,-1.32740119354453E-18));
#9272=CARTESIAN_POINT('',(-0.0219124959123383,-0.0415365237137653,0.));
#9273=CARTESIAN_POINT('',(-0.0234639663385923,-0.0406407818455277,0.));
#9274=CARTESIAN_POINT('',(0.,0.,0.));
#9275=CARTESIAN_POINT('',(0.0530330085889911,2.08166817117217E-17,0.));
#9276=CARTESIAN_POINT('',(0.0643955188680013,0.0196804451047694,-1.08400040331929E-17));
#9277=CARTESIAN_POINT('',(0.0635294934642169,0.0201804451047694,0.));
#9278=CARTESIAN_POINT('',(0.0652615442717858,0.0191804451047694,0.));
#9279=CARTESIAN_POINT('',(0.0406407818455277,-0.0234639663385923,0.));
#9280=CARTESIAN_POINT('',(0.0662615442717858,0.0209124959123382,-1.12401900671239E-17));
#9281=CARTESIAN_POINT('',(0.0653955188680013,0.0214124959123383,-1.09856719357026E-17));
#9282=CARTESIAN_POINT('',(0.0645294934642169,0.0219124959123382,0.));
#9283=CARTESIAN_POINT('',(0.0389087310379589,-0.0224639663385923,0.));
#9284=CARTESIAN_POINT('',(0.0757580291470116,8.15090159508796E-18,-1.45121310140108E-17));
#9285=CARTESIAN_POINT('',(0.0757580291470116,0.001,0.));
#9286=CARTESIAN_POINT('',(0.0757580291470116,-0.000999999999999988,0.));
#9287=CARTESIAN_POINT('',(3.21624529935331E-19,-0.00100000000000001,0.));
#9288=CARTESIAN_POINT('',(0.0777580291470116,-0.001,-1.51288060620006E-17));
#9289=CARTESIAN_POINT('',(0.0777580291470116,5.22989121501199E-19,-1.49809781164197E-17));
#9290=CARTESIAN_POINT('',(0.0777580291470116,0.001,0.));
#9291=CARTESIAN_POINT('',(-3.21624529935319E-19,0.000999999999999976,0.));
#9292=CARTESIAN_POINT('',(0.0303079880309706,7.14806257940502E-18,-6.64058334189324E-18));
#9293=CARTESIAN_POINT('',(0.0303079880309706,-0.000999999999999985,0.));
#9294=CARTESIAN_POINT('',(0.0303079880309706,0.001,0.));
#9295=CARTESIAN_POINT('',(-4.44089209850058E-19,0.001,0.));
#9296=CARTESIAN_POINT('',(0.0283079880309705,0.001,-6.3913023336476E-18));
#9297=CARTESIAN_POINT('',(0.0283079880309705,1.45310456931623E-17,-6.41666559931378E-18));
#9298=CARTESIAN_POINT('',(0.0283079880309705,-0.000999999999999986,0.));
#9299=CARTESIAN_POINT('',(4.44089209850061E-19,-0.001,0.));
#9300=CARTESIAN_POINT('',(0.0530330085889911,9.54097911787244E-18,0.));
#9301=CARTESIAN_POINT('',(0.0780330085889911,9.54097911787244E-18,0.));
#9302=CARTESIAN_POINT('',(0.0416704983099808,-0.0196804451047694,-1.03127103227112E-17));
#9303=CARTESIAN_POINT('',(0.0425365237137653,-0.0201804451047694,0.));
#9304=CARTESIAN_POINT('',(0.0408044729061964,-0.0191804451047694,0.));
#9305=CARTESIAN_POINT('',(0.0389087310379589,-0.0224639663385923,0.));
#9306=CARTESIAN_POINT('',(0.0398044729061964,-0.0209124959123382,-1.02799183285244E-17));
#9307=CARTESIAN_POINT('',(0.0406704983099808,-0.0214124959123383,-1.0411971780031E-17));
#9308=CARTESIAN_POINT('',(0.0415365237137653,-0.0219124959123382,0.));
#9309=CARTESIAN_POINT('',(0.0406407818455277,-0.0234639663385923,0.));
#9310=CARTESIAN_POINT('',(0.0643955188680013,-0.0196804451047694,-1.42484841587699E-17));
#9311=CARTESIAN_POINT('',(0.0652615442717857,-0.0191804451047694,0.));
#9312=CARTESIAN_POINT('',(0.0635294934642169,-0.0201804451047694,0.));
#9313=CARTESIAN_POINT('',(0.0389087310379589,0.0224639663385923,0.));
#9314=CARTESIAN_POINT('',(0.0645294934642169,-0.0219124959123382,-1.46486701927009E-17));
#9315=CARTESIAN_POINT('',(0.0653955188680013,-0.0214124959123383,-1.4694128038584E-17));
#9316=CARTESIAN_POINT('',(0.0662615442717857,-0.0209124959123382,0.));
#9317=CARTESIAN_POINT('',(0.0406407818455277,0.0234639663385923,0.));
#9318=CARTESIAN_POINT('',(0.0416704983099808,0.0196804451047694,-6.90423019713412E-18));
#9319=CARTESIAN_POINT('',(0.0408044729061964,0.0191804451047694,0.));
#9320=CARTESIAN_POINT('',(0.0425365237137653,0.0201804451047694,0.));
#9321=CARTESIAN_POINT('',(0.0406407818455277,0.0234639663385923,0.));
#9322=CARTESIAN_POINT('',(0.0415365237137653,0.0219124959123383,-6.87143820294735E-18));
#9323=CARTESIAN_POINT('',(0.0406704983099809,0.0214124959123383,-6.70351567714957E-18));
#9324=CARTESIAN_POINT('',(0.0398044729061964,0.0209124959123383,0.));
#9325=CARTESIAN_POINT('',(0.0389087310379589,0.0224639663385923,0.));
#9326=CARTESIAN_POINT('',(-0.053033008588991,-4.77048955893622E-17,0.005));
#9327=CARTESIAN_POINT('',(-0.053033008588991,-4.77048955893622E-17,0.0035));
#9328=CARTESIAN_POINT('',(-0.0280330085889911,-4.77048955893622E-17,0.0035));
#9329=CARTESIAN_POINT('',(-0.0280530165953975,-0.001,0.0035));
#9330=CARTESIAN_POINT('',(-0.053033008588991,-4.77048955893622E-17,0.0035));
#9331=CARTESIAN_POINT('',(-0.0280530165953975,0.001,0.0035));
#9332=CARTESIAN_POINT('',(-0.0280530165953975,0.001,0.005));
#9333=CARTESIAN_POINT('',(-0.0280530165953975,0.001,0.0015));
#9334=CARTESIAN_POINT('',(-0.053033008588991,-4.77048955893622E-17,0.0015));
#9335=CARTESIAN_POINT('',(-0.0280330085889911,-4.77048955893622E-17,0.0015));
#9336=CARTESIAN_POINT('',(-0.053033008588991,-4.77048955893622E-17,0.0015));
#9337=CARTESIAN_POINT('',(-0.0280530165953975,-0.001,0.0015));
#9338=CARTESIAN_POINT('',(-0.0280530165953975,-0.001,0.005));
#9339=CARTESIAN_POINT('',(-0.0336230832962034,0.0157561035833229,0.0034481742948767));
#9340=CARTESIAN_POINT('',(-0.0336092019499308,0.0157390031693348,0.0026026717821145));
#9341=CARTESIAN_POINT('',(-0.0335957273095078,0.0157223576555413,0.00175715346723891));
#9342=CARTESIAN_POINT('',(-0.0335826424865009,0.0157061535227152,0.000911620601353039));
#9343=CARTESIAN_POINT('',(-0.0336230832962034,0.0157561035833229,0.0034481742948767));
#9344=CARTESIAN_POINT('',(-0.0335826424865009,0.0157061535227152,0.000911620601353039));
#9345=CARTESIAN_POINT('',(-0.0353881954861347,0.0177104650013845,0.00353125156891174));
#9346=CARTESIAN_POINT('',(-0.034766250220279,0.0170908252587029,0.0034916833052729));
#9347=CARTESIAN_POINT('',(-0.034176854218616,0.0164382933250001,0.00346508735913886));
#9348=CARTESIAN_POINT('',(-0.0336230832962034,0.0157561035833229,0.0034481742948767));
#9349=CARTESIAN_POINT('',(-0.0353881954861347,0.0177104650013845,0.00353125156891174));
#9350=CARTESIAN_POINT('',(-0.0353364128028079,0.0176587229883829,0.000984118503773273));
#9351=CARTESIAN_POINT('',(-0.0353532187078924,0.0176755649372201,0.00183318021880556));
#9352=CARTESIAN_POINT('',(-0.0353704878167155,0.0176928229735007,0.00268222443160669));
#9353=CARTESIAN_POINT('',(-0.0353881954861347,0.0177104650013845,0.00353125156891174));
#9354=CARTESIAN_POINT('',(-0.0353364128028079,0.0176587229883828,0.000984118503773273));
#9355=CARTESIAN_POINT('',(-0.0335826424865009,0.0157061535227152,0.000911620601353039));
#9356=CARTESIAN_POINT('',(-0.0341327276691531,0.0163873743050453,0.000925978218188384));
#9357=CARTESIAN_POINT('',(-0.0347183500533405,0.0170393346750265,0.000949183764193976));
#9358=CARTESIAN_POINT('',(-0.0353364128028072,0.0176587229883832,0.000984118503773205));
#9359=CARTESIAN_POINT('',(-0.053033008588991,-4.77048955893622E-17,0.005));
#9360=CARTESIAN_POINT('',(-0.028033008588991,-4.77048955893622E-17,0.005));
#9361=CARTESIAN_POINT('',(-0.0353380843223702,-0.0176603979343206,0.00095076731967087));
#9362=CARTESIAN_POINT('',(-0.0347707521795674,-0.0170919566490081,0.00091724639783046));
#9363=CARTESIAN_POINT('',(-0.0342307776372582,-0.0164961164212838,0.000893333998765465));
#9364=CARTESIAN_POINT('',(-0.0337204912051766,-0.0158753479426395,0.000877077329306308));
#9365=CARTESIAN_POINT('',(-0.0353380843223702,-0.0176603979343205,0.00095076731967087));
#9366=CARTESIAN_POINT('',(-0.0353874593440071,-0.0177097315576168,0.00349834437096284));
#9367=CARTESIAN_POINT('',(-0.0353706557545156,-0.0176929888664642,0.00264916455286016));
#9368=CARTESIAN_POINT('',(-0.0353541703752469,-0.0176765154356622,0.00179997313274245));
#9369=CARTESIAN_POINT('',(-0.0353380843223702,-0.0176603979343205,0.00095076731967087));
#9370=CARTESIAN_POINT('',(-0.0353874593440071,-0.0177097315576168,0.00349834437096284));
#9371=CARTESIAN_POINT('',(-0.0336223870518017,-0.0157552458419411,0.00341089045030652));
#9372=CARTESIAN_POINT('',(-0.0341761297909319,-0.0164374624729003,0.00342949178383927));
#9373=CARTESIAN_POINT('',(-0.0347655474760651,-0.0170900735771384,0.00345774465152509));
#9374=CARTESIAN_POINT('',(-0.035387459344007,-0.0177097315576169,0.00349834437096282));
#9375=CARTESIAN_POINT('',(-0.0530330085889911,-2.42861286636753E-17,0.005));
#9376=CARTESIAN_POINT('',(-0.0530330085889911,-2.42861286636753E-17,0.005));
#9377=CARTESIAN_POINT('',(-0.0305330085889911,-2.42861286636753E-17,0.005));
#9378=CARTESIAN_POINT('',(0.,0.,0.005));
#9379=CARTESIAN_POINT('',(-0.029033008588991,0.,0.0035));
#9380=CARTESIAN_POINT('',(-0.0280330085889911,0.,0.0035));
#9381=CARTESIAN_POINT('',(-0.0280330085889911,-0.001,0.0035));
#9382=CARTESIAN_POINT('',(-0.029033008588991,-0.001,0.0035));
#9383=CARTESIAN_POINT('',(-0.029033008588991,2.16840434497101E-19,0.0015));
#9384=CARTESIAN_POINT('',(-0.029033008588991,-0.001,0.0015));
#9385=CARTESIAN_POINT('',(-0.0280330085889911,-0.001,0.0015));
#9386=CARTESIAN_POINT('',(-0.0280330085889911,2.16840434497101E-19,0.0015));
#9387=CARTESIAN_POINT('',(-0.0236880771694057,0.0236880771694056,0.000233994198184164));
#9388=CARTESIAN_POINT('',(-0.0243951839505922,0.0229809703882191,0.000233994198184163));
#9389=CARTESIAN_POINT('',(-0.0236987037270487,0.0222844901646755,0.000233994198184144));
#9390=CARTESIAN_POINT('',(-0.0236880771694057,0.0222738636070325,0.000233994198184163));
#9391=CARTESIAN_POINT('',(-0.0236987037270487,0.0222844901646755,0.000233994198184163));
#9392=CARTESIAN_POINT('',(-0.023456550274407,0.0225125337574627,0.000233994198184163));
#9393=CARTESIAN_POINT('',(-0.0232178796941711,0.0227440609416992,0.000233994198184163));
#9394=CARTESIAN_POINT('',(-0.0229827804432821,0.0229791601925881,0.000233994198184164));
#9395=CARTESIAN_POINT('',(-0.0229827804432821,0.0229791601925881,0.000233994198184164));
#9396=CARTESIAN_POINT('',(-0.0229809703882191,0.0229809703882191,0.000233994198184164));
#9397=CARTESIAN_POINT('',(-0.0236880771694057,0.0236880771694056,0.00223399419818417));
#9398=CARTESIAN_POINT('',(-0.0229809703882191,0.0243951839505921,0.00223399419818417));
#9399=CARTESIAN_POINT('',(-0.0222843720040522,0.0236985855664252,0.00223399419818417));
#9400=CARTESIAN_POINT('',(-0.0222738636070326,0.0236880771694056,0.00223399419818417));
#9401=CARTESIAN_POINT('',(-0.0222843720040522,0.0236985855664252,0.00223399419818417));
#9402=CARTESIAN_POINT('',(-0.0225120111591007,0.0234569384555206,0.00223399419818417));
#9403=CARTESIAN_POINT('',(-0.0227431485570912,0.0232187917906816,0.00223399419818417));
#9404=CARTESIAN_POINT('',(-0.0229777894852793,0.0229841508624935,0.00223399419818417));
#9405=CARTESIAN_POINT('',(-0.0229777894852792,0.0229841508624935,0.00223399419818417));
#9406=CARTESIAN_POINT('',(-0.0229809703882191,0.0229809703882191,0.00223399419818417));
#9407=CARTESIAN_POINT('',(-3.60302065960383E-15,0.0530330085889873,0.005));
#9408=CARTESIAN_POINT('',(-0.0157072995607435,0.0335835679669818,0.000872878483363211));
#9409=CARTESIAN_POINT('',(-0.0157228375104646,0.0335961163603043,0.00171889673000073));
#9410=CARTESIAN_POINT('',(-0.0157388277445537,0.0336090607829804,0.00256490072319717));
#9411=CARTESIAN_POINT('',(-0.015755245841941,0.0336223870518017,0.00341089045030651));
#9412=CARTESIAN_POINT('',(-0.0157072995607435,0.0335835679669818,0.00087287848336321));
#9413=CARTESIAN_POINT('',(-0.015755245841941,0.0336223870518017,0.00341089045030651));
#9414=CARTESIAN_POINT('',(-0.0176603979343205,0.0353380843223703,0.000950767319670868));
#9415=CARTESIAN_POINT('',(-0.0170408464338011,0.034719741690601,0.000914232433902313));
#9416=CARTESIAN_POINT('',(-0.0163887568550741,0.0341339104713205,0.000889096620926235));
#9417=CARTESIAN_POINT('',(-0.0157072995607435,0.0335835679669818,0.000872878483363209));
#9418=CARTESIAN_POINT('',(-0.0176603979343205,0.0353380843223703,0.000950767319670868));
#9419=CARTESIAN_POINT('',(-0.0177097315576168,0.0353874593440072,0.00349834437096284));
#9420=CARTESIAN_POINT('',(-0.0176929888664642,0.0353706557545157,0.00264916455286016));
#9421=CARTESIAN_POINT('',(-0.0176765154356623,0.0353541703752469,0.00179997313274245));
#9422=CARTESIAN_POINT('',(-0.0176603979343206,0.0353380843223703,0.000950767319670868));
#9423=CARTESIAN_POINT('',(-0.0177097315576168,0.0353874593440072,0.00349834437096284));
#9424=CARTESIAN_POINT('',(-0.015755245841941,0.0336223870518017,0.00341089045030651));
#9425=CARTESIAN_POINT('',(-0.0164374624729003,0.034176129790932,0.00342949178383927));
#9426=CARTESIAN_POINT('',(-0.0170900735771383,0.0347655474760651,0.00345774465152508));
#9427=CARTESIAN_POINT('',(-0.0177097315576168,0.035387459344007,0.00349834437096281));
#9428=CARTESIAN_POINT('',(0.0176603979343183,0.0353380843223753,0.000950767319671864));
#9429=CARTESIAN_POINT('',(0.017040846433799,0.0347197416906058,0.000914232433903222));
#9430=CARTESIAN_POINT('',(0.0163887568550721,0.034133910471325,0.000889096620927074));
#9431=CARTESIAN_POINT('',(0.0157072995607416,0.033583567966986,0.000872878483363987));
#9432=CARTESIAN_POINT('',(0.0176603979343183,0.0353380843223753,0.000950767319671863));
#9433=CARTESIAN_POINT('',(0.0157072995607416,0.033583567966986,0.000872878483363988));
#9434=CARTESIAN_POINT('',(0.0157072995607416,0.033583567966986,0.000872878483363988));
#9435=CARTESIAN_POINT('',(0.0157228375104626,0.0335961163603086,0.00171889673000152));
#9436=CARTESIAN_POINT('',(0.0157388277445518,0.0336090607829847,0.00256490072319798));
#9437=CARTESIAN_POINT('',(0.0157552458419391,0.033622387051806,0.00341089045030734));
#9438=CARTESIAN_POINT('',(0.0157552458419391,0.033622387051806,0.00341089045030734));
#9439=CARTESIAN_POINT('',(0.0157552458419391,0.033622387051806,0.00341089045030734));
#9440=CARTESIAN_POINT('',(0.0164374624728983,0.0341761297909365,0.00342949178384016));
#9441=CARTESIAN_POINT('',(0.0170900735771364,0.0347655474760698,0.00345774465152605));
#9442=CARTESIAN_POINT('',(0.0177097315576147,0.0353874593440119,0.00349834437096387));
#9443=CARTESIAN_POINT('',(0.0177097315576146,0.0353874593440121,0.0034983443709639));
#9444=CARTESIAN_POINT('',(0.0177097315576146,0.0353874593440121,0.0034983443709639));
#9445=CARTESIAN_POINT('',(0.017692988866462,0.0353706557545207,0.00264916455286119));
#9446=CARTESIAN_POINT('',(0.0176765154356601,0.0353541703752519,0.00179997313274347));
#9447=CARTESIAN_POINT('',(0.0176603979343183,0.0353380843223753,0.000950767319671863));
#9448=CARTESIAN_POINT('',(-3.60302065960383E-15,0.0530330085889873,0.0035));
#9449=CARTESIAN_POINT('',(-0.00100000000000001,0.0280530165953988,0.0035));
#9450=CARTESIAN_POINT('',(-3.59191842935758E-15,0.0280330085889911,0.0035));
#9451=CARTESIAN_POINT('',(-3.60302065960383E-15,0.0530330085889873,0.0035));
#9452=CARTESIAN_POINT('',(0.000999999999999988,0.028053016595399,0.0035));
#9453=CARTESIAN_POINT('',(0.000999999999999988,0.028053016595399,0.005));
#9454=CARTESIAN_POINT('',(0.000999999999999987,0.028053016595399,0.0015));
#9455=CARTESIAN_POINT('',(-3.60302065960383E-15,0.0530330085889873,0.0015));
#9456=CARTESIAN_POINT('',(-3.59191842935758E-15,0.0280330085889911,0.0015));
#9457=CARTESIAN_POINT('',(-3.60302065960383E-15,0.0530330085889873,0.0015));
#9458=CARTESIAN_POINT('',(-0.00100000000000001,0.0280530165953988,0.0015));
#9459=CARTESIAN_POINT('',(-0.00100000000000001,0.0280530165953988,0.005));
#9460=CARTESIAN_POINT('',(-3.60302065960383E-15,0.0530330085889873,0.005));
#9461=CARTESIAN_POINT('',(0.0249999999999911,0.0530330085889873,0.005));
#9462=CARTESIAN_POINT('',(1.04083408558608E-17,0.0530330085889911,0.005));
#9463=CARTESIAN_POINT('',(1.04083408558608E-17,0.0530330085889911,0.005));
#9464=CARTESIAN_POINT('',(0.0225,0.0530330085889911,0.005));
#9465=CARTESIAN_POINT('',(0.,0.,0.005));
#9466=CARTESIAN_POINT('',(0.0154560060871739,0.0341431530214482,0.000978491875265525));
#9467=CARTESIAN_POINT('',(0.0157645636929222,0.033446832728121,0.000842722009832191));
#9468=CARTESIAN_POINT('',(0.0160889335617626,0.0327460633647347,0.000722640769745277));
#9469=CARTESIAN_POINT('',(0.0170087293316637,0.0309423342409128,0.00044919042180749));
#9470=CARTESIAN_POINT('',(0.0176260591182853,0.0298610626893646,0.000322759086130224));
#9471=CARTESIAN_POINT('',(0.0196653295508481,0.0266837289175927,4.22720849218062E-5));
#9472=CARTESIAN_POINT('',(0.0212235422636529,0.024738759048738,-8.68058954965351E-6));
#9473=CARTESIAN_POINT('',(0.0246858825140609,0.0212757085014233,8.42119354407162E-6));
#9474=CARTESIAN_POINT('',(0.0266070154051843,0.0197296540538488,8.49816701210605E-5));
#9475=CARTESIAN_POINT('',(0.0296446207713169,0.0177559406527378,0.000354504022980409));
#9476=CARTESIAN_POINT('',(0.0306814798553361,0.0171535694229968,0.000469588149031456));
#9477=CARTESIAN_POINT('',(0.0325296278980368,0.0161909897651533,0.000730526113351481));
#9478=CARTESIAN_POINT('',(0.0333246571090864,0.0158174744203707,0.000858555331517408));
#9479=CARTESIAN_POINT('',(0.0341199946575235,0.0154640954785798,0.00101103152926578));
#9480=CARTESIAN_POINT('',(0.0156942217926997,0.0337596266077415,0.00343739830843243));
#9481=CARTESIAN_POINT('',(0.0159877036710002,0.0330974853581373,0.00330842567743438));
#9482=CARTESIAN_POINT('',(0.0162972712043508,0.0324289123246222,0.00319391438950858));
#9483=CARTESIAN_POINT('',(0.0171771431571842,0.0307045755852269,0.00293277015865602));
#9484=CARTESIAN_POINT('',(0.0177685309411891,0.0296686817273763,0.00281168023904042));
#9485=CARTESIAN_POINT('',(0.0197356379270184,0.0266054408744206,0.00254168734647223));
#9486=CARTESIAN_POINT('',(0.0212543522183954,0.0247070230606076,0.00249131944221581));
#9487=CARTESIAN_POINT('',(0.0246559932317159,0.0213064961451461,0.00250842116272784));
#9488=CARTESIAN_POINT('',(0.0265302492949645,0.0198013342233953,0.00258385813373028));
#9489=CARTESIAN_POINT('',(0.029476014165519,0.0178883442595416,0.00284556700632355));
#9490=CARTESIAN_POINT('',(0.0304755131177034,0.0173082961793184,0.00295674731162785));
#9491=CARTESIAN_POINT('',(0.0322505364493396,0.0163843723780216,0.00320761004053066));
#9492=CARTESIAN_POINT('',(0.0330086360256933,0.0160287102104204,0.00333002214569247));
#9493=CARTESIAN_POINT('',(0.0337600122740705,0.0156950905123397,0.00347419493330229));
#9494=CARTESIAN_POINT('',(0.0222843541754522,0.0236985677378253,0.000233994198184164));
#9495=CARTESIAN_POINT('',(0.0225136692578787,0.023455270827956,0.000233994198184164));
#9496=CARTESIAN_POINT('',(0.0227464751687013,0.023215465467169,0.000233994198184164));
#9497=CARTESIAN_POINT('',(0.0229827804432821,0.0229791601925882,0.000233994198184163));
#9498=CARTESIAN_POINT('',(0.0222843541754522,0.0236985677378253,0.000233994198184646));
#9499=CARTESIAN_POINT('',(0.0229827804432821,0.0229791601925882,0.000233994198184163));
#9500=CARTESIAN_POINT('',(0.0222843720040522,0.0236985855664252,0.00223399419818424));
#9501=CARTESIAN_POINT('',(0.0222843659152798,0.0236985794776528,0.00156732753152035));
#9502=CARTESIAN_POINT('',(0.0222843599750564,0.0236985735374294,0.000900660864853725));
#9503=CARTESIAN_POINT('',(0.0222843541754523,0.0236985677378253,0.000233994198184686));
#9504=CARTESIAN_POINT('',(0.0222843720040522,0.0236985855664253,0.00223399419818417));
#9505=CARTESIAN_POINT('',(0.0229777894852919,0.0229841508624809,0.00223399419818417));
#9506=CARTESIAN_POINT('',(0.0227431485570995,0.023218791790673,0.00223399419818417));
#9507=CARTESIAN_POINT('',(0.0225120111591048,0.0234569384555163,0.00223399419818417));
#9508=CARTESIAN_POINT('',(0.0222843720040521,0.0236985855664252,0.00223399419818417));
#9509=CARTESIAN_POINT('',(0.0229777894852919,0.0229841508624808,0.00223399419818417));
#9510=CARTESIAN_POINT('',(0.0236990115137429,0.0222847979513698,0.00223399419818417));
#9511=CARTESIAN_POINT('',(0.0234549876185413,0.0225142967583897,0.00223399419818417));
#9512=CARTESIAN_POINT('',(0.0232145531225856,0.0227473872251875,0.00223399419818417));
#9513=CARTESIAN_POINT('',(0.0229777894852919,0.0229841508624809,0.00223399419818417));
#9514=CARTESIAN_POINT('',(0.0236990115137429,0.0222847979513698,0.00223399419818417));
#9515=CARTESIAN_POINT('',(0.0236987037270487,0.0222844901646755,0.000233994198184163));
#9516=CARTESIAN_POINT('',(0.0236988047640597,0.0222845912016865,0.000900660865328475));
#9517=CARTESIAN_POINT('',(0.0236989073343146,0.0222846937719414,0.00156732753200794));
#9518=CARTESIAN_POINT('',(0.023699011513743,0.0222847979513698,0.00223399419818426));
#9519=CARTESIAN_POINT('',(0.0236987037270487,0.0222844901646755,0.000233994198184124));
#9520=CARTESIAN_POINT('',(0.0229827804432821,0.0229791601925882,0.000233994198184164));
#9521=CARTESIAN_POINT('',(0.0232178796941711,0.0227440609416992,0.000233994198184164));
#9522=CARTESIAN_POINT('',(0.023456550274407,0.0225125337574627,0.000233994198184164));
#9523=CARTESIAN_POINT('',(0.0236987037270487,0.0222844901646755,0.000233994198184163));
#9524=CARTESIAN_POINT('',(0.0149072748195634,0.0354067710419877,0.00124398489585591));
#9525=CARTESIAN_POINT('',(0.0153800900822348,0.034303503393586,0.000994579378330061));
#9526=CARTESIAN_POINT('',(0.015874296729011,0.033166968438391,0.000786451148654174));
#9527=CARTESIAN_POINT('',(0.0170087293316637,0.0309423342409128,0.00044919042180749));
#9528=CARTESIAN_POINT('',(0.0176260591182853,0.0298610626893646,0.000322759086130224));
#9529=CARTESIAN_POINT('',(0.0196653295508481,0.0266837289175927,4.22720849218062E-5));
#9530=CARTESIAN_POINT('',(0.0212235422636529,0.024738759048738,-8.68058954965351E-6));
#9531=CARTESIAN_POINT('',(0.0246858825140609,0.0212757085014233,8.42119354407162E-6));
#9532=CARTESIAN_POINT('',(0.0266070154051843,0.0197296540538488,8.49816701210605E-5));
#9533=CARTESIAN_POINT('',(0.0296446207713169,0.0177559406527378,0.000354504022980409));
#9534=CARTESIAN_POINT('',(0.0306814798553361,0.0171535694229968,0.000469588149031456));
#9535=CARTESIAN_POINT('',(0.0328197291507284,0.0160398949620835,0.000771485186204446));
#9536=CARTESIAN_POINT('',(0.0339190000628764,0.0155437560522849,0.000956410838407087));
#9537=CARTESIAN_POINT('',(0.0350078417818864,0.0150770630009782,0.00119187522419095));
#9538=CARTESIAN_POINT('',(0.0335826424865008,0.0157061535227153,0.000911620601353029));
#9539=CARTESIAN_POINT('',(0.0335826424865008,0.0157061535227153,0.00091162060135303));
#9540=CARTESIAN_POINT('',(0.0335957273095077,0.0157223576555414,0.00175715346723892));
#9541=CARTESIAN_POINT('',(0.0336092019499308,0.0157390031693348,0.00260267178211446));
#9542=CARTESIAN_POINT('',(0.0336230832962034,0.015756103583323,0.00344817429487669));
#9543=CARTESIAN_POINT('',(0.0336230832962034,0.015756103583323,0.00344817429487669));
#9544=CARTESIAN_POINT('',(0.0151735018412185,0.034958570148664,0.00368902868527244));
#9545=CARTESIAN_POINT('',(0.0156210664294677,0.0339143027649984,0.00345318548775959));
#9546=CARTESIAN_POINT('',(0.0160919507023839,0.032831290970461,0.00325485310268354));
#9547=CARTESIAN_POINT('',(0.0171771431571842,0.0307045755852269,0.00293277015865602));
#9548=CARTESIAN_POINT('',(0.0177685309411891,0.0296686817273763,0.00281168023904042));
#9549=CARTESIAN_POINT('',(0.0197356379270184,0.0266054408744206,0.00254168734647223));
#9550=CARTESIAN_POINT('',(0.0212543522183954,0.0247070230606076,0.00249131944221581));
#9551=CARTESIAN_POINT('',(0.0246559932317159,0.0213064961451461,0.00250842116272784));
#9552=CARTESIAN_POINT('',(0.0265302492949645,0.0198013342233953,0.00258385813373028));
#9553=CARTESIAN_POINT('',(0.029476014165519,0.0178883442595416,0.00284556700632355));
#9554=CARTESIAN_POINT('',(0.0304755131177034,0.0173082961793184,0.00295674731162785));
#9555=CARTESIAN_POINT('',(0.0325291594168547,0.0162393453315107,0.00324698761755744));
#9556=CARTESIAN_POINT('',(0.0335746276487825,0.015768504777103,0.00342350411013116));
#9557=CARTESIAN_POINT('',(0.0345957738995491,0.0153309434124219,0.00364457675455115));
#9558=CARTESIAN_POINT('',(0.0153579849484792,0.0345294378857509,0.00359465677460718));
#9559=CARTESIAN_POINT('',(0.0157507981730674,0.0336193569562323,0.00339979820458571));
#9560=CARTESIAN_POINT('',(0.0161659271406566,0.0326863149998639,0.00323289704417785));
#9561=CARTESIAN_POINT('',(0.0171771431571842,0.0307045755852269,0.00293277015865602));
#9562=CARTESIAN_POINT('',(0.0177685309411891,0.0296686817273763,0.00281168023904042));
#9563=CARTESIAN_POINT('',(0.0197356379270184,0.0266054408744206,0.00254168734647223));
#9564=CARTESIAN_POINT('',(0.0212543522183954,0.0247070230606076,0.00249131944221581));
#9565=CARTESIAN_POINT('',(0.0246559932317159,0.0213064961451461,0.00250842116272784));
#9566=CARTESIAN_POINT('',(0.0265302492949645,0.0198013342233953,0.00258385813373028));
#9567=CARTESIAN_POINT('',(0.029476014165519,0.0178883442595416,0.00284556700632355));
#9568=CARTESIAN_POINT('',(0.0304755131177034,0.0173082961793184,0.00295674731162785));
#9569=CARTESIAN_POINT('',(0.0325074884252568,0.0162506253775688,0.00324392487241297));
#9570=CARTESIAN_POINT('',(0.0335305069655174,0.0157884071991509,0.0034160673715802));
#9571=CARTESIAN_POINT('',(0.0345310882594408,0.0153586922230129,0.00363063902616929));
#9572=CARTESIAN_POINT('',(0.0176481800543903,0.035529793294177,0.00352857769821376));
#9573=CARTESIAN_POINT('',(0.0180349559162918,0.0346338108799411,0.00333656438952822));
#9574=CARTESIAN_POINT('',(0.0184244862768806,0.0337596661495222,0.00318137884023763));
#9575=CARTESIAN_POINT('',(0.0193615272456874,0.0319233501922821,0.00290329021155317));
#9576=CARTESIAN_POINT('',(0.0199178480596936,0.0309482442571167,0.00278910691283496));
#9577=CARTESIAN_POINT('',(0.021746357818474,0.0281009035257556,0.00253816186181446));
#9578=CARTESIAN_POINT('',(0.0231538140468834,0.0263430952711708,0.00249197440281602));
#9579=CARTESIAN_POINT('',(0.0262960006553109,0.0232020224983435,0.00250778577385861));
#9580=CARTESIAN_POINT('',(0.0280339889765234,0.0218055867692093,0.00257751518418323));
#9581=CARTESIAN_POINT('',(0.0307687219470982,0.0200296881046575,0.00282049023782987));
#9582=CARTESIAN_POINT('',(0.0317082565363356,0.0194846086449807,0.0029250653580706));
#9583=CARTESIAN_POINT('',(0.0335945742426696,0.0185027833051899,0.00319166960108977));
#9584=CARTESIAN_POINT('',(0.034551118117776,0.0180697937370142,0.00335139470079301));
#9585=CARTESIAN_POINT('',(0.0355295900659566,0.0176495828351158,0.00356126445456596));
#9586=CARTESIAN_POINT('',(0.0336230832962034,0.015756103583323,0.00344817429487669));
#9587=CARTESIAN_POINT('',(0.034176835184221,0.0164382698765516,0.00346508677779748));
#9588=CARTESIAN_POINT('',(0.0347662720052414,0.0170908469629101,0.00349168469123588));
#9589=CARTESIAN_POINT('',(0.0353881954861342,0.0177104650013848,0.00353125156891168));
#9590=CARTESIAN_POINT('',(0.0353881954861346,0.0177104650013845,0.00353125156891173));
#9591=CARTESIAN_POINT('',(0.0174650513069609,0.0359557407169662,0.00362230609713852));
#9592=CARTESIAN_POINT('',(0.0179130874874963,0.0349103733262,0.00338621536953172));
#9593=CARTESIAN_POINT('',(0.0183559361824844,0.0338940035332658,0.00320172266978342));
#9594=CARTESIAN_POINT('',(0.0193615272456874,0.0319233501922821,0.00290329021155317));
#9595=CARTESIAN_POINT('',(0.0199178480596936,0.0309482442571167,0.00278910691283496));
#9596=CARTESIAN_POINT('',(0.021746357818474,0.0281009035257556,0.00253816186181446));
#9597=CARTESIAN_POINT('',(0.0231538140468834,0.0263430952711708,0.00249197440281602));
#9598=CARTESIAN_POINT('',(0.0262960006553109,0.0232020224983435,0.00250778577385861));
#9599=CARTESIAN_POINT('',(0.0280339889765234,0.0218055867692093,0.00257751518418323));
#9600=CARTESIAN_POINT('',(0.0307687219470982,0.0200296881046575,0.00282049023782987));
#9601=CARTESIAN_POINT('',(0.0317082565363356,0.0194846086449807,0.0029250653580706));
#9602=CARTESIAN_POINT('',(0.0336146917977467,0.0184923121500483,0.00319451293205395));
#9603=CARTESIAN_POINT('',(0.0345923750177917,0.0180511477941801,0.00335829496184947));
#9604=CARTESIAN_POINT('',(0.0355929079351364,0.0176224211252719,0.00357490892420713));
#9605=CARTESIAN_POINT('',(0.0176481800543903,0.035529793294177,0.00352857769821376));
#9606=CARTESIAN_POINT('',(0.0180349559162918,0.0346338108799411,0.00333656438952822));
#9607=CARTESIAN_POINT('',(0.0184244862768806,0.0337596661495222,0.00318137884023763));
#9608=CARTESIAN_POINT('',(0.0193615272456874,0.0319233501922821,0.00290329021155317));
#9609=CARTESIAN_POINT('',(0.0199178480596936,0.0309482442571167,0.00278910691283496));
#9610=CARTESIAN_POINT('',(0.021746357818474,0.0281009035257556,0.00253816186181446));
#9611=CARTESIAN_POINT('',(0.0231538140468834,0.0263430952711708,0.00249197440281602));
#9612=CARTESIAN_POINT('',(0.0262960006553109,0.0232020224983435,0.00250778577385861));
#9613=CARTESIAN_POINT('',(0.0280339889765234,0.0218055867692053,0.00257751518418373));
#9614=CARTESIAN_POINT('',(0.0307687219470982,0.0200296881046595,0.00282049023782962));
#9615=CARTESIAN_POINT('',(0.0317082565363356,0.0194846086449807,0.0029250653580706));
#9616=CARTESIAN_POINT('',(0.0335945742426696,0.0185027833051899,0.00319166960108977));
#9617=CARTESIAN_POINT('',(0.034551118117776,0.0180697937370142,0.00335139470079301));
#9618=CARTESIAN_POINT('',(0.0355295900659566,0.0176495828351158,0.00356126445456596));
#9619=CARTESIAN_POINT('',(0.0173921814276482,0.0359541654839842,0.0010781923251351));
#9620=CARTESIAN_POINT('',(0.017800362836245,0.0350085021234158,0.000875327014496251));
#9621=CARTESIAN_POINT('',(0.0182101889530495,0.0340886685941071,0.000711942232577126));
#9622=CARTESIAN_POINT('',(0.0191931134201691,0.0321611088479681,0.000419710474704641));
#9623=CARTESIAN_POINT('',(0.0197753762367897,0.031140625219105,0.000300185759924767));
#9624=CARTESIAN_POINT('',(0.0216760494423037,0.0281791915689277,3.87466002640283E-5));
#9625=CARTESIAN_POINT('',(0.0231230040921408,0.0263748312593013,-8.02562894918724E-6));
#9626=CARTESIAN_POINT('',(0.0263258899376559,0.0231712348546206,7.78580467460429E-6));
#9627=CARTESIAN_POINT('',(0.0281107550867432,0.0217339065996589,7.86387205740213E-5));
#9628=CARTESIAN_POINT('',(0.030937328552896,0.0198972844978557,0.000329427254486721));
#9629=CARTESIAN_POINT('',(0.0319142232739683,0.0193298818886591,0.000437906195474332));
#9630=CARTESIAN_POINT('',(0.0338842512079972,0.0183038048792732,0.000716044162710102));
#9631=CARTESIAN_POINT('',(0.034893224490977,0.017846112242409,0.000883948932935955));
#9632=CARTESIAN_POINT('',(0.0359373903630213,0.017397541817435,0.00110765976051874));
#9633=CARTESIAN_POINT('',(0.0353881954861346,0.0177104650013845,0.00353125156891173));
#9634=CARTESIAN_POINT('',(0.0353704878167154,0.0176928229735007,0.0026822244316067));
#9635=CARTESIAN_POINT('',(0.0353532187078922,0.0176755649372202,0.00183318021880551));
#9636=CARTESIAN_POINT('',(0.0353364128028077,0.017658722988383,0.000984118503773247));
#9637=CARTESIAN_POINT('',(0.0353364128028078,0.0176587229883828,0.00098411850377326));
#9638=CARTESIAN_POINT('',(0.0171988242853058,0.03640394161029,0.00117726230772198));
#9639=CARTESIAN_POINT('',(0.0176721107351994,0.0352995742979105,0.000927607653407335));
#9640=CARTESIAN_POINT('',(0.0181382822091094,0.0342296810011957,0.000733320715754046));
#9641=CARTESIAN_POINT('',(0.0191931134201691,0.0321611088479681,0.000419710474704641));
#9642=CARTESIAN_POINT('',(0.0197753762367897,0.031140625219105,0.000300185759924767));
#9643=CARTESIAN_POINT('',(0.0216760494423037,0.0281791915689277,3.87466002640283E-5));
#9644=CARTESIAN_POINT('',(0.0231230040921408,0.0263748312593013,-8.02562894918724E-6));
#9645=CARTESIAN_POINT('',(0.0263258899376559,0.0231712348546206,7.78580467460429E-6));
#9646=CARTESIAN_POINT('',(0.0281107550867432,0.0217339065996589,7.86387205740213E-5));
#9647=CARTESIAN_POINT('',(0.030937328552896,0.0198972844978557,0.000329427254486721));
#9648=CARTESIAN_POINT('',(0.0319142232739683,0.0193298818886591,0.000437906195474332));
#9649=CARTESIAN_POINT('',(0.0339052615316204,0.0182928617806211,0.000719010500700835));
#9650=CARTESIAN_POINT('',(0.0349367472605226,0.0178263997999624,0.00089120305007188));
#9651=CARTESIAN_POINT('',(0.0360049758174737,0.0173685407138282,0.00112220739384693));
#9652=CARTESIAN_POINT('',(0.0175975072851537,0.0354814458291703,0.000979581941089595));
#9653=CARTESIAN_POINT('',(0.0179388475517508,0.0347012975951461,0.000821411240194106));
#9654=CARTESIAN_POINT('',(0.0182864382859607,0.0339391401718262,0.000689272660968484));
#9655=CARTESIAN_POINT('',(0.0191931134201691,0.0321611088479681,0.000419710474704641));
#9656=CARTESIAN_POINT('',(0.0197753762367897,0.031140625219105,0.000300185759924767));
#9657=CARTESIAN_POINT('',(0.0216760494423037,0.0281791915689277,3.87466002640276E-5));
#9658=CARTESIAN_POINT('',(0.0231230040921408,0.0263748312593013,-8.02562894918792E-6));
#9659=CARTESIAN_POINT('',(0.0263258899376559,0.0231712348546206,7.7858046746036E-6));
#9660=CARTESIAN_POINT('',(0.0281107550867432,0.0217339065996589,7.86387205740206E-5));
#9661=CARTESIAN_POINT('',(0.030937328552896,0.0198972844978557,0.00032942725448672));
#9662=CARTESIAN_POINT('',(0.0319142232739683,0.0193298818886591,0.000437906195474331));
#9663=CARTESIAN_POINT('',(0.0337413305883343,0.0183782442105488,0.000695865945973954));
#9664=CARTESIAN_POINT('',(0.0345980154836492,0.0179814345978539,0.000835351523233083));
#9665=CARTESIAN_POINT('',(0.0354802495333219,0.0175956198485655,0.00101275263289462));
#9666=CARTESIAN_POINT('',(0.0153119379739588,0.0344704146735395,0.00104353587564627));
#9667=CARTESIAN_POINT('',(0.0156635060134278,0.0336668873984933,0.000880765749858867));
#9668=CARTESIAN_POINT('',(0.0160336332011394,0.0328545079502371,0.000739081270287158));
#9669=CARTESIAN_POINT('',(0.0170087293316637,0.0309423342409128,0.00044919042180749));
#9670=CARTESIAN_POINT('',(0.0176260591182853,0.0298610626893646,0.000322759086130224));
#9671=CARTESIAN_POINT('',(0.0196653295508481,0.0266837289175927,4.22720849218062E-5));
#9672=CARTESIAN_POINT('',(0.0212235422636529,0.024738759048738,-8.68058954965348E-6));
#9673=CARTESIAN_POINT('',(0.0246858825140609,0.0212757085014233,8.42119354407165E-6));
#9674=CARTESIAN_POINT('',(0.0266070154051843,0.0197296540538488,8.49816701210605E-5));
#9675=CARTESIAN_POINT('',(0.0296446207713169,0.0177559406527378,0.000354504022980409));
#9676=CARTESIAN_POINT('',(0.0306814798553361,0.0171535694229968,0.000469588149031456));
#9677=CARTESIAN_POINT('',(0.0326436776747574,0.0161315886822766,0.000746628674337424));
#9678=CARTESIAN_POINT('',(0.0335577862528913,0.0157087991374741,0.000896429184488921));
#9679=CARTESIAN_POINT('',(0.034469279780816,0.015310147250922,0.00107959155566258));
#9680=CARTESIAN_POINT('',(0.0353364128028078,0.0176587229883828,0.00098411850377326));
#9681=CARTESIAN_POINT('',(0.0347183288510432,0.0170393134272554,0.000949182565777268));
#9682=CARTESIAN_POINT('',(0.0341327462393526,0.0163873973022216,0.000925978702883866));
#9683=CARTESIAN_POINT('',(0.0335826424865008,0.0157061535227153,0.000911620601353028));
#9684=CARTESIAN_POINT('',(-0.00100000000000001,0.0280330085889911,0.0025));
#9685=CARTESIAN_POINT('',(-0.00100000000000001,0.029033008588991,0.0015));
#9686=CARTESIAN_POINT('',(-0.00100000000000001,0.0280330085889911,0.0015));
#9687=CARTESIAN_POINT('',(-0.00100000000000001,0.0280330085889911,0.0015));
#9688=CARTESIAN_POINT('',(-0.00100000000000001,0.027090753295518,0.00174709991661608));
#9689=CARTESIAN_POINT('',(-0.00100000000000001,0.0259345744265452,0.00155410576416374));
#9690=CARTESIAN_POINT('',(-0.001,0.02340827362854,0.000494647929567327));
#9691=CARTESIAN_POINT('',(-0.001,0.0220577477818247,-0.000345618806264798));
#9692=CARTESIAN_POINT('',(-0.001,0.0193720997512562,-0.00208575849000403));
#9693=CARTESIAN_POINT('',(-0.001,0.0180389009358045,-0.0029843261191188));
#9694=CARTESIAN_POINT('',(-0.001,0.0160685426717656,-0.0039700922371337));
#9695=CARTESIAN_POINT('',(-0.001,0.0154148012847016,-0.0042402312829837));
#9696=CARTESIAN_POINT('',(-0.001,0.0140802300526274,-0.0045715663045708));
#9697=CARTESIAN_POINT('',(-0.001,0.0133936942565433,-0.00463353652469741));
#9698=CARTESIAN_POINT('',(-0.001,0.0127024348505845,-0.00449886813772443));
#9699=CARTESIAN_POINT('',(-0.001,0.0127024213760336,-0.00449943406886222));
#9700=CARTESIAN_POINT('',(-0.001,0.01275,-0.0045));
#9701=CARTESIAN_POINT('',(-0.001,0.01375,-0.0045));
#9702=CARTESIAN_POINT('',(-0.001,0.01375,-0.0035));
#9703=CARTESIAN_POINT('',(-0.001,0.01375,-0.00259791797250891));
#9704=CARTESIAN_POINT('',(-0.00100000000000001,0.0280330085889911,0.0035));
#9705=CARTESIAN_POINT('',(-0.00100000000000001,0.0264739016164259,0.00375200765952835));
#9706=CARTESIAN_POINT('',(-0.001,0.0249710666759231,0.00332089422631656));
#9707=CARTESIAN_POINT('',(-0.001,0.0220787392568365,0.00200535207995235));
#9708=CARTESIAN_POINT('',(-0.001,0.0206710129528162,0.00109561879819937));
#9709=CARTESIAN_POINT('',(-0.001,0.017965156692085,-0.000664241501930542));
#9710=CARTESIAN_POINT('',(-0.001,0.0166651033564758,-0.00151567389205939));
#9711=CARTESIAN_POINT('',(-0.001,0.0149464904581838,-0.00231115775727721));
#9712=CARTESIAN_POINT('',(-0.001,0.0144140592965753,-0.0024941437248308));
#9713=CARTESIAN_POINT('',(-0.001,0.0134911139673285,-0.0026471836876147));
#9714=CARTESIAN_POINT('',(-0.001,0.0131067232209719,-0.00261594580491631));
#9715=CARTESIAN_POINT('',(-0.001,0.0127975651494154,-0.00250113186227556));
#9716=CARTESIAN_POINT('',(-0.00100000000000001,0.0280330085889911,0.0035));
#9717=CARTESIAN_POINT('',(-0.00100000000000001,0.029033008588991,0.0035));
#9718=CARTESIAN_POINT('',(0.000999999999999988,0.0280330085889911,0.0025));
#9719=CARTESIAN_POINT('',(0.000999999999999987,0.029033008588991,0.0035));
#9720=CARTESIAN_POINT('',(0.000999999999999988,0.0280330085889911,0.0035));
#9721=CARTESIAN_POINT('',(0.000999999999999988,0.0280330085889911,0.0035));
#9722=CARTESIAN_POINT('',(0.000999999999999989,0.0264739016164259,0.00375200765952835));
#9723=CARTESIAN_POINT('',(0.000999999999999989,0.0249710666759231,0.00332089422631656));
#9724=CARTESIAN_POINT('',(0.001,0.0220787392568365,0.00200535207995235));
#9725=CARTESIAN_POINT('',(0.001,0.0206710129528162,0.00109561879819937));
#9726=CARTESIAN_POINT('',(0.001,0.017965156692085,-0.000664241501930542));
#9727=CARTESIAN_POINT('',(0.001,0.0166651033564758,-0.00151567389205939));
#9728=CARTESIAN_POINT('',(0.001,0.0149464904581838,-0.00231115775727721));
#9729=CARTESIAN_POINT('',(0.001,0.0144140592965753,-0.0024941437248308));
#9730=CARTESIAN_POINT('',(0.001,0.0134911139673285,-0.0026471836876147));
#9731=CARTESIAN_POINT('',(0.001,0.0131067232209719,-0.00261594580491631));
#9732=CARTESIAN_POINT('',(0.001,0.0127975651494154,-0.00250113186227556));
#9733=CARTESIAN_POINT('',(0.001,0.01375,-0.00259791797152294));
#9734=CARTESIAN_POINT('',(0.001,0.01375,-0.0035));
#9735=CARTESIAN_POINT('',(0.001,0.01375,-0.0045));
#9736=CARTESIAN_POINT('',(0.001,0.01275,-0.0045));
#9737=CARTESIAN_POINT('',(0.001,0.0127038797877236,-0.00449943406886222));
#9738=CARTESIAN_POINT('',(0.000999999999999987,0.0280330085889911,0.0015));
#9739=CARTESIAN_POINT('',(0.000999999999999988,0.027090753295518,0.00174709991661608));
#9740=CARTESIAN_POINT('',(0.000999999999999988,0.0259345744265452,0.00155410576416374));
#9741=CARTESIAN_POINT('',(0.000999999999999989,0.02340827362854,0.000494647929567326));
#9742=CARTESIAN_POINT('',(0.001,0.0220577477818247,-0.000345618806264798));
#9743=CARTESIAN_POINT('',(0.001,0.0193720997512562,-0.00208575849000403));
#9744=CARTESIAN_POINT('',(0.001,0.0180389009358045,-0.0029843261191188));
#9745=CARTESIAN_POINT('',(0.001,0.0160685426717656,-0.0039700922371337));
#9746=CARTESIAN_POINT('',(0.001,0.0154148012847016,-0.0042402312829837));
#9747=CARTESIAN_POINT('',(0.001,0.0140802300526274,-0.0045715663045708));
#9748=CARTESIAN_POINT('',(0.001,0.0133936942565433,-0.00463353652469741));
#9749=CARTESIAN_POINT('',(0.001,0.0127024348505845,-0.00449886813772443));
#9750=CARTESIAN_POINT('',(0.000999999999999987,0.0280330085889911,0.0015));
#9751=CARTESIAN_POINT('',(0.000999999999999987,0.029033008588991,0.0015));
#9752=CARTESIAN_POINT('',(-1.25901612241727E-17,0.029033008588991,0.0035));
#9753=CARTESIAN_POINT('',(-1.21460720143226E-17,0.0280330085889911,0.0035));
#9754=CARTESIAN_POINT('',(-1.29801928699169E-17,0.029033008588991,0.0015));
#9755=CARTESIAN_POINT('',(-1.25361036600668E-17,0.0280330085889911,0.0015));
#9756=CARTESIAN_POINT('',(-0.0222738636070326,0.0236880771694056,0.00123399419818416));
#9757=CARTESIAN_POINT('',(-0.0229809703882191,0.0243951839505921,0.000233994198184164));
#9758=CARTESIAN_POINT('',(-0.0222843541754522,0.0236985677378253,0.000233994198157891));
#9759=CARTESIAN_POINT('',(-0.0222738636070326,0.0236880771694056,0.000233994198184164));
#9760=CARTESIAN_POINT('',(-0.0222843541754522,0.0236985677378253,0.000233994198157931));
#9761=CARTESIAN_POINT('',(-0.0222843599750564,0.0236985735374294,0.000900660864835892));
#9762=CARTESIAN_POINT('',(-0.0222843659152798,0.0236985794776528,0.00156732753151144));
#9763=CARTESIAN_POINT('',(-0.0222843720040522,0.0236985855664252,0.00223399419818424));
#9764=CARTESIAN_POINT('',(-0.0222738636070326,0.0236880771694056,0.00223399419818417));
#9765=CARTESIAN_POINT('',(-0.0212772695078015,0.02269148307018,0.00248974916398114));
#9766=CARTESIAN_POINT('',(-0.0204004944348222,0.0218147079971935,0.00203345851852364));
#9767=CARTESIAN_POINT('',(-0.018900844595739,0.0203150581581139,0.000789514013163637));
#9768=CARTESIAN_POINT('',(-0.0182416438764312,0.0196558574388043,-2.0647934479958E-5));
#9769=CARTESIAN_POINT('',(-0.0169655323192916,0.0183797458816647,-0.00152064937089131));
#9770=CARTESIAN_POINT('',(-0.0163486214844671,0.0177628350468347,-0.00221048890325699));
#9771=CARTESIAN_POINT('',(-0.0152269972057183,0.0166412107680969,-0.00296654653929006));
#9772=CARTESIAN_POINT('',(-0.0147612018777812,0.0161754154400707,-0.0030047439063886));
#9773=CARTESIAN_POINT('',(-0.0143409902574213,0.0157552038197945,-0.00276601160125898));
#9774=CARTESIAN_POINT('',(-0.0143409902574213,0.0157552038197945,-0.00276601160125898));
#9775=CARTESIAN_POINT('',(-0.0136338834762348,0.015048097038608,-0.00276601160125898));
#9776=CARTESIAN_POINT('',(-0.0142295001793804,0.0156437137417535,-0.00276601160125898));
#9777=CARTESIAN_POINT('',(-0.0142295001793804,0.0156437137417535,-0.001));
#9778=CARTESIAN_POINT('',(-0.0142295001793804,0.0156437137417535,-0.00476601160125898));
#9779=CARTESIAN_POINT('',(-0.0136338834762348,0.015048097038608,-0.00476601160125898));
#9780=CARTESIAN_POINT('',(-0.0143409902574213,0.0157552038197945,-0.00476601160125898));
#9781=CARTESIAN_POINT('',(-0.0222738636070326,0.0236880771694056,0.000233994198184164));
#9782=CARTESIAN_POINT('',(-0.0217454839324508,0.0231596974948291,0.000478015577705816));
#9783=CARTESIAN_POINT('',(-0.0212006334191132,0.0226148469814863,0.000358478281839744));
#9784=CARTESIAN_POINT('',(-0.0200073280811741,0.0214215416435471,-0.000490092272133414));
#9785=CARTESIAN_POINT('',(-0.0193823982549715,0.0207966118173487,-0.0012027472939557));
#9786=CARTESIAN_POINT('',(-0.018106286697836,0.019520500260205,-0.00270274873036706));
#9787=CARTESIAN_POINT('',(-0.0174551049698984,0.0188693185322679,-0.00349009518855587));
#9788=CARTESIAN_POINT('',(-0.016027136190013,0.0174413497523897,-0.00464152677597213));
#9789=CARTESIAN_POINT('',(-0.0152276838981096,0.0166418974604029,-0.00501996547775404));
#9790=CARTESIAN_POINT('',(-0.0143409902574213,0.0157552038197945,-0.00476601160125898));
#9791=CARTESIAN_POINT('',(-0.0236880771694057,0.0222738636070325,0.00123399419818416));
#9792=CARTESIAN_POINT('',(-0.0243951839505922,0.0229809703882191,0.00223399419818417));
#9793=CARTESIAN_POINT('',(-0.0236990115137429,0.0222847979513698,0.00223399419818417));
#9794=CARTESIAN_POINT('',(-0.0236880771694057,0.0222738636070325,0.00223399419818417));
#9795=CARTESIAN_POINT('',(-0.023699011513743,0.0222847979513698,0.00223399419818426));
#9796=CARTESIAN_POINT('',(-0.0236989073343146,0.0222846937719414,0.00156732753200731));
#9797=CARTESIAN_POINT('',(-0.0236988047640597,0.0222845912016865,0.000900660865327964));
#9798=CARTESIAN_POINT('',(-0.0236987037270487,0.0222844901646755,0.000233994198184183));
#9799=CARTESIAN_POINT('',(-0.0236880771694057,0.0222738636070325,0.000233994198184163));
#9800=CARTESIAN_POINT('',(-0.0231596974948238,0.021745483932456,0.000478015577705833));
#9801=CARTESIAN_POINT('',(-0.0226148469814863,0.0212006334191132,0.000358478281839744));
#9802=CARTESIAN_POINT('',(-0.0214215416435471,0.0200073280811741,-0.000490092272133414));
#9803=CARTESIAN_POINT('',(-0.0207966118173446,0.0193823982549756,-0.0012027472939557));
#9804=CARTESIAN_POINT('',(-0.0195205002602091,0.0181062866978319,-0.00270274873036706));
#9805=CARTESIAN_POINT('',(-0.0188693185322716,0.0174551049698929,-0.00349009518855404));
#9806=CARTESIAN_POINT('',(-0.0174413497523861,0.0160271361900184,-0.00464152677597396));
#9807=CARTESIAN_POINT('',(-0.0166418974604882,0.0152276838980225,-0.00501996547775455));
#9808=CARTESIAN_POINT('',(-0.0157552038197944,0.0143409902574214,-0.00476601160125898));
#9809=CARTESIAN_POINT('',(-0.0157552038197944,0.0143409902574214,-0.00476601160125898));
#9810=CARTESIAN_POINT('',(-0.0150480970386079,0.0136338834762348,-0.00476601160125898));
#9811=CARTESIAN_POINT('',(-0.0156437137417535,0.0142295001793805,-0.00476601160125898));
#9812=CARTESIAN_POINT('',(-0.0156437137417535,0.0142295001793804,-0.001));
#9813=CARTESIAN_POINT('',(-0.0156437137417535,0.0142295001793805,-0.00276601160125898));
#9814=CARTESIAN_POINT('',(-0.0150480970386079,0.0136338834762348,-0.00276601160125898));
#9815=CARTESIAN_POINT('',(-0.0157552038197944,0.0143409902574214,-0.00276601160125898));
#9816=CARTESIAN_POINT('',(-0.0236880771694057,0.0222738636070325,0.00223399419818417));
#9817=CARTESIAN_POINT('',(-0.0226914830701745,0.021277269507807,0.00248974916398114));
#9818=CARTESIAN_POINT('',(-0.0218147079971935,0.0204004944348222,0.00203345851852364));
#9819=CARTESIAN_POINT('',(-0.0203150581581139,0.018900844595739,0.000789514013163637));
#9820=CARTESIAN_POINT('',(-0.0196558574388043,0.0182416438764312,-2.0647934479958E-5));
#9821=CARTESIAN_POINT('',(-0.0183797458816647,0.0169655323192915,-0.00152064937089131));
#9822=CARTESIAN_POINT('',(-0.0177628350468383,0.0163486214844597,-0.00221048890325516));
#9823=CARTESIAN_POINT('',(-0.0166412107680932,0.0152269972057256,-0.00296654653929189));
#9824=CARTESIAN_POINT('',(-0.016175415440152,0.0147612018776969,-0.0030047439063877));
#9825=CARTESIAN_POINT('',(-0.0157552038197944,0.0143409902574214,-0.00276601160125898));
#9826=CARTESIAN_POINT('',(-0.0143409902574213,0.0143409902574214,-0.00276601160125898));
#9827=CARTESIAN_POINT('',(-0.01275,0.01275,-0.00276601160125898));
#9828=CARTESIAN_POINT('',(-0.0150480970386079,0.0150480970386079,-0.00276601160125898));
#9829=CARTESIAN_POINT('',(-0.0150480970386079,0.015048097038608,-0.00276601160125898));
#9830=CARTESIAN_POINT('',(-0.0143409902574213,0.0143409902574214,-0.00476601160125898));
#9831=CARTESIAN_POINT('',(-0.01275,0.01275,-0.00476601160125898));
#9832=CARTESIAN_POINT('',(-0.0150480970386079,0.0150480970386079,-0.00476601160125898));
#9833=CARTESIAN_POINT('',(-0.0150480970386079,0.015048097038608,-0.00476601160125898));
#9834=CARTESIAN_POINT('',(-0.0236880771717749,0.0222738636094003,0.00223399419757633));
#9835=CARTESIAN_POINT('',(-0.0222738636094006,0.0236880771717746,0.00223399419757633));
#9836=CARTESIAN_POINT('',(-0.0226914830709919,0.0212772695086228,0.00248974916485106));
#9837=CARTESIAN_POINT('',(-0.0212772695086176,0.0226914830709971,0.00248974916485106));
#9838=CARTESIAN_POINT('',(-0.0209560033224947,0.0195417897601206,0.00158822502963075));
#9839=CARTESIAN_POINT('',(-0.0195417897601204,0.0209560033224949,0.00158822502963075));
#9840=CARTESIAN_POINT('',(-0.0190060622229521,0.0175918486605678,-0.000824493762355328));
#9841=CARTESIAN_POINT('',(-0.0175918486605778,0.0190060622229422,-0.000824493762355327));
#9842=CARTESIAN_POINT('',(-0.0171265577248111,0.0157123441624747,-0.00291414192253243));
#9843=CARTESIAN_POINT('',(-0.0157123441624367,0.017126557724849,-0.00291414192253243));
#9844=CARTESIAN_POINT('',(-0.0161754154344085,0.0147612018719512,-0.00300474390595552));
#9845=CARTESIAN_POINT('',(-0.0147612018720342,0.0161754154343255,-0.00300474390595552));
#9846=CARTESIAN_POINT('',(-0.0157552038139016,0.0143409902515271,-0.00276601159791073));
#9847=CARTESIAN_POINT('',(-0.0143409902515273,0.0157552038139014,-0.00276601159791072));
#9848=CARTESIAN_POINT('',(-0.0150480970386079,0.015048097038608,-0.00276601160125898));
#9849=CARTESIAN_POINT('',(-0.0229809703882191,0.0229809703882191,0.00223399419818417));
#9850=CARTESIAN_POINT('',(-0.0157552038675887,0.0143409903052147,-0.00476601161494736));
#9851=CARTESIAN_POINT('',(-0.0143409903052148,0.015755203867589,-0.00476601161494745));
#9852=CARTESIAN_POINT('',(-0.0166418975016688,0.0152276839392084,-0.00501996546772261));
#9853=CARTESIAN_POINT('',(-0.0152276839392948,0.0166418975015827,-0.0050199654677227));
#9854=CARTESIAN_POINT('',(-0.018229500157987,0.0168152865956527,-0.00427019251465061));
#9855=CARTESIAN_POINT('',(-0.0168152865956131,0.0182295001580271,-0.0042701925146507));
#9856=CARTESIAN_POINT('',(-0.0201659082290435,0.0187516946666593,-0.0019192437451569));
#9857=CARTESIAN_POINT('',(-0.0187516946666696,0.0201659082290336,-0.001919243745157));
#9858=CARTESIAN_POINT('',(-0.0220582032748063,0.0206439897124328,0.000230679559019454));
#9859=CARTESIAN_POINT('',(-0.0206439897124324,0.0220582032748071,0.000230679559019361));
#9860=CARTESIAN_POINT('',(-0.0231596975005947,0.0217454839382258,0.000478015576737937));
#9861=CARTESIAN_POINT('',(-0.0217454839382208,0.0231596975006001,0.000478015576737844));
#9862=CARTESIAN_POINT('',(-0.0236880771730299,0.0222738636106557,0.000233994196510621));
#9863=CARTESIAN_POINT('',(-0.022273863610656,0.02368807717303,0.000233994196510528));
#9864=CARTESIAN_POINT('',(-0.0229809703882191,0.0229809703882191,0.000233994198184164));
#9865=CARTESIAN_POINT('',(-0.0150480970386079,0.015048097038608,-0.00476601160125898));
#9866=CARTESIAN_POINT('',(-0.0143409902574213,0.0143409902574214,-0.00276601160125898));
#9867=CARTESIAN_POINT('',(-0.01275,0.01275,-0.00276601160125898));
#9868=CARTESIAN_POINT('',(-0.0143409902574213,0.0143409902574214,-0.00476601160125898));
#9869=CARTESIAN_POINT('',(-0.01275,0.01275,-0.00476601160125898));
#9870=CARTESIAN_POINT('',(-0.0236880771694057,0.0236880771694056,0.000233994198184164));
#9871=CARTESIAN_POINT('',(-0.0229827804432821,0.0229791601925881,0.000233994198184164));
#9872=CARTESIAN_POINT('',(-0.0227464751687014,0.0232154654671689,0.000233994198184164));
#9873=CARTESIAN_POINT('',(-0.0225136692578787,0.023455270827956,0.000233994198184164));
#9874=CARTESIAN_POINT('',(-0.0222843541754522,0.0236985677378253,0.000233994198184164));
#9875=CARTESIAN_POINT('',(-0.0236880771694057,0.0236880771694056,0.00223399419818417));
#9876=CARTESIAN_POINT('',(-0.0229777894852793,0.0229841508624935,0.00223399419818417));
#9877=CARTESIAN_POINT('',(-0.023214553122577,0.0227473872251958,0.00223399419818417));
#9878=CARTESIAN_POINT('',(-0.023454987618537,0.0225142967583938,0.00223399419818417));
#9879=CARTESIAN_POINT('',(-0.0236990115137429,0.0222847979513698,0.00223399419818417));
#9880=CARTESIAN_POINT('',(-0.01275,0.01275,-0.001));
#9881=CARTESIAN_POINT('',(-0.01275,0.01275,-0.006));
#9882=CARTESIAN_POINT('',(-0.00974479617995717,0.0115125631329235,-0.006));
#9883=CARTESIAN_POINT('',(-0.0115125631329235,0.00974479617995717,-0.006));
#9884=CARTESIAN_POINT('',(-0.0115125631329235,0.00974479617995717,-0.001));
#9885=CARTESIAN_POINT('',(-0.0115125631329235,0.00974479617995717,-0.00243282493311472));
#9886=CARTESIAN_POINT('',(-0.01275,0.01275,0.00192405949066699));
#9887=CARTESIAN_POINT('',(-0.00974479617995717,0.0115125631329235,-0.00243282493311472));
#9888=CARTESIAN_POINT('',(-0.00974479617995717,0.0115125631329235,-0.001));
#9889=CARTESIAN_POINT('',(-0.01275,0.01275,-0.0045));
#9890=CARTESIAN_POINT('',(-0.01175,0.00965767078078675,-0.0045));
#9891=CARTESIAN_POINT('',(-0.01375,0.00965767078078676,-0.0045));
#9892=CARTESIAN_POINT('',(-0.01375,0.00965767078078676,-0.001));
#9893=CARTESIAN_POINT('',(-0.01375,0.00965767078078676,-0.0025));
#9894=CARTESIAN_POINT('',(-0.01275,0.01275,-0.0025));
#9895=CARTESIAN_POINT('',(-0.01175,0.00965767078078675,-0.0025));
#9896=CARTESIAN_POINT('',(-0.01175,0.00965767078078675,-0.001));
#9897=CARTESIAN_POINT('',(-0.01275,0.01275,-0.0025));
#9898=CARTESIAN_POINT('',(-0.00965767078078675,0.01175,-0.0025));
#9899=CARTESIAN_POINT('',(-0.00965767078078675,0.01375,-0.0025));
#9900=CARTESIAN_POINT('',(-0.00965767078078675,0.01375,-0.001));
#9901=CARTESIAN_POINT('',(-0.00965767078078675,0.01375,-0.0045));
#9902=CARTESIAN_POINT('',(-0.01275,0.01275,-0.0045));
#9903=CARTESIAN_POINT('',(-0.00965767078078675,0.01175,-0.0045));
#9904=CARTESIAN_POINT('',(-0.00965767078078675,0.01175,-0.001));
#9905=CARTESIAN_POINT('',(-0.01275,0.01275,-0.001));
#9906=CARTESIAN_POINT('',(-0.0095,0.01275,-0.001));
#9907=CARTESIAN_POINT('',(-0.01275,0.01275,-0.001));
#9908=CARTESIAN_POINT('',(-0.01275,0.01275,-0.001));
#9909=CARTESIAN_POINT('',(-0.0115,0.01275,-0.001));
#9910=CARTESIAN_POINT('',(-0.01275,0.01275,-0.006));
#9911=CARTESIAN_POINT('',(-0.0115,0.01275,-0.006));
#9912=CARTESIAN_POINT('',(0.,0.,-0.001));
#9913=CARTESIAN_POINT('',(0.,0.,-0.006));
#9914=CARTESIAN_POINT('',(-0.0110699374675078,0.0110699374675099,-0.006));
#9915=CARTESIAN_POINT('',(-0.010186053988045,0.0119538209410113,-0.006));
#9916=CARTESIAN_POINT('',(-0.0119538209439924,0.0101860539910261,-0.00600000000000025));
#9917=CARTESIAN_POINT('',(-0.000883883476483181,-0.000883883476483182,-0.006));
#9918=CARTESIAN_POINT('',(0.000883883476483188,0.000883883476483188,-0.006));
#9919=CARTESIAN_POINT('',(-0.01375,0.01275,-0.0035));
#9920=CARTESIAN_POINT('',(-0.01375,0.01275,-0.0045));
#9921=CARTESIAN_POINT('',(-0.01375,0.001,-0.0045));
#9922=CARTESIAN_POINT('',(-0.01375,0.001,-0.0035));
#9923=CARTESIAN_POINT('',(-0.01375,0.001,-0.00259791797250891));
#9924=CARTESIAN_POINT('',(-0.01375,0.,-0.00259791797250891));
#9925=CARTESIAN_POINT('',(-0.01375,-0.001,-0.00259791797152294));
#9926=CARTESIAN_POINT('',(-0.01375,-0.001,-0.0035));
#9927=CARTESIAN_POINT('',(-0.01375,-0.001,-0.0045));
#9928=CARTESIAN_POINT('',(-0.01375,0.01275,-0.0045));
#9929=CARTESIAN_POINT('',(-0.01375,-0.00965767078078677,-0.0045));
#9930=CARTESIAN_POINT('',(-0.01375,-0.00965767078078677,-0.001));
#9931=CARTESIAN_POINT('',(-0.01375,-0.00965767078078677,-0.0025));
#9932=CARTESIAN_POINT('',(-0.01375,0.01275,-0.0025));
#9933=CARTESIAN_POINT('',(-0.01175,0.01275,-0.0035));
#9934=CARTESIAN_POINT('',(-0.01175,0.01275,-0.0025));
#9935=CARTESIAN_POINT('',(-0.01175,-0.00965767078078677,-0.0025));
#9936=CARTESIAN_POINT('',(-0.01175,-0.00965767078078677,-0.001));
#9937=CARTESIAN_POINT('',(-0.01175,-0.00965767078078677,-0.0045));
#9938=CARTESIAN_POINT('',(-0.01175,0.01275,-0.0045));
#9939=CARTESIAN_POINT('',(-0.01275,0.01375,-0.0035));
#9940=CARTESIAN_POINT('',(-0.01275,0.01375,-0.0025));
#9941=CARTESIAN_POINT('',(0.00965767078078675,0.01375,-0.0025));
#9942=CARTESIAN_POINT('',(0.00965767078078675,0.01375,-0.001));
#9943=CARTESIAN_POINT('',(0.00965767078078675,0.01375,-0.0045));
#9944=CARTESIAN_POINT('',(-0.01275,0.01375,-0.0045));
#9945=CARTESIAN_POINT('',(-6.40757512619479E-18,0.01375,-0.00259791797250891));
#9946=CARTESIAN_POINT('',(-0.01275,0.01375,-0.0045));
#9947=CARTESIAN_POINT('',(-0.01275,0.01175,-0.0035));
#9948=CARTESIAN_POINT('',(-0.01275,0.01175,-0.0045));
#9949=CARTESIAN_POINT('',(0.00965767078078675,0.01175,-0.0045));
#9950=CARTESIAN_POINT('',(0.00965767078078675,0.01175,-0.001));
#9951=CARTESIAN_POINT('',(0.00965767078078675,0.01175,-0.0025));
#9952=CARTESIAN_POINT('',(-0.01275,0.01175,-0.0025));
#9953=CARTESIAN_POINT('',(-0.01275,0.01275,-0.0025));
#9954=CARTESIAN_POINT('',(-0.01275,-0.01275,-0.0025));
#9955=CARTESIAN_POINT('',(-0.01275,0.01275,-0.0045));
#9956=CARTESIAN_POINT('',(-0.01275,-0.01275,-0.0045));
#9957=CARTESIAN_POINT('',(-0.01275,-0.001,-0.0045));
#9958=CARTESIAN_POINT('',(-0.0127024213760336,-0.001,-0.00449943406886222));
#9959=CARTESIAN_POINT('',(-0.0127024348505845,2.16840434497101E-19,-0.00449886813772443));
#9960=CARTESIAN_POINT('',(-0.0127024213760336,0.001,-0.00449943406886222));
#9961=CARTESIAN_POINT('',(-0.01275,0.001,-0.0045));
#9962=CARTESIAN_POINT('',(-0.01275,-0.01275,-0.001));
#9963=CARTESIAN_POINT('',(-0.01275,-0.01275,-0.0025));
#9964=CARTESIAN_POINT('',(-0.00965767078078675,-0.01175,-0.0025));
#9965=CARTESIAN_POINT('',(-0.00965767078078674,-0.01375,-0.0025));
#9966=CARTESIAN_POINT('',(-0.00965767078078675,-0.01175,-0.001));
#9967=CARTESIAN_POINT('',(-0.00965767078078675,-0.01175,-0.0045));
#9968=CARTESIAN_POINT('',(-0.01275,-0.01275,-0.0045));
#9969=CARTESIAN_POINT('',(-0.00965767078078674,-0.01375,-0.0045));
#9970=CARTESIAN_POINT('',(-0.00965767078078674,-0.01375,-0.001));
#9971=CARTESIAN_POINT('',(-0.01275,-0.01275,-0.001));
#9972=CARTESIAN_POINT('',(-0.0095,-0.01275,-0.001));
#9973=CARTESIAN_POINT('',(-0.01275,-0.01275,-0.006));
#9974=CARTESIAN_POINT('',(-0.0095,-0.01275,-0.006));
#9975=CARTESIAN_POINT('',(-0.0156437137417535,-0.0142295001793804,-0.001));
#9976=CARTESIAN_POINT('',(-0.0156437137417535,-0.0142295001793805,-0.00276601160125898));
#9977=CARTESIAN_POINT('',(-0.0156437137417535,-0.0142295001793805,-0.00476601160125898));
#9978=CARTESIAN_POINT('',(-0.01275,-0.01275,-0.00276601160125898));
#9979=CARTESIAN_POINT('',(-0.0150480970386079,-0.0150480970386079,-0.00276601160125898));
#9980=CARTESIAN_POINT('',(-0.01275,-0.01275,-0.00276601160125898));
#9981=CARTESIAN_POINT('',(-0.0142295001793804,-0.0156437137417535,-0.00276601160125898));
#9982=CARTESIAN_POINT('',(-0.0142295001793805,-0.0156437137417535,-0.001));
#9983=CARTESIAN_POINT('',(-0.0142295001793804,-0.0156437137417535,-0.00476601160125898));
#9984=CARTESIAN_POINT('',(-0.01275,-0.01275,-0.00476601160125898));
#9985=CARTESIAN_POINT('',(-0.0150480970386079,-0.0150480970386079,-0.00476601160125898));
#9986=CARTESIAN_POINT('',(-0.01275,-0.01275,-0.00476601160125898));
#9987=CARTESIAN_POINT('',(-0.01275,-0.01275,-0.001));
#9988=CARTESIAN_POINT('',(-0.01275,-0.01275,-0.001));
#9989=CARTESIAN_POINT('',(-0.0115,-0.01275,-0.001));
#9990=CARTESIAN_POINT('',(-0.01275,-0.01275,-0.006));
#9991=CARTESIAN_POINT('',(-0.0115,-0.01275,-0.006));
#9992=CARTESIAN_POINT('',(0.,0.,-0.001));
#9993=CARTESIAN_POINT('',(0.,0.,-0.006));
#9994=CARTESIAN_POINT('',(-0.0143409902574213,-0.0143409902574214,-0.00276601160125898));
#9995=CARTESIAN_POINT('',(-0.0150480970386079,-0.0136338834762348,-0.00276601160125898));
#9996=CARTESIAN_POINT('',(-0.0157552038197944,-0.0143409902574214,-0.00276601160125898));
#9997=CARTESIAN_POINT('',(-0.0150480970386079,-0.015048097038608,-0.00276601160125898));
#9998=CARTESIAN_POINT('',(-0.0143409902574213,-0.0143409902574214,-0.00476601160125898));
#9999=CARTESIAN_POINT('',(-0.0136338834762348,-0.015048097038608,-0.00476601160125898));
#10000=CARTESIAN_POINT('',(-0.0143409902574213,-0.0157552038197945,-0.00476601160125898));
#10001=CARTESIAN_POINT('',(-0.0150480970386079,-0.015048097038608,-0.00476601160125898));
#10002=CARTESIAN_POINT('',(-0.0236880771694057,-0.0236880771694056,0.000233994198184164));
#10003=CARTESIAN_POINT('',(-0.0243951839505922,-0.0229809703882191,0.000233994198184163));
#10004=CARTESIAN_POINT('',(-0.0236880771694057,-0.0222738636070325,0.000233994198184163));
#10005=CARTESIAN_POINT('',(-0.0229809703882191,-0.0229809703882191,0.000233994198184164));
#10006=CARTESIAN_POINT('',(-0.0236880771694057,-0.0236880771694056,0.00223399419818417));
#10007=CARTESIAN_POINT('',(-0.0229809703882191,-0.0243951839505921,0.00223399419818417));
#10008=CARTESIAN_POINT('',(-0.0222738636070326,-0.0236880771694056,0.00223399419818417));
#10009=CARTESIAN_POINT('',(-0.0229809703882191,-0.0229809703882191,0.00223399419818417));
#10010=CARTESIAN_POINT('',(-0.0222738636070326,-0.0236880771694056,0.00123399419818416));
#10011=CARTESIAN_POINT('',(-0.0136338834762348,-0.015048097038608,-0.00276601160125898));
#10012=CARTESIAN_POINT('',(-0.0143409902574213,-0.0157552038197945,-0.00276601160125898));
#10013=CARTESIAN_POINT('',(-0.0222738636070326,-0.0236880771694056,0.00223399419818417));
#10014=CARTESIAN_POINT('',(-0.0212772695078015,-0.02269148307018,0.00248974916398114));
#10015=CARTESIAN_POINT('',(-0.0204004944348222,-0.0218147079971935,0.00203345851852364));
#10016=CARTESIAN_POINT('',(-0.018900844595739,-0.0203150581581139,0.000789514013163637));
#10017=CARTESIAN_POINT('',(-0.0182416438764312,-0.0196558574388043,-2.0647934479958E-5));
#10018=CARTESIAN_POINT('',(-0.0169655323192916,-0.0183797458816647,-0.00152064937089131));
#10019=CARTESIAN_POINT('',(-0.0163486214844671,-0.0177628350468347,-0.00221048890325699));
#10020=CARTESIAN_POINT('',(-0.0152269972057183,-0.0166412107680969,-0.00296654653929006));
#10021=CARTESIAN_POINT('',(-0.0147612018777812,-0.0161754154400707,-0.0030047439063886));
#10022=CARTESIAN_POINT('',(-0.0143409902574213,-0.0157552038197945,-0.00276601160125898));
#10023=CARTESIAN_POINT('',(-0.0229809703882191,-0.0243951839505921,0.000233994198184164));
#10024=CARTESIAN_POINT('',(-0.0222738636070326,-0.0236880771694056,0.000233994198184164));
#10025=CARTESIAN_POINT('',(-0.0222738636070326,-0.0236880771694056,0.000233994198184164));
#10026=CARTESIAN_POINT('',(-0.0217454839324508,-0.0231596974948291,0.000478015577705816));
#10027=CARTESIAN_POINT('',(-0.0212006334191132,-0.0226148469814863,0.000358478281839744));
#10028=CARTESIAN_POINT('',(-0.0200073280811741,-0.0214215416435471,-0.000490092272133414));
#10029=CARTESIAN_POINT('',(-0.0193823982549715,-0.0207966118173487,-0.0012027472939557));
#10030=CARTESIAN_POINT('',(-0.018106286697836,-0.019520500260205,-0.00270274873036706));
#10031=CARTESIAN_POINT('',(-0.0174551049698984,-0.0188693185322679,-0.00349009518855587));
#10032=CARTESIAN_POINT('',(-0.016027136190013,-0.0174413497523897,-0.00464152677597213));
#10033=CARTESIAN_POINT('',(-0.0152276838981096,-0.0166418974604029,-0.00501996547775404));
#10034=CARTESIAN_POINT('',(-0.0143409902574213,-0.0157552038197945,-0.00476601160125898));
#10035=CARTESIAN_POINT('',(-0.0222738636094004,-0.0236880771717749,0.00223399419757633));
#10036=CARTESIAN_POINT('',(-0.0236880771717747,-0.0222738636094006,0.00223399419757633));
#10037=CARTESIAN_POINT('',(-0.0212772695086173,-0.0226914830709973,0.00248974916485106));
#10038=CARTESIAN_POINT('',(-0.0226914830709916,-0.021277269508623,0.00248974916485106));
#10039=CARTESIAN_POINT('',(-0.0195417897601201,-0.0209560033224951,0.00158822502963075));
#10040=CARTESIAN_POINT('',(-0.0209560033224944,-0.0195417897601208,0.00158822502963074));
#10041=CARTESIAN_POINT('',(-0.0175918486605775,-0.0190060622229424,-0.000824493762355326));
#10042=CARTESIAN_POINT('',(-0.0190060622229518,-0.0175918486605681,-0.000824493762355328));
#10043=CARTESIAN_POINT('',(-0.0157123441624365,-0.0171265577248493,-0.00291414192253243));
#10044=CARTESIAN_POINT('',(-0.0171265577248108,-0.015712344162475,-0.00291414192253243));
#10045=CARTESIAN_POINT('',(-0.014761201872034,-0.0161754154343257,-0.00300474390595552));
#10046=CARTESIAN_POINT('',(-0.0161754154344083,-0.0147612018719514,-0.00300474390595552));
#10047=CARTESIAN_POINT('',(-0.0143409902515271,-0.0157552038139017,-0.00276601159791072));
#10048=CARTESIAN_POINT('',(-0.0157552038139014,-0.0143409902515274,-0.00276601159791073));
#10049=CARTESIAN_POINT('',(-0.0236880771694057,-0.0222738636070325,0.00223399419818417));
#10050=CARTESIAN_POINT('',(-0.0226914830701745,-0.021277269507807,0.00248974916398114));
#10051=CARTESIAN_POINT('',(-0.0218147079971935,-0.0204004944348222,0.00203345851852364));
#10052=CARTESIAN_POINT('',(-0.0203150581581139,-0.018900844595739,0.000789514013163637));
#10053=CARTESIAN_POINT('',(-0.0196558574388043,-0.0182416438764312,-2.0647934479958E-5));
#10054=CARTESIAN_POINT('',(-0.0183797458816647,-0.0169655323192915,-0.00152064937089131));
#10055=CARTESIAN_POINT('',(-0.0177628350468383,-0.0163486214844597,-0.00221048890325516));
#10056=CARTESIAN_POINT('',(-0.0166412107680932,-0.0152269972057256,-0.00296654653929189));
#10057=CARTESIAN_POINT('',(-0.016175415440152,-0.0147612018776969,-0.0030047439063877));
#10058=CARTESIAN_POINT('',(-0.0157552038197944,-0.0143409902574214,-0.00276601160125898));
#10059=CARTESIAN_POINT('',(-0.0236880771694057,-0.0222738636070325,0.00223399419818417));
#10060=CARTESIAN_POINT('',(-0.0229809703882191,-0.0229809703882191,0.00223399419818417));
#10061=CARTESIAN_POINT('',(-0.0150480970386079,-0.015048097038608,-0.00276601160125898));
#10062=CARTESIAN_POINT('',(-0.0236880771694057,-0.0222738636070325,0.00123399419818416));
#10063=CARTESIAN_POINT('',(-0.0150480970386079,-0.0136338834762348,-0.00476601160125898));
#10064=CARTESIAN_POINT('',(-0.0157552038197944,-0.0143409902574214,-0.00476601160125898));
#10065=CARTESIAN_POINT('',(-0.0236880771694057,-0.0222738636070325,0.000233994198184163));
#10066=CARTESIAN_POINT('',(-0.0231596974948238,-0.021745483932456,0.000478015577705833));
#10067=CARTESIAN_POINT('',(-0.0226148469814863,-0.0212006334191132,0.000358478281839744));
#10068=CARTESIAN_POINT('',(-0.0214215416435471,-0.0200073280811741,-0.000490092272133414));
#10069=CARTESIAN_POINT('',(-0.0207966118173446,-0.0193823982549756,-0.0012027472939557));
#10070=CARTESIAN_POINT('',(-0.0195205002602091,-0.0181062866978319,-0.00270274873036706));
#10071=CARTESIAN_POINT('',(-0.0188693185322716,-0.0174551049698929,-0.00349009518855404));
#10072=CARTESIAN_POINT('',(-0.0174413497523861,-0.0160271361900184,-0.00464152677597396));
#10073=CARTESIAN_POINT('',(-0.0166418974604882,-0.0152276838980225,-0.00501996547775455));
#10074=CARTESIAN_POINT('',(-0.0157552038197944,-0.0143409902574214,-0.00476601160125898));
#10075=CARTESIAN_POINT('',(-0.0243951839505922,-0.0229809703882191,0.00223399419818417));
#10076=CARTESIAN_POINT('',(-0.0143409903052148,-0.015755203867589,-0.00476601161494745));
#10077=CARTESIAN_POINT('',(-0.0157552038675887,-0.0143409903052147,-0.00476601161494736));
#10078=CARTESIAN_POINT('',(-0.0152276839392948,-0.0166418975015827,-0.00501996546772271));
#10079=CARTESIAN_POINT('',(-0.0166418975016687,-0.0152276839392084,-0.00501996546772261));
#10080=CARTESIAN_POINT('',(-0.0168152865956131,-0.0182295001580271,-0.0042701925146507));
#10081=CARTESIAN_POINT('',(-0.018229500157987,-0.0168152865956527,-0.00427019251465061));
#10082=CARTESIAN_POINT('',(-0.0187516946666696,-0.0201659082290336,-0.001919243745157));
#10083=CARTESIAN_POINT('',(-0.0201659082290435,-0.0187516946666593,-0.0019192437451569));
#10084=CARTESIAN_POINT('',(-0.0206439897124324,-0.0220582032748071,0.000230679559019361));
#10085=CARTESIAN_POINT('',(-0.0220582032748063,-0.0206439897124328,0.000230679559019454));
#10086=CARTESIAN_POINT('',(-0.0217454839382209,-0.0231596975006002,0.000478015576737844));
#10087=CARTESIAN_POINT('',(-0.0231596975005948,-0.0217454839382258,0.000478015576737937));
#10088=CARTESIAN_POINT('',(-0.022273863610656,-0.02368807717303,0.000233994196510528));
#10089=CARTESIAN_POINT('',(-0.0236880771730299,-0.0222738636106557,0.000233994196510621));
#10090=CARTESIAN_POINT('',(-0.0150480970386079,-0.015048097038608,-0.00476601160125898));
#10091=CARTESIAN_POINT('',(-0.0229809703882191,-0.0229809703882191,0.000233994198184164));
#10092=CARTESIAN_POINT('',(-0.0143409902574213,-0.0143409902574214,-0.00276601160125898));
#10093=CARTESIAN_POINT('',(-0.0143409902574213,-0.0143409902574214,-0.00476601160125898));
#10094=CARTESIAN_POINT('',(-0.0236880771694057,-0.0236880771694056,0.000233994198184164));
#10095=CARTESIAN_POINT('',(-0.0236880771694057,-0.0236880771694056,0.00223399419818417));
#10096=CARTESIAN_POINT('',(-7.12971348626468E-16,-0.053033008588992,0.005));
#10097=CARTESIAN_POINT('',(-0.017710465001385,-0.0353881954861336,0.00353125156891152));
#10098=CARTESIAN_POINT('',(-0.0170908252587033,-0.034766250220278,0.0034916833052727));
#10099=CARTESIAN_POINT('',(-0.0164382933250005,-0.0341768542186151,0.00346508735913868));
#10100=CARTESIAN_POINT('',(-0.0157561035833233,-0.0336230832962026,0.00344817429487653));
#10101=CARTESIAN_POINT('',(-0.0177104650013849,-0.0353881954861336,0.00353125156891153));
#10102=CARTESIAN_POINT('',(-0.0176587229883833,-0.0353364128028068,0.000984118503773071));
#10103=CARTESIAN_POINT('',(-0.0176755649372206,-0.0353532187078914,0.00183318021880536));
#10104=CARTESIAN_POINT('',(-0.0176928229735011,-0.0353704878167144,0.00268222443160648));
#10105=CARTESIAN_POINT('',(-0.0177104650013849,-0.0353881954861336,0.00353125156891152));
#10106=CARTESIAN_POINT('',(-0.0176587229883833,-0.0353364128028068,0.000984118503773071));
#10107=CARTESIAN_POINT('',(-0.0158753479426327,-0.0337204912051699,0.000915386464374762));
#10108=CARTESIAN_POINT('',(-0.0164954725284399,-0.0342302483420472,0.000929931588139075));
#10109=CARTESIAN_POINT('',(-0.0170907988776147,-0.0347697041164772,0.000952086448142285));
#10110=CARTESIAN_POINT('',(-0.0176587229883834,-0.0353364128028065,0.000984118503773002));
#10111=CARTESIAN_POINT('',(0.0177104650013845,-0.0353881954861346,0.00353125156891173));
#10112=CARTESIAN_POINT('',(0.0170908252587029,-0.0347662502202789,0.00349168330527289));
#10113=CARTESIAN_POINT('',(0.0164382933250001,-0.034176854218616,0.00346508735913886));
#10114=CARTESIAN_POINT('',(0.0157561035833229,-0.0336230832962034,0.00344817429487669));
#10115=CARTESIAN_POINT('',(0.0177104650013845,-0.0353881954861346,0.00353125156891173));
#10116=CARTESIAN_POINT('',(0.0157561035833229,-0.0336230832962034,0.00344817429487669));
#10117=CARTESIAN_POINT('',(0.0157561035833229,-0.0336230832962034,0.00344817429487669));
#10118=CARTESIAN_POINT('',(0.0157390031693348,-0.0336092019499308,0.00260267178211449));
#10119=CARTESIAN_POINT('',(0.0157223576555413,-0.0335957273095077,0.0017571534672389));
#10120=CARTESIAN_POINT('',(0.0157061535227152,-0.0335826424865008,0.000911620601353036));
#10121=CARTESIAN_POINT('',(0.0157061535227152,-0.0335826424865008,0.000911620601353035));
#10122=CARTESIAN_POINT('',(0.0157061535227152,-0.0335826424865008,0.000911620601353035));
#10123=CARTESIAN_POINT('',(0.0163873743050453,-0.0341327276691531,0.00092597821818838));
#10124=CARTESIAN_POINT('',(0.0170393346750264,-0.0347183500533405,0.000949183764193966));
#10125=CARTESIAN_POINT('',(0.0176587229883832,-0.0353364128028072,0.000984118503773196));
#10126=CARTESIAN_POINT('',(0.0176587229883828,-0.0353364128028078,0.000984118503773265));
#10127=CARTESIAN_POINT('',(0.0176587229883828,-0.0353364128028078,0.000984118503773266));
#10128=CARTESIAN_POINT('',(0.0176755649372201,-0.0353532187078924,0.00183318021880555));
#10129=CARTESIAN_POINT('',(0.0176928229735007,-0.0353704878167154,0.00268222443160669));
#10130=CARTESIAN_POINT('',(0.0177104650013845,-0.0353881954861346,0.00353125156891173));
#10131=CARTESIAN_POINT('',(0.00100000000000001,-0.0280530165953972,0.005));
#10132=CARTESIAN_POINT('',(0.00100000000000001,-0.0280530165953972,0.0015));
#10133=CARTESIAN_POINT('',(0.00100000000000001,-0.0280530165953972,0.0035));
#10134=CARTESIAN_POINT('',(-7.12971348626468E-16,-0.053033008588992,0.0035));
#10135=CARTESIAN_POINT('',(-7.2407357887272E-16,-0.0280330085889911,0.0035));
#10136=CARTESIAN_POINT('',(-7.12971348626468E-16,-0.053033008588992,0.0035));
#10137=CARTESIAN_POINT('',(-0.000999999999999987,-0.0280530165953972,0.0035));
#10138=CARTESIAN_POINT('',(-0.000999999999999987,-0.0280530165953972,0.005));
#10139=CARTESIAN_POINT('',(-0.000999999999999988,-0.0280530165953972,0.0015));
#10140=CARTESIAN_POINT('',(-7.12971348626468E-16,-0.053033008588992,0.0015));
#10141=CARTESIAN_POINT('',(-7.2407357887272E-16,-0.0280330085889911,0.0015));
#10142=CARTESIAN_POINT('',(-7.12971348626468E-16,-0.053033008588992,0.0015));
#10143=CARTESIAN_POINT('',(-7.12971348626468E-16,-0.053033008588992,0.005));
#10144=CARTESIAN_POINT('',(0.0250000000000005,-0.053033008588992,0.005));
#10145=CARTESIAN_POINT('',(-6.93889390390723E-18,-0.0530330085889911,0.005));
#10146=CARTESIAN_POINT('',(-6.93889390390723E-18,-0.0530330085889911,0.005));
#10147=CARTESIAN_POINT('',(0.0225,-0.0530330085889911,0.005));
#10148=CARTESIAN_POINT('',(0.,0.,0.005));
#10149=CARTESIAN_POINT('',(0.0341431530214436,-0.015456006087176,0.000978491875264646));
#10150=CARTESIAN_POINT('',(0.033446832728118,-0.0157645636929237,0.000842722009831675));
#10151=CARTESIAN_POINT('',(0.0327460633647332,-0.0160889335617633,0.000722640769745053));
#10152=CARTESIAN_POINT('',(0.0309423342409128,-0.0170087293316638,0.000449190421807494));
#10153=CARTESIAN_POINT('',(0.0298610626893646,-0.0176260591182853,0.000322759086130228));
#10154=CARTESIAN_POINT('',(0.0266837289175927,-0.0196653295508481,4.22720849218101E-5));
#10155=CARTESIAN_POINT('',(0.024738759048738,-0.0212235422636529,-8.68058954964953E-6));
#10156=CARTESIAN_POINT('',(0.0212757085014233,-0.024685882514061,8.4211935440756E-6));
#10157=CARTESIAN_POINT('',(0.0197296540538488,-0.0266070154051843,8.49816701210645E-5));
#10158=CARTESIAN_POINT('',(0.0177559406527378,-0.0296446207713169,0.000354504022980414));
#10159=CARTESIAN_POINT('',(0.0171535694229968,-0.0306814798553362,0.000469588149031461));
#10160=CARTESIAN_POINT('',(0.0161909897651533,-0.0325296278980368,0.000730526113351486));
#10161=CARTESIAN_POINT('',(0.0158174744203707,-0.0333246571090864,0.000858555331517412));
#10162=CARTESIAN_POINT('',(0.0154640954785798,-0.0341199946575235,0.00101103152926578));
#10163=CARTESIAN_POINT('',(0.0337596266077372,-0.0156942217927016,0.00343739830843159));
#10164=CARTESIAN_POINT('',(0.0330974853581344,-0.0159877036710016,0.00330842567743389));
#10165=CARTESIAN_POINT('',(0.0324289123246208,-0.0162972712043515,0.00319391438950837));
#10166=CARTESIAN_POINT('',(0.0307045755852269,-0.0171771431571842,0.00293277015865603));
#10167=CARTESIAN_POINT('',(0.0296686817273763,-0.0177685309411891,0.00281168023904042));
#10168=CARTESIAN_POINT('',(0.0266054408744205,-0.0197356379270184,0.00254168734647223));
#10169=CARTESIAN_POINT('',(0.0247070230606076,-0.0212543522183954,0.00249131944221581));
#10170=CARTESIAN_POINT('',(0.0213064961451461,-0.0246559932317159,0.00250842116272784));
#10171=CARTESIAN_POINT('',(0.0198013342233953,-0.0265302492949645,0.00258385813373028));
#10172=CARTESIAN_POINT('',(0.0178883442595416,-0.029476014165519,0.00284556700632356));
#10173=CARTESIAN_POINT('',(0.0173082961793184,-0.0304755131177034,0.00295674731162786));
#10174=CARTESIAN_POINT('',(0.0163843723780216,-0.0322505364493396,0.00320761004053066));
#10175=CARTESIAN_POINT('',(0.0160287102104204,-0.0330086360256933,0.00333002214569247));
#10176=CARTESIAN_POINT('',(0.0156950905123397,-0.0337600122740705,0.0034741949333023));
#10177=CARTESIAN_POINT('',(0.0222847979513698,-0.0236990115137429,0.00223399419818426));
#10178=CARTESIAN_POINT('',(0.0222846937719415,-0.0236989073343145,0.00156732753200732));
#10179=CARTESIAN_POINT('',(0.0222845912016865,-0.0236988047640596,0.000900660865327977));
#10180=CARTESIAN_POINT('',(0.0222844901646756,-0.0236987037270487,0.000233994198184203));
#10181=CARTESIAN_POINT('',(0.0222847979513698,-0.0236990115137429,0.00223399419818417));
#10182=CARTESIAN_POINT('',(0.0222844901646755,-0.0236987037270487,0.000233994198184164));
#10183=CARTESIAN_POINT('',(0.0222844901646756,-0.0236987037270487,0.000233994198184164));
#10184=CARTESIAN_POINT('',(0.0225125337574604,-0.0234565502744095,0.000233994198184164));
#10185=CARTESIAN_POINT('',(0.0227440609416945,-0.023217879694176,0.000233994198184164));
#10186=CARTESIAN_POINT('',(0.0229791601925809,-0.0229827804432894,0.000233994198184164));
#10187=CARTESIAN_POINT('',(0.0229791602628721,-0.0229827805135661,0.000233994198184164));
#10188=CARTESIAN_POINT('',(0.0229791601925809,-0.0229827804432894,0.000233994198184163));
#10189=CARTESIAN_POINT('',(0.0232154654671641,-0.0227464751687061,0.000233994198184163));
#10190=CARTESIAN_POINT('',(0.0234552708279535,-0.022513669257881,0.000233994198184163));
#10191=CARTESIAN_POINT('',(0.0236985677378253,-0.0222843541754522,0.000233994198184163));
#10192=CARTESIAN_POINT('',(0.0236985677378253,-0.0222843541754522,0.000233994198184163));
#10193=CARTESIAN_POINT('',(0.0236985677378253,-0.0222843541754522,0.000233994198184202));
#10194=CARTESIAN_POINT('',(0.0236985735374295,-0.0222843599750563,0.000900660864853407));
#10195=CARTESIAN_POINT('',(0.0236985794776529,-0.0222843659152798,0.0015673275315202));
#10196=CARTESIAN_POINT('',(0.0236985855664252,-0.0222843720040521,0.00223399419818424));
#10197=CARTESIAN_POINT('',(0.0236985855664253,-0.0222843720040521,0.00223399419818417));
#10198=CARTESIAN_POINT('',(0.0236985855664253,-0.0222843720040521,0.00223399419818417));
#10199=CARTESIAN_POINT('',(0.0234569384554975,-0.0225120111591225,0.00223399419818417));
#10200=CARTESIAN_POINT('',(0.0232187917906359,-0.0227431485571356,0.00223399419818417));
#10201=CARTESIAN_POINT('',(0.0229841508624259,-0.0229777894853468,0.00223399419818417));
#10202=CARTESIAN_POINT('',(0.0229841510768261,-0.0229777896996121,0.00223399419818417));
#10203=CARTESIAN_POINT('',(0.0229841508624259,-0.0229777894853468,0.00223399419818417));
#10204=CARTESIAN_POINT('',(0.0227473872251514,-0.0232145531226227,0.00223399419818417));
#10205=CARTESIAN_POINT('',(0.022514296758372,-0.0234549876185602,0.00223399419818417));
#10206=CARTESIAN_POINT('',(0.0222847979513699,-0.0236990115137429,0.00223399419818417));
#10207=CARTESIAN_POINT('',(0.034958570148664,-0.0151735018412186,0.00368902868527245));
#10208=CARTESIAN_POINT('',(0.0339143027649984,-0.0156210664294677,0.0034531854877596));
#10209=CARTESIAN_POINT('',(0.032831290970461,-0.0160919507023839,0.00325485310268355));
#10210=CARTESIAN_POINT('',(0.0307045755852269,-0.0171771431571842,0.00293277015865603));
#10211=CARTESIAN_POINT('',(0.0296686817273763,-0.0177685309411891,0.00281168023904042));
#10212=CARTESIAN_POINT('',(0.0266054408744205,-0.0197356379270184,0.00254168734647223));
#10213=CARTESIAN_POINT('',(0.0247070230606076,-0.0212543522183954,0.00249131944221581));
#10214=CARTESIAN_POINT('',(0.0213064961451461,-0.0246559932317159,0.00250842116272784));
#10215=CARTESIAN_POINT('',(0.0198013342233953,-0.0265302492949645,0.00258385813373028));
#10216=CARTESIAN_POINT('',(0.0178883442595416,-0.029476014165519,0.00284556700632356));
#10217=CARTESIAN_POINT('',(0.0173082961793184,-0.0304755131177034,0.00295674731162786));
#10218=CARTESIAN_POINT('',(0.0162393453315106,-0.0325291594168547,0.00324698761755745));
#10219=CARTESIAN_POINT('',(0.015768504777103,-0.0335746276487825,0.00342350411013116));
#10220=CARTESIAN_POINT('',(0.0153309434124219,-0.0345957738995491,0.00364457675455115));
#10221=CARTESIAN_POINT('',(0.0336223870518017,-0.015755245841941,0.00341089045030652));
#10222=CARTESIAN_POINT('',(0.0335835679669818,-0.0157072995607436,0.000872878483363214));
#10223=CARTESIAN_POINT('',(0.0335961163603043,-0.0157228375104646,0.00171889673000073));
#10224=CARTESIAN_POINT('',(0.0336090607829804,-0.0157388277445537,0.00256490072319718));
#10225=CARTESIAN_POINT('',(0.0336223870518017,-0.015755245841941,0.00341089045030652));
#10226=CARTESIAN_POINT('',(0.0335835679669818,-0.0157072995607436,0.000872878483363214));
#10227=CARTESIAN_POINT('',(0.0354067710419877,-0.0149072748195634,0.00124398489585591));
#10228=CARTESIAN_POINT('',(0.034303503393586,-0.0153800900822348,0.000994579378330066));
#10229=CARTESIAN_POINT('',(0.033166968438391,-0.015874296729011,0.000786451148654178));
#10230=CARTESIAN_POINT('',(0.0309423342409128,-0.0170087293316638,0.000449190421807494));
#10231=CARTESIAN_POINT('',(0.0298610626893646,-0.0176260591182853,0.000322759086130228));
#10232=CARTESIAN_POINT('',(0.0266837289175927,-0.0196653295508481,4.22720849218101E-5));
#10233=CARTESIAN_POINT('',(0.024738759048738,-0.0212235422636529,-8.68058954964953E-6));
#10234=CARTESIAN_POINT('',(0.0212757085014233,-0.024685882514061,8.4211935440756E-6));
#10235=CARTESIAN_POINT('',(0.0197296540538488,-0.0266070154051843,8.49816701210645E-5));
#10236=CARTESIAN_POINT('',(0.0177559406527378,-0.0296446207713169,0.000354504022980414));
#10237=CARTESIAN_POINT('',(0.0171535694229968,-0.0306814798553362,0.000469588149031461));
#10238=CARTESIAN_POINT('',(0.0160398949620834,-0.0328197291507284,0.00077148518620445));
#10239=CARTESIAN_POINT('',(0.0155437560522848,-0.0339190000628764,0.000956410838407091));
#10240=CARTESIAN_POINT('',(0.0150770630009781,-0.0350078417818864,0.00119187522419095));
#10241=CARTESIAN_POINT('',(0.0345294378857458,-0.0153579849484815,0.00359465677460609));
#10242=CARTESIAN_POINT('',(0.0336193569562288,-0.015750798173069,0.00339979820458509));
#10243=CARTESIAN_POINT('',(0.0326863149998622,-0.0161659271406574,0.0032328970441776));
#10244=CARTESIAN_POINT('',(0.0307045755852269,-0.0171771431571842,0.00293277015865603));
#10245=CARTESIAN_POINT('',(0.0296686817273763,-0.0177685309411891,0.00281168023904042));
#10246=CARTESIAN_POINT('',(0.0266054408744205,-0.0197356379270184,0.00254168734647223));
#10247=CARTESIAN_POINT('',(0.0247070230606076,-0.0212543522183954,0.00249131944221581));
#10248=CARTESIAN_POINT('',(0.0213064961451461,-0.0246559932317159,0.00250842116272784));
#10249=CARTESIAN_POINT('',(0.0198013342233953,-0.0265302492949645,0.00258385813373028));
#10250=CARTESIAN_POINT('',(0.0178883442595416,-0.029476014165519,0.00284556700632356));
#10251=CARTESIAN_POINT('',(0.0173082961793184,-0.0304755131177034,0.00295674731162786));
#10252=CARTESIAN_POINT('',(0.0162506253775687,-0.0325074884252568,0.00324392487241298));
#10253=CARTESIAN_POINT('',(0.0157884071991509,-0.0335305069655174,0.0034160673715802));
#10254=CARTESIAN_POINT('',(0.0153586922230129,-0.0345310882594408,0.00363063902616928));
#10255=CARTESIAN_POINT('',(0.035529793294172,-0.0176481800543925,0.00352857769821269));
#10256=CARTESIAN_POINT('',(0.0346338108799378,-0.0180349559162933,0.00333656438952765));
#10257=CARTESIAN_POINT('',(0.0337596661495206,-0.0184244862768814,0.00318137884023739));
#10258=CARTESIAN_POINT('',(0.031923350192282,-0.0193615272456874,0.00290329021155317));
#10259=CARTESIAN_POINT('',(0.0309482442571167,-0.0199178480596936,0.00278910691283496));
#10260=CARTESIAN_POINT('',(0.0281009035257556,-0.021746357818474,0.00253816186181446));
#10261=CARTESIAN_POINT('',(0.0263430952711708,-0.0231538140468834,0.00249197440281602));
#10262=CARTESIAN_POINT('',(0.0232020224983434,-0.0262960006553109,0.00250778577385861));
#10263=CARTESIAN_POINT('',(0.0218055867692093,-0.0280339889765234,0.00257751518418323));
#10264=CARTESIAN_POINT('',(0.0200296881046575,-0.0307687219470982,0.00282049023782988));
#10265=CARTESIAN_POINT('',(0.0194846086449807,-0.0317082565363356,0.0029250653580706));
#10266=CARTESIAN_POINT('',(0.0185027833051899,-0.0335945742426696,0.00319166960108977));
#10267=CARTESIAN_POINT('',(0.0180697937370141,-0.034551118117776,0.00335139470079301));
#10268=CARTESIAN_POINT('',(0.0176495828351158,-0.0355295900659566,0.00356126445456595));
#10269=CARTESIAN_POINT('',(0.0359557407169662,-0.017465051306961,0.00362230609713853));
#10270=CARTESIAN_POINT('',(0.0349103733262,-0.0179130874874963,0.00338621536953172));
#10271=CARTESIAN_POINT('',(0.0338940035332657,-0.0183559361824844,0.00320172266978342));
#10272=CARTESIAN_POINT('',(0.031923350192282,-0.0193615272456874,0.00290329021155317));
#10273=CARTESIAN_POINT('',(0.0309482442571167,-0.0199178480596936,0.00278910691283496));
#10274=CARTESIAN_POINT('',(0.0281009035257556,-0.021746357818474,0.00253816186181446));
#10275=CARTESIAN_POINT('',(0.0263430952711708,-0.0231538140468834,0.00249197440281602));
#10276=CARTESIAN_POINT('',(0.0232020224983434,-0.0262960006553109,0.00250778577385861));
#10277=CARTESIAN_POINT('',(0.0218055867692093,-0.0280339889765234,0.00257751518418323));
#10278=CARTESIAN_POINT('',(0.0200296881046575,-0.0307687219470982,0.00282049023782988));
#10279=CARTESIAN_POINT('',(0.0194846086449807,-0.0317082565363356,0.0029250653580706));
#10280=CARTESIAN_POINT('',(0.0184923121500483,-0.0336146917977467,0.00319451293205396));
#10281=CARTESIAN_POINT('',(0.01805114779418,-0.0345923750177917,0.00335829496184947));
#10282=CARTESIAN_POINT('',(0.0176224211252719,-0.0355929079351364,0.00357490892420714));
#10283=CARTESIAN_POINT('',(0.0353874593440072,-0.0177097315576168,0.00349834437096284));
#10284=CARTESIAN_POINT('',(0.0336223870518017,-0.0157552458419411,0.00341089045030652));
#10285=CARTESIAN_POINT('',(0.034176129790932,-0.0164374624729003,0.00342949178383928));
#10286=CARTESIAN_POINT('',(0.0347655474760651,-0.0170900735771383,0.0034577446515251));
#10287=CARTESIAN_POINT('',(0.035387459344007,-0.0177097315576168,0.00349834437096282));
#10288=CARTESIAN_POINT('',(0.035529793294172,-0.0176481800543925,0.00352857769821269));
#10289=CARTESIAN_POINT('',(0.0346338108799378,-0.0180349559162933,0.00333656438952764));
#10290=CARTESIAN_POINT('',(0.0337596661495206,-0.0184244862768814,0.0031813788402374));
#10291=CARTESIAN_POINT('',(0.031923350192282,-0.0193615272456874,0.00290329021155317));
#10292=CARTESIAN_POINT('',(0.0309482442571167,-0.0199178480596936,0.00278910691283496));
#10293=CARTESIAN_POINT('',(0.0281009035257556,-0.021746357818474,0.00253816186181446));
#10294=CARTESIAN_POINT('',(0.0263430952711708,-0.0231538140468834,0.00249197440281603));
#10295=CARTESIAN_POINT('',(0.0232020224983434,-0.0262960006553109,0.00250778577385861));
#10296=CARTESIAN_POINT('',(0.0218055867692053,-0.0280339889765234,0.00257751518418374));
#10297=CARTESIAN_POINT('',(0.0200296881046595,-0.0307687219470982,0.00282049023782963));
#10298=CARTESIAN_POINT('',(0.0194846086449807,-0.0317082565363356,0.0029250653580706));
#10299=CARTESIAN_POINT('',(0.0185027833051899,-0.0335945742426696,0.00319166960108977));
#10300=CARTESIAN_POINT('',(0.0180697937370141,-0.034551118117776,0.00335139470079301));
#10301=CARTESIAN_POINT('',(0.0176495828351158,-0.0355295900659566,0.00356126445456595));
#10302=CARTESIAN_POINT('',(0.0359541654839789,-0.0173921814276506,0.00107819232513397));
#10303=CARTESIAN_POINT('',(0.0350085021234123,-0.0178003628362465,0.000875327014495645));
#10304=CARTESIAN_POINT('',(0.0340886685941054,-0.0182101889530503,0.000711942232576877));
#10305=CARTESIAN_POINT('',(0.0321611088479681,-0.0191931134201691,0.000419710474704646));
#10306=CARTESIAN_POINT('',(0.031140625219105,-0.0197753762367897,0.000300185759924772));
#10307=CARTESIAN_POINT('',(0.0281791915689277,-0.0216760494423037,3.87466002640326E-5));
#10308=CARTESIAN_POINT('',(0.0263748312593013,-0.0231230040921408,-8.02562894918295E-6));
#10309=CARTESIAN_POINT('',(0.0231712348546205,-0.0263258899376559,7.78580467460858E-6));
#10310=CARTESIAN_POINT('',(0.0217339065996588,-0.0281107550867432,7.86387205740257E-5));
#10311=CARTESIAN_POINT('',(0.0198972844978557,-0.030937328552896,0.000329427254486726));
#10312=CARTESIAN_POINT('',(0.0193298818886591,-0.0319142232739683,0.000437906195474337));
#10313=CARTESIAN_POINT('',(0.0183038048792732,-0.0338842512079972,0.000716044162710105));
#10314=CARTESIAN_POINT('',(0.017846112242409,-0.034893224490977,0.000883948932935954));
#10315=CARTESIAN_POINT('',(0.017397541817435,-0.0359373903630212,0.00110765976051873));
#10316=CARTESIAN_POINT('',(0.03640394161029,-0.0171988242853059,0.00117726230772199));
#10317=CARTESIAN_POINT('',(0.0352995742979105,-0.0176721107351994,0.000927607653407339));
#10318=CARTESIAN_POINT('',(0.0342296810011957,-0.0181382822091094,0.00073332071575405));
#10319=CARTESIAN_POINT('',(0.0321611088479681,-0.0191931134201691,0.000419710474704646));
#10320=CARTESIAN_POINT('',(0.031140625219105,-0.0197753762367897,0.000300185759924772));
#10321=CARTESIAN_POINT('',(0.0281791915689277,-0.0216760494423037,3.87466002640326E-5));
#10322=CARTESIAN_POINT('',(0.0263748312593013,-0.0231230040921408,-8.02562894918295E-6));
#10323=CARTESIAN_POINT('',(0.0231712348546205,-0.0263258899376559,7.78580467460858E-6));
#10324=CARTESIAN_POINT('',(0.0217339065996588,-0.0281107550867432,7.86387205740257E-5));
#10325=CARTESIAN_POINT('',(0.0198972844978557,-0.030937328552896,0.000329427254486726));
#10326=CARTESIAN_POINT('',(0.0193298818886591,-0.0319142232739683,0.000437906195474337));
#10327=CARTESIAN_POINT('',(0.0182928617806211,-0.0339052615316204,0.00071901050070084));
#10328=CARTESIAN_POINT('',(0.0178263997999623,-0.0349367472605226,0.000891203050071885));
#10329=CARTESIAN_POINT('',(0.0173685407138282,-0.0360049758174737,0.00112220739384694));
#10330=CARTESIAN_POINT('',(0.0353380843223703,-0.0176603979343205,0.000950767319670874));
#10331=CARTESIAN_POINT('',(0.0353874593440072,-0.0177097315576168,0.00349834437096284));
#10332=CARTESIAN_POINT('',(0.0353706557545157,-0.0176929888664642,0.00264916455286016));
#10333=CARTESIAN_POINT('',(0.0353541703752469,-0.0176765154356622,0.00179997313274246));
#10334=CARTESIAN_POINT('',(0.0353380843223703,-0.0176603979343205,0.000950767319670874));
#10335=CARTESIAN_POINT('',(0.0354814458291652,-0.017597507285156,0.000979581941088578));
#10336=CARTESIAN_POINT('',(0.0347012975951428,-0.0179388475517523,0.000821411240193541));
#10337=CARTESIAN_POINT('',(0.0339391401718246,-0.0182864382859615,0.000689272660968245));
#10338=CARTESIAN_POINT('',(0.0321611088479681,-0.0191931134201691,0.000419710474704645));
#10339=CARTESIAN_POINT('',(0.031140625219105,-0.0197753762367897,0.000300185759924771));
#10340=CARTESIAN_POINT('',(0.0281791915689277,-0.0216760494423037,3.87466002640319E-5));
#10341=CARTESIAN_POINT('',(0.0263748312593013,-0.0231230040921408,-8.02562894918364E-6));
#10342=CARTESIAN_POINT('',(0.0231712348546205,-0.0263258899376559,7.78580467460789E-6));
#10343=CARTESIAN_POINT('',(0.0217339065996588,-0.0281107550867432,7.86387205740249E-5));
#10344=CARTESIAN_POINT('',(0.0198972844978557,-0.030937328552896,0.000329427254486725));
#10345=CARTESIAN_POINT('',(0.0193298818886591,-0.0319142232739683,0.000437906195474336));
#10346=CARTESIAN_POINT('',(0.0183782442105488,-0.0337413305883343,0.000695865945973957));
#10347=CARTESIAN_POINT('',(0.0179814345978539,-0.0345980154836492,0.000835351523233084));
#10348=CARTESIAN_POINT('',(0.0175956198485655,-0.0354802495333219,0.00101275263289462));
#10349=CARTESIAN_POINT('',(0.0344704146735343,-0.0153119379739611,0.00104353587564522));
#10350=CARTESIAN_POINT('',(0.0336668873984898,-0.0156635060134294,0.000880765749858261));
#10351=CARTESIAN_POINT('',(0.0328545079502354,-0.0160336332011403,0.000739081270286901));
#10352=CARTESIAN_POINT('',(0.0309423342409128,-0.0170087293316638,0.000449190421807494));
#10353=CARTESIAN_POINT('',(0.0298610626893646,-0.0176260591182853,0.000322759086130228));
#10354=CARTESIAN_POINT('',(0.0266837289175927,-0.0196653295508481,4.22720849218101E-5));
#10355=CARTESIAN_POINT('',(0.024738759048738,-0.0212235422636529,-8.6805895496495E-6));
#10356=CARTESIAN_POINT('',(0.0212757085014233,-0.024685882514061,8.42119354407563E-6));
#10357=CARTESIAN_POINT('',(0.0197296540538488,-0.0266070154051843,8.49816701210645E-5));
#10358=CARTESIAN_POINT('',(0.0177559406527378,-0.0296446207713169,0.000354504022980414));
#10359=CARTESIAN_POINT('',(0.0171535694229968,-0.0306814798553362,0.000469588149031461));
#10360=CARTESIAN_POINT('',(0.0161315886822766,-0.0326436776747574,0.000746628674337427));
#10361=CARTESIAN_POINT('',(0.0157087991374741,-0.0335577862528913,0.000896429184488921));
#10362=CARTESIAN_POINT('',(0.0153101472509219,-0.0344692797808159,0.00107959155566258));
#10363=CARTESIAN_POINT('',(0.0353380843223703,-0.0176603979343205,0.000950767319670874));
#10364=CARTESIAN_POINT('',(0.0347197416906011,-0.0170408464338011,0.000914232433902319));
#10365=CARTESIAN_POINT('',(0.0341339104713204,-0.0163887568550741,0.000889096620926241));
#10366=CARTESIAN_POINT('',(0.0335835679669817,-0.0157072995607436,0.000872878483363212));
#10367=CARTESIAN_POINT('',(-0.000999999999999988,-0.0280330085889911,0.0025));
#10368=CARTESIAN_POINT('',(-0.000999999999999987,-0.029033008588991,0.0035));
#10369=CARTESIAN_POINT('',(-0.000999999999999987,-0.0280330085889911,0.0035));
#10370=CARTESIAN_POINT('',(-0.000999999999999987,-0.0280330085889911,0.0035));
#10371=CARTESIAN_POINT('',(-0.000999999999999988,-0.0264739016164259,0.00375200765952836));
#10372=CARTESIAN_POINT('',(-0.000999999999999989,-0.0249710666759231,0.00332089422631656));
#10373=CARTESIAN_POINT('',(-0.001,-0.0220787392568365,0.00200535207995236));
#10374=CARTESIAN_POINT('',(-0.001,-0.0206710129528162,0.00109561879819937));
#10375=CARTESIAN_POINT('',(-0.001,-0.017965156692085,-0.000664241501930539));
#10376=CARTESIAN_POINT('',(-0.001,-0.0166651033564758,-0.00151567389205938));
#10377=CARTESIAN_POINT('',(-0.001,-0.0149464904581838,-0.00231115775727721));
#10378=CARTESIAN_POINT('',(-0.001,-0.0144140592965753,-0.0024941437248308));
#10379=CARTESIAN_POINT('',(-0.001,-0.0134911139673285,-0.0026471836876147));
#10380=CARTESIAN_POINT('',(-0.001,-0.0131067232209719,-0.00261594580491631));
#10381=CARTESIAN_POINT('',(-0.001,-0.0127975651494154,-0.00250113186227556));
#10382=CARTESIAN_POINT('',(-0.001,-0.01375,-0.00259791797250891));
#10383=CARTESIAN_POINT('',(-0.001,-0.01375,-0.0035));
#10384=CARTESIAN_POINT('',(-0.001,-0.01375,-0.0045));
#10385=CARTESIAN_POINT('',(-0.001,-0.01275,-0.0045));
#10386=CARTESIAN_POINT('',(-0.001,-0.0127024213760336,-0.00449943406886222));
#10387=CARTESIAN_POINT('',(-0.000999999999999988,-0.0280330085889911,0.0015));
#10388=CARTESIAN_POINT('',(-0.000999999999999988,-0.027090753295518,0.00174709991661609));
#10389=CARTESIAN_POINT('',(-0.000999999999999989,-0.0259345744265452,0.00155410576416375));
#10390=CARTESIAN_POINT('',(-0.001,-0.02340827362854,0.000494647929567331));
#10391=CARTESIAN_POINT('',(-0.001,-0.0220577477818247,-0.000345618806264793));
#10392=CARTESIAN_POINT('',(-0.001,-0.0193720997512562,-0.00208575849000403));
#10393=CARTESIAN_POINT('',(-0.001,-0.0180389009358045,-0.00298432611911879));
#10394=CARTESIAN_POINT('',(-0.001,-0.0160685426717656,-0.0039700922371337));
#10395=CARTESIAN_POINT('',(-0.001,-0.0154148012847016,-0.00424023128298369));
#10396=CARTESIAN_POINT('',(-0.001,-0.0140802300526274,-0.0045715663045708));
#10397=CARTESIAN_POINT('',(-0.001,-0.0133936942565433,-0.00463353652469741));
#10398=CARTESIAN_POINT('',(-0.001,-0.0127024348505845,-0.00449886813772443));
#10399=CARTESIAN_POINT('',(-0.000999999999999988,-0.0280330085889911,0.0015));
#10400=CARTESIAN_POINT('',(-0.000999999999999987,-0.029033008588991,0.0015));
#10401=CARTESIAN_POINT('',(0.00100000000000001,-0.0280330085889911,0.0025));
#10402=CARTESIAN_POINT('',(0.00100000000000001,-0.029033008588991,0.0015));
#10403=CARTESIAN_POINT('',(0.00100000000000001,-0.0280330085889911,0.0015));
#10404=CARTESIAN_POINT('',(0.00100000000000001,-0.0280330085889911,0.0015));
#10405=CARTESIAN_POINT('',(0.00100000000000001,-0.027090753295518,0.00174709991661609));
#10406=CARTESIAN_POINT('',(0.001,-0.0259345744265452,0.00155410576416375));
#10407=CARTESIAN_POINT('',(0.001,-0.02340827362854,0.00049464792956733));
#10408=CARTESIAN_POINT('',(0.001,-0.0220577477818247,-0.000345618806264793));
#10409=CARTESIAN_POINT('',(0.001,-0.0193720997512562,-0.00208575849000403));
#10410=CARTESIAN_POINT('',(0.001,-0.0180389009358045,-0.00298432611911879));
#10411=CARTESIAN_POINT('',(0.001,-0.0160685426717656,-0.0039700922371337));
#10412=CARTESIAN_POINT('',(0.001,-0.0154148012847016,-0.00424023128298369));
#10413=CARTESIAN_POINT('',(0.001,-0.0140802300526274,-0.0045715663045708));
#10414=CARTESIAN_POINT('',(0.001,-0.0133936942565433,-0.00463353652469741));
#10415=CARTESIAN_POINT('',(0.001,-0.0127024348505845,-0.00449886813772443));
#10416=CARTESIAN_POINT('',(0.001,-0.0127024213760336,-0.00449943406886222));
#10417=CARTESIAN_POINT('',(0.001,-0.01275,-0.0045));
#10418=CARTESIAN_POINT('',(0.001,-0.01375,-0.0045));
#10419=CARTESIAN_POINT('',(0.001,-0.01375,-0.0035));
#10420=CARTESIAN_POINT('',(0.001,-0.01375,-0.00259791797152294));
#10421=CARTESIAN_POINT('',(0.00100000000000001,-0.0280330085889911,0.0035));
#10422=CARTESIAN_POINT('',(0.00100000000000001,-0.0264739016164259,0.00375200765952836));
#10423=CARTESIAN_POINT('',(0.001,-0.0249710666759231,0.00332089422631656));
#10424=CARTESIAN_POINT('',(0.001,-0.0220787392568365,0.00200535207995236));
#10425=CARTESIAN_POINT('',(0.001,-0.0206710129528162,0.00109561879819937));
#10426=CARTESIAN_POINT('',(0.001,-0.017965156692085,-0.000664241501930539));
#10427=CARTESIAN_POINT('',(0.001,-0.0166651033564758,-0.00151567389205938));
#10428=CARTESIAN_POINT('',(0.001,-0.0149464904581838,-0.00231115775727721));
#10429=CARTESIAN_POINT('',(0.001,-0.0144140592965753,-0.0024941437248308));
#10430=CARTESIAN_POINT('',(0.001,-0.0134911139673285,-0.0026471836876147));
#10431=CARTESIAN_POINT('',(0.001,-0.0131067232209719,-0.00261594580491631));
#10432=CARTESIAN_POINT('',(0.001,-0.0127975651494154,-0.00250113186227556));
#10433=CARTESIAN_POINT('',(0.00100000000000001,-0.0280330085889911,0.0035));
#10434=CARTESIAN_POINT('',(0.00100000000000001,-0.029033008588991,0.0035));
#10435=CARTESIAN_POINT('',(1.31963304635375E-17,-0.029033008588991,0.0035));
#10436=CARTESIAN_POINT('',(1.27522412536875E-17,-0.0280330085889911,0.0035));
#10437=CARTESIAN_POINT('',(1.28062988177933E-17,-0.029033008588991,0.0015));
#10438=CARTESIAN_POINT('',(1.23622096079433E-17,-0.0280330085889911,0.0015));
#10439=CARTESIAN_POINT('',(-0.01275,0.01275,-0.0025));
#10440=CARTESIAN_POINT('',(0.01275,0.01275,-0.0025));
#10441=CARTESIAN_POINT('',(-0.01275,0.01275,-0.0045));
#10442=CARTESIAN_POINT('',(-6.24743690147183E-18,0.0127024348505845,-0.00449886813772443));
#10443=CARTESIAN_POINT('',(0.01275,0.01275,-0.0045));
#10444=CARTESIAN_POINT('',(0.01275,-0.01275,-0.001));
#10445=CARTESIAN_POINT('',(0.00965767078078674,-0.01375,-0.001));
#10446=CARTESIAN_POINT('',(0.00965767078078674,-0.01375,-0.0045));
#10447=CARTESIAN_POINT('',(0.00965767078078674,-0.01375,-0.0025));
#10448=CARTESIAN_POINT('',(0.01275,-0.01275,-0.0045));
#10449=CARTESIAN_POINT('',(0.00965767078078675,-0.01175,-0.0045));
#10450=CARTESIAN_POINT('',(0.00965767078078675,-0.01175,-0.001));
#10451=CARTESIAN_POINT('',(0.00965767078078675,-0.01175,-0.0025));
#10452=CARTESIAN_POINT('',(0.01275,-0.01275,-0.0025));
#10453=CARTESIAN_POINT('',(0.01375,-0.00965767078078678,-0.001));
#10454=CARTESIAN_POINT('',(0.01375,-0.00965767078078678,-0.0025));
#10455=CARTESIAN_POINT('',(0.01375,-0.00965767078078678,-0.0045));
#10456=CARTESIAN_POINT('',(0.01275,-0.01275,-0.0025));
#10457=CARTESIAN_POINT('',(0.01175,-0.00965767078078677,-0.0025));
#10458=CARTESIAN_POINT('',(0.01175,-0.00965767078078677,-0.001));
#10459=CARTESIAN_POINT('',(0.01175,-0.00965767078078677,-0.0045));
#10460=CARTESIAN_POINT('',(0.01275,-0.01275,-0.0045));
#10461=CARTESIAN_POINT('',(0.01275,-0.01275,0.001924059490667));
#10462=CARTESIAN_POINT('',(0.00974479617995718,-0.0115125631329235,-0.00243282493311472));
#10463=CARTESIAN_POINT('',(0.0115125631329236,-0.00974479617995718,-0.0024328249331147));
#10464=CARTESIAN_POINT('',(0.00974479617995718,-0.0115125631329235,-0.001));
#10465=CARTESIAN_POINT('',(0.00974479617995718,-0.0115125631329235,-0.006));
#10466=CARTESIAN_POINT('',(0.01275,-0.01275,-0.006));
#10467=CARTESIAN_POINT('',(0.0115125631329236,-0.00974479617995718,-0.006));
#10468=CARTESIAN_POINT('',(0.0115125631329236,-0.00974479617995718,-0.001));
#10469=CARTESIAN_POINT('',(0.01275,-0.01275,-0.001));
#10470=CARTESIAN_POINT('',(0.016,-0.01275,-0.001));
#10471=CARTESIAN_POINT('',(0.01275,-0.01275,-0.00276601160125898));
#10472=CARTESIAN_POINT('',(0.0156437137417535,-0.0142295001793804,-0.00276601160125898));
#10473=CARTESIAN_POINT('',(0.0150480970386079,-0.0150480970386079,-0.00276601160125898));
#10474=CARTESIAN_POINT('',(0.0156437137417535,-0.0142295001793804,-0.001));
#10475=CARTESIAN_POINT('',(0.0156437137417535,-0.0142295001793805,-0.00476601160125898));
#10476=CARTESIAN_POINT('',(0.01275,-0.01275,-0.00476601160125898));
#10477=CARTESIAN_POINT('',(0.0150480970386079,-0.0150480970386079,-0.00476601160125898));
#10478=CARTESIAN_POINT('',(0.01275,-0.01275,-0.00476601160125898));
#10479=CARTESIAN_POINT('',(0.0142295001793804,-0.0156437137417535,-0.00476601160125898));
#10480=CARTESIAN_POINT('',(0.0142295001793805,-0.0156437137417535,-0.001));
#10481=CARTESIAN_POINT('',(0.0142295001793805,-0.0156437137417535,-0.00276601160125898));
#10482=CARTESIAN_POINT('',(0.01275,-0.01275,-0.00276601160125898));
#10483=CARTESIAN_POINT('',(0.01275,-0.01275,-0.001));
#10484=CARTESIAN_POINT('',(0.01275,-0.01275,-0.001));
#10485=CARTESIAN_POINT('',(0.014,-0.01275,-0.001));
#10486=CARTESIAN_POINT('',(0.01275,-0.01275,-0.006));
#10487=CARTESIAN_POINT('',(0.014,-0.01275,-0.006));
#10488=CARTESIAN_POINT('',(0.,0.,-0.001));
#10489=CARTESIAN_POINT('',(0.,0.,-0.006));
#10490=CARTESIAN_POINT('',(-0.000883883476483182,-0.000883883476483182,
-0.006));
#10491=CARTESIAN_POINT('',(0.0101860539910261,-0.0119538209439924,-0.00600000000000026));
#10492=CARTESIAN_POINT('',(0.0110699374675099,-0.0110699374675078,-0.006));
#10493=CARTESIAN_POINT('',(0.0119538209410121,-0.0101860539880442,-0.00600000000967731));
#10494=CARTESIAN_POINT('',(0.000883883476483188,0.000883883476483188,-0.006));
#10495=CARTESIAN_POINT('',(0.0222738636070326,-0.0236880771694056,0.00123399419818416));
#10496=CARTESIAN_POINT('',(0.0136338834762348,-0.015048097038608,-0.00476601160125898));
#10497=CARTESIAN_POINT('',(0.0143409902574213,-0.0157552038197945,-0.00476601160125898));
#10498=CARTESIAN_POINT('',(0.0222738636070326,-0.0236880771694056,0.000233994198184164));
#10499=CARTESIAN_POINT('',(0.0217454839324508,-0.0231596974948291,0.000478015577705816));
#10500=CARTESIAN_POINT('',(0.0212006334191132,-0.0226148469814863,0.000358478281839744));
#10501=CARTESIAN_POINT('',(0.0200073280811741,-0.0214215416435471,-0.000490092272133414));
#10502=CARTESIAN_POINT('',(0.0193823982549715,-0.0207966118173487,-0.0012027472939557));
#10503=CARTESIAN_POINT('',(0.018106286697836,-0.019520500260205,-0.00270274873036706));
#10504=CARTESIAN_POINT('',(0.0174551049698984,-0.0188693185322679,-0.00349009518855587));
#10505=CARTESIAN_POINT('',(0.016027136190013,-0.0174413497523897,-0.00464152677597213));
#10506=CARTESIAN_POINT('',(0.0152276838981096,-0.0166418974604029,-0.00501996547775404));
#10507=CARTESIAN_POINT('',(0.0143409902574213,-0.0157552038197945,-0.00476601160125898));
#10508=CARTESIAN_POINT('',(0.0222738636070326,-0.0236880771694056,0.000233994198184164));
#10509=CARTESIAN_POINT('',(0.0229809703882191,-0.0243951839505921,0.000233994198184164));
#10510=CARTESIAN_POINT('',(0.0229809703882191,-0.0243951839505921,0.00223399419818417));
#10511=CARTESIAN_POINT('',(0.0222738636070326,-0.0236880771694056,0.00223399419818417));
#10512=CARTESIAN_POINT('',(0.0222738636070326,-0.0236880771694056,0.00223399419818417));
#10513=CARTESIAN_POINT('',(0.0212772695078015,-0.02269148307018,0.00248974916398114));
#10514=CARTESIAN_POINT('',(0.0204004944348222,-0.0218147079971935,0.00203345851852364));
#10515=CARTESIAN_POINT('',(0.018900844595739,-0.0203150581581139,0.000789514013163637));
#10516=CARTESIAN_POINT('',(0.0182416438764312,-0.0196558574388043,-2.0647934479958E-5));
#10517=CARTESIAN_POINT('',(0.0169655323192916,-0.0183797458816647,-0.00152064937089131));
#10518=CARTESIAN_POINT('',(0.0163486214844671,-0.0177628350468347,-0.00221048890325699));
#10519=CARTESIAN_POINT('',(0.0152269972057183,-0.0166412107680969,-0.00296654653929006));
#10520=CARTESIAN_POINT('',(0.0147612018777812,-0.0161754154400707,-0.0030047439063886));
#10521=CARTESIAN_POINT('',(0.0143409902574213,-0.0157552038197945,-0.00276601160125898));
#10522=CARTESIAN_POINT('',(0.0143409902574213,-0.0157552038197945,-0.00276601160125898));
#10523=CARTESIAN_POINT('',(0.0136338834762348,-0.015048097038608,-0.00276601160125898));
#10524=CARTESIAN_POINT('',(0.0236880771694057,-0.0222738636070325,0.00123399419818416));
#10525=CARTESIAN_POINT('',(0.0150480970386079,-0.0136338834762348,-0.00276601160125898));
#10526=CARTESIAN_POINT('',(0.0157552038197944,-0.0143409902574214,-0.00276601160125898));
#10527=CARTESIAN_POINT('',(0.0236880771694057,-0.0222738636070325,0.00223399419818417));
#10528=CARTESIAN_POINT('',(0.0226914830701745,-0.021277269507807,0.00248974916398114));
#10529=CARTESIAN_POINT('',(0.0218147079971935,-0.0204004944348222,0.00203345851852364));
#10530=CARTESIAN_POINT('',(0.0203150581581139,-0.018900844595739,0.000789514013163637));
#10531=CARTESIAN_POINT('',(0.0196558574388043,-0.0182416438764312,-2.0647934479958E-5));
#10532=CARTESIAN_POINT('',(0.0183797458816647,-0.0169655323192915,-0.00152064937089131));
#10533=CARTESIAN_POINT('',(0.0177628350468383,-0.0163486214844597,-0.00221048890325516));
#10534=CARTESIAN_POINT('',(0.0166412107680932,-0.0152269972057256,-0.00296654653929189));
#10535=CARTESIAN_POINT('',(0.016175415440152,-0.0147612018776969,-0.0030047439063877));
#10536=CARTESIAN_POINT('',(0.0157552038197944,-0.0143409902574214,-0.00276601160125898));
#10537=CARTESIAN_POINT('',(0.0236880771694057,-0.0222738636070325,0.00223399419818417));
#10538=CARTESIAN_POINT('',(0.0243951839505922,-0.0229809703882191,0.00223399419818417));
#10539=CARTESIAN_POINT('',(0.0243951839505922,-0.0229809703882191,0.000233994198184163));
#10540=CARTESIAN_POINT('',(0.0236880771694057,-0.0222738636070325,0.000233994198184163));
#10541=CARTESIAN_POINT('',(0.0236880771694057,-0.0222738636070325,0.000233994198184163));
#10542=CARTESIAN_POINT('',(0.0231596974948238,-0.021745483932456,0.000478015577705833));
#10543=CARTESIAN_POINT('',(0.0226148469814863,-0.0212006334191132,0.000358478281839744));
#10544=CARTESIAN_POINT('',(0.0214215416435471,-0.0200073280811741,-0.000490092272133414));
#10545=CARTESIAN_POINT('',(0.0207966118173446,-0.0193823982549756,-0.0012027472939557));
#10546=CARTESIAN_POINT('',(0.0195205002602091,-0.0181062866978319,-0.00270274873036706));
#10547=CARTESIAN_POINT('',(0.0188693185322716,-0.0174551049698929,-0.00349009518855404));
#10548=CARTESIAN_POINT('',(0.0174413497523861,-0.0160271361900184,-0.00464152677597396));
#10549=CARTESIAN_POINT('',(0.0166418974604882,-0.0152276838980225,-0.00501996547775455));
#10550=CARTESIAN_POINT('',(0.0157552038197944,-0.0143409902574214,-0.00476601160125898));
#10551=CARTESIAN_POINT('',(0.0157552038197944,-0.0143409902574214,-0.00476601160125898));
#10552=CARTESIAN_POINT('',(0.0150480970386079,-0.0136338834762348,-0.00476601160125898));
#10553=CARTESIAN_POINT('',(0.0143409902574213,-0.0143409902574214,-0.00276601160125898));
#10554=CARTESIAN_POINT('',(0.0150480970386079,-0.015048097038608,-0.00276601160125898));
#10555=CARTESIAN_POINT('',(0.0143409902574213,-0.0143409902574214,-0.00476601160125898));
#10556=CARTESIAN_POINT('',(0.0150480970386079,-0.015048097038608,-0.00476601160125898));
#10557=CARTESIAN_POINT('',(0.0236880771694057,-0.0236880771694056,0.000233994198184164));
#10558=CARTESIAN_POINT('',(0.0229809703882191,-0.0229809703882191,0.000233994198184164));
#10559=CARTESIAN_POINT('',(0.0236880771694057,-0.0236880771694056,0.00223399419818417));
#10560=CARTESIAN_POINT('',(0.0229809703882191,-0.0229809703882191,0.00223399419818417));
#10561=CARTESIAN_POINT('',(0.0157552038675887,-0.0143409903052147,-0.00476601161494736));
#10562=CARTESIAN_POINT('',(0.0143409903052148,-0.015755203867589,-0.00476601161494745));
#10563=CARTESIAN_POINT('',(0.0166418975016688,-0.0152276839392084,-0.00501996546772261));
#10564=CARTESIAN_POINT('',(0.0152276839392948,-0.0166418975015827,-0.0050199654677227));
#10565=CARTESIAN_POINT('',(0.018229500157987,-0.0168152865956527,-0.00427019251465061));
#10566=CARTESIAN_POINT('',(0.0168152865956131,-0.0182295001580271,-0.0042701925146507));
#10567=CARTESIAN_POINT('',(0.0201659082290435,-0.0187516946666593,-0.0019192437451569));
#10568=CARTESIAN_POINT('',(0.0187516946666696,-0.0201659082290336,-0.001919243745157));
#10569=CARTESIAN_POINT('',(0.0220582032748063,-0.0206439897124328,0.000230679559019454));
#10570=CARTESIAN_POINT('',(0.0206439897124324,-0.0220582032748071,0.000230679559019361));
#10571=CARTESIAN_POINT('',(0.0231596975005947,-0.0217454839382258,0.000478015576737937));
#10572=CARTESIAN_POINT('',(0.0217454839382208,-0.0231596975006001,0.000478015576737844));
#10573=CARTESIAN_POINT('',(0.0236880771730299,-0.0222738636106557,0.000233994196510621));
#10574=CARTESIAN_POINT('',(0.022273863610656,-0.02368807717303,0.000233994196510528));
#10575=CARTESIAN_POINT('',(0.0150480970386079,-0.015048097038608,-0.00476601160125898));
#10576=CARTESIAN_POINT('',(0.0229809703882191,-0.0229809703882191,0.000233994198184164));
#10577=CARTESIAN_POINT('',(0.0236880771717749,-0.0222738636094003,0.00223399419757633));
#10578=CARTESIAN_POINT('',(0.0222738636094006,-0.0236880771717746,0.00223399419757633));
#10579=CARTESIAN_POINT('',(0.0226914830709919,-0.0212772695086228,0.00248974916485106));
#10580=CARTESIAN_POINT('',(0.0212772695086176,-0.0226914830709971,0.00248974916485106));
#10581=CARTESIAN_POINT('',(0.0209560033224947,-0.0195417897601206,0.00158822502963075));
#10582=CARTESIAN_POINT('',(0.0195417897601204,-0.0209560033224949,0.00158822502963075));
#10583=CARTESIAN_POINT('',(0.0190060622229521,-0.0175918486605678,-0.000824493762355328));
#10584=CARTESIAN_POINT('',(0.0175918486605778,-0.0190060622229422,-0.000824493762355327));
#10585=CARTESIAN_POINT('',(0.0171265577248111,-0.0157123441624747,-0.00291414192253243));
#10586=CARTESIAN_POINT('',(0.0157123441624367,-0.017126557724849,-0.00291414192253243));
#10587=CARTESIAN_POINT('',(0.0161754154344085,-0.0147612018719512,-0.00300474390595552));
#10588=CARTESIAN_POINT('',(0.0147612018720342,-0.0161754154343255,-0.00300474390595552));
#10589=CARTESIAN_POINT('',(0.0157552038139016,-0.0143409902515271,-0.00276601159791073));
#10590=CARTESIAN_POINT('',(0.0143409902515273,-0.0157552038139014,-0.00276601159791072));
#10591=CARTESIAN_POINT('',(0.0150480970386079,-0.015048097038608,-0.00276601160125898));
#10592=CARTESIAN_POINT('',(0.0229809703882191,-0.0229809703882191,0.00223399419818417));
#10593=CARTESIAN_POINT('',(0.0143409902574213,-0.0143409902574214,-0.00276601160125898));
#10594=CARTESIAN_POINT('',(0.0143409902574213,-0.0143409902574214,-0.00476601160125898));
#10595=CARTESIAN_POINT('',(0.0236880771694057,-0.0236880771694056,0.000233994198184164));
#10596=CARTESIAN_POINT('',(0.0236880771694057,-0.0236880771694056,0.00223399419818417));
#10597=CARTESIAN_POINT('',(0.0530330085889911,9.54097911787244E-18,0.005));
#10598=CARTESIAN_POINT('',(0.0530330085889911,9.54097911787244E-18,0.0035));
#10599=CARTESIAN_POINT('',(0.0280530165953975,-0.001,0.0035));
#10600=CARTESIAN_POINT('',(0.0280330085889911,9.54097911787244E-18,0.0035));
#10601=CARTESIAN_POINT('',(0.0280530165953975,-0.001,0.005));
#10602=CARTESIAN_POINT('',(0.0280530165953975,-0.001,0.0015));
#10603=CARTESIAN_POINT('',(0.0530330085889911,9.54097911787244E-18,0.0015));
#10604=CARTESIAN_POINT('',(0.0280330085889911,9.54097911787244E-18,0.0015));
#10605=CARTESIAN_POINT('',(0.0530330085889911,9.54097911787244E-18,0.0015));
#10606=CARTESIAN_POINT('',(0.0280530165953975,0.001,0.0015));
#10607=CARTESIAN_POINT('',(0.0280530165953975,0.001,0.005));
#10608=CARTESIAN_POINT('',(0.0280530165953975,0.001,0.0035));
#10609=CARTESIAN_POINT('',(0.0530330085889911,9.54097911787244E-18,0.0035));
#10610=CARTESIAN_POINT('',(0.0530330085889911,9.54097911787244E-18,0.005));
#10611=CARTESIAN_POINT('',(0.0780330085889911,9.54097911787244E-18,0.005));
#10612=CARTESIAN_POINT('',(0.0530330085889911,2.08166817117217E-17,0.005));
#10613=CARTESIAN_POINT('',(0.0530330085889911,2.08166817117217E-17,0.005));
#10614=CARTESIAN_POINT('',(0.0755330085889911,2.08166817117217E-17,0.005));
#10615=CARTESIAN_POINT('',(0.,0.,0.005));
#10616=CARTESIAN_POINT('',(0.0236880771694057,0.0236880771694056,0.000233994198184164));
#10617=CARTESIAN_POINT('',(0.0229809703882191,0.0243951839505921,0.000233994198184164));
#10618=CARTESIAN_POINT('',(0.0222738636070326,0.0236880771694056,0.000233994198184164));
#10619=CARTESIAN_POINT('',(0.0229809703882191,0.0229809703882191,0.000233994198184164));
#10620=CARTESIAN_POINT('',(0.0236880771694057,0.0236880771694056,0.00223399419818417));
#10621=CARTESIAN_POINT('',(0.0243951839505922,0.0229809703882191,0.00223399419818417));
#10622=CARTESIAN_POINT('',(0.0236880771694057,0.0222738636070325,0.00223399419818417));
#10623=CARTESIAN_POINT('',(0.0229809703882191,0.0229809703882191,0.00223399419818417));
#10624=CARTESIAN_POINT('',(0.0143409902574213,0.0143409902574214,-0.00276601160125898));
#10625=CARTESIAN_POINT('',(0.0136338834762348,0.015048097038608,-0.00276601160125898));
#10626=CARTESIAN_POINT('',(0.0142295001793804,0.0156437137417535,-0.00276601160125898));
#10627=CARTESIAN_POINT('',(0.0143409902574213,0.0157552038197945,-0.00276601160125898));
#10628=CARTESIAN_POINT('',(0.01275,0.01275,-0.00276601160125898));
#10629=CARTESIAN_POINT('',(0.0150480970386079,0.0150480970386079,-0.00276601160125898));
#10630=CARTESIAN_POINT('',(0.0150480970386079,0.015048097038608,-0.00276601160125898));
#10631=CARTESIAN_POINT('',(0.0143409902574213,0.0143409902574214,-0.00476601160125898));
#10632=CARTESIAN_POINT('',(0.0150480970386079,0.0136338834762348,-0.00476601160125898));
#10633=CARTESIAN_POINT('',(0.0156437137417535,0.0142295001793805,-0.00476601160125898));
#10634=CARTESIAN_POINT('',(0.0157552038197944,0.0143409902574214,-0.00476601160125898));
#10635=CARTESIAN_POINT('',(0.01275,0.01275,-0.00476601160125898));
#10636=CARTESIAN_POINT('',(0.0150480970386079,0.0150480970386079,-0.00476601160125898));
#10637=CARTESIAN_POINT('',(0.0150480970386079,0.015048097038608,-0.00476601160125898));
#10638=CARTESIAN_POINT('',(0.0222738636070326,0.0236880771694056,0.00123399419818416));
#10639=CARTESIAN_POINT('',(0.0229809703882191,0.0243951839505921,0.00223399419818417));
#10640=CARTESIAN_POINT('',(0.0222738636070326,0.0236880771694056,0.00223399419818417));
#10641=CARTESIAN_POINT('',(0.0222738636070326,0.0236880771694056,0.000233994198184164));
#10642=CARTESIAN_POINT('',(0.0217454839324508,0.0231596974948291,0.000478015577705816));
#10643=CARTESIAN_POINT('',(0.0212006334191132,0.0226148469814863,0.000358478281839744));
#10644=CARTESIAN_POINT('',(0.0200073280811741,0.0214215416435471,-0.000490092272133414));
#10645=CARTESIAN_POINT('',(0.0193823982549715,0.0207966118173487,-0.0012027472939557));
#10646=CARTESIAN_POINT('',(0.018106286697836,0.019520500260205,-0.00270274873036706));
#10647=CARTESIAN_POINT('',(0.0174551049698984,0.0188693185322679,-0.00349009518855587));
#10648=CARTESIAN_POINT('',(0.016027136190013,0.0174413497523897,-0.00464152677597213));
#10649=CARTESIAN_POINT('',(0.0152276838981096,0.0166418974604029,-0.00501996547775404));
#10650=CARTESIAN_POINT('',(0.0143409902574213,0.0157552038197945,-0.00476601160125898));
#10651=CARTESIAN_POINT('',(0.0143409902574213,0.0157552038197945,-0.00476601160125898));
#10652=CARTESIAN_POINT('',(0.0136338834762348,0.015048097038608,-0.00476601160125898));
#10653=CARTESIAN_POINT('',(0.0142295001793804,0.0156437137417535,-0.00476601160125898));
#10654=CARTESIAN_POINT('',(0.0142295001793804,0.0156437137417535,-0.001));
#10655=CARTESIAN_POINT('',(0.0222738636070326,0.0236880771694056,0.00223399419818417));
#10656=CARTESIAN_POINT('',(0.0212772695078015,0.02269148307018,0.00248974916398114));
#10657=CARTESIAN_POINT('',(0.0204004944348222,0.0218147079971935,0.00203345851852364));
#10658=CARTESIAN_POINT('',(0.018900844595739,0.0203150581581139,0.000789514013163637));
#10659=CARTESIAN_POINT('',(0.0182416438764312,0.0196558574388043,-2.0647934479958E-5));
#10660=CARTESIAN_POINT('',(0.0169655323192916,0.0183797458816647,-0.00152064937089131));
#10661=CARTESIAN_POINT('',(0.0163486214844671,0.0177628350468347,-0.00221048890325699));
#10662=CARTESIAN_POINT('',(0.0152269972057183,0.0166412107680969,-0.00296654653929006));
#10663=CARTESIAN_POINT('',(0.0147612018777812,0.0161754154400707,-0.0030047439063886));
#10664=CARTESIAN_POINT('',(0.0143409902574213,0.0157552038197945,-0.00276601160125898));
#10665=CARTESIAN_POINT('',(0.0222738636094004,0.0236880771717749,0.00223399419757633));
#10666=CARTESIAN_POINT('',(0.0236880771717747,0.0222738636094006,0.00223399419757633));
#10667=CARTESIAN_POINT('',(0.0212772695086173,0.0226914830709973,0.00248974916485106));
#10668=CARTESIAN_POINT('',(0.0226914830709916,0.021277269508623,0.00248974916485106));
#10669=CARTESIAN_POINT('',(0.0195417897601201,0.0209560033224951,0.00158822502963075));
#10670=CARTESIAN_POINT('',(0.0209560033224944,0.0195417897601208,0.00158822502963074));
#10671=CARTESIAN_POINT('',(0.0175918486605775,0.0190060622229424,-0.000824493762355326));
#10672=CARTESIAN_POINT('',(0.0190060622229518,0.0175918486605681,-0.000824493762355328));
#10673=CARTESIAN_POINT('',(0.0157123441624365,0.0171265577248493,-0.00291414192253243));
#10674=CARTESIAN_POINT('',(0.0171265577248108,0.015712344162475,-0.00291414192253243));
#10675=CARTESIAN_POINT('',(0.014761201872034,0.0161754154343257,-0.00300474390595552));
#10676=CARTESIAN_POINT('',(0.0161754154344083,0.0147612018719514,-0.00300474390595552));
#10677=CARTESIAN_POINT('',(0.0143409902515271,0.0157552038139017,-0.00276601159791072));
#10678=CARTESIAN_POINT('',(0.0157552038139014,0.0143409902515274,-0.00276601159791073));
#10679=CARTESIAN_POINT('',(0.0236880771694057,0.0222738636070325,0.00223399419818417));
#10680=CARTESIAN_POINT('',(0.0226914830701745,0.021277269507807,0.00248974916398114));
#10681=CARTESIAN_POINT('',(0.0218147079971935,0.0204004944348222,0.00203345851852364));
#10682=CARTESIAN_POINT('',(0.0203150581581139,0.018900844595739,0.000789514013163637));
#10683=CARTESIAN_POINT('',(0.0196558574388043,0.0182416438764312,-2.0647934479958E-5));
#10684=CARTESIAN_POINT('',(0.0183797458816647,0.0169655323192915,-0.00152064937089131));
#10685=CARTESIAN_POINT('',(0.0177628350468383,0.0163486214844597,-0.00221048890325516));
#10686=CARTESIAN_POINT('',(0.0166412107680932,0.0152269972057256,-0.00296654653929189));
#10687=CARTESIAN_POINT('',(0.016175415440152,0.0147612018776969,-0.0030047439063877));
#10688=CARTESIAN_POINT('',(0.0157552038197944,0.0143409902574214,-0.00276601160125898));
#10689=CARTESIAN_POINT('',(0.0157552038197944,0.0143409902574214,-0.00276601160125898));
#10690=CARTESIAN_POINT('',(0.0229809703882191,0.0229809703882191,0.00223399419818417));
#10691=CARTESIAN_POINT('',(0.0150480970386079,0.015048097038608,-0.00276601160125898));
#10692=CARTESIAN_POINT('',(0.0236880771694057,0.0222738636070325,0.00123399419818416));
#10693=CARTESIAN_POINT('',(0.0243951839505922,0.0229809703882191,0.000233994198184163));
#10694=CARTESIAN_POINT('',(0.0236880771694057,0.0222738636070325,0.000233994198184163));
#10695=CARTESIAN_POINT('',(0.0150480970386079,0.0136338834762348,-0.00276601160125898));
#10696=CARTESIAN_POINT('',(0.0156437137417535,0.0142295001793804,-0.00276601160125898));
#10697=CARTESIAN_POINT('',(0.0156437137417535,0.0142295001793804,-0.001));
#10698=CARTESIAN_POINT('',(0.0236880771694057,0.0222738636070325,0.000233994198184163));
#10699=CARTESIAN_POINT('',(0.0231596974948238,0.021745483932456,0.000478015577705833));
#10700=CARTESIAN_POINT('',(0.0226148469814863,0.0212006334191132,0.000358478281839744));
#10701=CARTESIAN_POINT('',(0.0214215416435471,0.0200073280811741,-0.000490092272133414));
#10702=CARTESIAN_POINT('',(0.0207966118173446,0.0193823982549756,-0.0012027472939557));
#10703=CARTESIAN_POINT('',(0.0195205002602091,0.0181062866978319,-0.00270274873036706));
#10704=CARTESIAN_POINT('',(0.0188693185322716,0.0174551049698929,-0.00349009518855404));
#10705=CARTESIAN_POINT('',(0.0174413497523861,0.0160271361900184,-0.00464152677597396));
#10706=CARTESIAN_POINT('',(0.0166418974604882,0.0152276838980225,-0.00501996547775455));
#10707=CARTESIAN_POINT('',(0.0157552038197944,0.0143409902574214,-0.00476601160125898));
#10708=CARTESIAN_POINT('',(0.0143409903052148,0.015755203867589,-0.00476601161494745));
#10709=CARTESIAN_POINT('',(0.0157552038675887,0.0143409903052147,-0.00476601161494736));
#10710=CARTESIAN_POINT('',(0.0152276839392948,0.0166418975015827,-0.00501996546772271));
#10711=CARTESIAN_POINT('',(0.0166418975016687,0.0152276839392084,-0.00501996546772261));
#10712=CARTESIAN_POINT('',(0.0168152865956131,0.0182295001580271,-0.0042701925146507));
#10713=CARTESIAN_POINT('',(0.018229500157987,0.0168152865956527,-0.00427019251465061));
#10714=CARTESIAN_POINT('',(0.0187516946666696,0.0201659082290336,-0.001919243745157));
#10715=CARTESIAN_POINT('',(0.0201659082290435,0.0187516946666593,-0.0019192437451569));
#10716=CARTESIAN_POINT('',(0.0206439897124324,0.0220582032748071,0.000230679559019361));
#10717=CARTESIAN_POINT('',(0.0220582032748063,0.0206439897124328,0.000230679559019454));
#10718=CARTESIAN_POINT('',(0.0217454839382209,0.0231596975006002,0.000478015576737844));
#10719=CARTESIAN_POINT('',(0.0231596975005948,0.0217454839382258,0.000478015576737937));
#10720=CARTESIAN_POINT('',(0.022273863610656,0.02368807717303,0.000233994196510528));
#10721=CARTESIAN_POINT('',(0.0236880771730299,0.0222738636106557,0.000233994196510621));
#10722=CARTESIAN_POINT('',(0.0150480970386079,0.015048097038608,-0.00476601160125898));
#10723=CARTESIAN_POINT('',(0.0229809703882191,0.0229809703882191,0.000233994198184164));
#10724=CARTESIAN_POINT('',(0.0143409902574213,0.0143409902574214,-0.00276601160125898));
#10725=CARTESIAN_POINT('',(0.01275,0.01275,-0.00276601160125898));
#10726=CARTESIAN_POINT('',(0.0143409902574213,0.0143409902574214,-0.00476601160125898));
#10727=CARTESIAN_POINT('',(0.01275,0.01275,-0.00476601160125898));
#10728=CARTESIAN_POINT('',(0.0236880771694057,0.0236880771694056,0.000233994198184164));
#10729=CARTESIAN_POINT('',(0.0236880771694057,0.0236880771694056,0.00223399419818417));
#10730=CARTESIAN_POINT('',(0.01275,0.01275,-0.001));
#10731=CARTESIAN_POINT('',(0.01275,0.01275,-0.0025));
#10732=CARTESIAN_POINT('',(0.01175,0.00965767078078676,-0.0025));
#10733=CARTESIAN_POINT('',(0.01375,0.00965767078078675,-0.0025));
#10734=CARTESIAN_POINT('',(0.01375,0.00965767078078675,-0.001));
#10735=CARTESIAN_POINT('',(0.01375,0.00965767078078675,-0.0045));
#10736=CARTESIAN_POINT('',(0.01275,0.01275,-0.0045));
#10737=CARTESIAN_POINT('',(0.01175,0.00965767078078676,-0.0045));
#10738=CARTESIAN_POINT('',(0.01175,0.00965767078078676,-0.001));
#10739=CARTESIAN_POINT('',(0.01275,0.01275,-0.006));
#10740=CARTESIAN_POINT('',(0.016,0.01275,-0.006));
#10741=CARTESIAN_POINT('',(0.01275,0.01275,-0.001));
#10742=CARTESIAN_POINT('',(0.016,0.01275,-0.001));
#10743=CARTESIAN_POINT('',(0.01275,0.01275,-0.001));
#10744=CARTESIAN_POINT('',(0.01275,0.01275,-0.001));
#10745=CARTESIAN_POINT('',(0.014,0.01275,-0.001));
#10746=CARTESIAN_POINT('',(0.01275,0.01275,-0.006));
#10747=CARTESIAN_POINT('',(0.014,0.01275,-0.006));
#10748=CARTESIAN_POINT('',(0.,0.,-0.001));
#10749=CARTESIAN_POINT('',(0.,0.,-0.006));
#10750=CARTESIAN_POINT('',(0.029033008588991,0.,0.0035));
#10751=CARTESIAN_POINT('',(0.029033008588991,-0.001,0.0035));
#10752=CARTESIAN_POINT('',(0.0280330085889911,-0.001,0.0035));
#10753=CARTESIAN_POINT('',(0.0280330085889911,0.,0.0035));
#10754=CARTESIAN_POINT('',(0.029033008588991,2.16840434497101E-19,0.0015));
#10755=CARTESIAN_POINT('',(0.0280330085889911,2.16840434497101E-19,0.0015));
#10756=CARTESIAN_POINT('',(0.0280330085889911,-0.001,0.0015));
#10757=CARTESIAN_POINT('',(0.029033008588991,-0.001,0.0015));
#10758=CARTESIAN_POINT('',(0.0127026472328164,0.001,-0.00449890950702139));
#10759=CARTESIAN_POINT('',(0.0127026472328164,-0.001,-0.00449890950702139));
#10760=CARTESIAN_POINT('',(0.0133938968185732,0.001,-0.0046335358940681));
#10761=CARTESIAN_POINT('',(0.0133938968185732,-0.001,-0.0046335358940681));
#10762=CARTESIAN_POINT('',(0.0147641357976478,0.001,-0.00450967100705656));
#10763=CARTESIAN_POINT('',(0.0147641357976478,-0.001,-0.00450967100705656));
#10764=CARTESIAN_POINT('',(0.0173730877621849,0.001,-0.00343140722797298));
#10765=CARTESIAN_POINT('',(0.0173730877621849,-0.001,-0.00343140722797298));
#10766=CARTESIAN_POINT('',(0.020703732416546,0.001,-0.00119039725442757));
#10767=CARTESIAN_POINT('',(0.020703732416546,-0.001,-0.00119039725442757));
#10768=CARTESIAN_POINT('',(0.0247682727261766,0.001,0.00134746718289617));
#10769=CARTESIAN_POINT('',(0.0247682727261766,-0.001,0.00134746718289617));
#10770=CARTESIAN_POINT('',(0.027090765300723,0.001,0.00174709674952445));
#10771=CARTESIAN_POINT('',(0.027090765300723,-0.001,0.00174709674952445));
#10772=CARTESIAN_POINT('',(0.0280330085354114,0.001,0.00150000001405088));
#10773=CARTESIAN_POINT('',(0.0280330085354114,-0.001,0.00150000001405088));
#10774=CARTESIAN_POINT('',(0.0280330085889911,-0.001,0.0015));
#10775=CARTESIAN_POINT('',(0.027090753295518,-0.001,0.00174709991661609));
#10776=CARTESIAN_POINT('',(0.0259345744265452,-0.001,0.00155410576416375));
#10777=CARTESIAN_POINT('',(0.02340827362854,-0.001,0.000494647929567329));
#10778=CARTESIAN_POINT('',(0.0220577477818247,-0.001,-0.000345618806264795));
#10779=CARTESIAN_POINT('',(0.0193720997512562,-0.001,-0.00208575849000403));
#10780=CARTESIAN_POINT('',(0.0180389009358045,-0.001,-0.0029843261191188));
#10781=CARTESIAN_POINT('',(0.0160685426717656,-0.001,-0.0039700922371337));
#10782=CARTESIAN_POINT('',(0.0154148012847016,-0.001,-0.0042402312829837));
#10783=CARTESIAN_POINT('',(0.0140802300526274,-0.001,-0.0045715663045708));
#10784=CARTESIAN_POINT('',(0.0133936942565433,-0.001,-0.00463353652469741));
#10785=CARTESIAN_POINT('',(0.0127024348505845,-0.001,-0.00449886813772443));
#10786=CARTESIAN_POINT('',(0.0127026863305788,-0.001,-0.00449908211817659));
#10787=CARTESIAN_POINT('',(0.0127082685954422,3.25260651745652E-19,-0.0045));
#10788=CARTESIAN_POINT('',(0.0127026863486984,0.001,-0.00449908212570399));
#10789=CARTESIAN_POINT('',(0.0280330085889911,0.001,0.0015));
#10790=CARTESIAN_POINT('',(0.027090753295518,0.001,0.00174709991661609));
#10791=CARTESIAN_POINT('',(0.0259345744265452,0.001,0.00155410576416375));
#10792=CARTESIAN_POINT('',(0.02340827362854,0.001,0.000494647929567329));
#10793=CARTESIAN_POINT('',(0.0220577477818247,0.001,-0.000345618806264795));
#10794=CARTESIAN_POINT('',(0.0193720997512562,0.001,-0.00208575849000403));
#10795=CARTESIAN_POINT('',(0.0180389009358045,0.001,-0.0029843261191188));
#10796=CARTESIAN_POINT('',(0.0160685426717656,0.001,-0.0039700922371337));
#10797=CARTESIAN_POINT('',(0.0154148012847016,0.001,-0.0042402312829837));
#10798=CARTESIAN_POINT('',(0.0140802300526274,0.001,-0.0045715663045708));
#10799=CARTESIAN_POINT('',(0.0133936942565433,0.001,-0.00463353652469741));
#10800=CARTESIAN_POINT('',(0.0127024348505845,0.001,-0.00449886813772443));
#10801=CARTESIAN_POINT('',(0.0280330085889911,0.001,0.0015));
#10802=CARTESIAN_POINT('',(0.0280330085889911,2.16840434497101E-19,0.0015));
#10803=CARTESIAN_POINT('',(0.0280330085889911,0.001,0.0025));
#10804=CARTESIAN_POINT('',(0.01275,0.001,-0.0045));
#10805=CARTESIAN_POINT('',(0.01375,0.001,-0.0045));
#10806=CARTESIAN_POINT('',(0.01375,0.001,-0.0035));
#10807=CARTESIAN_POINT('',(0.01375,0.001,-0.00259791797250891));
#10808=CARTESIAN_POINT('',(0.0280330085889911,0.001,0.0035));
#10809=CARTESIAN_POINT('',(0.0264739016164259,0.001,0.00375200765952835));
#10810=CARTESIAN_POINT('',(0.0249710666759231,0.001,0.00332089422631656));
#10811=CARTESIAN_POINT('',(0.0220787392568365,0.001,0.00200535207995235));
#10812=CARTESIAN_POINT('',(0.0206710129528162,0.001,0.00109561879819937));
#10813=CARTESIAN_POINT('',(0.017965156692085,0.001,-0.000664241501930541));
#10814=CARTESIAN_POINT('',(0.0166651033564758,0.001,-0.00151567389205939));
#10815=CARTESIAN_POINT('',(0.0149464904581838,0.001,-0.00231115775727721));
#10816=CARTESIAN_POINT('',(0.0144140592965753,0.001,-0.0024941437248308));
#10817=CARTESIAN_POINT('',(0.0134911139673285,0.001,-0.0026471836876147));
#10818=CARTESIAN_POINT('',(0.0131067232209719,0.001,-0.00261594580491631));
#10819=CARTESIAN_POINT('',(0.0127975651494154,0.001,-0.00250113186227556));
#10820=CARTESIAN_POINT('',(0.0280330085889911,0.001,0.0035));
#10821=CARTESIAN_POINT('',(0.029033008588991,0.001,0.0035));
#10822=CARTESIAN_POINT('',(0.029033008588991,0.001,0.0015));
#10823=CARTESIAN_POINT('',(0.0280330085889911,0.001,0.0035));
#10824=CARTESIAN_POINT('',(0.0280330085889911,-0.001,0.0035));
#10825=CARTESIAN_POINT('',(0.0266395388398461,0.001,0.00372523473776005));
#10826=CARTESIAN_POINT('',(0.0266395388398461,-0.001,0.00372523473776005));
#10827=CARTESIAN_POINT('',(0.0239471641717098,0.001,0.00308404062819709));
#10828=CARTESIAN_POINT('',(0.0239471641717098,-0.001,0.00308404062819709));
#10829=CARTESIAN_POINT('',(0.0201520347108685,0.001,0.00080526432227754));
#10830=CARTESIAN_POINT('',(0.0201520347108685,-0.001,0.00080526432227754));
#10831=CARTESIAN_POINT('',(0.0165711864377448,0.001,-0.00163759477546366));
#10832=CARTESIAN_POINT('',(0.0165711864377448,-0.001,-0.00163759477546366));
#10833=CARTESIAN_POINT('',(0.0145336064162089,0.001,-0.00251798425110487));
#10834=CARTESIAN_POINT('',(0.0145336064162089,-0.001,-0.00251798425110487));
#10835=CARTESIAN_POINT('',(0.0137499999793592,0.001,-0.00259791797461442));
#10836=CARTESIAN_POINT('',(0.0137499999793592,-0.001,-0.00259791797461442));
#10837=CARTESIAN_POINT('',(0.01375,0.,-0.00259791797250891));
#10838=CARTESIAN_POINT('',(0.01375,-0.001,-0.00259791797152294));
#10839=CARTESIAN_POINT('',(0.0280330085889911,-0.001,0.0035));
#10840=CARTESIAN_POINT('',(0.0264739016164259,-0.001,0.00375200765952835));
#10841=CARTESIAN_POINT('',(0.0249710666759231,-0.001,0.00332089422631656));
#10842=CARTESIAN_POINT('',(0.0220787392568365,-0.001,0.00200535207995235));
#10843=CARTESIAN_POINT('',(0.0206710129528162,-0.001,0.00109561879819937));
#10844=CARTESIAN_POINT('',(0.017965156692085,-0.001,-0.000664241501930541));
#10845=CARTESIAN_POINT('',(0.0166651033564758,-0.001,-0.00151567389205939));
#10846=CARTESIAN_POINT('',(0.0149464904581838,-0.001,-0.00231115775727721));
#10847=CARTESIAN_POINT('',(0.0144140592965753,-0.001,-0.0024941437248308));
#10848=CARTESIAN_POINT('',(0.0134911139673285,-0.001,-0.0026471836876147));
#10849=CARTESIAN_POINT('',(0.0131067232209719,-0.001,-0.00261594580491631));
#10850=CARTESIAN_POINT('',(0.0127975651494154,-0.001,-0.00250113186227556));
#10851=CARTESIAN_POINT('',(0.0280330085889911,0.,0.0035));
#10852=CARTESIAN_POINT('',(0.0280330085889911,-0.001,0.0025));
#10853=CARTESIAN_POINT('',(0.01375,-0.001,-0.0035));
#10854=CARTESIAN_POINT('',(0.01375,-0.001,-0.0045));
#10855=CARTESIAN_POINT('',(0.01275,-0.001,-0.0045));
#10856=CARTESIAN_POINT('',(0.029033008588991,0.,0.0035));
#10857=CARTESIAN_POINT('',(0.029033008588991,2.16840434497101E-19,0.0015));
#10858=CARTESIAN_POINT('',(0.01275,0.01275,-0.0045));
#10859=CARTESIAN_POINT('',(0.01375,0.01275,-0.0045));
#10860=CARTESIAN_POINT('',(0.01175,0.01275,-0.0045));
#10861=CARTESIAN_POINT('',(0.01375,0.01275,-0.0045));
#10862=CARTESIAN_POINT('',(0.01375,0.01275,-0.0035));
#10863=CARTESIAN_POINT('',(0.01375,0.01275,-0.0025));
#10864=CARTESIAN_POINT('',(0.01275,0.01275,-0.0025));
#10865=CARTESIAN_POINT('',(0.01175,0.01275,-0.0025));
#10866=CARTESIAN_POINT('',(0.01175,0.01275,-0.0035));
#10867=CARTESIAN_POINT('',(-0.001,0.0126029573821836,-0.00447824912682966));
#10868=CARTESIAN_POINT('',(0.001,0.0126029573821836,-0.00447824912682966));
#10869=CARTESIAN_POINT('',(-0.001,0.0132987599647825,-0.00463035681525566));
#10870=CARTESIAN_POINT('',(0.001,0.0132987599647825,-0.00463035681525566));
#10871=CARTESIAN_POINT('',(-0.001,0.0146806350998566,-0.00453535389021097));
#10872=CARTESIAN_POINT('',(0.001,0.0146806350998566,-0.00453535389021097));
#10873=CARTESIAN_POINT('',(-0.001,0.0173066348765087,-0.00347210599613585));
#10874=CARTESIAN_POINT('',(0.001,0.0173066348765087,-0.00347210599613585));
#10875=CARTESIAN_POINT('',(-0.000999999999999997,0.020654216482499,-0.00122520733346395));
#10876=CARTESIAN_POINT('',(0.001,0.020654216482499,-0.00122520733346395));
#10877=CARTESIAN_POINT('',(-0.00100000000000001,0.0247458062056089,0.00134035408659902));
#10878=CARTESIAN_POINT('',(0.000999999999999991,0.0247458062056088,0.00134035408659902));
#10879=CARTESIAN_POINT('',(-0.00100000000000001,0.0270851050335924,0.00174858111521516));
#10880=CARTESIAN_POINT('',(0.000999999999999989,0.0270851050335924,0.00174858111521516));
#10881=CARTESIAN_POINT('',(-0.00100000000000001,0.0280330085354115,0.00150000001405088));
#10882=CARTESIAN_POINT('',(0.000999999999999988,0.0280330085354115,0.00150000001405088));
#10883=CARTESIAN_POINT('',(-1.25361036600668E-17,0.0280330085889911,0.0015));
#10884=CARTESIAN_POINT('',(-0.00100000000000001,0.0280330085889911,0.0035));
#10885=CARTESIAN_POINT('',(0.000999999999999988,0.0280330085889911,0.0035));
#10886=CARTESIAN_POINT('',(-0.00100000000000001,0.0266395388398462,0.00372523473776005));
#10887=CARTESIAN_POINT('',(0.000999999999999988,0.0266395388398462,0.00372523473776005));
#10888=CARTESIAN_POINT('',(-0.001,0.0239471641717098,0.00308404062819708));
#10889=CARTESIAN_POINT('',(0.000999999999999998,0.0239471641717098,0.00308404062819708));
#10890=CARTESIAN_POINT('',(-0.001,0.0201520347108685,0.000805264322277539));
#10891=CARTESIAN_POINT('',(0.001,0.0201520347108685,0.000805264322277539));
#10892=CARTESIAN_POINT('',(-0.001,0.0165711864377448,-0.00163759477546366));
#10893=CARTESIAN_POINT('',(0.000999999999999999,0.0165711864377448,-0.00163759477546366));
#10894=CARTESIAN_POINT('',(-0.001,0.0145336064162089,-0.00251798425110488));
#10895=CARTESIAN_POINT('',(0.001,0.0145336064162089,-0.00251798425110488));
#10896=CARTESIAN_POINT('',(-0.001,0.0137499999793592,-0.00259791797461443));
#10897=CARTESIAN_POINT('',(0.001,0.0137499999793592,-0.00259791797461443));
#10898=CARTESIAN_POINT('',(-1.21460720143226E-17,0.0280330085889911,0.0035));
#10899=CARTESIAN_POINT('',(-1.25901612241727E-17,0.029033008588991,0.0035));
#10900=CARTESIAN_POINT('',(-1.29801928699169E-17,0.029033008588991,0.0015));
#10901=CARTESIAN_POINT('',(-0.01275,-0.01375,-0.0035));
#10902=CARTESIAN_POINT('',(-0.01275,-0.01375,-0.0025));
#10903=CARTESIAN_POINT('',(-0.01275,-0.01375,-0.0045));
#10904=CARTESIAN_POINT('',(5.97389425720059E-18,-0.01375,-0.00259791797250891));
#10905=CARTESIAN_POINT('',(-0.01275,-0.01375,-0.0045));
#10906=CARTESIAN_POINT('',(-0.01275,-0.01175,-0.0035));
#10907=CARTESIAN_POINT('',(-0.01275,-0.01175,-0.0045));
#10908=CARTESIAN_POINT('',(-0.01275,-0.01175,-0.0025));
#10909=CARTESIAN_POINT('',(-0.01275,-0.01275,-0.0025));
#10910=CARTESIAN_POINT('',(-0.01275,-0.01275,-0.0045));
#10911=CARTESIAN_POINT('',(5.03459161046415E-18,-0.0127024348505845,-0.00449886813772443));
#10912=CARTESIAN_POINT('',(0.001,-0.0126029573821836,-0.00447824912682966));
#10913=CARTESIAN_POINT('',(-0.001,-0.0126029573821836,-0.00447824912682966));
#10914=CARTESIAN_POINT('',(0.001,-0.0132987599647825,-0.00463035681525566));
#10915=CARTESIAN_POINT('',(-0.001,-0.0132987599647825,-0.00463035681525566));
#10916=CARTESIAN_POINT('',(0.001,-0.0146806350998566,-0.00453535389021097));
#10917=CARTESIAN_POINT('',(-0.001,-0.0146806350998566,-0.00453535389021097));
#10918=CARTESIAN_POINT('',(0.001,-0.0173066348765087,-0.00347210599613585));
#10919=CARTESIAN_POINT('',(-0.001,-0.0173066348765087,-0.00347210599613585));
#10920=CARTESIAN_POINT('',(0.001,-0.020654216482499,-0.00122520733346395));
#10921=CARTESIAN_POINT('',(-0.001,-0.020654216482499,-0.00122520733346395));
#10922=CARTESIAN_POINT('',(0.001,-0.0247458062056089,0.00134035408659902));
#10923=CARTESIAN_POINT('',(-0.001,-0.0247458062056089,0.00134035408659902));
#10924=CARTESIAN_POINT('',(0.00100000000000001,-0.0270851050335924,0.00174858111521516));
#10925=CARTESIAN_POINT('',(-0.000999999999999988,-0.0270851050335924,0.00174858111521516));
#10926=CARTESIAN_POINT('',(0.00100000000000001,-0.0280330085354114,0.00150000001405088));
#10927=CARTESIAN_POINT('',(-0.000999999999999988,-0.0280330085354115,0.00150000001405088));
#10928=CARTESIAN_POINT('',(1.23622096079433E-17,-0.0280330085889911,0.0015));
#10929=CARTESIAN_POINT('',(0.00100000000000001,-0.0280330085889911,0.0035));
#10930=CARTESIAN_POINT('',(-0.000999999999999987,-0.0280330085889911,0.0035));
#10931=CARTESIAN_POINT('',(0.00100000000000001,-0.0266395388398609,0.00372523473775767));
#10932=CARTESIAN_POINT('',(-0.000999999999999988,-0.0266395388398609,0.00372523473775767));
#10933=CARTESIAN_POINT('',(0.001,-0.0239471641717517,0.0030840406282123));
#10934=CARTESIAN_POINT('',(-0.000999999999999999,-0.0239471641717517,0.0030840406282123));
#10935=CARTESIAN_POINT('',(0.001,-0.0201520347109477,0.000805264322330648));
#10936=CARTESIAN_POINT('',(-0.001,-0.0201520347109477,0.000805264322330648));
#10937=CARTESIAN_POINT('',(0.001,-0.0165711864378541,-0.00163759477539208));
#10938=CARTESIAN_POINT('',(-0.001,-0.0165711864378541,-0.00163759477539208));
#10939=CARTESIAN_POINT('',(0.001,-0.0145336064163207,-0.00251798425106745));
#10940=CARTESIAN_POINT('',(-0.001,-0.0145336064163207,-0.00251798425106745));
#10941=CARTESIAN_POINT('',(0.001,-0.0137499999794586,-0.00259791797460429));
#10942=CARTESIAN_POINT('',(-0.001,-0.0137499999794586,-0.00259791797460429));
#10943=CARTESIAN_POINT('',(1.27522412536875E-17,-0.0280330085889911,0.0035));
#10944=CARTESIAN_POINT('',(1.31963304635375E-17,-0.029033008588991,0.0035));
#10945=CARTESIAN_POINT('',(1.28062988177933E-17,-0.029033008588991,0.0015));
#10946=CARTESIAN_POINT('',(-0.0345294378857457,-0.0153579849484815,0.00359465677460607));
#10947=CARTESIAN_POINT('',(-0.0336193569562288,-0.015750798173069,0.00339979820458508));
#10948=CARTESIAN_POINT('',(-0.0326863149998622,-0.0161659271406575,0.00323289704417759));
#10949=CARTESIAN_POINT('',(-0.0307045755852269,-0.0171771431571842,0.00293277015865603));
#10950=CARTESIAN_POINT('',(-0.0296686817273763,-0.0177685309411891,0.00281168023904042));
#10951=CARTESIAN_POINT('',(-0.0266054408744205,-0.0197356379270184,0.00254168734647223));
#10952=CARTESIAN_POINT('',(-0.0247070230606076,-0.0212543522183954,0.00249131944221581));
#10953=CARTESIAN_POINT('',(-0.0213064961451461,-0.0246559932317159,0.00250842116272784));
#10954=CARTESIAN_POINT('',(-0.0198013342233953,-0.0265302492949645,0.00258385813373028));
#10955=CARTESIAN_POINT('',(-0.0178883442595416,-0.029476014165519,0.00284556700632356));
#10956=CARTESIAN_POINT('',(-0.0173082961793184,-0.0304755131177034,0.00295674731162786));
#10957=CARTESIAN_POINT('',(-0.0162506253775689,-0.0325074884252565,0.00324392487241293));
#10958=CARTESIAN_POINT('',(-0.0157884071991512,-0.0335305069655167,0.00341606737158008));
#10959=CARTESIAN_POINT('',(-0.0153586922230134,-0.0345310882594397,0.00363063902616906));
#10960=CARTESIAN_POINT('',(-0.0355297932941719,-0.0176481800543926,0.00352857769821267));
#10961=CARTESIAN_POINT('',(-0.0346338108799377,-0.0180349559162933,0.00333656438952764));
#10962=CARTESIAN_POINT('',(-0.0337596661495206,-0.0184244862768814,0.00318137884023739));
#10963=CARTESIAN_POINT('',(-0.031923350192282,-0.0193615272456874,0.00290329021155317));
#10964=CARTESIAN_POINT('',(-0.0309482442571167,-0.0199178480596936,0.00278910691283496));
#10965=CARTESIAN_POINT('',(-0.0281009035257556,-0.021746357818474,0.00253816186181446));
#10966=CARTESIAN_POINT('',(-0.0263430952711708,-0.0231538140468834,0.00249197440281602));
#10967=CARTESIAN_POINT('',(-0.0232020224983434,-0.0262960006553109,0.00250778577385861));
#10968=CARTESIAN_POINT('',(-0.0218055867692093,-0.0280339889765234,0.00257751518418323));
#10969=CARTESIAN_POINT('',(-0.0200296881046575,-0.0307687219470982,0.00282049023782988));
#10970=CARTESIAN_POINT('',(-0.0194846086449807,-0.0317082565363356,0.0029250653580706));
#10971=CARTESIAN_POINT('',(-0.0185027833051901,-0.0335945742426693,0.00319166960108972));
#10972=CARTESIAN_POINT('',(-0.0180697937370144,-0.0345511181177754,0.0033513947007929));
#10973=CARTESIAN_POINT('',(-0.0176495828351162,-0.0355295900659556,0.00356126445456574));
#10974=CARTESIAN_POINT('',(-0.0359557407169662,-0.017465051306961,0.00362230609713853));
#10975=CARTESIAN_POINT('',(-0.0349103733262,-0.0179130874874963,0.00338621536953172));
#10976=CARTESIAN_POINT('',(-0.0338940035332657,-0.0183559361824844,0.00320172266978342));
#10977=CARTESIAN_POINT('',(-0.031923350192282,-0.0193615272456874,0.00290329021155317));
#10978=CARTESIAN_POINT('',(-0.0309482442571167,-0.0199178480596936,0.00278910691283496));
#10979=CARTESIAN_POINT('',(-0.0281009035257556,-0.021746357818474,0.00253816186181446));
#10980=CARTESIAN_POINT('',(-0.0263430952711708,-0.0231538140468834,0.00249197440281602));
#10981=CARTESIAN_POINT('',(-0.0232020224983434,-0.0262960006553109,0.00250778577385861));
#10982=CARTESIAN_POINT('',(-0.0218055867692093,-0.0280339889765234,0.00257751518418323));
#10983=CARTESIAN_POINT('',(-0.0200296881046575,-0.0307687219470982,0.00282049023782988));
#10984=CARTESIAN_POINT('',(-0.0194846086449807,-0.0317082565363356,0.0029250653580706));
#10985=CARTESIAN_POINT('',(-0.0184923121500483,-0.0336146917977467,0.00319451293205396));
#10986=CARTESIAN_POINT('',(-0.01805114779418,-0.0345923750177917,0.00335829496184947));
#10987=CARTESIAN_POINT('',(-0.0176224211252719,-0.0355929079351364,0.00357490892420714));
#10988=CARTESIAN_POINT('',(-0.0355297932941719,-0.0176481800543926,0.00352857769821267));
#10989=CARTESIAN_POINT('',(-0.0346338108799377,-0.0180349559162933,0.00333656438952763));
#10990=CARTESIAN_POINT('',(-0.0337596661495206,-0.0184244862768814,0.00318137884023739));
#10991=CARTESIAN_POINT('',(-0.031923350192282,-0.0193615272456874,0.00290329021155317));
#10992=CARTESIAN_POINT('',(-0.0309482442571167,-0.0199178480596936,0.00278910691283496));
#10993=CARTESIAN_POINT('',(-0.0281009035257556,-0.021746357818474,0.00253816186181446));
#10994=CARTESIAN_POINT('',(-0.0263430952711708,-0.0231538140468834,0.00249197440281603));
#10995=CARTESIAN_POINT('',(-0.0232020224983434,-0.0262960006553109,0.00250778577385861));
#10996=CARTESIAN_POINT('',(-0.0218055867692053,-0.0280339889765234,0.00257751518418374));
#10997=CARTESIAN_POINT('',(-0.0200296881046595,-0.0307687219470982,0.00282049023782963));
#10998=CARTESIAN_POINT('',(-0.0194846086449807,-0.0317082565363356,0.0029250653580706));
#10999=CARTESIAN_POINT('',(-0.0185027833051901,-0.0335945742426693,0.00319166960108972));
#11000=CARTESIAN_POINT('',(-0.0180697937370144,-0.0345511181177754,0.0033513947007929));
#11001=CARTESIAN_POINT('',(-0.0176495828351162,-0.0355295900659556,0.00356126445456574));
#11002=CARTESIAN_POINT('',(-0.0359541654839788,-0.0173921814276506,0.00107819232513395));
#11003=CARTESIAN_POINT('',(-0.0350085021234123,-0.0178003628362465,0.000875327014495636));
#11004=CARTESIAN_POINT('',(-0.0340886685941054,-0.0182101889530504,0.000711942232576873));
#11005=CARTESIAN_POINT('',(-0.0321611088479681,-0.0191931134201691,0.000419710474704646));
#11006=CARTESIAN_POINT('',(-0.031140625219105,-0.0197753762367897,0.000300185759924772));
#11007=CARTESIAN_POINT('',(-0.0281791915689277,-0.0216760494423037,3.87466002640326E-5));
#11008=CARTESIAN_POINT('',(-0.0263748312593013,-0.0231230040921408,-8.02562894918295E-6));
#11009=CARTESIAN_POINT('',(-0.0231712348546205,-0.0263258899376559,7.78580467460858E-6));
#11010=CARTESIAN_POINT('',(-0.0217339065996588,-0.0281107550867432,7.86387205740257E-5));
#11011=CARTESIAN_POINT('',(-0.0198972844978557,-0.030937328552896,0.000329427254486726));
#11012=CARTESIAN_POINT('',(-0.0193298818886591,-0.0319142232739683,0.000437906195474337));
#11013=CARTESIAN_POINT('',(-0.0183038048792734,-0.0338842512079968,0.000716044162710058));
#11014=CARTESIAN_POINT('',(-0.0178461122424093,-0.0348932244909763,0.000883948932935839));
#11015=CARTESIAN_POINT('',(-0.0173975418174355,-0.0359373903630202,0.0011076597605185));
#11016=CARTESIAN_POINT('',(-0.03640394161029,-0.0171988242853059,0.00117726230772199));
#11017=CARTESIAN_POINT('',(-0.0352995742979105,-0.0176721107351994,0.000927607653407339));
#11018=CARTESIAN_POINT('',(-0.0342296810011957,-0.0181382822091094,0.00073332071575405));
#11019=CARTESIAN_POINT('',(-0.0321611088479681,-0.0191931134201691,0.000419710474704646));
#11020=CARTESIAN_POINT('',(-0.031140625219105,-0.0197753762367897,0.000300185759924772));
#11021=CARTESIAN_POINT('',(-0.0281791915689277,-0.0216760494423037,3.87466002640326E-5));
#11022=CARTESIAN_POINT('',(-0.0263748312593013,-0.0231230040921408,-8.02562894918295E-6));
#11023=CARTESIAN_POINT('',(-0.0231712348546205,-0.0263258899376559,7.78580467460858E-6));
#11024=CARTESIAN_POINT('',(-0.0217339065996588,-0.0281107550867432,7.86387205740257E-5));
#11025=CARTESIAN_POINT('',(-0.0198972844978557,-0.030937328552896,0.000329427254486726));
#11026=CARTESIAN_POINT('',(-0.0193298818886591,-0.0319142232739683,0.000437906195474337));
#11027=CARTESIAN_POINT('',(-0.0182928617806211,-0.0339052615316204,0.00071901050070084));
#11028=CARTESIAN_POINT('',(-0.0178263997999623,-0.0349367472605226,0.000891203050071885));
#11029=CARTESIAN_POINT('',(-0.0173685407138282,-0.0360049758174737,0.00112220739384694));
#11030=CARTESIAN_POINT('',(-0.0354814458291652,-0.017597507285156,0.000979581941088572));
#11031=CARTESIAN_POINT('',(-0.0347012975951428,-0.0179388475517524,0.000821411240193538));
#11032=CARTESIAN_POINT('',(-0.0339391401718246,-0.0182864382859615,0.000689272660968244));
#11033=CARTESIAN_POINT('',(-0.0321611088479681,-0.0191931134201691,0.000419710474704645));
#11034=CARTESIAN_POINT('',(-0.031140625219105,-0.0197753762367897,0.000300185759924771));
#11035=CARTESIAN_POINT('',(-0.0281791915689277,-0.0216760494423037,3.87466002640319E-5));
#11036=CARTESIAN_POINT('',(-0.0263748312593013,-0.0231230040921408,-8.02562894918364E-6));
#11037=CARTESIAN_POINT('',(-0.0231712348546205,-0.0263258899376559,7.78580467460789E-6));
#11038=CARTESIAN_POINT('',(-0.0217339065996588,-0.0281107550867432,7.86387205740249E-5));
#11039=CARTESIAN_POINT('',(-0.0198972844978557,-0.030937328552896,0.000329427254486725));
#11040=CARTESIAN_POINT('',(-0.0193298818886591,-0.0319142232739683,0.000437906195474336));
#11041=CARTESIAN_POINT('',(-0.0183782442105489,-0.033741330588334,0.000695865945973912));
#11042=CARTESIAN_POINT('',(-0.0179814345978542,-0.0345980154836485,0.000835351523232976));
#11043=CARTESIAN_POINT('',(-0.0175956198485659,-0.0354802495333209,0.00101275263289441));
#11044=CARTESIAN_POINT('',(-0.0344704146735343,-0.0153119379739611,0.00104353587564522));
#11045=CARTESIAN_POINT('',(-0.0336668873984898,-0.0156635060134294,0.000880765749858258));
#11046=CARTESIAN_POINT('',(-0.0328545079502354,-0.0160336332011403,0.0007390812702869));
#11047=CARTESIAN_POINT('',(-0.0309423342409128,-0.0170087293316638,0.000449190421807494));
#11048=CARTESIAN_POINT('',(-0.0298610626893646,-0.0176260591182853,0.000322759086130228));
#11049=CARTESIAN_POINT('',(-0.0266837289175927,-0.0196653295508481,4.22720849218101E-5));
#11050=CARTESIAN_POINT('',(-0.024738759048738,-0.0212235422636529,-8.6805895496495E-6));
#11051=CARTESIAN_POINT('',(-0.0212757085014233,-0.024685882514061,8.42119354407563E-6));
#11052=CARTESIAN_POINT('',(-0.0197296540538488,-0.0266070154051843,8.49816701210645E-5));
#11053=CARTESIAN_POINT('',(-0.0177559406527378,-0.0296446207713169,0.000354504022980414));
#11054=CARTESIAN_POINT('',(-0.0171535694229968,-0.0306814798553362,0.000469588149031461));
#11055=CARTESIAN_POINT('',(-0.0161315886822768,-0.0326436776747571,0.000746628674337378));
#11056=CARTESIAN_POINT('',(-0.0157087991374744,-0.0335577862528906,0.000896429184488806));
#11057=CARTESIAN_POINT('',(-0.0153101472509224,-0.0344692797808149,0.00107959155566236));
#11058=CARTESIAN_POINT('',(-0.0280330085889911,-0.001,0.0025));
#11059=CARTESIAN_POINT('',(-0.0280330085889911,-0.001,0.0015));
#11060=CARTESIAN_POINT('',(-0.027090753295518,-0.001,0.00174709991661609));
#11061=CARTESIAN_POINT('',(-0.0259345744265452,-0.001,0.00155410576416375));
#11062=CARTESIAN_POINT('',(-0.02340827362854,-0.001,0.000494647929567329));
#11063=CARTESIAN_POINT('',(-0.0220577477818247,-0.001,-0.000345618806264795));
#11064=CARTESIAN_POINT('',(-0.0193720997512562,-0.001,-0.00208575849000403));
#11065=CARTESIAN_POINT('',(-0.0180389009358045,-0.001,-0.0029843261191188));
#11066=CARTESIAN_POINT('',(-0.0160685426717656,-0.001,-0.0039700922371337));
#11067=CARTESIAN_POINT('',(-0.0154148012847016,-0.001,-0.0042402312829837));
#11068=CARTESIAN_POINT('',(-0.0140802300526274,-0.001,-0.0045715663045708));
#11069=CARTESIAN_POINT('',(-0.0133936942565433,-0.001,-0.00463353652469741));
#11070=CARTESIAN_POINT('',(-0.0127024348505845,-0.001,-0.00449886813772443));
#11071=CARTESIAN_POINT('',(-0.0280330085889911,-0.001,0.0035));
#11072=CARTESIAN_POINT('',(-0.0264739016164259,-0.001,0.00375200765952835));
#11073=CARTESIAN_POINT('',(-0.0249710666759231,-0.001,0.00332089422631656));
#11074=CARTESIAN_POINT('',(-0.0220787392568365,-0.001,0.00200535207995235));
#11075=CARTESIAN_POINT('',(-0.0206710129528162,-0.001,0.00109561879819937));
#11076=CARTESIAN_POINT('',(-0.017965156692085,-0.001,-0.000664241501930541));
#11077=CARTESIAN_POINT('',(-0.0166651033564758,-0.001,-0.00151567389205939));
#11078=CARTESIAN_POINT('',(-0.0149464904581838,-0.001,-0.00231115775727721));
#11079=CARTESIAN_POINT('',(-0.0144140592965753,-0.001,-0.0024941437248308));
#11080=CARTESIAN_POINT('',(-0.0134911139673285,-0.001,-0.0026471836876147));
#11081=CARTESIAN_POINT('',(-0.0131067232209719,-0.001,-0.00261594580491631));
#11082=CARTESIAN_POINT('',(-0.0127975651494154,-0.001,-0.00250113186227556));
#11083=CARTESIAN_POINT('',(-0.0280330085889911,-0.001,0.0035));
#11084=CARTESIAN_POINT('',(-0.0280330085889911,0.001,0.0035));
#11085=CARTESIAN_POINT('',(-0.0266395388398609,-0.001,0.00372523473775767));
#11086=CARTESIAN_POINT('',(-0.0266395388398609,0.001,0.00372523473775767));
#11087=CARTESIAN_POINT('',(-0.0239471641717517,-0.001,0.0030840406282123));
#11088=CARTESIAN_POINT('',(-0.0239471641717517,0.001,0.0030840406282123));
#11089=CARTESIAN_POINT('',(-0.0201520347109477,-0.001,0.000805264322330641));
#11090=CARTESIAN_POINT('',(-0.0201520347109477,0.001,0.000805264322330641));
#11091=CARTESIAN_POINT('',(-0.0165711864378541,-0.001,-0.00163759477539209));
#11092=CARTESIAN_POINT('',(-0.0165711864378541,0.001,-0.00163759477539209));
#11093=CARTESIAN_POINT('',(-0.0145336064163207,-0.001,-0.00251798425106745));
#11094=CARTESIAN_POINT('',(-0.0145336064163207,0.001,-0.00251798425106745));
#11095=CARTESIAN_POINT('',(-0.0137499999794586,-0.001,-0.00259791797460429));
#11096=CARTESIAN_POINT('',(-0.0137499999794586,0.001,-0.00259791797460429));
#11097=CARTESIAN_POINT('',(-0.0280330085889911,0.001,0.0035));
#11098=CARTESIAN_POINT('',(-0.0264739016164259,0.001,0.00375200765952835));
#11099=CARTESIAN_POINT('',(-0.0249710666759231,0.001,0.00332089422631656));
#11100=CARTESIAN_POINT('',(-0.0220787392568365,0.001,0.00200535207995235));
#11101=CARTESIAN_POINT('',(-0.0206710129528162,0.001,0.00109561879819937));
#11102=CARTESIAN_POINT('',(-0.017965156692085,0.001,-0.000664241501930541));
#11103=CARTESIAN_POINT('',(-0.0166651033564758,0.001,-0.00151567389205939));
#11104=CARTESIAN_POINT('',(-0.0149464904581838,0.001,-0.00231115775727721));
#11105=CARTESIAN_POINT('',(-0.0144140592965753,0.001,-0.0024941437248308));
#11106=CARTESIAN_POINT('',(-0.0134911139673285,0.001,-0.0026471836876147));
#11107=CARTESIAN_POINT('',(-0.0131067232209719,0.001,-0.00261594580491631));
#11108=CARTESIAN_POINT('',(-0.0127975651494154,0.001,-0.00250113186227556));
#11109=CARTESIAN_POINT('',(-0.0280330085889911,0.001,0.0035));
#11110=CARTESIAN_POINT('',(-0.0280330085889911,0.,0.0035));
#11111=CARTESIAN_POINT('',(-0.0280330085889911,0.001,0.0025));
#11112=CARTESIAN_POINT('',(-0.029033008588991,0.001,0.0015));
#11113=CARTESIAN_POINT('',(-0.0280330085889911,0.001,0.0015));
#11114=CARTESIAN_POINT('',(-0.029033008588991,0.001,0.0035));
#11115=CARTESIAN_POINT('',(-0.0280330085889911,0.001,0.0015));
#11116=CARTESIAN_POINT('',(-0.027090753295518,0.001,0.00174709991661609));
#11117=CARTESIAN_POINT('',(-0.0259345744265452,0.001,0.00155410576416375));
#11118=CARTESIAN_POINT('',(-0.02340827362854,0.001,0.000494647929567329));
#11119=CARTESIAN_POINT('',(-0.0220577477818247,0.001,-0.000345618806264795));
#11120=CARTESIAN_POINT('',(-0.0193720997512562,0.001,-0.00208575849000403));
#11121=CARTESIAN_POINT('',(-0.0180389009358045,0.001,-0.0029843261191188));
#11122=CARTESIAN_POINT('',(-0.0160685426717656,0.001,-0.0039700922371337));
#11123=CARTESIAN_POINT('',(-0.0154148012847016,0.001,-0.0042402312829837));
#11124=CARTESIAN_POINT('',(-0.0140802300526274,0.001,-0.0045715663045708));
#11125=CARTESIAN_POINT('',(-0.0133936942565433,0.001,-0.00463353652469741));
#11126=CARTESIAN_POINT('',(-0.0127024348505845,0.001,-0.00449886813772443));
#11127=CARTESIAN_POINT('',(-0.0126029573821836,-0.001,-0.00447824912682966));
#11128=CARTESIAN_POINT('',(-0.0126029573821836,0.001,-0.00447824912682966));
#11129=CARTESIAN_POINT('',(-0.0132987599647825,-0.001,-0.00463035681525566));
#11130=CARTESIAN_POINT('',(-0.0132987599647825,0.001,-0.00463035681525566));
#11131=CARTESIAN_POINT('',(-0.0146806350998566,-0.001,-0.00453535389021097));
#11132=CARTESIAN_POINT('',(-0.0146806350998566,0.001,-0.00453535389021098));
#11133=CARTESIAN_POINT('',(-0.0173066348765087,-0.001,-0.00347210599613585));
#11134=CARTESIAN_POINT('',(-0.0173066348765087,0.001,-0.00347210599613585));
#11135=CARTESIAN_POINT('',(-0.020654216482499,-0.001,-0.00122520733346395));
#11136=CARTESIAN_POINT('',(-0.020654216482499,0.000999999999999999,-0.00122520733346395));
#11137=CARTESIAN_POINT('',(-0.0247458062056089,-0.001,0.00134035408659902));
#11138=CARTESIAN_POINT('',(-0.0247458062056089,0.001,0.00134035408659902));
#11139=CARTESIAN_POINT('',(-0.0270851050335924,-0.001,0.00174858111521516));
#11140=CARTESIAN_POINT('',(-0.0270851050335924,0.001,0.00174858111521516));
#11141=CARTESIAN_POINT('',(-0.0280330085354114,-0.001,0.00150000001405088));
#11142=CARTESIAN_POINT('',(-0.0280330085354115,0.001,0.00150000001405088));
#11143=CARTESIAN_POINT('',(-0.0280330085889911,2.16840434497101E-19,0.0015));
#11144=CARTESIAN_POINT('',(-0.029033008588991,0.,0.0035));
#11145=CARTESIAN_POINT('',(-0.029033008588991,2.16840434497101E-19,0.0015));
#11146=CARTESIAN_POINT('',(-0.015456006087176,0.0341431530214436,0.000978491875264641));
#11147=CARTESIAN_POINT('',(-0.0157645636929237,0.033446832728118,0.00084272200983167));
#11148=CARTESIAN_POINT('',(-0.0160889335617633,0.0327460633647332,0.000722640769745049));
#11149=CARTESIAN_POINT('',(-0.0170087293316637,0.0309423342409128,0.00044919042180749));
#11150=CARTESIAN_POINT('',(-0.0176260591182853,0.0298610626893646,0.000322759086130224));
#11151=CARTESIAN_POINT('',(-0.0196653295508481,0.0266837289175927,4.22720849218062E-5));
#11152=CARTESIAN_POINT('',(-0.0212235422636529,0.024738759048738,-8.68058954965351E-6));
#11153=CARTESIAN_POINT('',(-0.0246858825140609,0.0212757085014233,8.42119354407162E-6));
#11154=CARTESIAN_POINT('',(-0.0266070154051843,0.0197296540538488,8.49816701210605E-5));
#11155=CARTESIAN_POINT('',(-0.0296446207713169,0.0177559406527378,0.000354504022980409));
#11156=CARTESIAN_POINT('',(-0.0306814798553361,0.0171535694229968,0.000469588149031456));
#11157=CARTESIAN_POINT('',(-0.0325296278980368,0.0161909897651533,0.000730526113351483));
#11158=CARTESIAN_POINT('',(-0.0333246571090864,0.0158174744203707,0.000858555331517411));
#11159=CARTESIAN_POINT('',(-0.0341199946575235,0.0154640954785798,0.00101103152926578));
#11160=CARTESIAN_POINT('',(-0.0156942217927016,0.0337596266077372,0.00343739830843159));
#11161=CARTESIAN_POINT('',(-0.0159877036710016,0.0330974853581344,0.00330842567743389));
#11162=CARTESIAN_POINT('',(-0.0162972712043515,0.0324289123246208,0.00319391438950836));
#11163=CARTESIAN_POINT('',(-0.0171771431571842,0.0307045755852269,0.00293277015865602));
#11164=CARTESIAN_POINT('',(-0.0177685309411891,0.0296686817273763,0.00281168023904042));
#11165=CARTESIAN_POINT('',(-0.0197356379270184,0.0266054408744206,0.00254168734647223));
#11166=CARTESIAN_POINT('',(-0.0212543522183954,0.0247070230606076,0.00249131944221581));
#11167=CARTESIAN_POINT('',(-0.0246559932317159,0.0213064961451461,0.00250842116272784));
#11168=CARTESIAN_POINT('',(-0.0265302492949645,0.0198013342233953,0.00258385813373028));
#11169=CARTESIAN_POINT('',(-0.029476014165519,0.0178883442595416,0.00284556700632355));
#11170=CARTESIAN_POINT('',(-0.0304755131177034,0.0173082961793184,0.00295674731162785));
#11171=CARTESIAN_POINT('',(-0.0322505364493396,0.0163843723780216,0.00320761004053066));
#11172=CARTESIAN_POINT('',(-0.0330086360256933,0.0160287102104204,0.00333002214569247));
#11173=CARTESIAN_POINT('',(-0.0337600122740705,0.0156950905123397,0.0034741949333023));
#11174=CARTESIAN_POINT('',(-0.0151735018412185,0.034958570148664,0.00368902868527244));
#11175=CARTESIAN_POINT('',(-0.0156210664294677,0.0339143027649984,0.00345318548775959));
#11176=CARTESIAN_POINT('',(-0.0160919507023839,0.032831290970461,0.00325485310268354));
#11177=CARTESIAN_POINT('',(-0.0171771431571842,0.0307045755852269,0.00293277015865602));
#11178=CARTESIAN_POINT('',(-0.0177685309411891,0.0296686817273763,0.00281168023904042));
#11179=CARTESIAN_POINT('',(-0.0197356379270184,0.0266054408744206,0.00254168734647223));
#11180=CARTESIAN_POINT('',(-0.0212543522183954,0.0247070230606076,0.00249131944221581));
#11181=CARTESIAN_POINT('',(-0.0246559932317159,0.0213064961451461,0.00250842116272784));
#11182=CARTESIAN_POINT('',(-0.0265302492949645,0.0198013342233953,0.00258385813373028));
#11183=CARTESIAN_POINT('',(-0.029476014165519,0.0178883442595416,0.00284556700632355));
#11184=CARTESIAN_POINT('',(-0.0304755131177034,0.0173082961793184,0.00295674731162785));
#11185=CARTESIAN_POINT('',(-0.0325291594168547,0.0162393453315107,0.00324698761755744));
#11186=CARTESIAN_POINT('',(-0.0335746276487825,0.015768504777103,0.00342350411013116));
#11187=CARTESIAN_POINT('',(-0.0345957738995491,0.0153309434124219,0.00364457675455115));
#11188=CARTESIAN_POINT('',(-0.0149072748195634,0.0354067710419877,0.00124398489585591));
#11189=CARTESIAN_POINT('',(-0.0153800900822348,0.034303503393586,0.000994579378330061));
#11190=CARTESIAN_POINT('',(-0.015874296729011,0.033166968438391,0.000786451148654174));
#11191=CARTESIAN_POINT('',(-0.0170087293316637,0.0309423342409128,0.00044919042180749));
#11192=CARTESIAN_POINT('',(-0.0176260591182853,0.0298610626893646,0.000322759086130224));
#11193=CARTESIAN_POINT('',(-0.0196653295508481,0.0266837289175927,4.22720849218062E-5));
#11194=CARTESIAN_POINT('',(-0.0212235422636529,0.024738759048738,-8.68058954965351E-6));
#11195=CARTESIAN_POINT('',(-0.0246858825140609,0.0212757085014233,8.42119354407162E-6));
#11196=CARTESIAN_POINT('',(-0.0266070154051843,0.0197296540538488,8.49816701210605E-5));
#11197=CARTESIAN_POINT('',(-0.0296446207713169,0.0177559406527378,0.000354504022980409));
#11198=CARTESIAN_POINT('',(-0.0306814798553361,0.0171535694229968,0.000469588149031456));
#11199=CARTESIAN_POINT('',(-0.0328197291507284,0.0160398949620835,0.000771485186204446));
#11200=CARTESIAN_POINT('',(-0.0339190000628764,0.0155437560522849,0.000956410838407087));
#11201=CARTESIAN_POINT('',(-0.0350078417818864,0.0150770630009782,0.00119187522419095));
#11202=CARTESIAN_POINT('',(-0.0153579849484815,0.0345294378857458,0.00359465677460608));
#11203=CARTESIAN_POINT('',(-0.015750798173069,0.0336193569562288,0.00339979820458508));
#11204=CARTESIAN_POINT('',(-0.0161659271406575,0.0326863149998622,0.00323289704417759));
#11205=CARTESIAN_POINT('',(-0.0171771431571842,0.0307045755852269,0.00293277015865602));
#11206=CARTESIAN_POINT('',(-0.0177685309411891,0.0296686817273763,0.00281168023904042));
#11207=CARTESIAN_POINT('',(-0.0197356379270184,0.0266054408744206,0.00254168734647223));
#11208=CARTESIAN_POINT('',(-0.0212543522183954,0.0247070230606076,0.00249131944221581));
#11209=CARTESIAN_POINT('',(-0.0246559932317159,0.0213064961451461,0.00250842116272784));
#11210=CARTESIAN_POINT('',(-0.0265302492949645,0.0198013342233953,0.00258385813373028));
#11211=CARTESIAN_POINT('',(-0.029476014165519,0.0178883442595416,0.00284556700632355));
#11212=CARTESIAN_POINT('',(-0.0304755131177034,0.0173082961793184,0.00295674731162785));
#11213=CARTESIAN_POINT('',(-0.0325074884252568,0.0162506253775688,0.00324392487241297));
#11214=CARTESIAN_POINT('',(-0.0335305069655174,0.0157884071991509,0.0034160673715802));
#11215=CARTESIAN_POINT('',(-0.0345310882594408,0.0153586922230129,0.00363063902616929));
#11216=CARTESIAN_POINT('',(-0.0176481800543925,0.035529793294172,0.00352857769821268));
#11217=CARTESIAN_POINT('',(-0.0180349559162933,0.0346338108799378,0.00333656438952764));
#11218=CARTESIAN_POINT('',(-0.0184244862768814,0.0337596661495207,0.00318137884023739));
#11219=CARTESIAN_POINT('',(-0.0193615272456874,0.0319233501922821,0.00290329021155317));
#11220=CARTESIAN_POINT('',(-0.0199178480596936,0.0309482442571167,0.00278910691283496));
#11221=CARTESIAN_POINT('',(-0.021746357818474,0.0281009035257556,0.00253816186181446));
#11222=CARTESIAN_POINT('',(-0.0231538140468834,0.0263430952711708,0.00249197440281602));
#11223=CARTESIAN_POINT('',(-0.0262960006553109,0.0232020224983435,0.00250778577385861));
#11224=CARTESIAN_POINT('',(-0.0280339889765234,0.0218055867692093,0.00257751518418323));
#11225=CARTESIAN_POINT('',(-0.0307687219470982,0.0200296881046575,0.00282049023782987));
#11226=CARTESIAN_POINT('',(-0.0317082565363356,0.0194846086449807,0.0029250653580706));
#11227=CARTESIAN_POINT('',(-0.0335945742426696,0.0185027833051899,0.00319166960108977));
#11228=CARTESIAN_POINT('',(-0.0345511181177761,0.0180697937370142,0.00335139470079301));
#11229=CARTESIAN_POINT('',(-0.0355295900659566,0.0176495828351158,0.00356126445456596));
#11230=CARTESIAN_POINT('',(-0.0174650513069609,0.0359557407169662,0.00362230609713852));
#11231=CARTESIAN_POINT('',(-0.0179130874874963,0.0349103733262,0.00338621536953172));
#11232=CARTESIAN_POINT('',(-0.0183559361824844,0.0338940035332658,0.00320172266978342));
#11233=CARTESIAN_POINT('',(-0.0193615272456874,0.0319233501922821,0.00290329021155317));
#11234=CARTESIAN_POINT('',(-0.0199178480596936,0.0309482442571167,0.00278910691283496));
#11235=CARTESIAN_POINT('',(-0.021746357818474,0.0281009035257556,0.00253816186181446));
#11236=CARTESIAN_POINT('',(-0.0231538140468834,0.0263430952711708,0.00249197440281602));
#11237=CARTESIAN_POINT('',(-0.0262960006553109,0.0232020224983435,0.00250778577385861));
#11238=CARTESIAN_POINT('',(-0.0280339889765234,0.0218055867692093,0.00257751518418323));
#11239=CARTESIAN_POINT('',(-0.0307687219470982,0.0200296881046575,0.00282049023782987));
#11240=CARTESIAN_POINT('',(-0.0317082565363356,0.0194846086449807,0.0029250653580706));
#11241=CARTESIAN_POINT('',(-0.0336146917977467,0.0184923121500483,0.00319451293205395));
#11242=CARTESIAN_POINT('',(-0.0345923750177917,0.0180511477941801,0.00335829496184947));
#11243=CARTESIAN_POINT('',(-0.0355929079351364,0.0176224211252719,0.00357490892420713));
#11244=CARTESIAN_POINT('',(-0.0176481800543925,0.035529793294172,0.00352857769821268));
#11245=CARTESIAN_POINT('',(-0.0180349559162933,0.0346338108799378,0.00333656438952764));
#11246=CARTESIAN_POINT('',(-0.0184244862768814,0.0337596661495207,0.00318137884023739));
#11247=CARTESIAN_POINT('',(-0.0193615272456874,0.0319233501922821,0.00290329021155317));
#11248=CARTESIAN_POINT('',(-0.0199178480596936,0.0309482442571167,0.00278910691283496));
#11249=CARTESIAN_POINT('',(-0.021746357818474,0.0281009035257556,0.00253816186181446));
#11250=CARTESIAN_POINT('',(-0.0231538140468834,0.0263430952711708,0.00249197440281602));
#11251=CARTESIAN_POINT('',(-0.0262960006553109,0.0232020224983435,0.00250778577385861));
#11252=CARTESIAN_POINT('',(-0.0280339889765234,0.0218055867692053,0.00257751518418373));
#11253=CARTESIAN_POINT('',(-0.0307687219470982,0.0200296881046595,0.00282049023782962));
#11254=CARTESIAN_POINT('',(-0.0317082565363356,0.0194846086449807,0.0029250653580706));
#11255=CARTESIAN_POINT('',(-0.0335945742426696,0.0185027833051899,0.00319166960108977));
#11256=CARTESIAN_POINT('',(-0.0345511181177761,0.0180697937370142,0.00335139470079301));
#11257=CARTESIAN_POINT('',(-0.0355295900659566,0.0176495828351158,0.00356126445456596));
#11258=CARTESIAN_POINT('',(-0.0173921814276505,0.0359541654839788,0.00107819232513396));
#11259=CARTESIAN_POINT('',(-0.0178003628362465,0.0350085021234123,0.000875327014495638));
#11260=CARTESIAN_POINT('',(-0.0182101889530503,0.0340886685941054,0.000711942232576872));
#11261=CARTESIAN_POINT('',(-0.0191931134201691,0.0321611088479681,0.000419710474704641));
#11262=CARTESIAN_POINT('',(-0.0197753762367897,0.031140625219105,0.000300185759924767));
#11263=CARTESIAN_POINT('',(-0.0216760494423037,0.0281791915689277,3.87466002640283E-5));
#11264=CARTESIAN_POINT('',(-0.0231230040921408,0.0263748312593013,-8.02562894918724E-6));
#11265=CARTESIAN_POINT('',(-0.0263258899376559,0.0231712348546206,7.78580467460429E-6));
#11266=CARTESIAN_POINT('',(-0.0281107550867432,0.0217339065996589,7.86387205740213E-5));
#11267=CARTESIAN_POINT('',(-0.030937328552896,0.0198972844978557,0.000329427254486721));
#11268=CARTESIAN_POINT('',(-0.0319142232739683,0.0193298818886591,0.000437906195474332));
#11269=CARTESIAN_POINT('',(-0.0338842512079972,0.0183038048792732,0.000716044162710103));
#11270=CARTESIAN_POINT('',(-0.034893224490977,0.017846112242409,0.000883948932935956));
#11271=CARTESIAN_POINT('',(-0.0359373903630213,0.017397541817435,0.00110765976051874));
#11272=CARTESIAN_POINT('',(-0.0171988242853058,0.03640394161029,0.00117726230772198));
#11273=CARTESIAN_POINT('',(-0.0176721107351994,0.0352995742979105,0.000927607653407335));
#11274=CARTESIAN_POINT('',(-0.0181382822091094,0.0342296810011957,0.000733320715754046));
#11275=CARTESIAN_POINT('',(-0.0191931134201691,0.0321611088479681,0.000419710474704641));
#11276=CARTESIAN_POINT('',(-0.0197753762367897,0.031140625219105,0.000300185759924767));
#11277=CARTESIAN_POINT('',(-0.0216760494423037,0.0281791915689277,3.87466002640283E-5));
#11278=CARTESIAN_POINT('',(-0.0231230040921408,0.0263748312593013,-8.02562894918724E-6));
#11279=CARTESIAN_POINT('',(-0.0263258899376559,0.0231712348546206,7.78580467460429E-6));
#11280=CARTESIAN_POINT('',(-0.0281107550867432,0.0217339065996589,7.86387205740213E-5));
#11281=CARTESIAN_POINT('',(-0.030937328552896,0.0198972844978557,0.000329427254486721));
#11282=CARTESIAN_POINT('',(-0.0319142232739683,0.0193298818886591,0.000437906195474332));
#11283=CARTESIAN_POINT('',(-0.0339052615316204,0.0182928617806211,0.000719010500700835));
#11284=CARTESIAN_POINT('',(-0.0349367472605226,0.0178263997999624,0.00089120305007188));
#11285=CARTESIAN_POINT('',(-0.0360049758174737,0.0173685407138282,0.00112220739384693));
#11286=CARTESIAN_POINT('',(-0.0175975072851559,0.0354814458291653,0.000979581941088574));
#11287=CARTESIAN_POINT('',(-0.0179388475517523,0.0347012975951429,0.000821411240193537));
#11288=CARTESIAN_POINT('',(-0.0182864382859615,0.0339391401718246,0.000689272660968242));
#11289=CARTESIAN_POINT('',(-0.0191931134201691,0.0321611088479681,0.000419710474704641));
#11290=CARTESIAN_POINT('',(-0.0197753762367897,0.031140625219105,0.000300185759924767));
#11291=CARTESIAN_POINT('',(-0.0216760494423037,0.0281791915689277,3.87466002640276E-5));
#11292=CARTESIAN_POINT('',(-0.0231230040921408,0.0263748312593013,-8.02562894918792E-6));
#11293=CARTESIAN_POINT('',(-0.0263258899376559,0.0231712348546206,7.7858046746036E-6));
#11294=CARTESIAN_POINT('',(-0.0281107550867432,0.0217339065996589,7.86387205740206E-5));
#11295=CARTESIAN_POINT('',(-0.030937328552896,0.0198972844978557,0.00032942725448672));
#11296=CARTESIAN_POINT('',(-0.0319142232739683,0.0193298818886591,0.000437906195474331));
#11297=CARTESIAN_POINT('',(-0.0337413305883343,0.0183782442105487,0.000695865945973955));
#11298=CARTESIAN_POINT('',(-0.0345980154836492,0.0179814345978539,0.000835351523233084));
#11299=CARTESIAN_POINT('',(-0.035480249533322,0.0175956198485655,0.00101275263289462));
#11300=CARTESIAN_POINT('',(-0.0153119379739611,0.0344704146735343,0.00104353587564522));
#11301=CARTESIAN_POINT('',(-0.0156635060134294,0.0336668873984898,0.000880765749858257));
#11302=CARTESIAN_POINT('',(-0.0160336332011403,0.0328545079502354,0.000739081270286897));
#11303=CARTESIAN_POINT('',(-0.0170087293316637,0.0309423342409128,0.00044919042180749));
#11304=CARTESIAN_POINT('',(-0.0176260591182853,0.0298610626893646,0.000322759086130224));
#11305=CARTESIAN_POINT('',(-0.0196653295508481,0.0266837289175927,4.22720849218062E-5));
#11306=CARTESIAN_POINT('',(-0.0212235422636529,0.024738759048738,-8.68058954965348E-6));
#11307=CARTESIAN_POINT('',(-0.0246858825140609,0.0212757085014233,8.42119354407165E-6));
#11308=CARTESIAN_POINT('',(-0.0266070154051843,0.0197296540538488,8.49816701210605E-5));
#11309=CARTESIAN_POINT('',(-0.0296446207713169,0.0177559406527378,0.000354504022980409));
#11310=CARTESIAN_POINT('',(-0.0306814798553361,0.0171535694229968,0.000469588149031456));
#11311=CARTESIAN_POINT('',(-0.0326436776747574,0.0161315886822766,0.000746628674337425));
#11312=CARTESIAN_POINT('',(-0.0335577862528913,0.0157087991374741,0.000896429184488922));
#11313=CARTESIAN_POINT('',(-0.034469279780816,0.0153101472509219,0.00107959155566258));
#11314=CARTESIAN_POINT('',(0.0496669831852067,0.00383012701892222,-0.008));
#11315=CARTESIAN_POINT('',(0.0496669831852067,0.00383012701892222,-0.009));
#11316=CARTESIAN_POINT('',(0.047786064673866,0.00708797344533336,-0.00900000000043595));
#11317=CARTESIAN_POINT('',(0.0462535348929972,0.00974239289000188,-0.00893829777102194));
#11318=CARTESIAN_POINT('',(0.0437441842453022,0.0140887157058881,-0.00852366119107321));
#11319=CARTESIAN_POINT('',(0.042765996660893,0.0157829863013852,-0.00817763404835417));
#11320=CARTESIAN_POINT('',(0.0412083566089625,0.0184808980112259,-0.00692874898345406));
#11321=CARTESIAN_POINT('',(0.0406229840396063,0.0194947930427085,-0.0059724007163109));
#11322=CARTESIAN_POINT('',(0.0399229465204214,0.0207072935931471,-0.00338592527105273));
#11323=CARTESIAN_POINT('',(0.0398044729042013,0.020912495915781,-0.00182750576434207));
#11324=CARTESIAN_POINT('',(0.0398044729061964,0.0209124959123383,-6.53559315135179E-18));
#11325=CARTESIAN_POINT('',(0.0496669831852067,0.00383012701892222,-0.009));
#11326=CARTESIAN_POINT('',(0.0501669831852066,0.00296410161513778,-0.009));
#11327=CARTESIAN_POINT('',(0.0497174934424235,0.00374264068711932,-0.009));
#11328=CARTESIAN_POINT('',(0.0497174934424235,0.00374264068711933,-0.007));
#11329=CARTESIAN_POINT('',(0.0497174934424235,0.00374264068711932,-0.007));
#11330=CARTESIAN_POINT('',(0.0501669831852066,0.00296410161513778,-0.007));
#11331=CARTESIAN_POINT('',(0.0496669831852066,0.00383012701892221,-0.007));
#11332=CARTESIAN_POINT('',(0.0496669831852066,0.00383012701892221,-0.007));
#11333=CARTESIAN_POINT('',(0.0477979016959171,0.00706747112178112,-0.00700000000042115));
#11334=CARTESIAN_POINT('',(0.0462851176932267,0.00968768987535298,-0.00693670222992168));
#11335=CARTESIAN_POINT('',(0.043877276984919,0.0138581923187593,-0.00653883880798322));
#11336=CARTESIAN_POINT('',(0.042983587002179,0.0154061087750473,-0.0061973659541839));
#11337=CARTESIAN_POINT('',(0.0417349719107716,0.0175687735524436,-0.00519625101400791));
#11338=CARTESIAN_POINT('',(0.0413859669152046,0.0181732679368823,-0.00459009928755198));
#11339=CARTESIAN_POINT('',(0.0409188130739346,0.0189824021248888,-0.00286407472508445));
#11340=CARTESIAN_POINT('',(0.0408044729053717,0.0191804451062496,-0.00167249423855751));
#11341=CARTESIAN_POINT('',(0.0408044729061964,0.0191804451047694,-6.73630767133634E-18));
#11342=CARTESIAN_POINT('',(0.0513990339927755,0.00483012701892222,-0.008));
#11343=CARTESIAN_POINT('',(0.0513990339927755,0.00483012701892222,-0.007));
#11344=CARTESIAN_POINT('',(0.0495299525034825,0.00806747112177909,-0.00700000000042115));
#11345=CARTESIAN_POINT('',(0.0480171685007956,0.010687689875353,-0.00693670222992168));
#11346=CARTESIAN_POINT('',(0.0456093277924879,0.0148581923187593,-0.00653883880798322));
#11347=CARTESIAN_POINT('',(0.0447156378097482,0.0164061087750485,-0.0061973659541839));
#11348=CARTESIAN_POINT('',(0.0434670227183401,0.0185687735524424,-0.00519625101400791));
#11349=CARTESIAN_POINT('',(0.0431180177227688,0.0191732679368814,-0.00459009928755197));
#11350=CARTESIAN_POINT('',(0.0426508638815081,0.0199824021248898,-0.00286407472508444));
#11351=CARTESIAN_POINT('',(0.0425365237129351,0.020180445106229,-0.0016724942385575));
#11352=CARTESIAN_POINT('',(0.0425365237137653,0.0201804451047694,-7.0721527229319E-18));
#11353=CARTESIAN_POINT('',(0.0513990339927755,0.00483012701892222,-0.007));
#11354=CARTESIAN_POINT('',(0.0518990339927755,0.00396410161513778,-0.007));
#11355=CARTESIAN_POINT('',(0.0514495442499923,0.00474264068711931,-0.007));
#11356=CARTESIAN_POINT('',(0.0514495442499923,0.00474264068711931,-0.007));
#11357=CARTESIAN_POINT('',(0.0514495442499923,0.00474264068711931,-0.009));
#11358=CARTESIAN_POINT('',(0.0518990339927755,0.00396410161513778,-0.009));
#11359=CARTESIAN_POINT('',(0.0513990339927755,0.00483012701892222,-0.009));
#11360=CARTESIAN_POINT('',(0.0513990339927755,0.00483012701892222,-0.009));
#11361=CARTESIAN_POINT('',(0.0495181154814308,0.00808797344533234,-0.00900000000043595));
#11362=CARTESIAN_POINT('',(0.0479855857005655,0.0107423928899998,-0.00893829777102194));
#11363=CARTESIAN_POINT('',(0.0454762350528717,0.0150887157058901,-0.00852366119107322));
#11364=CARTESIAN_POINT('',(0.0444980474684626,0.0167829863013877,-0.00817763404835417));
#11365=CARTESIAN_POINT('',(0.0429404074165306,0.0194808980112234,-0.00692874898345406));
#11366=CARTESIAN_POINT('',(0.0423550348471793,0.0204947930427074,-0.00597240071631089));
#11367=CARTESIAN_POINT('',(0.0416549973279863,0.0217072935931482,-0.00338592527105272));
#11368=CARTESIAN_POINT('',(0.041536523711776,0.0219124959157795,-0.00182750576434208));
#11369=CARTESIAN_POINT('',(0.0415365237137653,0.0219124959123383,-6.87143820294735E-18));
#11370=CARTESIAN_POINT('',(0.0546669831852066,0.00483012701892221,-0.008));
#11371=CARTESIAN_POINT('',(0.0546669831852066,0.00483012701892221,-0.009));
#11372=CARTESIAN_POINT('',(0.0565479016964367,0.00808797344539718,-0.00900000000043595));
#11373=CARTESIAN_POINT('',(0.0580804314773847,0.01074239289002,-0.00893829777102194));
#11374=CARTESIAN_POINT('',(0.0605897821251425,0.0150887157058699,-0.00852366119107322));
#11375=CARTESIAN_POINT('',(0.0615679697095234,0.0167829863013833,-0.00817763404835417));
#11376=CARTESIAN_POINT('',(0.0631256097614477,0.0194808980112277,-0.00692874898345406));
#11377=CARTESIAN_POINT('',(0.0637109823308044,0.02049479304271,-0.0059724007163109));
#11378=CARTESIAN_POINT('',(0.0644110198499944,0.0217072935931456,-0.00338592527105273));
#11379=CARTESIAN_POINT('',(0.0645294934662009,0.0219124959157874,-0.00182750576434207));
#11380=CARTESIAN_POINT('',(0.0645294934642169,0.0219124959123382,-1.07311538042812E-17));
#11381=CARTESIAN_POINT('',(0.0546669831852066,0.00483012701892221,-0.009));
#11382=CARTESIAN_POINT('',(0.0541669831852066,0.00396410161513777,-0.009));
#11383=CARTESIAN_POINT('',(0.0546164729279898,0.0047426406871193,-0.009));
#11384=CARTESIAN_POINT('',(0.0546164729279898,0.0047426406871193,-0.007));
#11385=CARTESIAN_POINT('',(0.0546164729279898,0.0047426406871193,-0.007));
#11386=CARTESIAN_POINT('',(0.0541669831852066,0.00396410161513777,-0.007));
#11387=CARTESIAN_POINT('',(0.0546669831852066,0.00483012701892221,-0.007));
#11388=CARTESIAN_POINT('',(0.0546669831852066,0.00483012701892221,-0.007));
#11389=CARTESIAN_POINT('',(0.0565360646744294,0.00806747112181963,-0.00700000000042115));
#11390=CARTESIAN_POINT('',(0.0580488486771499,0.0106876898753741,-0.00693670222992168));
#11391=CARTESIAN_POINT('',(0.060456689385531,0.0148581923187381,-0.00653883880798323));
#11392=CARTESIAN_POINT('',(0.0613503793682423,0.0164061087750426,-0.0061973659541839));
#11393=CARTESIAN_POINT('',(0.0625989944596337,0.0185687735524483,-0.00519625101400791));
#11394=CARTESIAN_POINT('',(0.0629479994552191,0.0191732679368763,-0.00459009928755198));
#11395=CARTESIAN_POINT('',(0.0634151532964683,0.0199824021248948,-0.00286407472508445));
#11396=CARTESIAN_POINT('',(0.0635294934650865,0.0201804451062237,-0.00167249423855751));
#11397=CARTESIAN_POINT('',(0.0635294934642169,0.0201804451047694,-1.05854859017716E-17));
#11398=CARTESIAN_POINT('',(0.0563990339927755,0.00383012701892221,-0.008));
#11399=CARTESIAN_POINT('',(0.0563990339927755,0.00383012701892221,-0.007));
#11400=CARTESIAN_POINT('',(0.0582681154819948,0.00706747112182162,-0.00700000000042115));
#11401=CARTESIAN_POINT('',(0.0597808994847187,0.00968768987537414,-0.00693670222992168));
#11402=CARTESIAN_POINT('',(0.0621887401930998,0.0138581923187381,-0.00653883880798323));
#11403=CARTESIAN_POINT('',(0.0630824301758124,0.0154061087750429,-0.0061973659541839));
#11404=CARTESIAN_POINT('',(0.0643310452672013,0.017568773552448,-0.00519625101400791));
#11405=CARTESIAN_POINT('',(0.0646800502627848,0.0181732679368798,-0.00459009928755198));
#11406=CARTESIAN_POINT('',(0.0651472041040403,0.0189824021248913,-0.00286407472508445));
#11407=CARTESIAN_POINT('',(0.0652615442726347,0.0191804451062181,-0.0016724942385575));
#11408=CARTESIAN_POINT('',(0.0652615442717858,0.0191804451047694,-1.10945221646142E-17));
#11409=CARTESIAN_POINT('',(0.0563990339927755,0.00383012701892221,-0.007));
#11410=CARTESIAN_POINT('',(0.0558990339927755,0.00296410161513778,-0.007));
#11411=CARTESIAN_POINT('',(0.0563485237355587,0.00374264068711929,-0.007));
#11412=CARTESIAN_POINT('',(0.0563485237355587,0.0037426406871193,-0.007));
#11413=CARTESIAN_POINT('',(0.0563485237355587,0.00374264068711929,-0.009));
#11414=CARTESIAN_POINT('',(0.0558990339927755,0.00296410161513778,-0.009));
#11415=CARTESIAN_POINT('',(0.0563990339927755,0.00383012701892221,-0.009));
#11416=CARTESIAN_POINT('',(0.0563990339927755,0.00383012701892221,-0.009));
#11417=CARTESIAN_POINT('',(0.0582799525040027,0.0070879734454002,-0.00900000000043595));
#11418=CARTESIAN_POINT('',(0.0598124822849515,0.00974239289001947,-0.00893829777102194));
#11419=CARTESIAN_POINT('',(0.0623218329327135,0.0140887157058704,-0.00852366119107322));
#11420=CARTESIAN_POINT('',(0.0633000205170948,0.015782986301384,-0.00817763404835417));
#11421=CARTESIAN_POINT('',(0.064857660569014,0.018480898011227,-0.00692874898345406));
#11422=CARTESIAN_POINT('',(0.0654430331383744,0.0194947930427059,-0.0059724007163109));
#11423=CARTESIAN_POINT('',(0.0661430706575622,0.0207072935931497,-0.00338592527105272));
#11424=CARTESIAN_POINT('',(0.0662615442737713,0.0209124959157816,-0.00182750576434209));
#11425=CARTESIAN_POINT('',(0.0662615442717858,0.0209124959123382,-1.12401900671239E-17));
#11426=CARTESIAN_POINT('',(0.0563990339927755,-0.0038301270189222,-0.008));
#11427=CARTESIAN_POINT('',(0.0563990339927755,-0.0038301270189222,-0.009));
#11428=CARTESIAN_POINT('',(0.0582799525041162,-0.00708797344533334,-0.00900000000043595));
#11429=CARTESIAN_POINT('',(0.0598124822849849,-0.00974239289000186,-0.00893829777102194));
#11430=CARTESIAN_POINT('',(0.0623218329326799,-0.014088715705888,-0.00852366119107322));
#11431=CARTESIAN_POINT('',(0.0633000205170891,-0.0157829863013851,-0.00817763404835417));
#11432=CARTESIAN_POINT('',(0.0648576605690197,-0.0184808980112258,-0.00692874898345407));
#11433=CARTESIAN_POINT('',(0.0654430331383758,-0.0194947930427085,-0.00597240071631091));
#11434=CARTESIAN_POINT('',(0.0661430706575607,-0.0207072935931471,-0.00338592527105273));
#11435=CARTESIAN_POINT('',(0.0662615442737808,-0.020912495915781,-0.00182750576434207));
#11436=CARTESIAN_POINT('',(0.0662615442717857,-0.0209124959123382,-1.4739585884467E-17));
#11437=CARTESIAN_POINT('',(0.0563990339927755,-0.0038301270189222,-0.009));
#11438=CARTESIAN_POINT('',(0.0558990339927755,-0.00296410161513775,-0.009));
#11439=CARTESIAN_POINT('',(0.0563485237355587,-0.00374264068711928,-0.009));
#11440=CARTESIAN_POINT('',(0.0563485237355587,-0.00374264068711929,-0.007));
#11441=CARTESIAN_POINT('',(0.0563485237355587,-0.00374264068711928,-0.007));
#11442=CARTESIAN_POINT('',(0.0558990339927755,-0.00296410161513775,-0.007));
#11443=CARTESIAN_POINT('',(0.0563990339927755,-0.0038301270189222,-0.007));
#11444=CARTESIAN_POINT('',(0.0563990339927755,-0.0038301270189222,-0.007));
#11445=CARTESIAN_POINT('',(0.058268115482065,-0.00706747112178109,-0.00700000000042115));
#11446=CARTESIAN_POINT('',(0.0597808994847554,-0.00968768987535295,-0.00693670222992169));
#11447=CARTESIAN_POINT('',(0.0621887401930631,-0.0138581923187593,-0.00653883880798323));
#11448=CARTESIAN_POINT('',(0.0630824301758031,-0.0154061087750473,-0.00619736595418391));
#11449=CARTESIAN_POINT('',(0.0643310452672106,-0.0175687735524436,-0.00519625101400791));
#11450=CARTESIAN_POINT('',(0.0646800502627775,-0.0181732679368823,-0.00459009928755199));
#11451=CARTESIAN_POINT('',(0.0651472041040475,-0.0189824021248888,-0.00286407472508446));
#11452=CARTESIAN_POINT('',(0.0652615442726104,-0.0191804451062496,-0.00167249423855751));
#11453=CARTESIAN_POINT('',(0.0652615442717857,-0.0191804451047694,-1.4293942004653E-17));
#11454=CARTESIAN_POINT('',(0.0546669831852066,-0.00483012701892219,-0.008));
#11455=CARTESIAN_POINT('',(0.0546669831852066,-0.00483012701892219,-0.007));
#11456=CARTESIAN_POINT('',(0.0565360646744996,-0.00806747112177906,-0.00700000000042115));
#11457=CARTESIAN_POINT('',(0.0580488486771865,-0.0106876898753529,-0.00693670222992169));
#11458=CARTESIAN_POINT('',(0.0604566893854943,-0.0148581923187593,-0.00653883880798323));
#11459=CARTESIAN_POINT('',(0.0613503793682339,-0.0164061087750485,-0.00619736595418391));
#11460=CARTESIAN_POINT('',(0.062598994459642,-0.0185687735524423,-0.00519625101400791));
#11461=CARTESIAN_POINT('',(0.0629479994552133,-0.0191732679368813,-0.00459009928755198));
#11462=CARTESIAN_POINT('',(0.063415153296474,-0.0199824021248898,-0.00286407472508445));
#11463=CARTESIAN_POINT('',(0.0635294934650471,-0.020180445106229,-0.00167249423855751));
#11464=CARTESIAN_POINT('',(0.0635294934642169,-0.0201804451047694,-1.42030263128869E-17));
#11465=CARTESIAN_POINT('',(0.0546669831852066,-0.00483012701892219,-0.007));
#11466=CARTESIAN_POINT('',(0.0541669831852066,-0.00396410161513776,-0.007));
#11467=CARTESIAN_POINT('',(0.0546164729279898,-0.00474264068711928,-0.007));
#11468=CARTESIAN_POINT('',(0.0546164729279898,-0.00474264068711928,-0.007));
#11469=CARTESIAN_POINT('',(0.0546164729279898,-0.00474264068711928,-0.009));
#11470=CARTESIAN_POINT('',(0.0541669831852066,-0.00396410161513776,-0.009));
#11471=CARTESIAN_POINT('',(0.0546669831852066,-0.00483012701892219,-0.009));
#11472=CARTESIAN_POINT('',(0.0546669831852066,-0.00483012701892219,-0.009));
#11473=CARTESIAN_POINT('',(0.0565479016965513,-0.00808797344533232,-0.00900000000043595));
#11474=CARTESIAN_POINT('',(0.0580804314774166,-0.0107423928899998,-0.00893829777102194));
#11475=CARTESIAN_POINT('',(0.0605897821251105,-0.0150887157058901,-0.00852366119107322));
#11476=CARTESIAN_POINT('',(0.0615679697095195,-0.0167829863013877,-0.00817763404835418));
#11477=CARTESIAN_POINT('',(0.0631256097614515,-0.0194808980112233,-0.00692874898345407));
#11478=CARTESIAN_POINT('',(0.0637109823308028,-0.0204947930427074,-0.0059724007163109));
#11479=CARTESIAN_POINT('',(0.0644110198499959,-0.0217072935931482,-0.00338592527105273));
#11480=CARTESIAN_POINT('',(0.0645294934662061,-0.0219124959157794,-0.00182750576434209));
#11481=CARTESIAN_POINT('',(0.0645294934642169,-0.0219124959123382,-1.46486701927009E-17));
#11482=CARTESIAN_POINT('',(0.0580330085889911,0.001,-0.008));
#11483=CARTESIAN_POINT('',(0.0580330085889911,0.001,-0.009));
#11484=CARTESIAN_POINT('',(0.0617948456115618,0.00100000000006384,-0.00900000000043595));
#11485=CARTESIAN_POINT('',(0.0648599051733785,0.00100000000001815,-0.00893829777102194));
#11486=CARTESIAN_POINT('',(0.0698786064688314,0.000999999999981854,-0.00852366119107322));
#11487=CARTESIAN_POINT('',(0.0718349816376214,0.000999999999998159,-0.00817763404835418));
#11488=CARTESIAN_POINT('',(0.0749502617414763,0.00100000000000186,-0.00692874898345407));
#11489=CARTESIAN_POINT('',(0.0761210068801892,0.00100000000000152,-0.00597240071631091));
#11490=CARTESIAN_POINT('',(0.077521081918564,0.000999999999998496,-0.00338592527105273));
#11491=CARTESIAN_POINT('',(0.0777580291509906,0.0010000000000064,-0.00182750576434207));
#11492=CARTESIAN_POINT('',(0.0777580291470116,0.001,-1.48331501708388E-17));
#11493=CARTESIAN_POINT('',(0.0580330085889911,0.001,-0.009));
#11494=CARTESIAN_POINT('',(0.0570330085889911,0.001,-0.009));
#11495=CARTESIAN_POINT('',(0.0579319880745574,0.001,-0.009));
#11496=CARTESIAN_POINT('',(0.0579319880745574,0.001,-0.007));
#11497=CARTESIAN_POINT('',(0.0579319880745574,0.001,-0.007));
#11498=CARTESIAN_POINT('',(0.0570330085889911,0.001,-0.007));
#11499=CARTESIAN_POINT('',(0.0580330085889911,0.001,-0.007));
#11500=CARTESIAN_POINT('',(0.0580330085889911,0.001,-0.007));
#11501=CARTESIAN_POINT('',(0.0617711715675034,0.00100000000003853,-0.00700000000042115));
#11502=CARTESIAN_POINT('',(0.0647967395729142,0.00100000000002118,-0.00693670222992169));
#11503=CARTESIAN_POINT('',(0.069612420989603,0.000999999999978828,-0.00653883880798323));
#11504=CARTESIAN_POINT('',(0.0713998009550544,0.000999999999995377,-0.00619736595418391));
#11505=CARTESIAN_POINT('',(0.0738970311378532,0.00100000000000465,-0.00519625101400791));
#11506=CARTESIAN_POINT('',(0.0745950411290056,0.000999999999993987,-0.00459009928755199));
#11507=CARTESIAN_POINT('',(0.0755293488115248,0.00100000000000601,-0.00286407472508446));
#11508=CARTESIAN_POINT('',(0.0757580291487058,0.000999999999974079,-0.00167249423855751));
#11509=CARTESIAN_POINT('',(0.0757580291470116,0.001,-1.43643030684299E-17));
#11510=CARTESIAN_POINT('',(0.0580330085889911,-0.001,-0.008));
#11511=CARTESIAN_POINT('',(0.0580330085889911,-0.001,-0.007));
#11512=CARTESIAN_POINT('',(0.0617711715675034,-0.000999999999957451,-0.00700000000042115));
#11513=CARTESIAN_POINT('',(0.0647967395729142,-0.000999999999978817,-0.00693670222992169));
#11514=CARTESIAN_POINT('',(0.069612420989603,-0.00100000000002117,-0.00653883880798323));
#11515=CARTESIAN_POINT('',(0.0713998009550553,-0.00100000000000555,-0.00619736595418391));
#11516=CARTESIAN_POINT('',(0.0738970311378523,-0.000999999999994419,-0.00519625101400791));
#11517=CARTESIAN_POINT('',(0.0745950411290071,-0.0010000000000015,-0.00459009928755198));
#11518=CARTESIAN_POINT('',(0.0755293488115233,-0.000999999999998494,-0.00286407472508445));
#11519=CARTESIAN_POINT('',(0.0757580291486907,-0.0010000000000108,-0.00167249423855751));
#11520=CARTESIAN_POINT('',(0.0757580291470116,-0.001,-1.46599589595917E-17));
#11521=CARTESIAN_POINT('',(0.0580330085889911,-0.001,-0.007));
#11522=CARTESIAN_POINT('',(0.0570330085889911,-0.001,-0.007));
#11523=CARTESIAN_POINT('',(0.0579319880745574,-0.001,-0.007));
#11524=CARTESIAN_POINT('',(0.0579319880745574,-0.001,-0.007));
#11525=CARTESIAN_POINT('',(0.0579319880745574,-0.001,-0.009));
#11526=CARTESIAN_POINT('',(0.0570330085889911,-0.001,-0.009));
#11527=CARTESIAN_POINT('',(0.0580330085889911,-0.001,-0.009));
#11528=CARTESIAN_POINT('',(0.0580330085889911,-0.001,-0.009));
#11529=CARTESIAN_POINT('',(0.061794845611563,-0.000999999999932131,-0.00900000000043595));
#11530=CARTESIAN_POINT('',(0.064859905173377,-0.00099999999998033,-0.00893829777102194));
#11531=CARTESIAN_POINT('',(0.0698786064688329,-0.00100000000001966,-0.00852366119107322));
#11532=CARTESIAN_POINT('',(0.0718349816376233,-0.00100000000000369,-0.00817763404835418));
#11533=CARTESIAN_POINT('',(0.0749502617414744,-0.000999999999996279,-0.00692874898345407));
#11534=CARTESIAN_POINT('',(0.0761210068801862,-0.0010000000000015,-0.0059724007163109));
#11535=CARTESIAN_POINT('',(0.0775210819185671,-0.000999999999998487,-0.00338592527105273));
#11536=CARTESIAN_POINT('',(0.0777580291509864,-0.000999999999997856,-0.00182750576434209));
#11537=CARTESIAN_POINT('',(0.0777580291470116,-0.001,-1.51288060620006E-17));
#11538=CARTESIAN_POINT('',(0.0513990339927755,-0.00483012701892218,-0.008));
#11539=CARTESIAN_POINT('',(0.0513990339927755,-0.00483012701892218,-0.009));
#11540=CARTESIAN_POINT('',(0.0495181154815454,-0.00808797344539717,-0.00900000000043595));
#11541=CARTESIAN_POINT('',(0.0479855857005975,-0.01074239289002,-0.00893829777102194));
#11542=CARTESIAN_POINT('',(0.0454762350528396,-0.0150887157058699,-0.00852366119107322));
#11543=CARTESIAN_POINT('',(0.0444980474684587,-0.0167829863013833,-0.00817763404835417));
#11544=CARTESIAN_POINT('',(0.0429404074165345,-0.0194808980112277,-0.00692874898345406));
#11545=CARTESIAN_POINT('',(0.0423550348471777,-0.02049479304271,-0.0059724007163109));
#11546=CARTESIAN_POINT('',(0.0416549973279877,-0.0217072935931456,-0.00338592527105273));
#11547=CARTESIAN_POINT('',(0.0415365237117813,-0.0219124959157874,-0.00182750576434207));
#11548=CARTESIAN_POINT('',(0.0415365237137653,-0.0219124959123382,-1.05440252315376E-17));
#11549=CARTESIAN_POINT('',(0.0513990339927755,-0.00483012701892218,-0.009));
#11550=CARTESIAN_POINT('',(0.0518990339927755,-0.00396410161513775,-0.009));
#11551=CARTESIAN_POINT('',(0.0514495442499923,-0.00474264068711928,-0.009));
#11552=CARTESIAN_POINT('',(0.0514495442499923,-0.00474264068711928,-0.007));
#11553=CARTESIAN_POINT('',(0.0514495442499923,-0.00474264068711928,-0.007));
#11554=CARTESIAN_POINT('',(0.0518990339927755,-0.00396410161513775,-0.007));
#11555=CARTESIAN_POINT('',(0.0513990339927755,-0.00483012701892218,-0.007));
#11556=CARTESIAN_POINT('',(0.0513990339927755,-0.00483012701892218,-0.007));
#11557=CARTESIAN_POINT('',(0.0495299525035527,-0.00806747112181961,-0.00700000000042115));
#11558=CARTESIAN_POINT('',(0.0480171685008323,-0.0106876898753741,-0.00693670222992168));
#11559=CARTESIAN_POINT('',(0.0456093277924512,-0.0148581923187381,-0.00653883880798323));
#11560=CARTESIAN_POINT('',(0.0447156378097398,-0.0164061087750426,-0.0061973659541839));
#11561=CARTESIAN_POINT('',(0.0434670227183485,-0.0185687735524483,-0.00519625101400791));
#11562=CARTESIAN_POINT('',(0.043118017722763,-0.0191732679368763,-0.00459009928755198));
#11563=CARTESIAN_POINT('',(0.0426508638815139,-0.0199824021248948,-0.00286407472508445));
#11564=CARTESIAN_POINT('',(0.0425365237128957,-0.0201804451062237,-0.00167249423855751));
#11565=CARTESIAN_POINT('',(0.0425365237137653,-0.0201804451047694,-1.04447637742177E-17));
#11566=CARTESIAN_POINT('',(0.0496669831852066,-0.00383012701892219,-0.008));
#11567=CARTESIAN_POINT('',(0.0496669831852066,-0.00383012701892219,-0.007));
#11568=CARTESIAN_POINT('',(0.0477979016959873,-0.0070674711218216,-0.00700000000042115));
#11569=CARTESIAN_POINT('',(0.0462851176932634,-0.00968768987537412,-0.00693670222992168));
#11570=CARTESIAN_POINT('',(0.0438772769848823,-0.0138581923187381,-0.00653883880798323));
#11571=CARTESIAN_POINT('',(0.0429835870021697,-0.0154061087750429,-0.0061973659541839));
#11572=CARTESIAN_POINT('',(0.0417349719107808,-0.017568773552448,-0.00519625101400791));
#11573=CARTESIAN_POINT('',(0.0413859669151974,-0.0181732679368798,-0.00459009928755198));
#11574=CARTESIAN_POINT('',(0.0409188130739419,-0.0189824021248913,-0.00286407472508445));
#11575=CARTESIAN_POINT('',(0.0408044729053475,-0.0191804451062181,-0.0016724942385575));
#11576=CARTESIAN_POINT('',(0.0408044729061964,-0.0191804451047694,-1.01806568712046E-17));
#11577=CARTESIAN_POINT('',(0.0496669831852066,-0.00383012701892219,-0.007));
#11578=CARTESIAN_POINT('',(0.0501669831852066,-0.00296410161513775,-0.007));
#11579=CARTESIAN_POINT('',(0.0497174934424235,-0.00374264068711929,-0.007));
#11580=CARTESIAN_POINT('',(0.0497174934424235,-0.00374264068711929,-0.007));
#11581=CARTESIAN_POINT('',(0.0497174934424235,-0.00374264068711929,-0.009));
#11582=CARTESIAN_POINT('',(0.0501669831852066,-0.00296410161513775,-0.009));
#11583=CARTESIAN_POINT('',(0.0496669831852066,-0.00383012701892219,-0.009));
#11584=CARTESIAN_POINT('',(0.0496669831852066,-0.00383012701892219,-0.009));
#11585=CARTESIAN_POINT('',(0.0477860646739795,-0.00708797344540018,-0.00900000000043595));
#11586=CARTESIAN_POINT('',(0.0462535348930307,-0.00974239289001945,-0.00893829777102194));
#11587=CARTESIAN_POINT('',(0.0437441842452687,-0.0140887157058704,-0.00852366119107321));
#11588=CARTESIAN_POINT('',(0.0427659966608873,-0.015782986301384,-0.00817763404835417));
#11589=CARTESIAN_POINT('',(0.0412083566089682,-0.018480898011227,-0.00692874898345406));
#11590=CARTESIAN_POINT('',(0.0406229840396078,-0.0194947930427059,-0.0059724007163109));
#11591=CARTESIAN_POINT('',(0.03992294652042,-0.0207072935931497,-0.00338592527105272));
#11592=CARTESIAN_POINT('',(0.0398044729042108,-0.0209124959157816,-0.00182750576434208));
#11593=CARTESIAN_POINT('',(0.0398044729061964,-0.0209124959123382,-1.02799183285244E-17));
#11594=CARTESIAN_POINT('',(0.0480330085889911,-0.000999999999999977,-0.008));
#11595=CARTESIAN_POINT('',(0.0480330085889911,-0.000999999999999977,-0.009));
#11596=CARTESIAN_POINT('',(0.0442711715664203,-0.00100000000006382,-0.00900000000043595));
#11597=CARTESIAN_POINT('',(0.0412061120046037,-0.00100000000001813,-0.00893829777102194));
#11598=CARTESIAN_POINT('',(0.0361874107091508,-0.000999999999981836,-0.00852366119107321));
#11599=CARTESIAN_POINT('',(0.0342310355403607,-0.000999999999998142,-0.00817763404835417));
#11600=CARTESIAN_POINT('',(0.0311157554365059,-0.00100000000000185,-0.00692874898345406));
#11601=CARTESIAN_POINT('',(0.029945010297793,-0.0010000000000015,-0.0059724007163109));
#11602=CARTESIAN_POINT('',(0.0285449352594181,-0.000999999999998481,-0.00338592527105273));
#11603=CARTESIAN_POINT('',(0.0283079880269915,-0.00100000000000638,-0.00182750576434207));
#11604=CARTESIAN_POINT('',(0.0283079880309706,-0.000999999999999986,-6.44202886497996E-18));
#11605=CARTESIAN_POINT('',(0.0480330085889911,-0.000999999999999977,-0.009));
#11606=CARTESIAN_POINT('',(0.0490330085889911,-0.000999999999999984,-0.009));
#11607=CARTESIAN_POINT('',(0.0481340291034247,-0.000999999999999984,-0.009));
#11608=CARTESIAN_POINT('',(0.0481340291034247,-0.000999999999999977,-0.007));
#11609=CARTESIAN_POINT('',(0.0481340291034247,-0.000999999999999984,-0.007));
#11610=CARTESIAN_POINT('',(0.0490330085889911,-0.000999999999999984,-0.007));
#11611=CARTESIAN_POINT('',(0.0480330085889911,-0.000999999999999984,-0.007));
#11612=CARTESIAN_POINT('',(0.0480330085889911,-0.000999999999999984,-0.007));
#11613=CARTESIAN_POINT('',(0.0442948456104788,-0.00100000000003851,-0.00700000000042115));
#11614=CARTESIAN_POINT('',(0.041269277605068,-0.00100000000002117,-0.00693670222992168));
#11615=CARTESIAN_POINT('',(0.0364535961883791,-0.000999999999978811,-0.00653883880798322));
#11616=CARTESIAN_POINT('',(0.0346662162229278,-0.00099999999999536,-0.0061973659541839));
#11617=CARTESIAN_POINT('',(0.0321689860401289,-0.00100000000000464,-0.00519625101400791));
#11618=CARTESIAN_POINT('',(0.0314709760489766,-0.000999999999993971,-0.00459009928755198));
#11619=CARTESIAN_POINT('',(0.0305366683664574,-0.001000000000006,-0.00286407472508445));
#11620=CARTESIAN_POINT('',(0.0303079880292763,-0.000999999999974063,-0.00167249423855751));
#11621=CARTESIAN_POINT('',(0.0303079880309706,-0.001,-6.66594660755943E-18));
#11622=CARTESIAN_POINT('',(0.0480330085889911,0.001,-0.008));
#11623=CARTESIAN_POINT('',(0.0480330085889911,0.001,-0.007));
#11624=CARTESIAN_POINT('',(0.0442948456104788,0.000999999999957469,-0.00700000000042115));
#11625=CARTESIAN_POINT('',(0.041269277605068,0.000999999999978835,-0.00693670222992168));
#11626=CARTESIAN_POINT('',(0.0364535961883791,0.00100000000002119,-0.00653883880798322));
#11627=CARTESIAN_POINT('',(0.0346662162229269,0.00100000000000556,-0.0061973659541839));
#11628=CARTESIAN_POINT('',(0.0321689860401298,0.000999999999994436,-0.00519625101400791));
#11629=CARTESIAN_POINT('',(0.0314709760489751,0.00100000000000151,-0.00459009928755197));
#11630=CARTESIAN_POINT('',(0.0305366683664589,0.000999999999998509,-0.00286407472508444));
#11631=CARTESIAN_POINT('',(0.0303079880292914,0.00100000000001081,-0.0016724942385575));
#11632=CARTESIAN_POINT('',(0.0303079880309706,0.001,-6.61522007622706E-18));
#11633=CARTESIAN_POINT('',(0.0480330085889911,0.001,-0.007));
#11634=CARTESIAN_POINT('',(0.0490330085889911,0.001,-0.007));
#11635=CARTESIAN_POINT('',(0.0481340291034247,0.001,-0.007));
#11636=CARTESIAN_POINT('',(0.0481340291034247,0.001,-0.007));
#11637=CARTESIAN_POINT('',(0.0481340291034247,0.001,-0.009));
#11638=CARTESIAN_POINT('',(0.0490330085889911,0.001,-0.009));
#11639=CARTESIAN_POINT('',(0.0480330085889911,0.001,-0.009));
#11640=CARTESIAN_POINT('',(0.0480330085889911,0.001,-0.009));
#11641=CARTESIAN_POINT('',(0.0442711715664192,0.000999999999932149,-0.00900000000043595));
#11642=CARTESIAN_POINT('',(0.0412061120046052,0.000999999999980348,-0.00893829777102194));
#11643=CARTESIAN_POINT('',(0.0361874107091493,0.00100000000001968,-0.00852366119107321));
#11644=CARTESIAN_POINT('',(0.0342310355403588,0.00100000000000371,-0.00817763404835417));
#11645=CARTESIAN_POINT('',(0.0311157554365077,0.000999999999996296,-0.00692874898345406));
#11646=CARTESIAN_POINT('',(0.029945010297796,0.00100000000000151,-0.00597240071631089));
#11647=CARTESIAN_POINT('',(0.0285449352594151,0.000999999999998503,-0.00338592527105272));
#11648=CARTESIAN_POINT('',(0.0283079880269957,0.000999999999997871,-0.00182750576434208));
#11649=CARTESIAN_POINT('',(0.0283079880309705,0.001,-6.3913023336476E-18));
#11650=CARTESIAN_POINT('',(0.0408044729061963,0.0191804451047694,-4.27264394160504E-11));
#11651=CARTESIAN_POINT('',(0.0425365237137656,0.0201804451047696,-4.27264394160504E-11));
#11652=CARTESIAN_POINT('',(0.0408044729067536,0.0191804451038139,-0.000836247156130411));
#11653=CARTESIAN_POINT('',(0.0425365237143229,0.0201804451038141,-0.000836247156130411));
#11654=CARTESIAN_POINT('',(0.040861490665873,0.0190816874480825,-0.00227072228057491));
#11655=CARTESIAN_POINT('',(0.0425935414734422,0.0200816874480828,-0.00227072228057491));
#11656=CARTESIAN_POINT('',(0.0411231139538192,0.0186285426209082,-0.00380069687164509));
#11657=CARTESIAN_POINT('',(0.0428551647613885,0.0196285426209085,-0.00380069687164509));
#11658=CARTESIAN_POINT('',(0.041560393513119,0.0178711522070897,-0.00488901236996393));
#11659=CARTESIAN_POINT('',(0.0432924443206882,0.0188711522070899,-0.00488901236996393));
#11660=CARTESIAN_POINT('',(0.0422911764776868,0.0166053989831469,-0.00573046350651452));
#11661=CARTESIAN_POINT('',(0.044023227285256,0.0176053989831471,-0.00573046350651452));
#11662=CARTESIAN_POINT('',(0.0434305773628299,0.0146318987599262,-0.00636998454691427));
#11663=CARTESIAN_POINT('',(0.0451626281703991,0.0156318987599264,-0.00636998454691427));
#11664=CARTESIAN_POINT('',(0.045528228466493,0.0109986604717983,-0.00690599620816823));
#11665=CARTESIAN_POINT('',(0.0472602792740622,0.0119986604717985,-0.00690599620816823));
#11666=CARTESIAN_POINT('',(0.0477979016998927,0.00706747111489101,-0.0070000000004211));
#11667=CARTESIAN_POINT('',(0.049529952507462,0.00806747111489124,-0.0070000000004211));
#11668=CARTESIAN_POINT('',(0.0496669831852045,0.0038301270189258,-0.007));
#11669=CARTESIAN_POINT('',(0.0513990339927738,0.00483012701892603,-0.007));
#11670=CARTESIAN_POINT('',(0.0505330085889911,0.00433012701892221,-0.007));
#11671=CARTESIAN_POINT('',(0.049666983185206,0.00383012701892183,-0.009));
#11672=CARTESIAN_POINT('',(0.0513990339927755,0.00483012701892222,-0.009));
#11673=CARTESIAN_POINT('',(0.0477860646738636,0.00708797344533197,-0.00900000000043595));
#11674=CARTESIAN_POINT('',(0.0495181154814331,0.00808797344533236,-0.00900000000043595));
#11675=CARTESIAN_POINT('',(0.0454877672339384,0.0110687413823335,-0.00890650379141678));
#11676=CARTESIAN_POINT('',(0.0472198180415079,0.0120687413823339,-0.00890650379141678));
#11677=CARTESIAN_POINT('',(0.0432549450929287,0.0149361027748339,-0.00834876545730279));
#11678=CARTESIAN_POINT('',(0.0449869959004982,0.0159361027748343,-0.00834876545730279));
#11679=CARTESIAN_POINT('',(0.0419380921215936,0.0172169590272589,-0.00762891149932596));
#11680=CARTESIAN_POINT('',(0.0436701429291631,0.0182169590272593,-0.00762891149932596));
#11681=CARTESIAN_POINT('',(0.0409157462302593,0.0189877140539614,-0.00645473764081805));
#11682=CARTESIAN_POINT('',(0.0426477970378289,0.0199877140539618,-0.00645473764081805));
#11683=CARTESIAN_POINT('',(0.0402145458528548,0.0202022287339165,-0.00475399064406244));
#11684=CARTESIAN_POINT('',(0.0419465966604243,0.0212022287339169,-0.00475399064406244));
#11685=CARTESIAN_POINT('',(0.0398638620384007,0.0208096309179372,-0.00260427774502304));
#11686=CARTESIAN_POINT('',(0.0415959128459703,0.0218096309179376,-0.00260427774502304));
#11687=CARTESIAN_POINT('',(0.0398044729051996,0.0209124959140589,-0.000913752882171039));
#11688=CARTESIAN_POINT('',(0.0415365237127692,0.0219124959140593,-0.000913752882171039));
#11689=CARTESIAN_POINT('',(0.0398044729061957,0.0209124959123379,-6.83047368665868E-18));
#11690=CARTESIAN_POINT('',(0.0415365237137653,0.0219124959123383,-6.83047368406316E-18));
#11691=CARTESIAN_POINT('',(0.0505330085889911,0.00433012701892221,-0.009));
#11692=CARTESIAN_POINT('',(0.0510330085889911,0.00346410161513778,-0.009));
#11693=CARTESIAN_POINT('',(0.0530330085889911,1.2510435223547E-17,-0.009));
#11694=CARTESIAN_POINT('',(0.0555330085889911,0.00433012701892221,-0.009));
#11695=CARTESIAN_POINT('',(0.0530330085889911,1.2510435223547E-17,-0.009));
#11696=CARTESIAN_POINT('',(0.0580330085889911,8.87716274861842E-18,-0.009));
#11697=CARTESIAN_POINT('',(0.0530330085889911,1.2510435223547E-17,-0.009));
#11698=CARTESIAN_POINT('',(0.0555330085889911,-0.00433012701892219,-0.009));
#11699=CARTESIAN_POINT('',(0.0530330085889911,1.2510435223547E-17,-0.009));
#11700=CARTESIAN_POINT('',(0.0505330085889911,-0.00433012701892219,-0.009));
#11701=CARTESIAN_POINT('',(0.0530330085889911,1.2510435223547E-17,-0.009));
#11702=CARTESIAN_POINT('',(0.0480330085889911,1.01512112962185E-17,-0.009));
#11703=CARTESIAN_POINT('',(0.0530330085889911,1.2510435223547E-17,-0.009));
#11704=CARTESIAN_POINT('',(0.0501751247565024,-0.00165,-0.009));
#11705=CARTESIAN_POINT('',(0.0494823044334748,-0.00205,-0.009));
#11706=CARTESIAN_POINT('',(0.0558908924214797,-0.00164999999999997,-0.009));
#11707=CARTESIAN_POINT('',(0.0551980720984522,-0.00204999999999997,-0.009));
#11708=CARTESIAN_POINT('',(0.053033008588991,0.0033,-0.009));
#11709=CARTESIAN_POINT('',(0.0523401882659634,0.0029,-0.009));
#11710=CARTESIAN_POINT('',(0.0530330085889911,1.2510435223547E-17,-0.009));
#11711=CARTESIAN_POINT('',(0.0517339704833144,-0.000749999999999988,-0.009));
#11712=CARTESIAN_POINT('',(0.0510330085889911,0.00346410161513779,-0.007));
#11713=CARTESIAN_POINT('',(0.0530330085889911,1.2510435223547E-17,-0.007));
#11714=CARTESIAN_POINT('',(0.0530330085889911,1.2510435223547E-17,-0.007));
#11715=CARTESIAN_POINT('',(0.0480330085889911,1.01512112962185E-17,-0.007));
#11716=CARTESIAN_POINT('',(0.0530330085889911,1.2510435223547E-17,-0.007));
#11717=CARTESIAN_POINT('',(0.0505330085889911,-0.00433012701892219,-0.007));
#11718=CARTESIAN_POINT('',(0.0530330085889911,1.2510435223547E-17,-0.007));
#11719=CARTESIAN_POINT('',(0.0555330085889911,-0.00433012701892219,-0.007));
#11720=CARTESIAN_POINT('',(0.0530330085889911,1.2510435223547E-17,-0.007));
#11721=CARTESIAN_POINT('',(0.0580330085889911,8.53078032612423E-18,-0.007));
#11722=CARTESIAN_POINT('',(0.0530330085889911,1.2510435223547E-17,-0.007));
#11723=CARTESIAN_POINT('',(0.0555330085889911,0.00433012701892221,-0.007));
#11724=CARTESIAN_POINT('',(0.0501751247565024,-0.00165,-0.007));
#11725=CARTESIAN_POINT('',(0.0494823044334748,-0.00205,-0.007));
#11726=CARTESIAN_POINT('',(0.0558908924214797,-0.00164999999999997,-0.007));
#11727=CARTESIAN_POINT('',(0.0551980720984522,-0.00204999999999997,-0.007));
#11728=CARTESIAN_POINT('',(0.053033008588991,0.0033,-0.007));
#11729=CARTESIAN_POINT('',(0.0523401882659634,0.0029,-0.007));
#11730=CARTESIAN_POINT('',(0.0530330085889911,1.2510435223547E-17,-0.007));
#11731=CARTESIAN_POINT('',(0.0517339704833144,-0.000749999999999988,-0.007));
#11732=CARTESIAN_POINT('',(0.0530330085889911,1.2510435223547E-17,-0.007));
#11733=CARTESIAN_POINT('',(0.0635294934642169,0.0201804451047694,-4.27264396215803E-11));
#11734=CARTESIAN_POINT('',(0.0652615442717861,0.0191804451047692,-4.27264396215803E-11));
#11735=CARTESIAN_POINT('',(0.063529493463668,0.020180445103809,-0.00083624715613041));
#11736=CARTESIAN_POINT('',(0.0652615442712373,0.0191804451038088,-0.00083624715613041));
#11737=CARTESIAN_POINT('',(0.0634724757045462,0.0200816874480792,-0.00227072228057491));
#11738=CARTESIAN_POINT('',(0.0652045265121154,0.019081687448079,-0.00227072228057491));
#11739=CARTESIAN_POINT('',(0.0632108524165929,0.0196285426209089,-0.0038006968716451));
#11740=CARTESIAN_POINT('',(0.0649429032241621,0.0186285426209087,-0.0038006968716451));
#11741=CARTESIAN_POINT('',(0.0627735728572931,0.0188711522070904,-0.00488901236996394));
#11742=CARTESIAN_POINT('',(0.0645056236648623,0.0178711522070902,-0.00488901236996394));
#11743=CARTESIAN_POINT('',(0.0620427898927204,0.0176053989831504,-0.00573046350651452));
#11744=CARTESIAN_POINT('',(0.0637748407002896,0.0166053989831502,-0.00573046350651452));
#11745=CARTESIAN_POINT('',(0.0609033890076086,0.0156318987599116,-0.00636998454691427));
#11746=CARTESIAN_POINT('',(0.0626354398151778,0.0146318987599114,-0.00636998454691427));
#11747=CARTESIAN_POINT('',(0.0588057379039191,0.011998660471799,-0.00690599620816824));
#11748=CARTESIAN_POINT('',(0.0605377887114884,0.0109986604717988,-0.00690599620816824));
#11749=CARTESIAN_POINT('',(0.0565360646704502,0.00806747111493157,-0.0070000000004211));
#11750=CARTESIAN_POINT('',(0.0582681154780195,0.00706747111493138,-0.0070000000004211));
#11751=CARTESIAN_POINT('',(0.0546669831852087,0.00483012701892583,-0.007));
#11752=CARTESIAN_POINT('',(0.0563990339927779,0.00383012701892564,-0.007));
#11753=CARTESIAN_POINT('',(0.0546669831852059,0.0048301270189226,-0.009));
#11754=CARTESIAN_POINT('',(0.0563990339927755,0.00383012701892221,-0.009));
#11755=CARTESIAN_POINT('',(0.0565479016964343,0.00808797344539859,-0.00900000000043595));
#11756=CARTESIAN_POINT('',(0.0582799525040039,0.00708797344539819,-0.00900000000043595));
#11757=CARTESIAN_POINT('',(0.0588461991364856,0.0120687413823273,-0.00890650379141678));
#11758=CARTESIAN_POINT('',(0.0605782499440552,0.0110687413823269,-0.00890650379141678));
#11759=CARTESIAN_POINT('',(0.0610790212775012,0.0159361027748243,-0.00834876545730279));
#11760=CARTESIAN_POINT('',(0.0628110720850708,0.0149361027748239,-0.00834876545730279));
#11761=CARTESIAN_POINT('',(0.0623958742488143,0.018216959027262,-0.00762891149932596));
#11762=CARTESIAN_POINT('',(0.0641279250563839,0.0172169590272616,-0.00762891149932596));
#11763=CARTESIAN_POINT('',(0.0634182201401506,0.0199877140539634,-0.00645473764081805));
#11764=CARTESIAN_POINT('',(0.0651502709477201,0.018987714053963,-0.00645473764081805));
#11765=CARTESIAN_POINT('',(0.0641194205175585,0.0212022287339165,-0.00475399064406245));
#11766=CARTESIAN_POINT('',(0.0658514713251281,0.0202022287339161,-0.00475399064406245));
#11767=CARTESIAN_POINT('',(0.0644701043320076,0.0218096309179401,-0.00260427774502305));
#11768=CARTESIAN_POINT('',(0.0662021551395772,0.0208096309179397,-0.00260427774502305));
#11769=CARTESIAN_POINT('',(0.0645294934652086,0.0219124959140618,-0.000913752882171044));
#11770=CARTESIAN_POINT('',(0.0662615442727782,0.0209124959140614,-0.000913752882171044));
#11771=CARTESIAN_POINT('',(0.0645294934642162,0.0219124959123386,-1.11672823766007E-17));
#11772=CARTESIAN_POINT('',(0.0662615442717858,0.0209124959123382,-1.11672823759792E-17));
#11773=CARTESIAN_POINT('',(0.0530330085889911,1.2510435223547E-17,-0.007));
#11774=CARTESIAN_POINT('',(0.0652615442717858,-0.0191804451047693,-4.27264393080747E-11));
#11775=CARTESIAN_POINT('',(0.0635294934642165,-0.0201804451047696,-4.27264393080747E-11));
#11776=CARTESIAN_POINT('',(0.0652615442712285,-0.0191804451038138,-0.000836247156130413));
#11777=CARTESIAN_POINT('',(0.0635294934636593,-0.0201804451038141,-0.000836247156130413));
#11778=CARTESIAN_POINT('',(0.0652045265121092,-0.0190816874480825,-0.00227072228057491));
#11779=CARTESIAN_POINT('',(0.0634724757045399,-0.0200816874480828,-0.00227072228057491));
#11780=CARTESIAN_POINT('',(0.0649429032241628,-0.0186285426209082,-0.00380069687164509));
#11781=CARTESIAN_POINT('',(0.0632108524165936,-0.0196285426209085,-0.00380069687164509));
#11782=CARTESIAN_POINT('',(0.0645056236648631,-0.0178711522070896,-0.00488901236996393));
#11783=CARTESIAN_POINT('',(0.0627735728572939,-0.0188711522070899,-0.00488901236996393));
#11784=CARTESIAN_POINT('',(0.0637748407002953,-0.0166053989831468,-0.00573046350651452));
#11785=CARTESIAN_POINT('',(0.062042789892726,-0.0176053989831471,-0.00573046350651452));
#11786=CARTESIAN_POINT('',(0.0626354398151522,-0.0146318987599262,-0.00636998454691428));
#11787=CARTESIAN_POINT('',(0.060903389007583,-0.0156318987599264,-0.00636998454691428));
#11788=CARTESIAN_POINT('',(0.0605377887114891,-0.0109986604717983,-0.00690599620816825));
#11789=CARTESIAN_POINT('',(0.0588057379039198,-0.0119986604717985,-0.00690599620816825));
#11790=CARTESIAN_POINT('',(0.0582681154780893,-0.00706747111489099,-0.0070000000004211));
#11791=CARTESIAN_POINT('',(0.0565360646705201,-0.00806747111489124,-0.0070000000004211));
#11792=CARTESIAN_POINT('',(0.0563990339927776,-0.00383012701892577,-0.007));
#11793=CARTESIAN_POINT('',(0.0546669831852083,-0.00483012701892602,-0.007));
#11794=CARTESIAN_POINT('',(0.0563990339927762,-0.00383012701892177,-0.009));
#11795=CARTESIAN_POINT('',(0.0546669831852066,-0.00483012701892221,-0.009));
#11796=CARTESIAN_POINT('',(0.0582799525041186,-0.00708797344533191,-0.00900000000043595));
#11797=CARTESIAN_POINT('',(0.0565479016965491,-0.00808797344533235,-0.00900000000043595));
#11798=CARTESIAN_POINT('',(0.0605782499440438,-0.0110687413823334,-0.00890650379141678));
#11799=CARTESIAN_POINT('',(0.0588461991364742,-0.0120687413823339,-0.00890650379141678));
#11800=CARTESIAN_POINT('',(0.0628110720850535,-0.0149361027748339,-0.00834876545730279));
#11801=CARTESIAN_POINT('',(0.0610790212774839,-0.0159361027748343,-0.00834876545730279));
#11802=CARTESIAN_POINT('',(0.0641279250563886,-0.0172169590272588,-0.00762891149932597));
#11803=CARTESIAN_POINT('',(0.062395874248819,-0.0182169590272593,-0.00762891149932597));
#11804=CARTESIAN_POINT('',(0.0651502709477228,-0.0189877140539613,-0.00645473764081806));
#11805=CARTESIAN_POINT('',(0.0634182201401533,-0.0199877140539618,-0.00645473764081806));
#11806=CARTESIAN_POINT('',(0.0658514713251274,-0.0202022287339164,-0.00475399064406245));
#11807=CARTESIAN_POINT('',(0.0641194205175578,-0.0212022287339169,-0.00475399064406245));
#11808=CARTESIAN_POINT('',(0.0662021551395814,-0.0208096309179372,-0.00260427774502305));
#11809=CARTESIAN_POINT('',(0.0644701043320118,-0.0218096309179376,-0.00260427774502305));
#11810=CARTESIAN_POINT('',(0.0662615442727825,-0.0209124959140588,-0.000913752882171047));
#11811=CARTESIAN_POINT('',(0.0645294934652129,-0.0219124959140593,-0.000913752882171047));
#11812=CARTESIAN_POINT('',(0.0662615442717864,-0.0209124959123378,-1.44198888940572E-17));
#11813=CARTESIAN_POINT('',(0.0645294934642169,-0.0219124959123383,-1.44198889013137E-17));
#11814=CARTESIAN_POINT('',(0.0530330085889911,1.2510435223547E-17,-0.007));
#11815=CARTESIAN_POINT('',(0.0757580291470116,0.001,-4.272643930832E-11));
#11816=CARTESIAN_POINT('',(0.0757580291470116,-0.00100000000000037,-4.272643930832E-11));
#11817=CARTESIAN_POINT('',(0.0757580291459054,0.00099999999999514,-0.000836247156130411));
#11818=CARTESIAN_POINT('',(0.0757580291459054,-0.00100000000000522,-0.000836247156130411));
#11819=CARTESIAN_POINT('',(0.0756439936276642,0.000999999999996611,-0.00227072228057491));
#11820=CARTESIAN_POINT('',(0.0756439936276642,-0.00100000000000375,-0.00227072228057491));
#11821=CARTESIAN_POINT('',(0.0751207470517647,0.00100000000000067,-0.00380069687164509));
#11822=CARTESIAN_POINT('',(0.0751207470517647,-0.0009999999999997,-0.00380069687164509));
#11823=CARTESIAN_POINT('',(0.0742461879331652,0.00100000000000074,-0.00488901236996393));
#11824=CARTESIAN_POINT('',(0.0742461879331652,-0.000999999999999626,-0.00488901236996393));
#11825=CARTESIAN_POINT('',(0.0727846220040247,0.00100000000000348,-0.00573046350651452));
#11826=CARTESIAN_POINT('',(0.0727846220040247,-0.000999999999996882,-0.00573046350651452));
#11827=CARTESIAN_POINT('',(0.0705058202337698,0.000999999999985409,-0.00636998454691428));
#11828=CARTESIAN_POINT('',(0.0705058202337698,-0.00100000000001496,-0.00636998454691428));
#11829=CARTESIAN_POINT('',(0.0663105180264172,0.00100000000000065,-0.00690599620816824));
#11830=CARTESIAN_POINT('',(0.0663105180264172,-0.000999999999999711,-0.00690599620816824));
#11831=CARTESIAN_POINT('',(0.0617711715595486,0.00100000000004053,-0.0070000000004211));
#11832=CARTESIAN_POINT('',(0.0617711715595486,-0.000999999999959831,-0.0070000000004211));
#11833=CARTESIAN_POINT('',(0.0580330085889953,0.001,-0.007));
#11834=CARTESIAN_POINT('',(0.0580330085889953,-0.00100000000000037,-0.007));
#11835=CARTESIAN_POINT('',(0.0580330085889911,0.00100000000000078,-0.009));
#11836=CARTESIAN_POINT('',(0.0580330085889911,-0.001,-0.009));
#11837=CARTESIAN_POINT('',(0.0617948456115618,0.00100000000006663,-0.00900000000043595));
#11838=CARTESIAN_POINT('',(0.0617948456115618,-0.000999999999934142,-0.00900000000043595));
#11839=CARTESIAN_POINT('',(0.0663914404915383,0.000999999999993847,-0.00890650379141679));
#11840=CARTESIAN_POINT('',(0.0663914404915383,-0.00100000000000693,-0.00890650379141679));
#11841=CARTESIAN_POINT('',(0.0708570847735637,0.000999999999990385,-0.00834876545730279));
#11842=CARTESIAN_POINT('',(0.0708570847735637,-0.00100000000001039,-0.00834876545730279));
#11843=CARTESIAN_POINT('',(0.0734907907162118,0.00100000000000309,-0.00762891149932598));
#11844=CARTESIAN_POINT('',(0.0734907907162118,-0.000999999999997683,-0.00762891149932598));
#11845=CARTESIAN_POINT('',(0.0755354824988823,0.00100000000000198,-0.00645473764081806));
#11846=CARTESIAN_POINT('',(0.0755354824988823,-0.000999999999998797,-0.00645473764081806));
#11847=CARTESIAN_POINT('',(0.0769378832536949,0.00099999999999997,-0.00475399064406245));
#11848=CARTESIAN_POINT('',(0.0769378832536949,-0.00100000000000081,-0.00475399064406245));
#11849=CARTESIAN_POINT('',(0.077639250882598,0.00100000000000284,-0.00260427774502305));
#11850=CARTESIAN_POINT('',(0.077639250882598,-0.000999999999997934,-0.00260427774502305));
#11851=CARTESIAN_POINT('',(0.0777580291490001,0.00100000000000291,-0.000913752882171046));
#11852=CARTESIAN_POINT('',(0.0777580291490001,-0.000999999999997864,-0.000913752882171046));
#11853=CARTESIAN_POINT('',(0.0777580291470116,0.00100000000000078,-1.53956708492942E-17));
#11854=CARTESIAN_POINT('',(0.0777580291470116,-0.001,-1.53956708492942E-17));
#11855=CARTESIAN_POINT('',(0.0530330085889911,1.2510435223547E-17,-0.007));
#11856=CARTESIAN_POINT('',(0.0425365237137653,-0.0201804451047694,-4.27264394565331E-11));
#11857=CARTESIAN_POINT('',(0.0408044729061961,-0.0191804451047692,-4.27264394565331E-11));
#11858=CARTESIAN_POINT('',(0.0425365237143141,-0.020180445103809,-0.000836247156130411));
#11859=CARTESIAN_POINT('',(0.0408044729067449,-0.0191804451038088,-0.000836247156130411));
#11860=CARTESIAN_POINT('',(0.042593541473436,-0.0200816874480792,-0.00227072228057491));
#11861=CARTESIAN_POINT('',(0.0408614906658668,-0.019081687448079,-0.00227072228057491));
#11862=CARTESIAN_POINT('',(0.0428551647613893,-0.0196285426209089,-0.0038006968716451));
#11863=CARTESIAN_POINT('',(0.0411231139538201,-0.0186285426209087,-0.0038006968716451));
#11864=CARTESIAN_POINT('',(0.0432924443206891,-0.0188711522070904,-0.00488901236996394));
#11865=CARTESIAN_POINT('',(0.04156039351312,-0.0178711522070902,-0.00488901236996394));
#11866=CARTESIAN_POINT('',(0.0440232272852617,-0.0176053989831504,-0.00573046350651452));
#11867=CARTESIAN_POINT('',(0.0422911764776925,-0.0166053989831502,-0.00573046350651452));
#11868=CARTESIAN_POINT('',(0.0451626281703736,-0.0156318987599116,-0.00636998454691427));
#11869=CARTESIAN_POINT('',(0.0434305773628044,-0.0146318987599114,-0.00636998454691427));
#11870=CARTESIAN_POINT('',(0.047260279274063,-0.011998660471799,-0.00690599620816824));
#11871=CARTESIAN_POINT('',(0.0455282284664938,-0.0109986604717988,-0.00690599620816824));
#11872=CARTESIAN_POINT('',(0.0495299525075319,-0.00806747111493156,-0.0070000000004211));
#11873=CARTESIAN_POINT('',(0.0477979016999627,-0.00706747111493136,-0.0070000000004211));
#11874=CARTESIAN_POINT('',(0.0513990339927734,-0.00483012701892581,-0.007));
#11875=CARTESIAN_POINT('',(0.0496669831852042,-0.00383012701892561,-0.007));
#11876=CARTESIAN_POINT('',(0.0513990339927762,-0.00483012701892258,-0.009));
#11877=CARTESIAN_POINT('',(0.0496669831852066,-0.00383012701892218,-0.009));
#11878=CARTESIAN_POINT('',(0.0495181154815478,-0.00808797344539858,-0.00900000000043595));
#11879=CARTESIAN_POINT('',(0.0477860646739782,-0.00708797344539818,-0.00900000000043595));
#11880=CARTESIAN_POINT('',(0.0472198180414965,-0.0120687413823273,-0.00890650379141678));
#11881=CARTESIAN_POINT('',(0.045487767233927,-0.0110687413823269,-0.00890650379141678));
#11882=CARTESIAN_POINT('',(0.0449869959004809,-0.0159361027748243,-0.00834876545730279));
#11883=CARTESIAN_POINT('',(0.0432549450929113,-0.0149361027748239,-0.00834876545730279));
#11884=CARTESIAN_POINT('',(0.0436701429291678,-0.0182169590272619,-0.00762891149932596));
#11885=CARTESIAN_POINT('',(0.0419380921215983,-0.0172169590272615,-0.00762891149932596));
#11886=CARTESIAN_POINT('',(0.0426477970378316,-0.0199877140539634,-0.00645473764081805));
#11887=CARTESIAN_POINT('',(0.040915746230262,-0.0189877140539629,-0.00645473764081805));
#11888=CARTESIAN_POINT('',(0.0419465966604236,-0.0212022287339164,-0.00475399064406244));
#11889=CARTESIAN_POINT('',(0.040214545852854,-0.020202228733916,-0.00475399064406244));
#11890=CARTESIAN_POINT('',(0.0415959128459745,-0.0218096309179401,-0.00260427774502304));
#11891=CARTESIAN_POINT('',(0.039863862038405,-0.0208096309179396,-0.00260427774502304));
#11892=CARTESIAN_POINT('',(0.0415365237127736,-0.0219124959140618,-0.000913752882171042));
#11893=CARTESIAN_POINT('',(0.039804472905204,-0.0209124959140614,-0.000913752882171042));
#11894=CARTESIAN_POINT('',(0.0415365237137659,-0.0219124959123386,-1.06251812903579E-17));
#11895=CARTESIAN_POINT('',(0.0398044729061964,-0.0209124959123382,-1.0625181286812E-17));
#11896=CARTESIAN_POINT('',(0.0530330085889911,1.2510435223547E-17,-0.007));
#11897=CARTESIAN_POINT('',(0.0303079880309706,-0.000999999999999989,-4.27264392975568E-11));
#11898=CARTESIAN_POINT('',(0.0303079880309706,0.00100000000000037,-4.27264392975568E-11));
#11899=CARTESIAN_POINT('',(0.0303079880320767,-0.000999999999995125,-0.00083624715613041));
#11900=CARTESIAN_POINT('',(0.0303079880320767,0.00100000000000524,-0.00083624715613041));
#11901=CARTESIAN_POINT('',(0.0304220235503179,-0.000999999999996591,-0.00227072228057491));
#11902=CARTESIAN_POINT('',(0.0304220235503179,0.00100000000000377,-0.00227072228057491));
#11903=CARTESIAN_POINT('',(0.0309452701262175,-0.00100000000000065,-0.00380069687164509));
#11904=CARTESIAN_POINT('',(0.0309452701262175,0.000999999999999716,-0.00380069687164509));
#11905=CARTESIAN_POINT('',(0.031819829244817,-0.00100000000000072,-0.00488901236996393));
#11906=CARTESIAN_POINT('',(0.031819829244817,0.000999999999999644,-0.00488901236996393));
#11907=CARTESIAN_POINT('',(0.0332813951739575,-0.00100000000000346,-0.00573046350651452));
#11908=CARTESIAN_POINT('',(0.0332813951739575,0.000999999999996898,-0.00573046350651452));
#11909=CARTESIAN_POINT('',(0.0355601969442124,-0.000999999999985388,-0.00636998454691427));
#11910=CARTESIAN_POINT('',(0.0355601969442124,0.00100000000001497,-0.00636998454691427));
#11911=CARTESIAN_POINT('',(0.039755499151565,-0.00100000000000063,-0.00690599620816823));
#11912=CARTESIAN_POINT('',(0.039755499151565,0.000999999999999729,-0.00690599620816823));
#11913=CARTESIAN_POINT('',(0.0442948456184336,-0.00100000000004051,-0.0070000000004211));
#11914=CARTESIAN_POINT('',(0.0442948456184336,0.00099999999995985,-0.0070000000004211));
#11915=CARTESIAN_POINT('',(0.0480330085889869,-0.000999999999999984,-0.007));
#11916=CARTESIAN_POINT('',(0.0480330085889869,0.00100000000000038,-0.007));
#11917=CARTESIAN_POINT('',(0.0480330085889911,-0.00100000000000076,-0.009));
#11918=CARTESIAN_POINT('',(0.0480330085889911,0.001,-0.009));
#11919=CARTESIAN_POINT('',(0.0442711715664204,-0.00100000000006661,-0.00900000000043595));
#11920=CARTESIAN_POINT('',(0.0442711715664203,0.000999999999934154,-0.00900000000043595));
#11921=CARTESIAN_POINT('',(0.0396745766864439,-0.000999999999993826,-0.00890650379141678));
#11922=CARTESIAN_POINT('',(0.0396745766864438,0.00100000000000694,-0.00890650379141678));
#11923=CARTESIAN_POINT('',(0.0352089324044185,-0.000999999999990365,-0.00834876545730279));
#11924=CARTESIAN_POINT('',(0.0352089324044184,0.0010000000000104,-0.00834876545730279));
#11925=CARTESIAN_POINT('',(0.0325752264617704,-0.00100000000000307,-0.00762891149932596));
#11926=CARTESIAN_POINT('',(0.0325752264617703,0.000999999999997695,-0.00762891149932596));
#11927=CARTESIAN_POINT('',(0.0305305346790999,-0.00100000000000196,-0.00645473764081805));
#11928=CARTESIAN_POINT('',(0.0305305346790998,0.000999999999998807,-0.00645473764081805));
#11929=CARTESIAN_POINT('',(0.0291281339242874,-0.000999999999999952,-0.00475399064406244));
#11930=CARTESIAN_POINT('',(0.0291281339242873,0.00100000000000082,-0.00475399064406244));
#11931=CARTESIAN_POINT('',(0.0284267662953842,-0.00100000000000282,-0.00260427774502304));
#11932=CARTESIAN_POINT('',(0.0284267662953842,0.000999999999997943,-0.00260427774502304));
#11933=CARTESIAN_POINT('',(0.0283079880289821,-0.0010000000000029,-0.000913752882171039));
#11934=CARTESIAN_POINT('',(0.0283079880289821,0.000999999999997868,-0.000913752882171039));
#11935=CARTESIAN_POINT('',(0.0283079880309706,-0.00100000000000077,-6.39679281766448E-18));
#11936=CARTESIAN_POINT('',(0.0283079880309705,0.001,-6.39679282369546E-18));
#11937=CARTESIAN_POINT('',(0.0530330085889911,1.2510435223547E-17,-0.007));
#11938=CARTESIAN_POINT('',(0.053033008588991,0.0033,-0.007));
#11939=CARTESIAN_POINT('',(0.0558908924214797,-0.00164999999999997,-0.007));
#11940=CARTESIAN_POINT('',(0.0501751247565024,-0.00165,-0.007));
#11941=CARTESIAN_POINT('',(0.0530330085889911,1.2510435223547E-17,-0.007));
#11942=CARTESIAN_POINT('',(-0.00383012701892222,-0.0496669831852067,-0.008));
#11943=CARTESIAN_POINT('',(-0.00383012701892221,-0.0496669831852066,-0.007));
#11944=CARTESIAN_POINT('',(-0.00706747112178112,-0.0477979016959171,-0.00700000000042114));
#11945=CARTESIAN_POINT('',(-0.00968768987535298,-0.0462851176932267,-0.00693670222992168));
#11946=CARTESIAN_POINT('',(-0.0138581923187593,-0.043877276984919,-0.00653883880798322));
#11947=CARTESIAN_POINT('',(-0.0154061087750473,-0.042983587002179,-0.00619736595418389));
#11948=CARTESIAN_POINT('',(-0.0175687735524436,-0.0417349719107716,-0.0051962510140079));
#11949=CARTESIAN_POINT('',(-0.0181732679368823,-0.0413859669152046,-0.00459009928755198));
#11950=CARTESIAN_POINT('',(-0.0189824021248888,-0.0409188130739346,-0.00286407472508444));
#11951=CARTESIAN_POINT('',(-0.0191804451062496,-0.0408044729053717,-0.0016724942385575));
#11952=CARTESIAN_POINT('',(-0.0191804451047694,-0.0408044729061964,-1.5418773678978E-18));
#11953=CARTESIAN_POINT('',(-0.00383012701892221,-0.0496669831852066,-0.007));
#11954=CARTESIAN_POINT('',(-0.00296410161513778,-0.0501669831852066,-0.007));
#11955=CARTESIAN_POINT('',(-0.00374264068711933,-0.0497174934424235,-0.007));
#11956=CARTESIAN_POINT('',(-0.00374264068711933,-0.0497174934424235,-0.007));
#11957=CARTESIAN_POINT('',(-0.00374264068711933,-0.0497174934424235,-0.009));
#11958=CARTESIAN_POINT('',(-0.00296410161513778,-0.0501669831852066,-0.009));
#11959=CARTESIAN_POINT('',(-0.00383012701892222,-0.0496669831852067,-0.009));
#11960=CARTESIAN_POINT('',(-0.00383012701892222,-0.0496669831852067,-0.009));
#11961=CARTESIAN_POINT('',(-0.00708797344533336,-0.047786064673866,-0.00900000000043594));
#11962=CARTESIAN_POINT('',(-0.00974239289000188,-0.0462535348929972,-0.00893829777102194));
#11963=CARTESIAN_POINT('',(-0.0140887157058881,-0.0437441842453022,-0.00852366119107321));
#11964=CARTESIAN_POINT('',(-0.0157829863013852,-0.042765996660893,-0.00817763404835416));
#11965=CARTESIAN_POINT('',(-0.0184808980112259,-0.0412083566089625,-0.00692874898345405));
#11966=CARTESIAN_POINT('',(-0.0194947930427085,-0.0406229840396063,-0.00597240071631089));
#11967=CARTESIAN_POINT('',(-0.0207072935931471,-0.0399229465204215,-0.00338592527105272));
#11968=CARTESIAN_POINT('',(-0.020912495915781,-0.0398044729042013,-0.00182750576434206));
#11969=CARTESIAN_POINT('',(-0.0209124959123383,-0.0398044729061964,-1.27777046488462E-18));
#11970=CARTESIAN_POINT('',(-0.00483012701892222,-0.0513990339927755,-0.008));
#11971=CARTESIAN_POINT('',(-0.00483012701892222,-0.0513990339927755,-0.009));
#11972=CARTESIAN_POINT('',(-0.00808797344533234,-0.0495181154814308,-0.00900000000043594));
#11973=CARTESIAN_POINT('',(-0.0107423928899998,-0.0479855857005655,-0.00893829777102194));
#11974=CARTESIAN_POINT('',(-0.0150887157058901,-0.0454762350528717,-0.00852366119107321));
#11975=CARTESIAN_POINT('',(-0.0167829863013877,-0.0444980474684626,-0.00817763404835417));
#11976=CARTESIAN_POINT('',(-0.0194808980112234,-0.0429404074165306,-0.00692874898345405));
#11977=CARTESIAN_POINT('',(-0.0204947930427074,-0.0423550348471793,-0.00597240071631089));
#11978=CARTESIAN_POINT('',(-0.0217072935931482,-0.0416549973279863,-0.00338592527105271));
#11979=CARTESIAN_POINT('',(-0.0219124959157795,-0.041536523711776,-0.00182750576434207));
#11980=CARTESIAN_POINT('',(-0.0219124959123383,-0.0415365237137653,-1.37703192220444E-18));
#11981=CARTESIAN_POINT('',(-0.00483012701892222,-0.0513990339927755,-0.009));
#11982=CARTESIAN_POINT('',(-0.00396410161513778,-0.0518990339927755,-0.009));
#11983=CARTESIAN_POINT('',(-0.00474264068711931,-0.0514495442499923,-0.009));
#11984=CARTESIAN_POINT('',(-0.00474264068711931,-0.0514495442499923,-0.007));
#11985=CARTESIAN_POINT('',(-0.00474264068711931,-0.0514495442499923,-0.007));
#11986=CARTESIAN_POINT('',(-0.00396410161513778,-0.0518990339927755,-0.007));
#11987=CARTESIAN_POINT('',(-0.00483012701892222,-0.0513990339927755,-0.007));
#11988=CARTESIAN_POINT('',(-0.00483012701892222,-0.0513990339927755,-0.007));
#11989=CARTESIAN_POINT('',(-0.00806747112177909,-0.0495299525034825,-0.00700000000042114));
#11990=CARTESIAN_POINT('',(-0.010687689875353,-0.0480171685007956,-0.00693670222992168));
#11991=CARTESIAN_POINT('',(-0.0148581923187593,-0.0456093277924879,-0.00653883880798322));
#11992=CARTESIAN_POINT('',(-0.0164061087750485,-0.0447156378097482,-0.00619736595418389));
#11993=CARTESIAN_POINT('',(-0.0185687735524424,-0.0434670227183401,-0.0051962510140079));
#11994=CARTESIAN_POINT('',(-0.0191732679368814,-0.0431180177227688,-0.00459009928755197));
#11995=CARTESIAN_POINT('',(-0.0199824021248898,-0.0426508638815081,-0.00286407472508444));
#11996=CARTESIAN_POINT('',(-0.020180445106229,-0.0425365237129351,-0.0016724942385575));
#11997=CARTESIAN_POINT('',(-0.0201804451047694,-0.0425365237137653,-1.64113882521763E-18));
#11998=CARTESIAN_POINT('',(-0.00483012701892221,-0.0546669831852066,-0.008));
#11999=CARTESIAN_POINT('',(-0.00483012701892221,-0.0546669831852066,-0.007));
#12000=CARTESIAN_POINT('',(-0.00806747112181963,-0.0565360646744294,-0.00700000000042114));
#12001=CARTESIAN_POINT('',(-0.0106876898753741,-0.0580488486771499,-0.00693670222992168));
#12002=CARTESIAN_POINT('',(-0.0148581923187381,-0.060456689385531,-0.00653883880798322));
#12003=CARTESIAN_POINT('',(-0.0164061087750426,-0.0613503793682423,-0.0061973659541839));
#12004=CARTESIAN_POINT('',(-0.0185687735524483,-0.0625989944596337,-0.0051962510140079));
#12005=CARTESIAN_POINT('',(-0.0191732679368763,-0.0629479994552191,-0.00459009928755198));
#12006=CARTESIAN_POINT('',(-0.0199824021248948,-0.0634151532964683,-0.00286407472508445));
#12007=CARTESIAN_POINT('',(-0.0201804451062237,-0.0635294934650865,-0.0016724942385575));
#12008=CARTESIAN_POINT('',(-0.0201804451047694,-0.0635294934642169,-3.3365730746801E-18));
#12009=CARTESIAN_POINT('',(-0.00483012701892221,-0.0546669831852066,-0.007));
#12010=CARTESIAN_POINT('',(-0.00396410161513777,-0.0541669831852066,-0.007));
#12011=CARTESIAN_POINT('',(-0.0047426406871193,-0.0546164729279898,-0.007));
#12012=CARTESIAN_POINT('',(-0.0047426406871193,-0.0546164729279898,-0.007));
#12013=CARTESIAN_POINT('',(-0.0047426406871193,-0.0546164729279898,-0.009));
#12014=CARTESIAN_POINT('',(-0.00396410161513777,-0.0541669831852066,-0.009));
#12015=CARTESIAN_POINT('',(-0.00483012701892221,-0.0546669831852066,-0.009));
#12016=CARTESIAN_POINT('',(-0.00483012701892221,-0.0546669831852066,-0.009));
#12017=CARTESIAN_POINT('',(-0.00808797344539718,-0.0565479016964367,-0.00900000000043594));
#12018=CARTESIAN_POINT('',(-0.01074239289002,-0.0580804314773846,-0.00893829777102194));
#12019=CARTESIAN_POINT('',(-0.0150887157058699,-0.0605897821251425,-0.00852366119107321));
#12020=CARTESIAN_POINT('',(-0.0167829863013833,-0.0615679697095234,-0.00817763404835417));
#12021=CARTESIAN_POINT('',(-0.0194808980112277,-0.0631256097614476,-0.00692874898345406));
#12022=CARTESIAN_POINT('',(-0.02049479304271,-0.0637109823308044,-0.00597240071631089));
#12023=CARTESIAN_POINT('',(-0.0217072935931456,-0.0644110198499944,-0.00338592527105272));
#12024=CARTESIAN_POINT('',(-0.0219124959157874,-0.0645294934662009,-0.00182750576434206));
#12025=CARTESIAN_POINT('',(-0.0219124959123382,-0.0645294934642169,-3.24565738291402E-18));
#12026=CARTESIAN_POINT('',(-0.00383012701892221,-0.0563990339927755,-0.008));
#12027=CARTESIAN_POINT('',(-0.00383012701892221,-0.0563990339927755,-0.009));
#12028=CARTESIAN_POINT('',(-0.0070879734454002,-0.0582799525040027,-0.00900000000043594));
#12029=CARTESIAN_POINT('',(-0.00974239289001946,-0.0598124822849514,-0.00893829777102194));
#12030=CARTESIAN_POINT('',(-0.0140887157058704,-0.0623218329327134,-0.00852366119107321));
#12031=CARTESIAN_POINT('',(-0.015782986301384,-0.0633000205170948,-0.00817763404835417));
#12032=CARTESIAN_POINT('',(-0.018480898011227,-0.064857660569014,-0.00692874898345406));
#12033=CARTESIAN_POINT('',(-0.0194947930427059,-0.0654430331383744,-0.00597240071631089));
#12034=CARTESIAN_POINT('',(-0.0207072935931497,-0.0661430706575622,-0.00338592527105272));
#12035=CARTESIAN_POINT('',(-0.0209124959157816,-0.0662615442737713,-0.00182750576434207));
#12036=CARTESIAN_POINT('',(-0.0209124959123382,-0.0662615442717858,-3.69130126272804E-18));
#12037=CARTESIAN_POINT('',(-0.00383012701892221,-0.0563990339927755,-0.009));
#12038=CARTESIAN_POINT('',(-0.00296410161513778,-0.0558990339927755,-0.009));
#12039=CARTESIAN_POINT('',(-0.00374264068711929,-0.0563485237355587,-0.009));
#12040=CARTESIAN_POINT('',(-0.0037426406871193,-0.0563485237355587,-0.007));
#12041=CARTESIAN_POINT('',(-0.00374264068711929,-0.0563485237355587,-0.007));
#12042=CARTESIAN_POINT('',(-0.00296410161513778,-0.0558990339927755,-0.007));
#12043=CARTESIAN_POINT('',(-0.00383012701892221,-0.0563990339927755,-0.007));
#12044=CARTESIAN_POINT('',(-0.00383012701892221,-0.0563990339927755,-0.007));
#12045=CARTESIAN_POINT('',(-0.00706747112182162,-0.0582681154819948,-0.00700000000042114));
#12046=CARTESIAN_POINT('',(-0.00968768987537414,-0.0597808994847187,-0.00693670222992168));
#12047=CARTESIAN_POINT('',(-0.0138581923187381,-0.0621887401930998,-0.00653883880798322));
#12048=CARTESIAN_POINT('',(-0.0154061087750429,-0.0630824301758124,-0.0061973659541839));
#12049=CARTESIAN_POINT('',(-0.017568773552448,-0.0643310452672013,-0.0051962510140079));
#12050=CARTESIAN_POINT('',(-0.0181732679368798,-0.0646800502627848,-0.00459009928755197));
#12051=CARTESIAN_POINT('',(-0.0189824021248913,-0.0651472041040403,-0.00286407472508444));
#12052=CARTESIAN_POINT('',(-0.0191804451062181,-0.0652615442726347,-0.0016724942385575));
#12053=CARTESIAN_POINT('',(-0.0191804451047694,-0.0652615442717858,-3.78221695449412E-18));
#12054=CARTESIAN_POINT('',(0.0038301270189222,-0.0563990339927755,-0.008));
#12055=CARTESIAN_POINT('',(0.0038301270189222,-0.0563990339927755,-0.007));
#12056=CARTESIAN_POINT('',(0.00706747112178109,-0.058268115482065,-0.00700000000042115));
#12057=CARTESIAN_POINT('',(0.00968768987535296,-0.0597808994847554,-0.00693670222992168));
#12058=CARTESIAN_POINT('',(0.0138581923187593,-0.0621887401930631,-0.00653883880798322));
#12059=CARTESIAN_POINT('',(0.0154061087750473,-0.0630824301758031,-0.0061973659541839));
#12060=CARTESIAN_POINT('',(0.0175687735524436,-0.0643310452672106,-0.00519625101400791));
#12061=CARTESIAN_POINT('',(0.0181732679368823,-0.0646800502627775,-0.00459009928755198));
#12062=CARTESIAN_POINT('',(0.0189824021248888,-0.0651472041040476,-0.00286407472508445));
#12063=CARTESIAN_POINT('',(0.0191804451062496,-0.0652615442726104,-0.00167249423855751));
#12064=CARTESIAN_POINT('',(0.0191804451047694,-0.0652615442717858,-1.03035213144864E-17));
#12065=CARTESIAN_POINT('',(0.0038301270189222,-0.0563990339927755,-0.007));
#12066=CARTESIAN_POINT('',(0.00296410161513775,-0.0558990339927755,-0.007));
#12067=CARTESIAN_POINT('',(0.00374264068711928,-0.0563485237355587,-0.007));
#12068=CARTESIAN_POINT('',(0.00374264068711929,-0.0563485237355587,-0.007));
#12069=CARTESIAN_POINT('',(0.00374264068711928,-0.0563485237355587,-0.009));
#12070=CARTESIAN_POINT('',(0.00296410161513775,-0.0558990339927755,-0.009));
#12071=CARTESIAN_POINT('',(0.0038301270189222,-0.0563990339927755,-0.009));
#12072=CARTESIAN_POINT('',(0.0038301270189222,-0.0563990339927755,-0.009));
#12073=CARTESIAN_POINT('',(0.00708797344533334,-0.0582799525041162,-0.00900000000043594));
#12074=CARTESIAN_POINT('',(0.00974239289000186,-0.0598124822849849,-0.00893829777102194));
#12075=CARTESIAN_POINT('',(0.014088715705888,-0.0623218329326799,-0.00852366119107321));
#12076=CARTESIAN_POINT('',(0.0157829863013851,-0.0633000205170891,-0.00817763404835417));
#12077=CARTESIAN_POINT('',(0.0184808980112258,-0.0648576605690197,-0.00692874898345406));
#12078=CARTESIAN_POINT('',(0.0194947930427085,-0.0654430331383759,-0.0059724007163109));
#12079=CARTESIAN_POINT('',(0.0207072935931471,-0.0661430706575607,-0.00338592527105273));
#12080=CARTESIAN_POINT('',(0.020912495915781,-0.0662615442737808,-0.00182750576434207));
#12081=CARTESIAN_POINT('',(0.0209124959123382,-0.0662615442717858,-1.0812557577329E-17));
#12082=CARTESIAN_POINT('',(0.00483012701892219,-0.0546669831852066,-0.008));
#12083=CARTESIAN_POINT('',(0.00483012701892219,-0.0546669831852066,-0.009));
#12084=CARTESIAN_POINT('',(0.00808797344533232,-0.0565479016965513,-0.00900000000043594));
#12085=CARTESIAN_POINT('',(0.0107423928899998,-0.0580804314774166,-0.00893829777102194));
#12086=CARTESIAN_POINT('',(0.0150887157058901,-0.0605897821251105,-0.00852366119107322));
#12087=CARTESIAN_POINT('',(0.0167829863013877,-0.0615679697095195,-0.00817763404835417));
#12088=CARTESIAN_POINT('',(0.0194808980112233,-0.0631256097614515,-0.00692874898345406));
#12089=CARTESIAN_POINT('',(0.0204947930427074,-0.0637109823308029,-0.0059724007163109));
#12090=CARTESIAN_POINT('',(0.0217072935931482,-0.0644110198499959,-0.00338592527105272));
#12091=CARTESIAN_POINT('',(0.0219124959157794,-0.0645294934662061,-0.00182750576434209));
#12092=CARTESIAN_POINT('',(0.0219124959123382,-0.0645294934642169,-1.09582254798387E-17));
#12093=CARTESIAN_POINT('',(0.00483012701892219,-0.0546669831852066,-0.009));
#12094=CARTESIAN_POINT('',(0.00396410161513776,-0.0541669831852066,-0.009));
#12095=CARTESIAN_POINT('',(0.00474264068711928,-0.0546164729279898,-0.009));
#12096=CARTESIAN_POINT('',(0.00474264068711928,-0.0546164729279898,-0.007));
#12097=CARTESIAN_POINT('',(0.00474264068711928,-0.0546164729279898,-0.007));
#12098=CARTESIAN_POINT('',(0.00396410161513776,-0.0541669831852066,-0.007));
#12099=CARTESIAN_POINT('',(0.00483012701892219,-0.0546669831852066,-0.007));
#12100=CARTESIAN_POINT('',(0.00483012701892219,-0.0546669831852066,-0.007));
#12101=CARTESIAN_POINT('',(0.00806747112177906,-0.0565360646744996,-0.00700000000042114));
#12102=CARTESIAN_POINT('',(0.0106876898753529,-0.0580488486771865,-0.00693670222992168));
#12103=CARTESIAN_POINT('',(0.0148581923187593,-0.0604566893854943,-0.00653883880798322));
#12104=CARTESIAN_POINT('',(0.0164061087750485,-0.0613503793682339,-0.0061973659541839));
#12105=CARTESIAN_POINT('',(0.0185687735524423,-0.0625989944596421,-0.00519625101400791));
#12106=CARTESIAN_POINT('',(0.0191732679368813,-0.0629479994552133,-0.00459009928755198));
#12107=CARTESIAN_POINT('',(0.0199824021248898,-0.063415153296474,-0.00286407472508445));
#12108=CARTESIAN_POINT('',(0.020180445106229,-0.0635294934650471,-0.0016724942385575));
#12109=CARTESIAN_POINT('',(0.0201804451047694,-0.0635294934642169,-1.0449189216996E-17));
#12110=CARTESIAN_POINT('',(-0.001,-0.0580330085889911,-0.008));
#12111=CARTESIAN_POINT('',(-0.001,-0.0580330085889911,-0.007));
#12112=CARTESIAN_POINT('',(-0.00100000000003853,-0.0617711715675034,-0.00700000000042114));
#12113=CARTESIAN_POINT('',(-0.00100000000002118,-0.0647967395729142,-0.00693670222992168));
#12114=CARTESIAN_POINT('',(-0.000999999999978829,-0.069612420989603,-0.00653883880798322));
#12115=CARTESIAN_POINT('',(-0.000999999999995377,-0.0713998009550544,-0.0061973659541839));
#12116=CARTESIAN_POINT('',(-0.00100000000000465,-0.0738970311378532,-0.00519625101400791));
#12117=CARTESIAN_POINT('',(-0.000999999999993988,-0.0745950411290056,-0.00459009928755198));
#12118=CARTESIAN_POINT('',(-0.00100000000000601,-0.0755293488115248,-0.00286407472508445));
#12119=CARTESIAN_POINT('',(-0.000999999999974079,-0.0757580291487058,-0.00167249423855751));
#12120=CARTESIAN_POINT('',(-0.001,-0.0757580291470116,-7.71739504797438E-18));
#12121=CARTESIAN_POINT('',(-0.001,-0.0580330085889911,-0.007));
#12122=CARTESIAN_POINT('',(-0.001,-0.0570330085889911,-0.007));
#12123=CARTESIAN_POINT('',(-0.001,-0.0579319880745574,-0.007));
#12124=CARTESIAN_POINT('',(-0.001,-0.0579319880745574,-0.007));
#12125=CARTESIAN_POINT('',(-0.001,-0.0579319880745574,-0.009));
#12126=CARTESIAN_POINT('',(-0.001,-0.0570330085889911,-0.009));
#12127=CARTESIAN_POINT('',(-0.001,-0.0580330085889911,-0.009));
#12128=CARTESIAN_POINT('',(-0.001,-0.0580330085889911,-0.009));
#12129=CARTESIAN_POINT('',(-0.00100000000006384,-0.0617948456115618,-0.00900000000043594));
#12130=CARTESIAN_POINT('',(-0.00100000000001815,-0.0648599051733785,-0.00893829777102194));
#12131=CARTESIAN_POINT('',(-0.000999999999981854,-0.0698786064688314,-0.00852366119107321));
#12132=CARTESIAN_POINT('',(-0.00099999999999816,-0.0718349816376214,-0.00817763404835417));
#12133=CARTESIAN_POINT('',(-0.00100000000000186,-0.0749502617414763,-0.00692874898345406));
#12134=CARTESIAN_POINT('',(-0.00100000000000152,-0.0761210068801892,-0.0059724007163109));
#12135=CARTESIAN_POINT('',(-0.000999999999998497,-0.077521081918564,-0.00338592527105273));
#12136=CARTESIAN_POINT('',(-0.0010000000000064,-0.0777580291509906,-0.00182750576434207));
#12137=CARTESIAN_POINT('',(-0.001,-0.0777580291470116,-8.01305093913622E-18));
#12138=CARTESIAN_POINT('',(0.001,-0.0580330085889911,-0.008));
#12139=CARTESIAN_POINT('',(0.001,-0.0580330085889911,-0.009));
#12140=CARTESIAN_POINT('',(0.00099999999993213,-0.061794845611563,-0.00900000000043594));
#12141=CARTESIAN_POINT('',(0.000999999999980329,-0.064859905173377,-0.00893829777102194));
#12142=CARTESIAN_POINT('',(0.00100000000001966,-0.0698786064688329,-0.00852366119107321));
#12143=CARTESIAN_POINT('',(0.00100000000000369,-0.0718349816376233,-0.00817763404835417));
#12144=CARTESIAN_POINT('',(0.000999999999996278,-0.0749502617414744,-0.00692874898345406));
#12145=CARTESIAN_POINT('',(0.0010000000000015,-0.0761210068801862,-0.00597240071631089));
#12146=CARTESIAN_POINT('',(0.000999999999998487,-0.0775210819185671,-0.00338592527105272));
#12147=CARTESIAN_POINT('',(0.000999999999997856,-0.0777580291509864,-0.00182750576434208));
#12148=CARTESIAN_POINT('',(0.001,-0.0777580291470116,-8.48189804154515E-18));
#12149=CARTESIAN_POINT('',(0.001,-0.0580330085889911,-0.009));
#12150=CARTESIAN_POINT('',(0.001,-0.0570330085889911,-0.009));
#12151=CARTESIAN_POINT('',(0.000999999999999989,-0.0579319880745574,-0.009));
#12152=CARTESIAN_POINT('',(0.001,-0.0579319880745574,-0.007));
#12153=CARTESIAN_POINT('',(0.000999999999999989,-0.0579319880745574,-0.007));
#12154=CARTESIAN_POINT('',(0.001,-0.0570330085889911,-0.007));
#12155=CARTESIAN_POINT('',(0.001,-0.0580330085889911,-0.007));
#12156=CARTESIAN_POINT('',(0.001,-0.0580330085889911,-0.007));
#12157=CARTESIAN_POINT('',(0.000999999999957451,-0.0617711715675034,-0.00700000000042114));
#12158=CARTESIAN_POINT('',(0.000999999999978816,-0.0647967395729142,-0.00693670222992168));
#12159=CARTESIAN_POINT('',(0.00100000000002117,-0.069612420989603,-0.00653883880798322));
#12160=CARTESIAN_POINT('',(0.00100000000000555,-0.0713998009550553,-0.0061973659541839));
#12161=CARTESIAN_POINT('',(0.000999999999994419,-0.0738970311378523,-0.00519625101400791));
#12162=CARTESIAN_POINT('',(0.0010000000000015,-0.0745950411290071,-0.00459009928755198));
#12163=CARTESIAN_POINT('',(0.000999999999998493,-0.0755293488115233,-0.00286407472508444));
#12164=CARTESIAN_POINT('',(0.0010000000000108,-0.0757580291486907,-0.0016724942385575));
#12165=CARTESIAN_POINT('',(0.001,-0.0757580291470116,-8.18624215038332E-18));
#12166=CARTESIAN_POINT('',(0.00483012701892218,-0.0513990339927755,-0.008));
#12167=CARTESIAN_POINT('',(0.00483012701892218,-0.0513990339927755,-0.007));
#12168=CARTESIAN_POINT('',(0.00806747112181961,-0.0495299525035527,-0.00700000000042114));
#12169=CARTESIAN_POINT('',(0.0106876898753741,-0.0480171685008323,-0.00693670222992168));
#12170=CARTESIAN_POINT('',(0.0148581923187381,-0.0456093277924512,-0.00653883880798322));
#12171=CARTESIAN_POINT('',(0.0164061087750426,-0.0447156378097398,-0.0061973659541839));
#12172=CARTESIAN_POINT('',(0.0185687735524483,-0.0434670227183485,-0.00519625101400791));
#12173=CARTESIAN_POINT('',(0.0191732679368763,-0.043118017722763,-0.00459009928755198));
#12174=CARTESIAN_POINT('',(0.0199824021248948,-0.0426508638815139,-0.00286407472508445));
#12175=CARTESIAN_POINT('',(0.0201804451062237,-0.0425365237128957,-0.00167249423855751));
#12176=CARTESIAN_POINT('',(0.0201804451047694,-0.0425365237137653,-8.50882560770408E-18));
#12177=CARTESIAN_POINT('',(0.00483012701892218,-0.0513990339927755,-0.007));
#12178=CARTESIAN_POINT('',(0.00396410161513775,-0.0518990339927755,-0.007));
#12179=CARTESIAN_POINT('',(0.00474264068711928,-0.0514495442499923,-0.007));
#12180=CARTESIAN_POINT('',(0.00474264068711928,-0.0514495442499923,-0.007));
#12181=CARTESIAN_POINT('',(0.00474264068711928,-0.0514495442499923,-0.009));
#12182=CARTESIAN_POINT('',(0.00396410161513775,-0.0518990339927755,-0.009));
#12183=CARTESIAN_POINT('',(0.00483012701892218,-0.0513990339927755,-0.009));
#12184=CARTESIAN_POINT('',(0.00483012701892218,-0.0513990339927755,-0.009));
#12185=CARTESIAN_POINT('',(0.00808797344539717,-0.0495181154815454,-0.00900000000043594));
#12186=CARTESIAN_POINT('',(0.01074239289002,-0.0479855857005975,-0.00893829777102194));
#12187=CARTESIAN_POINT('',(0.0150887157058699,-0.0454762350528396,-0.00852366119107321));
#12188=CARTESIAN_POINT('',(0.0167829863013833,-0.0444980474684587,-0.00817763404835417));
#12189=CARTESIAN_POINT('',(0.0194808980112277,-0.0429404074165345,-0.00692874898345406));
#12190=CARTESIAN_POINT('',(0.02049479304271,-0.0423550348471777,-0.0059724007163109));
#12191=CARTESIAN_POINT('',(0.0217072935931456,-0.0416549973279877,-0.00338592527105273));
#12192=CARTESIAN_POINT('',(0.0219124959157874,-0.0415365237117813,-0.00182750576434207));
#12193=CARTESIAN_POINT('',(0.0219124959123382,-0.0415365237137653,-8.84467065929963E-18));
#12194=CARTESIAN_POINT('',(0.00383012701892219,-0.0496669831852066,-0.008));
#12195=CARTESIAN_POINT('',(0.00383012701892219,-0.0496669831852066,-0.009));
#12196=CARTESIAN_POINT('',(0.00708797344540018,-0.0477860646739795,-0.00900000000043594));
#12197=CARTESIAN_POINT('',(0.00974239289001945,-0.0462535348930307,-0.00893829777102194));
#12198=CARTESIAN_POINT('',(0.0140887157058704,-0.0437441842452687,-0.00852366119107321));
#12199=CARTESIAN_POINT('',(0.015782986301384,-0.0427659966608873,-0.00817763404835417));
#12200=CARTESIAN_POINT('',(0.018480898011227,-0.0412083566089682,-0.00692874898345406));
#12201=CARTESIAN_POINT('',(0.0194947930427059,-0.0406229840396078,-0.00597240071631089));
#12202=CARTESIAN_POINT('',(0.0207072935931497,-0.03992294652042,-0.00338592527105272));
#12203=CARTESIAN_POINT('',(0.0209124959157816,-0.0398044729042108,-0.00182750576434208));
#12204=CARTESIAN_POINT('',(0.0209124959123382,-0.0398044729061964,-8.64395613931508E-18));
#12205=CARTESIAN_POINT('',(0.00383012701892219,-0.0496669831852066,-0.009));
#12206=CARTESIAN_POINT('',(0.00296410161513775,-0.0501669831852066,-0.009));
#12207=CARTESIAN_POINT('',(0.00374264068711929,-0.0497174934424235,-0.009));
#12208=CARTESIAN_POINT('',(0.00374264068711929,-0.0497174934424235,-0.007));
#12209=CARTESIAN_POINT('',(0.00374264068711929,-0.0497174934424235,-0.007));
#12210=CARTESIAN_POINT('',(0.00296410161513775,-0.0501669831852066,-0.007));
#12211=CARTESIAN_POINT('',(0.00383012701892219,-0.0496669831852066,-0.007));
#12212=CARTESIAN_POINT('',(0.00383012701892219,-0.0496669831852066,-0.007));
#12213=CARTESIAN_POINT('',(0.0070674711218216,-0.0477979016959873,-0.00700000000042114));
#12214=CARTESIAN_POINT('',(0.00968768987537412,-0.0462851176932634,-0.00693670222992168));
#12215=CARTESIAN_POINT('',(0.0138581923187381,-0.0438772769848823,-0.00653883880798322));
#12216=CARTESIAN_POINT('',(0.0154061087750429,-0.0429835870021697,-0.0061973659541839));
#12217=CARTESIAN_POINT('',(0.017568773552448,-0.0417349719107808,-0.00519625101400791));
#12218=CARTESIAN_POINT('',(0.0181732679368798,-0.0413859669151974,-0.00459009928755198));
#12219=CARTESIAN_POINT('',(0.0189824021248913,-0.0409188130739419,-0.00286407472508444));
#12220=CARTESIAN_POINT('',(0.0191804451062181,-0.0408044729053475,-0.0016724942385575));
#12221=CARTESIAN_POINT('',(0.0191804451047694,-0.0408044729061964,-8.30811108771953E-18));
#12222=CARTESIAN_POINT('',(0.000999999999999976,-0.0480330085889911,-0.008));
#12223=CARTESIAN_POINT('',(0.000999999999999983,-0.0480330085889911,-0.007));
#12224=CARTESIAN_POINT('',(0.00100000000003851,-0.0442948456104788,-0.00700000000042114));
#12225=CARTESIAN_POINT('',(0.00100000000002117,-0.041269277605068,-0.00693670222992168));
#12226=CARTESIAN_POINT('',(0.00099999999997881,-0.0364535961883791,-0.00653883880798322));
#12227=CARTESIAN_POINT('',(0.000999999999995359,-0.0346662162229278,-0.0061973659541839));
#12228=CARTESIAN_POINT('',(0.00100000000000464,-0.0321689860401289,-0.0051962510140079));
#12229=CARTESIAN_POINT('',(0.000999999999993971,-0.0314709760489766,-0.00459009928755198));
#12230=CARTESIAN_POINT('',(0.001000000000006,-0.0305366683664574,-0.00286407472508445));
#12231=CARTESIAN_POINT('',(0.000999999999974063,-0.0303079880292763,-0.0016724942385575));
#12232=CARTESIAN_POINT('',(0.001,-0.0303079880309706,-4.12800363440979E-18));
#12233=CARTESIAN_POINT('',(0.000999999999999983,-0.0480330085889911,-0.007));
#12234=CARTESIAN_POINT('',(0.000999999999999983,-0.0490330085889911,-0.007));
#12235=CARTESIAN_POINT('',(0.000999999999999983,-0.0481340291034247,-0.007));
#12236=CARTESIAN_POINT('',(0.000999999999999977,-0.0481340291034247,-0.007));
#12237=CARTESIAN_POINT('',(0.000999999999999982,-0.0481340291034247,-0.009));
#12238=CARTESIAN_POINT('',(0.000999999999999983,-0.0490330085889911,-0.009));
#12239=CARTESIAN_POINT('',(0.000999999999999976,-0.0480330085889911,-0.009));
#12240=CARTESIAN_POINT('',(0.000999999999999976,-0.0480330085889911,-0.009));
#12241=CARTESIAN_POINT('',(0.00100000000006382,-0.0442711715664203,-0.00900000000043594));
#12242=CARTESIAN_POINT('',(0.00100000000001813,-0.0412061120046037,-0.00893829777102194));
#12243=CARTESIAN_POINT('',(0.000999999999981835,-0.0361874107091508,-0.00852366119107321));
#12244=CARTESIAN_POINT('',(0.000999999999998141,-0.0342310355403607,-0.00817763404835417));
#12245=CARTESIAN_POINT('',(0.00100000000000185,-0.0311157554365059,-0.00692874898345406));
#12246=CARTESIAN_POINT('',(0.0010000000000015,-0.029945010297793,-0.0059724007163109));
#12247=CARTESIAN_POINT('',(0.00099999999999848,-0.0285449352594181,-0.00338592527105272));
#12248=CARTESIAN_POINT('',(0.00100000000000638,-0.0283079880269915,-0.00182750576434206));
#12249=CARTESIAN_POINT('',(0.000999999999999986,-0.0283079880309706,-4.07727710307743E-18));
#12250=CARTESIAN_POINT('',(-0.00100000000000001,-0.0480330085889911,-0.008));
#12251=CARTESIAN_POINT('',(-0.00100000000000001,-0.0480330085889911,-0.009));
#12252=CARTESIAN_POINT('',(-0.00099999999993215,-0.0442711715664192,-0.00900000000043594));
#12253=CARTESIAN_POINT('',(-0.000999999999980349,-0.0412061120046052,-0.00893829777102194));
#12254=CARTESIAN_POINT('',(-0.00100000000001968,-0.0361874107091493,-0.00852366119107321));
#12255=CARTESIAN_POINT('',(-0.00100000000000371,-0.0342310355403588,-0.00817763404835417));
#12256=CARTESIAN_POINT('',(-0.000999999999996296,-0.0311157554365077,-0.00692874898345406));
#12257=CARTESIAN_POINT('',(-0.00100000000000151,-0.029945010297796,-0.00597240071631089));
#12258=CARTESIAN_POINT('',(-0.000999999999998503,-0.0285449352594151,-0.00338592527105272));
#12259=CARTESIAN_POINT('',(-0.000999999999997872,-0.0283079880269957,-0.00182750576434207));
#12260=CARTESIAN_POINT('',(-0.001,-0.0283079880309705,-3.85335936049797E-18));
#12261=CARTESIAN_POINT('',(-0.00100000000000001,-0.0480330085889911,-0.009));
#12262=CARTESIAN_POINT('',(-0.00100000000000001,-0.0490330085889911,-0.009));
#12263=CARTESIAN_POINT('',(-0.001,-0.0481340291034247,-0.009));
#12264=CARTESIAN_POINT('',(-0.00100000000000001,-0.0481340291034247,-0.007));
#12265=CARTESIAN_POINT('',(-0.001,-0.0481340291034247,-0.007));
#12266=CARTESIAN_POINT('',(-0.00100000000000001,-0.0490330085889911,-0.007));
#12267=CARTESIAN_POINT('',(-0.00100000000000001,-0.0480330085889911,-0.007));
#12268=CARTESIAN_POINT('',(-0.00100000000000001,-0.0480330085889911,-0.007));
#12269=CARTESIAN_POINT('',(-0.00099999999995747,-0.0442948456104788,-0.00700000000042114));
#12270=CARTESIAN_POINT('',(-0.000999999999978836,-0.041269277605068,-0.00693670222992168));
#12271=CARTESIAN_POINT('',(-0.00100000000002119,-0.0364535961883791,-0.00653883880798322));
#12272=CARTESIAN_POINT('',(-0.00100000000000557,-0.0346662162229269,-0.0061973659541839));
#12273=CARTESIAN_POINT('',(-0.000999999999994436,-0.0321689860401298,-0.0051962510140079));
#12274=CARTESIAN_POINT('',(-0.00100000000000151,-0.0314709760489751,-0.00459009928755197));
#12275=CARTESIAN_POINT('',(-0.000999999999998509,-0.0305366683664589,-0.00286407472508444));
#12276=CARTESIAN_POINT('',(-0.00100000000001081,-0.0303079880292914,-0.0016724942385575));
#12277=CARTESIAN_POINT('',(-0.001,-0.0303079880309706,-3.90408589183033E-18));
#12278=CARTESIAN_POINT('',(-0.0201804451047696,-0.0425365237137656,-4.27264394119458E-11));
#12279=CARTESIAN_POINT('',(-0.0191804451047694,-0.0408044729061964,-4.27264394119458E-11));
#12280=CARTESIAN_POINT('',(-0.0201804451038141,-0.0425365237143229,-0.00083624715613041));
#12281=CARTESIAN_POINT('',(-0.0191804451038139,-0.0408044729067536,-0.00083624715613041));
#12282=CARTESIAN_POINT('',(-0.0200816874480827,-0.0425935414734422,-0.00227072228057491));
#12283=CARTESIAN_POINT('',(-0.0190816874480825,-0.0408614906658729,-0.00227072228057491));
#12284=CARTESIAN_POINT('',(-0.0196285426209085,-0.0428551647613885,-0.00380069687164509));
#12285=CARTESIAN_POINT('',(-0.0186285426209082,-0.0411231139538192,-0.00380069687164509));
#12286=CARTESIAN_POINT('',(-0.0188711522070899,-0.0432924443206882,-0.00488901236996393));
#12287=CARTESIAN_POINT('',(-0.0178711522070897,-0.0415603935131189,-0.00488901236996393));
#12288=CARTESIAN_POINT('',(-0.0176053989831471,-0.0440232272852561,-0.00573046350651451));
#12289=CARTESIAN_POINT('',(-0.0166053989831469,-0.0422911764776868,-0.00573046350651451));
#12290=CARTESIAN_POINT('',(-0.0156318987599264,-0.0451626281703992,-0.00636998454691426));
#12291=CARTESIAN_POINT('',(-0.0146318987599262,-0.0434305773628299,-0.00636998454691426));
#12292=CARTESIAN_POINT('',(-0.0119986604717985,-0.0472602792740622,-0.00690599620816824));
#12293=CARTESIAN_POINT('',(-0.0109986604717983,-0.0455282284664929,-0.00690599620816824));
#12294=CARTESIAN_POINT('',(-0.00806747111489125,-0.049529952507462,-0.00700000000042109));
#12295=CARTESIAN_POINT('',(-0.00706747111489104,-0.0477979016998927,-0.00700000000042109));
#12296=CARTESIAN_POINT('',(-0.00483012701892604,-0.0513990339927738,-0.007));
#12297=CARTESIAN_POINT('',(-0.00383012701892583,-0.0496669831852045,-0.007));
#12298=CARTESIAN_POINT('',(-0.00433012701892221,-0.0505330085889911,-0.007));
#12299=CARTESIAN_POINT('',(-0.0048301270189226,-0.0513990339927762,-0.009));
#12300=CARTESIAN_POINT('',(-0.00383012701892222,-0.0496669831852066,-0.009));
#12301=CARTESIAN_POINT('',(-0.00808797344533273,-0.0495181154814338,-0.00900000000043594));
#12302=CARTESIAN_POINT('',(-0.00708797344533236,-0.0477860646738642,-0.00900000000043594));
#12303=CARTESIAN_POINT('',(-0.0120687413823343,-0.0472198180415086,-0.00890650379141678));
#12304=CARTESIAN_POINT('',(-0.0110687413823339,-0.045487767233939,-0.00890650379141678));
#12305=CARTESIAN_POINT('',(-0.0159361027748347,-0.0449869959004989,-0.00834876545730278));
#12306=CARTESIAN_POINT('',(-0.0149361027748343,-0.0432549450929293,-0.00834876545730278));
#12307=CARTESIAN_POINT('',(-0.0182169590272597,-0.0436701429291638,-0.00762891149932596));
#12308=CARTESIAN_POINT('',(-0.0172169590272593,-0.0419380921215943,-0.00762891149932596));
#12309=CARTESIAN_POINT('',(-0.0199877140539622,-0.0426477970378295,-0.00645473764081804));
#12310=CARTESIAN_POINT('',(-0.0189877140539618,-0.04091574623026,-0.00645473764081804));
#12311=CARTESIAN_POINT('',(-0.0212022287339173,-0.041946596660425,-0.00475399064406243));
#12312=CARTESIAN_POINT('',(-0.0202022287339169,-0.0402145458528555,-0.00475399064406243));
#12313=CARTESIAN_POINT('',(-0.021809630917938,-0.041595912845971,-0.00260427774502304));
#12314=CARTESIAN_POINT('',(-0.0208096309179376,-0.0398638620384014,-0.00260427774502304));
#12315=CARTESIAN_POINT('',(-0.0219124959140597,-0.0415365237127699,-0.000913752882171035));
#12316=CARTESIAN_POINT('',(-0.0209124959140593,-0.0398044729052003,-0.000913752882171035));
#12317=CARTESIAN_POINT('',(-0.0219124959123387,-0.041536523713766,-1.51788304147971E-18));
#12318=CARTESIAN_POINT('',(-0.0209124959123383,-0.0398044729061964,-1.51788304690836E-18));
#12319=CARTESIAN_POINT('',(-0.00433012701892221,-0.0505330085889911,-0.009));
#12320=CARTESIAN_POINT('',(-0.00346410161513778,-0.0510330085889911,-0.009));
#12321=CARTESIAN_POINT('',(-1.32897956741589E-17,-0.0530330085889911,-0.009));
#12322=CARTESIAN_POINT('',(-1.09305717468305E-17,-0.0480330085889911,-0.009));
#12323=CARTESIAN_POINT('',(-1.32897956741589E-17,-0.0530330085889911,-0.009));
#12324=CARTESIAN_POINT('',(0.00433012701892219,-0.0505330085889911,-0.009));
#12325=CARTESIAN_POINT('',(-1.32897956741589E-17,-0.0530330085889911,-0.009));
#12326=CARTESIAN_POINT('',(0.00433012701892219,-0.0555330085889911,-0.009));
#12327=CARTESIAN_POINT('',(-1.32897956741589E-17,-0.0530330085889911,-0.009));
#12328=CARTESIAN_POINT('',(-9.65652319923037E-18,-0.0580330085889911,-0.009));
#12329=CARTESIAN_POINT('',(-1.32897956741589E-17,-0.0530330085889911,-0.009));
#12330=CARTESIAN_POINT('',(-0.00433012701892221,-0.0555330085889911,-0.009));
#12331=CARTESIAN_POINT('',(-1.32897956741589E-17,-0.0530330085889911,-0.009));
#12332=CARTESIAN_POINT('',(0.00165,-0.0501751247565024,-0.009));
#12333=CARTESIAN_POINT('',(0.00205,-0.0494823044334748,-0.009));
#12334=CARTESIAN_POINT('',(0.00164999999999997,-0.0558908924214797,-0.009));
#12335=CARTESIAN_POINT('',(0.00204999999999997,-0.0551980720984522,-0.009));
#12336=CARTESIAN_POINT('',(-0.0033,-0.053033008588991,-0.009));
#12337=CARTESIAN_POINT('',(-0.0029,-0.0523401882659634,-0.009));
#12338=CARTESIAN_POINT('',(-1.32897956741589E-17,-0.0530330085889911,-0.009));
#12339=CARTESIAN_POINT('',(0.000749999999999987,-0.0517339704833144,-0.009));
#12340=CARTESIAN_POINT('',(-0.00346410161513779,-0.0510330085889911,-0.007));
#12341=CARTESIAN_POINT('',(-1.31166044629118E-17,-0.0530330085889911,-0.007));
#12342=CARTESIAN_POINT('',(-0.00433012701892221,-0.0555330085889911,-0.007));
#12343=CARTESIAN_POINT('',(-1.31166044629118E-17,-0.0530330085889911,-0.007));
#12344=CARTESIAN_POINT('',(-9.13694956548907E-18,-0.0580330085889911,-0.007));
#12345=CARTESIAN_POINT('',(-1.31166044629118E-17,-0.0530330085889911,-0.007));
#12346=CARTESIAN_POINT('',(0.00433012701892219,-0.0555330085889911,-0.007));
#12347=CARTESIAN_POINT('',(-1.31166044629118E-17,-0.0530330085889911,-0.007));
#12348=CARTESIAN_POINT('',(0.00433012701892219,-0.0505330085889911,-0.007));
#12349=CARTESIAN_POINT('',(-1.31166044629118E-17,-0.0530330085889911,-0.007));
#12350=CARTESIAN_POINT('',(-1.07573805355834E-17,-0.0480330085889911,-0.007));
#12351=CARTESIAN_POINT('',(-1.31166044629118E-17,-0.0530330085889911,-0.007));
#12352=CARTESIAN_POINT('',(0.00165,-0.0501751247565024,-0.007));
#12353=CARTESIAN_POINT('',(0.00205,-0.0494823044334748,-0.007));
#12354=CARTESIAN_POINT('',(0.00164999999999997,-0.0558908924214797,-0.007));
#12355=CARTESIAN_POINT('',(0.00204999999999997,-0.0551980720984522,-0.007));
#12356=CARTESIAN_POINT('',(-0.0033,-0.053033008588991,-0.007));
#12357=CARTESIAN_POINT('',(-0.0029,-0.0523401882659634,-0.007));
#12358=CARTESIAN_POINT('',(-1.31166044629118E-17,-0.0530330085889911,-0.007));
#12359=CARTESIAN_POINT('',(0.000749999999999987,-0.0517339704833144,-0.007));
#12360=CARTESIAN_POINT('',(-1.31166044629118E-17,-0.0530330085889911,-0.007));
#12361=CARTESIAN_POINT('',(-0.0191804451047692,-0.0652615442717861,-4.27264391259386E-11));
#12362=CARTESIAN_POINT('',(-0.0201804451047694,-0.0635294934642169,-4.27264391259386E-11));
#12363=CARTESIAN_POINT('',(-0.0191804451038089,-0.0652615442712372,-0.000836247156130411));
#12364=CARTESIAN_POINT('',(-0.020180445103809,-0.063529493463668,-0.000836247156130411));
#12365=CARTESIAN_POINT('',(-0.019081687448079,-0.0652045265121153,-0.00227072228057491));
#12366=CARTESIAN_POINT('',(-0.0200816874480792,-0.0634724757045461,-0.00227072228057491));
#12367=CARTESIAN_POINT('',(-0.0186285426209087,-0.064942903224162,-0.00380069687164509));
#12368=CARTESIAN_POINT('',(-0.0196285426209089,-0.0632108524165928,-0.00380069687164509));
#12369=CARTESIAN_POINT('',(-0.0178711522070903,-0.0645056236648622,-0.00488901236996393));
#12370=CARTESIAN_POINT('',(-0.0188711522070904,-0.062773572857293,-0.00488901236996393));
#12371=CARTESIAN_POINT('',(-0.0166053989831502,-0.0637748407002896,-0.00573046350651451));
#12372=CARTESIAN_POINT('',(-0.0176053989831504,-0.0620427898927204,-0.00573046350651451));
#12373=CARTESIAN_POINT('',(-0.0146318987599115,-0.0626354398151778,-0.00636998454691427));
#12374=CARTESIAN_POINT('',(-0.0156318987599116,-0.0609033890076086,-0.00636998454691427));
#12375=CARTESIAN_POINT('',(-0.0109986604717988,-0.0605377887114883,-0.00690599620816824));
#12376=CARTESIAN_POINT('',(-0.011998660471799,-0.0588057379039191,-0.00690599620816824));
#12377=CARTESIAN_POINT('',(-0.00706747111493141,-0.0582681154780194,-0.00700000000042109));
#12378=CARTESIAN_POINT('',(-0.00806747111493157,-0.0565360646704502,-0.00700000000042109));
#12379=CARTESIAN_POINT('',(-0.00383012701892566,-0.0563990339927778,-0.007));
#12380=CARTESIAN_POINT('',(-0.00483012701892582,-0.0546669831852087,-0.007));
#12381=CARTESIAN_POINT('',(-0.00383012701892182,-0.0563990339927762,-0.009));
#12382=CARTESIAN_POINT('',(-0.00483012701892221,-0.0546669831852066,-0.009));
#12383=CARTESIAN_POINT('',(-0.0070879734453978,-0.0582799525040045,-0.00900000000043594));
#12384=CARTESIAN_POINT('',(-0.00808797344539819,-0.0565479016964349,-0.00900000000043594));
#12385=CARTESIAN_POINT('',(-0.0110687413823266,-0.0605782499440558,-0.00890650379141678));
#12386=CARTESIAN_POINT('',(-0.0120687413823269,-0.0588461991364862,-0.00890650379141678));
#12387=CARTESIAN_POINT('',(-0.0149361027748235,-0.0628110720850715,-0.00834876545730278));
#12388=CARTESIAN_POINT('',(-0.0159361027748239,-0.0610790212775019,-0.00834876545730278));
#12389=CARTESIAN_POINT('',(-0.0172169590272612,-0.0641279250563846,-0.00762891149932597));
#12390=CARTESIAN_POINT('',(-0.0182169590272616,-0.062395874248815,-0.00762891149932597));
#12391=CARTESIAN_POINT('',(-0.0189877140539626,-0.0651502709477208,-0.00645473764081804));
#12392=CARTESIAN_POINT('',(-0.019987714053963,-0.0634182201401512,-0.00645473764081804));
#12393=CARTESIAN_POINT('',(-0.0202022287339157,-0.0658514713251288,-0.00475399064406244));
#12394=CARTESIAN_POINT('',(-0.0212022287339161,-0.0641194205175592,-0.00475399064406244));
#12395=CARTESIAN_POINT('',(-0.0208096309179393,-0.0662021551395779,-0.00260427774502304));
#12396=CARTESIAN_POINT('',(-0.0218096309179397,-0.0644701043320083,-0.00260427774502304));
#12397=CARTESIAN_POINT('',(-0.020912495914061,-0.0662615442727789,-0.000913752882171036));
#12398=CARTESIAN_POINT('',(-0.0219124959140614,-0.0645294934652093,-0.000913752882171036));
#12399=CARTESIAN_POINT('',(-0.0209124959123378,-0.0662615442717865,-3.46944695195361E-18));
#12400=CARTESIAN_POINT('',(-0.0219124959123382,-0.0645294934642169,-3.46944695257508E-18));
#12401=CARTESIAN_POINT('',(-1.31166044629118E-17,-0.0530330085889911,-0.007));
#12402=CARTESIAN_POINT('',(0.0201804451047695,-0.0635294934642166,-4.2726439164473E-11));
#12403=CARTESIAN_POINT('',(0.0191804451047693,-0.0652615442717858,-4.2726439164473E-11));
#12404=CARTESIAN_POINT('',(0.020180445103814,-0.0635294934636593,-0.000836247156130411));
#12405=CARTESIAN_POINT('',(0.0191804451038138,-0.0652615442712285,-0.000836247156130411));
#12406=CARTESIAN_POINT('',(0.0200816874480827,-0.06347247570454,-0.00227072228057491));
#12407=CARTESIAN_POINT('',(0.0190816874480825,-0.0652045265121092,-0.00227072228057491));
#12408=CARTESIAN_POINT('',(0.0196285426209084,-0.0632108524165936,-0.00380069687164509));
#12409=CARTESIAN_POINT('',(0.0186285426209082,-0.0649429032241628,-0.00380069687164509));
#12410=CARTESIAN_POINT('',(0.0188711522070899,-0.062773572857294,-0.00488901236996394));
#12411=CARTESIAN_POINT('',(0.0178711522070897,-0.0645056236648632,-0.00488901236996394));
#12412=CARTESIAN_POINT('',(0.017605398983147,-0.0620427898927261,-0.00573046350651452));
#12413=CARTESIAN_POINT('',(0.0166053989831468,-0.0637748407002953,-0.00573046350651452));
#12414=CARTESIAN_POINT('',(0.0156318987599264,-0.060903389007583,-0.00636998454691427));
#12415=CARTESIAN_POINT('',(0.0146318987599262,-0.0626354398151522,-0.00636998454691427));
#12416=CARTESIAN_POINT('',(0.0119986604717985,-0.0588057379039199,-0.00690599620816824));
#12417=CARTESIAN_POINT('',(0.0109986604717983,-0.0605377887114891,-0.00690599620816824));
#12418=CARTESIAN_POINT('',(0.00806747111489122,-0.0565360646705201,-0.0070000000004211));
#12419=CARTESIAN_POINT('',(0.00706747111489102,-0.0582681154780894,-0.0070000000004211));
#12420=CARTESIAN_POINT('',(0.004830127018926,-0.0546669831852084,-0.007));
#12421=CARTESIAN_POINT('',(0.0038301270189258,-0.0563990339927776,-0.007));
#12422=CARTESIAN_POINT('',(0.00483012701892262,-0.0546669831852059,-0.009));
#12423=CARTESIAN_POINT('',(0.0038301270189222,-0.0563990339927755,-0.009));
#12424=CARTESIAN_POINT('',(0.00808797344533275,-0.0565479016965483,-0.00900000000043594));
#12425=CARTESIAN_POINT('',(0.00708797344533234,-0.058279952504118,-0.00900000000043594));
#12426=CARTESIAN_POINT('',(0.0120687413823343,-0.0588461991364735,-0.00890650379141678));
#12427=CARTESIAN_POINT('',(0.0110687413823339,-0.0605782499440431,-0.00890650379141678));
#12428=CARTESIAN_POINT('',(0.0159361027748347,-0.0610790212774832,-0.00834876545730279));
#12429=CARTESIAN_POINT('',(0.0149361027748343,-0.0628110720850528,-0.00834876545730279));
#12430=CARTESIAN_POINT('',(0.0182169590272597,-0.0623958742488182,-0.00762891149932596));
#12431=CARTESIAN_POINT('',(0.0172169590272592,-0.0641279250563879,-0.00762891149932596));
#12432=CARTESIAN_POINT('',(0.0199877140539622,-0.0634182201401525,-0.00645473764081805));
#12433=CARTESIAN_POINT('',(0.0189877140539618,-0.0651502709477222,-0.00645473764081805));
#12434=CARTESIAN_POINT('',(0.0212022287339173,-0.0641194205175571,-0.00475399064406244));
#12435=CARTESIAN_POINT('',(0.0202022287339169,-0.0658514713251267,-0.00475399064406244));
#12436=CARTESIAN_POINT('',(0.021809630917938,-0.0644701043320111,-0.00260427774502305));
#12437=CARTESIAN_POINT('',(0.0208096309179376,-0.0662021551395807,-0.00260427774502305));
#12438=CARTESIAN_POINT('',(0.0219124959140597,-0.0645294934652122,-0.000913752882171045));
#12439=CARTESIAN_POINT('',(0.0209124959140593,-0.0662615442727819,-0.000913752882171045));
#12440=CARTESIAN_POINT('',(0.0219124959123387,-0.0645294934642162,-1.12757025938492E-17));
#12441=CARTESIAN_POINT('',(0.0209124959123382,-0.0662615442717858,-1.12757025922225E-17));
#12442=CARTESIAN_POINT('',(-1.31166044629118E-17,-0.0530330085889911,-0.007));
#12443=CARTESIAN_POINT('',(0.00100000000000037,-0.0757580291470116,-4.27264393260016E-11));
#12444=CARTESIAN_POINT('',(-0.001,-0.0757580291470116,-4.27264393260016E-11));
#12445=CARTESIAN_POINT('',(0.00100000000000523,-0.0757580291459055,-0.000836247156130411));
#12446=CARTESIAN_POINT('',(-0.00099999999999514,-0.0757580291459055,-0.000836247156130411));
#12447=CARTESIAN_POINT('',(0.00100000000000375,-0.0756439936276643,-0.00227072228057491));
#12448=CARTESIAN_POINT('',(-0.000999999999996612,-0.0756439936276643,-0.00227072228057491));
#12449=CARTESIAN_POINT('',(0.000999999999999699,-0.0751207470517647,-0.00380069687164509));
#12450=CARTESIAN_POINT('',(-0.00100000000000067,-0.0751207470517647,-0.00380069687164509));
#12451=CARTESIAN_POINT('',(0.000999999999999627,-0.0742461879331652,-0.00488901236996394));
#12452=CARTESIAN_POINT('',(-0.00100000000000074,-0.0742461879331652,-0.00488901236996394));
#12453=CARTESIAN_POINT('',(0.000999999999996882,-0.0727846220040247,-0.00573046350651452));
#12454=CARTESIAN_POINT('',(-0.00100000000000348,-0.0727846220040247,-0.00573046350651452));
#12455=CARTESIAN_POINT('',(0.00100000000001496,-0.0705058202337698,-0.00636998454691427));
#12456=CARTESIAN_POINT('',(-0.000999999999985409,-0.0705058202337698,-0.00636998454691427));
#12457=CARTESIAN_POINT('',(0.000999999999999709,-0.0663105180264171,-0.00690599620816823));
#12458=CARTESIAN_POINT('',(-0.00100000000000066,-0.0663105180264171,-0.00690599620816823));
#12459=CARTESIAN_POINT('',(0.000999999999959831,-0.0617711715595486,-0.00700000000042109));
#12460=CARTESIAN_POINT('',(-0.00100000000004053,-0.0617711715595486,-0.00700000000042109));
#12461=CARTESIAN_POINT('',(0.00100000000000037,-0.0580330085889953,-0.007));
#12462=CARTESIAN_POINT('',(-0.001,-0.0580330085889953,-0.007));
#12463=CARTESIAN_POINT('',(0.00100000000000078,-0.0580330085889911,-0.009));
#12464=CARTESIAN_POINT('',(-0.001,-0.0580330085889911,-0.009));
#12465=CARTESIAN_POINT('',(0.000999999999934924,-0.0617948456115618,-0.00900000000043594));
#12466=CARTESIAN_POINT('',(-0.00100000000006586,-0.0617948456115618,-0.00900000000043594));
#12467=CARTESIAN_POINT('',(0.00100000000000771,-0.0663914404915383,-0.00890650379141678));
#12468=CARTESIAN_POINT('',(-0.000999999999993072,-0.0663914404915383,-0.00890650379141678));
#12469=CARTESIAN_POINT('',(0.00100000000001117,-0.0708570847735637,-0.00834876545730279));
#12470=CARTESIAN_POINT('',(-0.000999999999989608,-0.0708570847735637,-0.00834876545730279));
#12471=CARTESIAN_POINT('',(0.000999999999998465,-0.0734907907162118,-0.00762891149932596));
#12472=CARTESIAN_POINT('',(-0.00100000000000232,-0.0734907907162118,-0.00762891149932596));
#12473=CARTESIAN_POINT('',(0.000999999999999579,-0.0755354824988823,-0.00645473764081805));
#12474=CARTESIAN_POINT('',(-0.0010000000000012,-0.0755354824988823,-0.00645473764081805));
#12475=CARTESIAN_POINT('',(0.00100000000000159,-0.0769378832536949,-0.00475399064406244));
#12476=CARTESIAN_POINT('',(-0.000999999999999194,-0.0769378832536949,-0.00475399064406244));
#12477=CARTESIAN_POINT('',(0.000999999999998716,-0.077639250882598,-0.00260427774502304));
#12478=CARTESIAN_POINT('',(-0.00100000000000207,-0.077639250882598,-0.00260427774502304));
#12479=CARTESIAN_POINT('',(0.000999999999998646,-0.0777580291490001,-0.000913752882171041));
#12480=CARTESIAN_POINT('',(-0.00100000000000214,-0.0777580291490001,-0.000913752882171041));
#12481=CARTESIAN_POINT('',(0.00100000000000078,-0.0777580291470116,-8.45677694538693E-18));
#12482=CARTESIAN_POINT('',(-0.001,-0.0777580291470116,-8.45677694538693E-18));
#12483=CARTESIAN_POINT('',(-1.31166044629118E-17,-0.0530330085889911,-0.007));
#12484=CARTESIAN_POINT('',(0.0191804451047692,-0.0408044729061961,-4.27264393491024E-11));
#12485=CARTESIAN_POINT('',(0.0201804451047694,-0.0425365237137653,-4.27264393491024E-11));
#12486=CARTESIAN_POINT('',(0.0191804451038088,-0.040804472906745,-0.000836247156130411));
#12487=CARTESIAN_POINT('',(0.020180445103809,-0.0425365237143141,-0.000836247156130411));
#12488=CARTESIAN_POINT('',(0.019081687448079,-0.0408614906658668,-0.00227072228057491));
#12489=CARTESIAN_POINT('',(0.0200816874480791,-0.042593541473436,-0.00227072228057491));
#12490=CARTESIAN_POINT('',(0.0186285426209087,-0.0411231139538201,-0.00380069687164509));
#12491=CARTESIAN_POINT('',(0.0196285426209089,-0.0428551647613893,-0.00380069687164509));
#12492=CARTESIAN_POINT('',(0.0178711522070902,-0.0415603935131199,-0.00488901236996394));
#12493=CARTESIAN_POINT('',(0.0188711522070904,-0.0432924443206891,-0.00488901236996394));
#12494=CARTESIAN_POINT('',(0.0166053989831501,-0.0422911764776925,-0.00573046350651452));
#12495=CARTESIAN_POINT('',(0.0176053989831503,-0.0440232272852617,-0.00573046350651452));
#12496=CARTESIAN_POINT('',(0.0146318987599114,-0.0434305773628043,-0.00636998454691427));
#12497=CARTESIAN_POINT('',(0.0156318987599116,-0.0451626281703735,-0.00636998454691427));
#12498=CARTESIAN_POINT('',(0.0109986604717988,-0.0455282284664939,-0.00690599620816824));
#12499=CARTESIAN_POINT('',(0.011998660471799,-0.0472602792740631,-0.00690599620816824));
#12500=CARTESIAN_POINT('',(0.00706747111493136,-0.0477979016999627,-0.00700000000042109));
#12501=CARTESIAN_POINT('',(0.00806747111493155,-0.0495299525075318,-0.00700000000042109));
#12502=CARTESIAN_POINT('',(0.00383012701892561,-0.0496669831852042,-0.007));
#12503=CARTESIAN_POINT('',(0.0048301270189258,-0.0513990339927734,-0.007));
#12504=CARTESIAN_POINT('',(0.00383012701892182,-0.049666983185206,-0.009));
#12505=CARTESIAN_POINT('',(0.00483012701892219,-0.0513990339927755,-0.009));
#12506=CARTESIAN_POINT('',(0.00708797344539782,-0.0477860646739776,-0.00900000000043594));
#12507=CARTESIAN_POINT('',(0.00808797344539819,-0.0495181154815472,-0.00900000000043594));
#12508=CARTESIAN_POINT('',(0.0110687413823266,-0.0454877672339264,-0.00890650379141678));
#12509=CARTESIAN_POINT('',(0.0120687413823269,-0.0472198180414959,-0.00890650379141678));
#12510=CARTESIAN_POINT('',(0.0149361027748235,-0.0432549450929107,-0.00834876545730279));
#12511=CARTESIAN_POINT('',(0.0159361027748239,-0.0449869959004802,-0.00834876545730279));
#12512=CARTESIAN_POINT('',(0.0172169590272612,-0.0419380921215976,-0.00762891149932597));
#12513=CARTESIAN_POINT('',(0.0182169590272615,-0.0436701429291672,-0.00762891149932597));
#12514=CARTESIAN_POINT('',(0.0189877140539626,-0.0409157462302614,-0.00645473764081805));
#12515=CARTESIAN_POINT('',(0.019987714053963,-0.0426477970378309,-0.00645473764081805));
#12516=CARTESIAN_POINT('',(0.0202022287339157,-0.0402145458528534,-0.00475399064406244));
#12517=CARTESIAN_POINT('',(0.0212022287339161,-0.0419465966604229,-0.00475399064406244));
#12518=CARTESIAN_POINT('',(0.0208096309179393,-0.0398638620384043,-0.00260427774502304));
#12519=CARTESIAN_POINT('',(0.0218096309179397,-0.0415959128459738,-0.00260427774502304));
#12520=CARTESIAN_POINT('',(0.020912495914061,-0.0398044729052034,-0.00091375288217104));
#12521=CARTESIAN_POINT('',(0.0219124959140614,-0.0415365237127729,-0.00091375288217104));
#12522=CARTESIAN_POINT('',(0.0209124959123379,-0.0398044729061958,-8.56519716263549E-18));
#12523=CARTESIAN_POINT('',(0.0219124959123383,-0.0415365237137653,-8.56519716616319E-18));
#12524=CARTESIAN_POINT('',(-1.31166044629118E-17,-0.0530330085889911,-0.007));
#12525=CARTESIAN_POINT('',(-0.00100000000000037,-0.0303079880309705,-4.2726439467174E-11));
#12526=CARTESIAN_POINT('',(0.000999999999999994,-0.0303079880309705,-4.2726439467174E-11));
#12527=CARTESIAN_POINT('',(-0.00100000000000524,-0.0303079880320767,-0.00083624715613041));
#12528=CARTESIAN_POINT('',(0.00099999999999513,-0.0303079880320767,-0.00083624715613041));
#12529=CARTESIAN_POINT('',(-0.00100000000000377,-0.0304220235503179,-0.0022707222805749));
#12530=CARTESIAN_POINT('',(0.000999999999996597,-0.0304220235503179,-0.0022707222805749));
#12531=CARTESIAN_POINT('',(-0.000999999999999717,-0.0309452701262175,-0.00380069687164509));
#12532=CARTESIAN_POINT('',(0.00100000000000065,-0.0309452701262175,-0.00380069687164509));
#12533=CARTESIAN_POINT('',(-0.000999999999999644,-0.031819829244817,-0.00488901236996393));
#12534=CARTESIAN_POINT('',(0.00100000000000072,-0.031819829244817,-0.00488901236996393));
#12535=CARTESIAN_POINT('',(-0.000999999999996899,-0.0332813951739575,-0.00573046350651451));
#12536=CARTESIAN_POINT('',(0.00100000000000347,-0.0332813951739575,-0.00573046350651451));
#12537=CARTESIAN_POINT('',(-0.00100000000001498,-0.0355601969442124,-0.00636998454691427));
#12538=CARTESIAN_POINT('',(0.000999999999985392,-0.0355601969442124,-0.00636998454691427));
#12539=CARTESIAN_POINT('',(-0.00099999999999973,-0.0397554991515649,-0.00690599620816824));
#12540=CARTESIAN_POINT('',(0.00100000000000064,-0.0397554991515649,-0.00690599620816824));
#12541=CARTESIAN_POINT('',(-0.000999999999959851,-0.0442948456184336,-0.00700000000042109));
#12542=CARTESIAN_POINT('',(0.00100000000004052,-0.0442948456184336,-0.00700000000042109));
#12543=CARTESIAN_POINT('',(-0.00100000000000038,-0.0480330085889869,-0.007));
#12544=CARTESIAN_POINT('',(0.000999999999999983,-0.0480330085889869,-0.007));
#12545=CARTESIAN_POINT('',(-0.0010000000000008,-0.0480330085889911,-0.009));
#12546=CARTESIAN_POINT('',(0.000999999999999976,-0.0480330085889911,-0.009));
#12547=CARTESIAN_POINT('',(-0.000999999999934942,-0.0442711715664203,-0.00900000000043594));
#12548=CARTESIAN_POINT('',(0.00100000000006583,-0.0442711715664204,-0.00900000000043594));
#12549=CARTESIAN_POINT('',(-0.00100000000000773,-0.0396745766864438,-0.00890650379141678));
#12550=CARTESIAN_POINT('',(0.000999999999993046,-0.0396745766864439,-0.00890650379141678));
#12551=CARTESIAN_POINT('',(-0.00100000000001119,-0.0352089324044184,-0.00834876545730278));
#12552=CARTESIAN_POINT('',(0.000999999999989583,-0.0352089324044185,-0.00834876545730278));
#12553=CARTESIAN_POINT('',(-0.000999999999998483,-0.0325752264617703,-0.00762891149932597));
#12554=CARTESIAN_POINT('',(0.00100000000000229,-0.0325752264617704,-0.00762891149932597));
#12555=CARTESIAN_POINT('',(-0.000999999999999595,-0.0305305346790998,-0.00645473764081805));
#12556=CARTESIAN_POINT('',(0.00100000000000118,-0.0305305346790999,-0.00645473764081805));
#12557=CARTESIAN_POINT('',(-0.0010000000000016,-0.0291281339242873,-0.00475399064406244));
#12558=CARTESIAN_POINT('',(0.000999999999999171,-0.0291281339242873,-0.00475399064406244));
#12559=CARTESIAN_POINT('',(-0.000999999999998731,-0.0284267662953842,-0.00260427774502304));
#12560=CARTESIAN_POINT('',(0.00100000000000204,-0.0284267662953842,-0.00260427774502304));
#12561=CARTESIAN_POINT('',(-0.000999999999998656,-0.0283079880289821,-0.000913752882171036));
#12562=CARTESIAN_POINT('',(0.00100000000000212,-0.0283079880289821,-0.000913752882171036));
#12563=CARTESIAN_POINT('',(-0.00100000000000079,-0.0283079880309706,-3.79470760369927E-18));
#12564=CARTESIAN_POINT('',(0.000999999999999987,-0.0283079880309706,-3.79470759766843E-18));
#12565=CARTESIAN_POINT('',(-1.31166044629118E-17,-0.0530330085889911,-0.007));
#12566=CARTESIAN_POINT('',(-0.0033,-0.053033008588991,-0.007));
#12567=CARTESIAN_POINT('',(0.00164999999999997,-0.0558908924214797,-0.007));
#12568=CARTESIAN_POINT('',(0.00165,-0.0501751247565024,-0.007));
#12569=CARTESIAN_POINT('',(-1.31166044629118E-17,-0.0530330085889911,-0.007));
#12570=CARTESIAN_POINT('',(0.00383012701892221,0.0496669831852067,-0.008));
#12571=CARTESIAN_POINT('',(0.0038301270189222,0.0496669831852066,-0.007));
#12572=CARTESIAN_POINT('',(0.0070674711217811,0.0477979016959171,-0.00700000000042114));
#12573=CARTESIAN_POINT('',(0.00968768987535297,0.0462851176932267,-0.00693670222992168));
#12574=CARTESIAN_POINT('',(0.0138581923187593,0.043877276984919,-0.00653883880798322));
#12575=CARTESIAN_POINT('',(0.0154061087750473,0.042983587002179,-0.0061973659541839));
#12576=CARTESIAN_POINT('',(0.0175687735524436,0.0417349719107716,-0.0051962510140079));
#12577=CARTESIAN_POINT('',(0.0181732679368823,0.0413859669152046,-0.00459009928755198));
#12578=CARTESIAN_POINT('',(0.0189824021248888,0.0409188130739346,-0.00286407472508445));
#12579=CARTESIAN_POINT('',(0.0191804451062496,0.0408044729053717,-0.0016724942385575));
#12580=CARTESIAN_POINT('',(0.0191804451047694,0.0408044729061964,-4.8637618878513E-18));
#12581=CARTESIAN_POINT('',(0.0038301270189222,0.0496669831852066,-0.007));
#12582=CARTESIAN_POINT('',(0.00296410161513777,0.0501669831852066,-0.007));
#12583=CARTESIAN_POINT('',(0.00374264068711931,0.0497174934424235,-0.007));
#12584=CARTESIAN_POINT('',(0.00374264068711932,0.0497174934424235,-0.007));
#12585=CARTESIAN_POINT('',(0.00374264068711931,0.0497174934424235,-0.009));
#12586=CARTESIAN_POINT('',(0.00296410161513777,0.0501669831852066,-0.009));
#12587=CARTESIAN_POINT('',(0.00383012701892221,0.0496669831852067,-0.009));
#12588=CARTESIAN_POINT('',(0.00383012701892221,0.0496669831852067,-0.009));
#12589=CARTESIAN_POINT('',(0.00708797344533335,0.047786064673866,-0.00900000000043594));
#12590=CARTESIAN_POINT('',(0.00974239289000187,0.0462535348929972,-0.00893829777102194));
#12591=CARTESIAN_POINT('',(0.0140887157058881,0.0437441842453022,-0.00852366119107321));
#12592=CARTESIAN_POINT('',(0.0157829863013852,0.042765996660893,-0.00817763404835417));
#12593=CARTESIAN_POINT('',(0.0184808980112258,0.0412083566089625,-0.00692874898345406));
#12594=CARTESIAN_POINT('',(0.0194947930427085,0.0406229840396063,-0.0059724007163109));
#12595=CARTESIAN_POINT('',(0.0207072935931471,0.0399229465204215,-0.00338592527105272));
#12596=CARTESIAN_POINT('',(0.020912495915781,0.0398044729042013,-0.00182750576434206));
#12597=CARTESIAN_POINT('',(0.0209124959123382,0.0398044729061964,-4.89963096214249E-18));
#12598=CARTESIAN_POINT('',(0.00483012701892221,0.0513990339927755,-0.008));
#12599=CARTESIAN_POINT('',(0.00483012701892221,0.0513990339927755,-0.009));
#12600=CARTESIAN_POINT('',(0.00808797344533233,0.0495181154814308,-0.00900000000043594));
#12601=CARTESIAN_POINT('',(0.0107423928899998,0.0479855857005655,-0.00893829777102194));
#12602=CARTESIAN_POINT('',(0.0150887157058901,0.0454762350528717,-0.00852366119107321));
#12603=CARTESIAN_POINT('',(0.0167829863013877,0.0444980474684626,-0.00817763404835417));
#12604=CARTESIAN_POINT('',(0.0194808980112234,0.0429404074165306,-0.00692874898345406));
#12605=CARTESIAN_POINT('',(0.0204947930427074,0.0423550348471793,-0.00597240071631089));
#12606=CARTESIAN_POINT('',(0.0217072935931482,0.0416549973279863,-0.00338592527105272));
#12607=CARTESIAN_POINT('',(0.0219124959157795,0.041536523711776,-0.00182750576434207));
#12608=CARTESIAN_POINT('',(0.0219124959123382,0.0415365237137653,-5.17208363070941E-18));
#12609=CARTESIAN_POINT('',(0.00483012701892221,0.0513990339927755,-0.009));
#12610=CARTESIAN_POINT('',(0.00396410161513777,0.0518990339927755,-0.009));
#12611=CARTESIAN_POINT('',(0.0047426406871193,0.0514495442499923,-0.009));
#12612=CARTESIAN_POINT('',(0.0047426406871193,0.0514495442499923,-0.007));
#12613=CARTESIAN_POINT('',(0.0047426406871193,0.0514495442499923,-0.007));
#12614=CARTESIAN_POINT('',(0.00396410161513777,0.0518990339927755,-0.007));
#12615=CARTESIAN_POINT('',(0.00483012701892221,0.0513990339927755,-0.007));
#12616=CARTESIAN_POINT('',(0.00483012701892221,0.0513990339927755,-0.007));
#12617=CARTESIAN_POINT('',(0.00806747112177908,0.0495299525034825,-0.00700000000042114));
#12618=CARTESIAN_POINT('',(0.010687689875353,0.0480171685007956,-0.00693670222992168));
#12619=CARTESIAN_POINT('',(0.0148581923187593,0.0456093277924879,-0.00653883880798322));
#12620=CARTESIAN_POINT('',(0.0164061087750485,0.0447156378097482,-0.0061973659541839));
#12621=CARTESIAN_POINT('',(0.0185687735524424,0.0434670227183401,-0.0051962510140079));
#12622=CARTESIAN_POINT('',(0.0191732679368814,0.0431180177227688,-0.00459009928755197));
#12623=CARTESIAN_POINT('',(0.0199824021248898,0.0426508638815081,-0.00286407472508444));
#12624=CARTESIAN_POINT('',(0.020180445106229,0.0425365237129351,-0.0016724942385575));
#12625=CARTESIAN_POINT('',(0.0201804451047694,0.0425365237137653,-5.13621455641822E-18));
#12626=CARTESIAN_POINT('',(0.0048301270189222,0.0546669831852066,-0.008));
#12627=CARTESIAN_POINT('',(0.0048301270189222,0.0546669831852066,-0.007));
#12628=CARTESIAN_POINT('',(0.00806747112181961,0.0565360646744294,-0.00700000000042114));
#12629=CARTESIAN_POINT('',(0.0106876898753741,0.0580488486771499,-0.00693670222992168));
#12630=CARTESIAN_POINT('',(0.0148581923187381,0.060456689385531,-0.00653883880798322));
#12631=CARTESIAN_POINT('',(0.0164061087750426,0.0613503793682423,-0.0061973659541839));
#12632=CARTESIAN_POINT('',(0.0185687735524483,0.0625989944596337,-0.00519625101400791));
#12633=CARTESIAN_POINT('',(0.0191732679368763,0.0629479994552191,-0.00459009928755198));
#12634=CARTESIAN_POINT('',(0.0199824021248948,0.0634151532964683,-0.00286407472508445));
#12635=CARTESIAN_POINT('',(0.0201804451062237,0.0635294934650865,-0.00167249423855751));
#12636=CARTESIAN_POINT('',(0.0201804451047694,0.0635294934642169,-6.83164880588069E-18));
#12637=CARTESIAN_POINT('',(0.0048301270189222,0.0546669831852066,-0.007));
#12638=CARTESIAN_POINT('',(0.00396410161513776,0.0541669831852066,-0.007));
#12639=CARTESIAN_POINT('',(0.00474264068711928,0.0546164729279898,-0.007));
#12640=CARTESIAN_POINT('',(0.00474264068711928,0.0546164729279898,-0.007));
#12641=CARTESIAN_POINT('',(0.00474264068711928,0.0546164729279898,-0.009));
#12642=CARTESIAN_POINT('',(0.00396410161513776,0.0541669831852066,-0.009));
#12643=CARTESIAN_POINT('',(0.0048301270189222,0.0546669831852066,-0.009));
#12644=CARTESIAN_POINT('',(0.0048301270189222,0.0546669831852066,-0.009));
#12645=CARTESIAN_POINT('',(0.00808797344539717,0.0565479016964367,-0.00900000000043594));
#12646=CARTESIAN_POINT('',(0.01074239289002,0.0580804314773847,-0.00893829777102194));
#12647=CARTESIAN_POINT('',(0.0150887157058699,0.0605897821251425,-0.00852366119107321));
#12648=CARTESIAN_POINT('',(0.0167829863013833,0.0615679697095234,-0.00817763404835417));
#12649=CARTESIAN_POINT('',(0.0194808980112277,0.0631256097614477,-0.00692874898345406));
#12650=CARTESIAN_POINT('',(0.02049479304271,0.0637109823308044,-0.0059724007163109));
#12651=CARTESIAN_POINT('',(0.0217072935931456,0.0644110198499944,-0.00338592527105273));
#12652=CARTESIAN_POINT('',(0.0219124959157874,0.0645294934662009,-0.00182750576434207));
#12653=CARTESIAN_POINT('',(0.0219124959123382,0.0645294934642169,-7.04070909141898E-18));
#12654=CARTESIAN_POINT('',(0.0038301270189222,0.0563990339927755,-0.008));
#12655=CARTESIAN_POINT('',(0.0038301270189222,0.0563990339927755,-0.009));
#12656=CARTESIAN_POINT('',(0.00708797344540019,0.0582799525040027,-0.00900000000043594));
#12657=CARTESIAN_POINT('',(0.00974239289001945,0.0598124822849515,-0.00893829777102194));
#12658=CARTESIAN_POINT('',(0.0140887157058704,0.0623218329327135,-0.00852366119107321));
#12659=CARTESIAN_POINT('',(0.015782986301384,0.0633000205170948,-0.00817763404835417));
#12660=CARTESIAN_POINT('',(0.018480898011227,0.064857660569014,-0.00692874898345406));
#12661=CARTESIAN_POINT('',(0.0194947930427059,0.0654430331383744,-0.00597240071631089));
#12662=CARTESIAN_POINT('',(0.0207072935931497,0.0661430706575622,-0.00338592527105272));
#12663=CARTESIAN_POINT('',(0.0209124959157816,0.0662615442737713,-0.00182750576434208));
#12664=CARTESIAN_POINT('',(0.0209124959123382,0.0662615442717858,-7.3131617599859E-18));
#12665=CARTESIAN_POINT('',(0.0038301270189222,0.0563990339927755,-0.009));
#12666=CARTESIAN_POINT('',(0.00296410161513776,0.0558990339927755,-0.009));
#12667=CARTESIAN_POINT('',(0.00374264068711927,0.0563485237355587,-0.009));
#12668=CARTESIAN_POINT('',(0.00374264068711928,0.0563485237355587,-0.007));
#12669=CARTESIAN_POINT('',(0.00374264068711927,0.0563485237355587,-0.007));
#12670=CARTESIAN_POINT('',(0.00296410161513776,0.0558990339927755,-0.007));
#12671=CARTESIAN_POINT('',(0.0038301270189222,0.0563990339927755,-0.007));
#12672=CARTESIAN_POINT('',(0.0038301270189222,0.0563990339927755,-0.007));
#12673=CARTESIAN_POINT('',(0.00706747112182161,0.0582681154819948,-0.00700000000042114));
#12674=CARTESIAN_POINT('',(0.00968768987537413,0.0597808994847187,-0.00693670222992168));
#12675=CARTESIAN_POINT('',(0.0138581923187381,0.0621887401930998,-0.00653883880798322));
#12676=CARTESIAN_POINT('',(0.0154061087750429,0.0630824301758124,-0.0061973659541839));
#12677=CARTESIAN_POINT('',(0.017568773552448,0.0643310452672013,-0.00519625101400791));
#12678=CARTESIAN_POINT('',(0.0181732679368798,0.0646800502627848,-0.00459009928755197));
#12679=CARTESIAN_POINT('',(0.0189824021248913,0.0651472041040403,-0.00286407472508444));
#12680=CARTESIAN_POINT('',(0.0191804451062181,0.0652615442726347,-0.0016724942385575));
#12681=CARTESIAN_POINT('',(0.0191804451047694,0.0652615442717858,-7.10410147444761E-18));
#12682=CARTESIAN_POINT('',(-0.00383012701892222,0.0563990339927755,-0.008));
#12683=CARTESIAN_POINT('',(-0.00383012701892221,0.0563990339927755,-0.007));
#12684=CARTESIAN_POINT('',(-0.0070674711217811,0.058268115482065,-0.00700000000042114));
#12685=CARTESIAN_POINT('',(-0.00968768987535297,0.0597808994847554,-0.00693670222992168));
#12686=CARTESIAN_POINT('',(-0.0138581923187593,0.0621887401930631,-0.00653883880798322));
#12687=CARTESIAN_POINT('',(-0.0154061087750473,0.0630824301758031,-0.0061973659541839));
#12688=CARTESIAN_POINT('',(-0.0175687735524436,0.0643310452672106,-0.00519625101400791));
#12689=CARTESIAN_POINT('',(-0.0181732679368823,0.0646800502627775,-0.00459009928755198));
#12690=CARTESIAN_POINT('',(-0.0189824021248888,0.0651472041040475,-0.00286407472508445));
#12691=CARTESIAN_POINT('',(-0.0191804451062496,0.0652615442726104,-0.00167249423855751));
#12692=CARTESIAN_POINT('',(-0.0191804451047694,0.0652615442717857,-6.98163679453288E-18));
#12693=CARTESIAN_POINT('',(-0.00383012701892221,0.0563990339927755,-0.007));
#12694=CARTESIAN_POINT('',(-0.00296410161513777,0.0558990339927755,-0.007));
#12695=CARTESIAN_POINT('',(-0.00374264068711929,0.0563485237355587,-0.007));
#12696=CARTESIAN_POINT('',(-0.00374264068711931,0.0563485237355587,-0.007));
#12697=CARTESIAN_POINT('',(-0.00374264068711929,0.0563485237355587,-0.009));
#12698=CARTESIAN_POINT('',(-0.00296410161513777,0.0558990339927755,-0.009));
#12699=CARTESIAN_POINT('',(-0.00383012701892222,0.0563990339927755,-0.009));
#12700=CARTESIAN_POINT('',(-0.00383012701892222,0.0563990339927755,-0.009));
#12701=CARTESIAN_POINT('',(-0.00708797344533335,0.0582799525041162,-0.00900000000043594));
#12702=CARTESIAN_POINT('',(-0.00974239289000187,0.0598124822849849,-0.00893829777102194));
#12703=CARTESIAN_POINT('',(-0.0140887157058881,0.0623218329326799,-0.00852366119107321));
#12704=CARTESIAN_POINT('',(-0.0157829863013852,0.0633000205170891,-0.00817763404835417));
#12705=CARTESIAN_POINT('',(-0.0184808980112258,0.0648576605690197,-0.00692874898345406));
#12706=CARTESIAN_POINT('',(-0.0194947930427085,0.0654430331383758,-0.0059724007163109));
#12707=CARTESIAN_POINT('',(-0.0207072935931471,0.0661430706575607,-0.00338592527105273));
#12708=CARTESIAN_POINT('',(-0.020912495915781,0.0662615442737808,-0.00182750576434207));
#12709=CARTESIAN_POINT('',(-0.0209124959123382,0.0662615442717857,-7.19069708007116E-18));
#12710=CARTESIAN_POINT('',(-0.00483012701892221,0.0546669831852066,-0.008));
#12711=CARTESIAN_POINT('',(-0.00483012701892221,0.0546669831852066,-0.009));
#12712=CARTESIAN_POINT('',(-0.00808797344533234,0.0565479016965513,-0.00900000000043594));
#12713=CARTESIAN_POINT('',(-0.0107423928899998,0.0580804314774166,-0.00893829777102194));
#12714=CARTESIAN_POINT('',(-0.0150887157058901,0.0605897821251105,-0.00852366119107321));
#12715=CARTESIAN_POINT('',(-0.0167829863013877,0.0615679697095195,-0.00817763404835417));
#12716=CARTESIAN_POINT('',(-0.0194808980112234,0.0631256097614515,-0.00692874898345406));
#12717=CARTESIAN_POINT('',(-0.0204947930427074,0.0637109823308028,-0.00597240071631089));
#12718=CARTESIAN_POINT('',(-0.0217072935931482,0.0644110198499959,-0.00338592527105272));
#12719=CARTESIAN_POINT('',(-0.0219124959157795,0.0645294934662061,-0.00182750576434208));
#12720=CARTESIAN_POINT('',(-0.0219124959123382,0.0645294934642169,-7.16317377133371E-18));
#12721=CARTESIAN_POINT('',(-0.00483012701892221,0.0546669831852066,-0.009));
#12722=CARTESIAN_POINT('',(-0.00396410161513777,0.0541669831852066,-0.009));
#12723=CARTESIAN_POINT('',(-0.00474264068711929,0.0546164729279898,-0.009));
#12724=CARTESIAN_POINT('',(-0.00474264068711929,0.0546164729279898,-0.007));
#12725=CARTESIAN_POINT('',(-0.00474264068711929,0.0546164729279898,-0.007));
#12726=CARTESIAN_POINT('',(-0.00396410161513777,0.0541669831852066,-0.007));
#12727=CARTESIAN_POINT('',(-0.00483012701892221,0.0546669831852066,-0.007));
#12728=CARTESIAN_POINT('',(-0.00483012701892221,0.0546669831852066,-0.007));
#12729=CARTESIAN_POINT('',(-0.00806747112177908,0.0565360646744996,-0.00700000000042114));
#12730=CARTESIAN_POINT('',(-0.010687689875353,0.0580488486771865,-0.00693670222992168));
#12731=CARTESIAN_POINT('',(-0.0148581923187593,0.0604566893854943,-0.00653883880798322));
#12732=CARTESIAN_POINT('',(-0.0164061087750485,0.0613503793682339,-0.0061973659541839));
#12733=CARTESIAN_POINT('',(-0.0185687735524424,0.062598994459642,-0.00519625101400791));
#12734=CARTESIAN_POINT('',(-0.0191732679368813,0.0629479994552133,-0.00459009928755197));
#12735=CARTESIAN_POINT('',(-0.0199824021248898,0.063415153296474,-0.00286407472508444));
#12736=CARTESIAN_POINT('',(-0.020180445106229,0.0635294934650471,-0.0016724942385575));
#12737=CARTESIAN_POINT('',(-0.0201804451047694,0.0635294934642169,-6.95411348579543E-18));
#12738=CARTESIAN_POINT('',(0.000999999999999982,0.0580330085889911,-0.008));
#12739=CARTESIAN_POINT('',(0.000999999999999989,0.0580330085889911,-0.007));
#12740=CARTESIAN_POINT('',(0.00100000000003851,0.0617711715675034,-0.00700000000042114));
#12741=CARTESIAN_POINT('',(0.00100000000002117,0.0647967395729142,-0.00693670222992168));
#12742=CARTESIAN_POINT('',(0.000999999999978812,0.069612420989603,-0.00653883880798322));
#12743=CARTESIAN_POINT('',(0.00099999999999536,0.0713998009550544,-0.0061973659541839));
#12744=CARTESIAN_POINT('',(0.00100000000000464,0.0738970311378532,-0.00519625101400791));
#12745=CARTESIAN_POINT('',(0.00099999999999397,0.0745950411290056,-0.00459009928755198));
#12746=CARTESIAN_POINT('',(0.00100000000000599,0.0755293488115248,-0.00286407472508445));
#12747=CARTESIAN_POINT('',(0.000999999999974062,0.0757580291487058,-0.00167249423855751));
#12748=CARTESIAN_POINT('',(0.001,0.0757580291470116,-7.89058625922148E-18));
#12749=CARTESIAN_POINT('',(0.000999999999999989,0.0580330085889911,-0.007));
#12750=CARTESIAN_POINT('',(0.001,0.0570330085889911,-0.007));
#12751=CARTESIAN_POINT('',(0.001,0.0579319880745574,-0.007));
#12752=CARTESIAN_POINT('',(0.000999999999999982,0.0579319880745574,-0.007));
#12753=CARTESIAN_POINT('',(0.001,0.0579319880745574,-0.009));
#12754=CARTESIAN_POINT('',(0.001,0.0570330085889911,-0.009));
#12755=CARTESIAN_POINT('',(0.000999999999999982,0.0580330085889911,-0.009));
#12756=CARTESIAN_POINT('',(0.000999999999999982,0.0580330085889911,-0.009));
#12757=CARTESIAN_POINT('',(0.00100000000006382,0.0617948456115618,-0.00900000000043594));
#12758=CARTESIAN_POINT('',(0.00100000000001814,0.0648599051733785,-0.00893829777102194));
#12759=CARTESIAN_POINT('',(0.000999999999981837,0.0698786064688314,-0.00852366119107321));
#12760=CARTESIAN_POINT('',(0.000999999999998143,0.0718349816376214,-0.00817763404835417));
#12761=CARTESIAN_POINT('',(0.00100000000000185,0.0749502617414763,-0.00692874898345406));
#12762=CARTESIAN_POINT('',(0.0010000000000015,0.0761210068801892,-0.0059724007163109));
#12763=CARTESIAN_POINT('',(0.000999999999998479,0.077521081918564,-0.00338592527105273));
#12764=CARTESIAN_POINT('',(0.00100000000000638,0.0777580291509906,-0.00182750576434207));
#12765=CARTESIAN_POINT('',(0.000999999999999984,0.0777580291470116,-8.18624215038332E-18));
#12766=CARTESIAN_POINT('',(-0.001,0.0580330085889911,-0.008));
#12767=CARTESIAN_POINT('',(-0.001,0.0580330085889911,-0.009));
#12768=CARTESIAN_POINT('',(-0.000999999999932146,0.061794845611563,-0.00900000000043594));
#12769=CARTESIAN_POINT('',(-0.000999999999980345,0.064859905173377,-0.00893829777102194));
#12770=CARTESIAN_POINT('',(-0.00100000000001968,0.0698786064688329,-0.00852366119107321));
#12771=CARTESIAN_POINT('',(-0.00100000000000371,0.0718349816376233,-0.00817763404835417));
#12772=CARTESIAN_POINT('',(-0.000999999999996296,0.0749502617414744,-0.00692874898345406));
#12773=CARTESIAN_POINT('',(-0.00100000000000151,0.0761210068801862,-0.00597240071631089));
#12774=CARTESIAN_POINT('',(-0.000999999999998504,0.0775210819185671,-0.00338592527105272));
#12775=CARTESIAN_POINT('',(-0.000999999999997873,0.0777580291509864,-0.00182750576434208));
#12776=CARTESIAN_POINT('',(-0.001,0.0777580291470116,-8.30870683029805E-18));
#12777=CARTESIAN_POINT('',(-0.001,0.0580330085889911,-0.009));
#12778=CARTESIAN_POINT('',(-0.001,0.0570330085889911,-0.009));
#12779=CARTESIAN_POINT('',(-0.001,0.0579319880745574,-0.009));
#12780=CARTESIAN_POINT('',(-0.001,0.0579319880745574,-0.007));
#12781=CARTESIAN_POINT('',(-0.001,0.0579319880745574,-0.007));
#12782=CARTESIAN_POINT('',(-0.001,0.0570330085889911,-0.007));
#12783=CARTESIAN_POINT('',(-0.001,0.0580330085889911,-0.007));
#12784=CARTESIAN_POINT('',(-0.001,0.0580330085889911,-0.007));
#12785=CARTESIAN_POINT('',(-0.000999999999957466,0.0617711715675034,-0.00700000000042114));
#12786=CARTESIAN_POINT('',(-0.000999999999978832,0.0647967395729142,-0.00693670222992168));
#12787=CARTESIAN_POINT('',(-0.00100000000002119,0.069612420989603,-0.00653883880798322));
#12788=CARTESIAN_POINT('',(-0.00100000000000556,0.0713998009550553,-0.0061973659541839));
#12789=CARTESIAN_POINT('',(-0.000999999999994436,0.0738970311378523,-0.00519625101400791));
#12790=CARTESIAN_POINT('',(-0.00100000000000151,0.0745950411290071,-0.00459009928755198));
#12791=CARTESIAN_POINT('',(-0.000999999999998511,0.0755293488115233,-0.00286407472508444));
#12792=CARTESIAN_POINT('',(-0.00100000000001081,0.0757580291486907,-0.0016724942385575));
#12793=CARTESIAN_POINT('',(-0.001,0.0757580291470116,-8.01305093913622E-18));
#12794=CARTESIAN_POINT('',(-0.0048301270189222,0.0513990339927755,-0.008));
#12795=CARTESIAN_POINT('',(-0.0048301270189222,0.0513990339927755,-0.007));
#12796=CARTESIAN_POINT('',(-0.00806747112181962,0.0495299525035527,-0.00700000000042114));
#12797=CARTESIAN_POINT('',(-0.0106876898753741,0.0480171685008323,-0.00693670222992168));
#12798=CARTESIAN_POINT('',(-0.0148581923187381,0.0456093277924512,-0.00653883880798322));
#12799=CARTESIAN_POINT('',(-0.0164061087750426,0.0447156378097398,-0.0061973659541839));
#12800=CARTESIAN_POINT('',(-0.0185687735524483,0.0434670227183485,-0.0051962510140079));
#12801=CARTESIAN_POINT('',(-0.0191732679368763,0.043118017722763,-0.00459009928755198));
#12802=CARTESIAN_POINT('',(-0.0199824021248948,0.0426508638815139,-0.00286407472508445));
#12803=CARTESIAN_POINT('',(-0.0201804451062237,0.0425365237128957,-0.0016724942385575));
#12804=CARTESIAN_POINT('',(-0.0201804451047694,0.0425365237137653,-5.01374987650349E-18));
#12805=CARTESIAN_POINT('',(-0.0048301270189222,0.0513990339927755,-0.007));
#12806=CARTESIAN_POINT('',(-0.00396410161513776,0.0518990339927755,-0.007));
#12807=CARTESIAN_POINT('',(-0.00474264068711929,0.0514495442499923,-0.007));
#12808=CARTESIAN_POINT('',(-0.00474264068711929,0.0514495442499923,-0.007));
#12809=CARTESIAN_POINT('',(-0.00474264068711929,0.0514495442499923,-0.009));
#12810=CARTESIAN_POINT('',(-0.00396410161513776,0.0518990339927755,-0.009));
#12811=CARTESIAN_POINT('',(-0.0048301270189222,0.0513990339927755,-0.009));
#12812=CARTESIAN_POINT('',(-0.0048301270189222,0.0513990339927755,-0.009));
#12813=CARTESIAN_POINT('',(-0.00808797344539718,0.0495181154815454,-0.00900000000043594));
#12814=CARTESIAN_POINT('',(-0.01074239289002,0.0479855857005975,-0.00893829777102194));
#12815=CARTESIAN_POINT('',(-0.0150887157058699,0.0454762350528396,-0.00852366119107321));
#12816=CARTESIAN_POINT('',(-0.0167829863013833,0.0444980474684587,-0.00817763404835417));
#12817=CARTESIAN_POINT('',(-0.0194808980112277,0.0429404074165345,-0.00692874898345406));
#12818=CARTESIAN_POINT('',(-0.02049479304271,0.0423550348471777,-0.0059724007163109));
#12819=CARTESIAN_POINT('',(-0.0217072935931456,0.0416549973279877,-0.00338592527105272));
#12820=CARTESIAN_POINT('',(-0.0219124959157874,0.0415365237117813,-0.00182750576434206));
#12821=CARTESIAN_POINT('',(-0.0219124959123382,0.0415365237137653,-5.04961895079467E-18));
#12822=CARTESIAN_POINT('',(-0.0038301270189222,0.0496669831852066,-0.008));
#12823=CARTESIAN_POINT('',(-0.0038301270189222,0.0496669831852066,-0.009));
#12824=CARTESIAN_POINT('',(-0.00708797344540019,0.0477860646739795,-0.00900000000043594));
#12825=CARTESIAN_POINT('',(-0.00974239289001946,0.0462535348930307,-0.00893829777102194));
#12826=CARTESIAN_POINT('',(-0.0140887157058704,0.0437441842452687,-0.00852366119107321));
#12827=CARTESIAN_POINT('',(-0.015782986301384,0.0427659966608873,-0.00817763404835417));
#12828=CARTESIAN_POINT('',(-0.018480898011227,0.0412083566089682,-0.00692874898345406));
#12829=CARTESIAN_POINT('',(-0.0194947930427059,0.0406229840396078,-0.00597240071631089));
#12830=CARTESIAN_POINT('',(-0.0207072935931497,0.03992294652042,-0.00338592527105272));
#12831=CARTESIAN_POINT('',(-0.0209124959157816,0.0398044729042108,-0.00182750576434207));
#12832=CARTESIAN_POINT('',(-0.0209124959123382,0.0398044729061964,-5.02209564205722E-18));
#12833=CARTESIAN_POINT('',(-0.0038301270189222,0.0496669831852066,-0.009));
#12834=CARTESIAN_POINT('',(-0.00296410161513777,0.0501669831852066,-0.009));
#12835=CARTESIAN_POINT('',(-0.0037426406871193,0.0497174934424235,-0.009));
#12836=CARTESIAN_POINT('',(-0.0037426406871193,0.0497174934424235,-0.007));
#12837=CARTESIAN_POINT('',(-0.0037426406871193,0.0497174934424235,-0.007));
#12838=CARTESIAN_POINT('',(-0.00296410161513777,0.0501669831852066,-0.007));
#12839=CARTESIAN_POINT('',(-0.0038301270189222,0.0496669831852066,-0.007));
#12840=CARTESIAN_POINT('',(-0.0038301270189222,0.0496669831852066,-0.007));
#12841=CARTESIAN_POINT('',(-0.00706747112182162,0.0477979016959873,-0.00700000000042114));
#12842=CARTESIAN_POINT('',(-0.00968768987537413,0.0462851176932634,-0.00693670222992168));
#12843=CARTESIAN_POINT('',(-0.0138581923187381,0.0438772769848823,-0.00653883880798322));
#12844=CARTESIAN_POINT('',(-0.0154061087750429,0.0429835870021697,-0.0061973659541839));
#12845=CARTESIAN_POINT('',(-0.017568773552448,0.0417349719107808,-0.0051962510140079));
#12846=CARTESIAN_POINT('',(-0.0181732679368798,0.0413859669151974,-0.00459009928755197));
#12847=CARTESIAN_POINT('',(-0.0189824021248913,0.0409188130739419,-0.00286407472508444));
#12848=CARTESIAN_POINT('',(-0.0191804451062181,0.0408044729053475,-0.0016724942385575));
#12849=CARTESIAN_POINT('',(-0.0191804451047694,0.0408044729061964,-4.98622656776604E-18));
#12850=CARTESIAN_POINT('',(-0.000999999999999988,0.0480330085889911,-0.008));
#12851=CARTESIAN_POINT('',(-0.001,0.0480330085889911,-0.007));
#12852=CARTESIAN_POINT('',(-0.00100000000003852,0.0442948456104788,-0.00700000000042114));
#12853=CARTESIAN_POINT('',(-0.00100000000002118,0.041269277605068,-0.00693670222992168));
#12854=CARTESIAN_POINT('',(-0.000999999999978819,0.0364535961883791,-0.00653883880798322));
#12855=CARTESIAN_POINT('',(-0.000999999999995368,0.0346662162229278,-0.0061973659541839));
#12856=CARTESIAN_POINT('',(-0.00100000000000464,0.0321689860401289,-0.0051962510140079));
#12857=CARTESIAN_POINT('',(-0.000999999999993978,0.0314709760489766,-0.00459009928755198));
#12858=CARTESIAN_POINT('',(-0.001000000000006,0.0305366683664574,-0.00286407472508445));
#12859=CARTESIAN_POINT('',(-0.00099999999997407,0.0303079880292763,-0.0016724942385575));
#12860=CARTESIAN_POINT('',(-0.001,0.0303079880309706,-3.9548124231627E-18));
#12861=CARTESIAN_POINT('',(-0.001,0.0480330085889911,-0.007));
#12862=CARTESIAN_POINT('',(-0.001,0.0490330085889911,-0.007));
#12863=CARTESIAN_POINT('',(-0.001,0.0481340291034247,-0.007));
#12864=CARTESIAN_POINT('',(-0.000999999999999989,0.0481340291034247,-0.007));
#12865=CARTESIAN_POINT('',(-0.001,0.0481340291034247,-0.009));
#12866=CARTESIAN_POINT('',(-0.001,0.0490330085889911,-0.009));
#12867=CARTESIAN_POINT('',(-0.000999999999999988,0.0480330085889911,-0.009));
#12868=CARTESIAN_POINT('',(-0.000999999999999988,0.0480330085889911,-0.009));
#12869=CARTESIAN_POINT('',(-0.00100000000006383,0.0442711715664203,-0.00900000000043594));
#12870=CARTESIAN_POINT('',(-0.00100000000001814,0.0412061120046037,-0.00893829777102194));
#12871=CARTESIAN_POINT('',(-0.000999999999981845,0.0361874107091508,-0.00852366119107321));
#12872=CARTESIAN_POINT('',(-0.00099999999999815,0.0342310355403607,-0.00817763404835417));
#12873=CARTESIAN_POINT('',(-0.00100000000000185,0.0311157554365059,-0.00692874898345406));
#12874=CARTESIAN_POINT('',(-0.00100000000000151,0.029945010297793,-0.0059724007163109));
#12875=CARTESIAN_POINT('',(-0.000999999999998487,0.0285449352594181,-0.00338592527105272));
#12876=CARTESIAN_POINT('',(-0.00100000000000639,0.0283079880269915,-0.00182750576434206));
#12877=CARTESIAN_POINT('',(-0.001,0.0283079880309706,-3.90408589183033E-18));
#12878=CARTESIAN_POINT('',(0.001,0.0480330085889911,-0.008));
#12879=CARTESIAN_POINT('',(0.001,0.0480330085889911,-0.009));
#12880=CARTESIAN_POINT('',(0.000999999999932139,0.0442711715664192,-0.00900000000043594));
#12881=CARTESIAN_POINT('',(0.000999999999980338,0.0412061120046052,-0.00893829777102194));
#12882=CARTESIAN_POINT('',(0.00100000000001967,0.0361874107091493,-0.00852366119107321));
#12883=CARTESIAN_POINT('',(0.0010000000000037,0.0342310355403588,-0.00817763404835417));
#12884=CARTESIAN_POINT('',(0.000999999999996288,0.0311157554365077,-0.00692874898345406));
#12885=CARTESIAN_POINT('',(0.00100000000000151,0.029945010297796,-0.00597240071631089));
#12886=CARTESIAN_POINT('',(0.000999999999998496,0.0285449352594151,-0.00338592527105272));
#12887=CARTESIAN_POINT('',(0.000999999999997865,0.0283079880269957,-0.00182750576434207));
#12888=CARTESIAN_POINT('',(0.001,0.0283079880309705,-4.02655057174507E-18));
#12889=CARTESIAN_POINT('',(0.001,0.0480330085889911,-0.009));
#12890=CARTESIAN_POINT('',(0.001,0.0490330085889911,-0.009));
#12891=CARTESIAN_POINT('',(0.001,0.0481340291034247,-0.009));
#12892=CARTESIAN_POINT('',(0.001,0.0481340291034247,-0.007));
#12893=CARTESIAN_POINT('',(0.001,0.0481340291034247,-0.007));
#12894=CARTESIAN_POINT('',(0.001,0.0490330085889911,-0.007));
#12895=CARTESIAN_POINT('',(0.001,0.0480330085889911,-0.007));
#12896=CARTESIAN_POINT('',(0.001,0.0480330085889911,-0.007));
#12897=CARTESIAN_POINT('',(0.000999999999957459,0.0442948456104788,-0.00700000000042114));
#12898=CARTESIAN_POINT('',(0.000999999999978825,0.041269277605068,-0.00693670222992168));
#12899=CARTESIAN_POINT('',(0.00100000000002118,0.0364535961883791,-0.00653883880798322));
#12900=CARTESIAN_POINT('',(0.00100000000000556,0.0346662162229269,-0.0061973659541839));
#12901=CARTESIAN_POINT('',(0.000999999999994428,0.0321689860401298,-0.0051962510140079));
#12902=CARTESIAN_POINT('',(0.00100000000000151,0.0314709760489751,-0.00459009928755197));
#12903=CARTESIAN_POINT('',(0.000999999999998502,0.0305366683664589,-0.00286407472508444));
#12904=CARTESIAN_POINT('',(0.0010000000000108,0.0303079880292914,-0.0016724942385575));
#12905=CARTESIAN_POINT('',(0.001,0.0303079880309706,-4.07727710307743E-18));
#12906=CARTESIAN_POINT('',(0.0201804451047696,0.0425365237137656,-4.2726439326305E-11));
#12907=CARTESIAN_POINT('',(0.0191804451047694,0.0408044729061963,-4.2726439326305E-11));
#12908=CARTESIAN_POINT('',(0.0201804451038141,0.0425365237143229,-0.000836247156130409));
#12909=CARTESIAN_POINT('',(0.0191804451038139,0.0408044729067536,-0.000836247156130409));
#12910=CARTESIAN_POINT('',(0.0200816874480827,0.0425935414734422,-0.0022707222805749));
#12911=CARTESIAN_POINT('',(0.0190816874480825,0.0408614906658729,-0.0022707222805749));
#12912=CARTESIAN_POINT('',(0.0196285426209084,0.0428551647613885,-0.00380069687164509));
#12913=CARTESIAN_POINT('',(0.0186285426209082,0.0411231139538192,-0.00380069687164509));
#12914=CARTESIAN_POINT('',(0.0188711522070899,0.0432924443206882,-0.00488901236996392));
#12915=CARTESIAN_POINT('',(0.0178711522070897,0.0415603935131189,-0.00488901236996392));
#12916=CARTESIAN_POINT('',(0.0176053989831471,0.0440232272852561,-0.00573046350651451));
#12917=CARTESIAN_POINT('',(0.0166053989831469,0.0422911764776868,-0.00573046350651451));
#12918=CARTESIAN_POINT('',(0.0156318987599264,0.0451626281703991,-0.00636998454691427));
#12919=CARTESIAN_POINT('',(0.0146318987599262,0.0434305773628299,-0.00636998454691427));
#12920=CARTESIAN_POINT('',(0.0119986604717985,0.0472602792740622,-0.00690599620816824));
#12921=CARTESIAN_POINT('',(0.0109986604717983,0.0455282284664929,-0.00690599620816824));
#12922=CARTESIAN_POINT('',(0.00806747111489124,0.049529952507462,-0.00700000000042109));
#12923=CARTESIAN_POINT('',(0.00706747111489102,0.0477979016998927,-0.00700000000042109));
#12924=CARTESIAN_POINT('',(0.00483012701892603,0.0513990339927738,-0.007));
#12925=CARTESIAN_POINT('',(0.00383012701892582,0.0496669831852045,-0.007));
#12926=CARTESIAN_POINT('',(0.0043301270189222,0.0505330085889911,-0.007));
#12927=CARTESIAN_POINT('',(0.00483012701892258,0.0513990339927762,-0.009));
#12928=CARTESIAN_POINT('',(0.00383012701892221,0.0496669831852066,-0.009));
#12929=CARTESIAN_POINT('',(0.00808797344533272,0.0495181154814338,-0.00900000000043594));
#12930=CARTESIAN_POINT('',(0.00708797344533235,0.0477860646738642,-0.00900000000043594));
#12931=CARTESIAN_POINT('',(0.0120687413823342,0.0472198180415086,-0.00890650379141678));
#12932=CARTESIAN_POINT('',(0.0110687413823339,0.045487767233939,-0.00890650379141678));
#12933=CARTESIAN_POINT('',(0.0159361027748347,0.0449869959004989,-0.00834876545730278));
#12934=CARTESIAN_POINT('',(0.0149361027748343,0.0432549450929293,-0.00834876545730278));
#12935=CARTESIAN_POINT('',(0.0182169590272596,0.0436701429291638,-0.00762891149932597));
#12936=CARTESIAN_POINT('',(0.0172169590272593,0.0419380921215943,-0.00762891149932597));
#12937=CARTESIAN_POINT('',(0.0199877140539621,0.0426477970378295,-0.00645473764081805));
#12938=CARTESIAN_POINT('',(0.0189877140539618,0.04091574623026,-0.00645473764081805));
#12939=CARTESIAN_POINT('',(0.0212022287339173,0.041946596660425,-0.00475399064406244));
#12940=CARTESIAN_POINT('',(0.0202022287339169,0.0402145458528555,-0.00475399064406244));
#12941=CARTESIAN_POINT('',(0.021809630917938,0.041595912845971,-0.00260427774502304));
#12942=CARTESIAN_POINT('',(0.0208096309179376,0.0398638620384014,-0.00260427774502304));
#12943=CARTESIAN_POINT('',(0.0219124959140596,0.0415365237127699,-0.000913752882171036));
#12944=CARTESIAN_POINT('',(0.0209124959140593,0.0398044729052003,-0.000913752882171036));
#12945=CARTESIAN_POINT('',(0.0219124959123386,0.041536523713766,-5.31259064517897E-18));
#12946=CARTESIAN_POINT('',(0.0209124959123382,0.0398044729061964,-5.31259065150326E-18));
#12947=CARTESIAN_POINT('',(0.0043301270189222,0.0505330085889911,-0.009));
#12948=CARTESIAN_POINT('',(0.00346410161513777,0.0510330085889911,-0.009));
#12949=CARTESIAN_POINT('',(-4.4618667193267E-20,0.0530330085889911,-0.009));
#12950=CARTESIAN_POINT('',(-1.29361956989657E-18,0.0480330085889911,-0.009));
#12951=CARTESIAN_POINT('',(-4.4618667193267E-20,0.0530330085889911,-0.009));
#12952=CARTESIAN_POINT('',(-0.00433012701892219,0.0505330085889911,-0.009));
#12953=CARTESIAN_POINT('',(-4.4618667193267E-20,0.0530330085889911,-0.009));
#12954=CARTESIAN_POINT('',(-0.00433012701892221,0.0555330085889911,-0.009));
#12955=CARTESIAN_POINT('',(-4.4618667193267E-20,0.0530330085889911,-0.009));
#12956=CARTESIAN_POINT('',(-4.78811416674699E-18,0.0580330085889911,-0.009));
#12957=CARTESIAN_POINT('',(-4.4618667193267E-20,0.0530330085889911,-0.009));
#12958=CARTESIAN_POINT('',(0.00433012701892219,0.0555330085889911,-0.009));
#12959=CARTESIAN_POINT('',(-4.4618667193267E-20,0.0530330085889911,-0.009));
#12960=CARTESIAN_POINT('',(-0.00165,0.0501751247565024,-0.009));
#12961=CARTESIAN_POINT('',(-0.00205,0.0494823044334748,-0.009));
#12962=CARTESIAN_POINT('',(-0.00165,0.0558908924214797,-0.009));
#12963=CARTESIAN_POINT('',(-0.00205,0.0551980720984522,-0.009));
#12964=CARTESIAN_POINT('',(0.0033,0.053033008588991,-0.009));
#12965=CARTESIAN_POINT('',(0.0029,0.0523401882659634,-0.009));
#12966=CARTESIAN_POINT('',(-4.46186671932701E-20,0.0530330085889911,-0.009));
#12967=CARTESIAN_POINT('',(-0.00075,0.0517339704833144,-0.009));
#12968=CARTESIAN_POINT('',(0.00346410161513778,0.0510330085889911,-0.007));
#12969=CARTESIAN_POINT('',(1.28572544053832E-19,0.0530330085889911,-0.007));
#12970=CARTESIAN_POINT('',(0.00433012701892219,0.0555330085889911,-0.007));
#12971=CARTESIAN_POINT('',(1.28572544053832E-19,0.0530330085889911,-0.007));
#12972=CARTESIAN_POINT('',(-4.96130537799409E-18,0.0580330085889911,-0.007));
#12973=CARTESIAN_POINT('',(1.28572544053832E-19,0.0530330085889911,-0.007));
#12974=CARTESIAN_POINT('',(-0.00433012701892221,0.0555330085889911,-0.007));
#12975=CARTESIAN_POINT('',(1.28572544053832E-19,0.0530330085889911,-0.007));
#12976=CARTESIAN_POINT('',(-0.00433012701892219,0.0505330085889911,-0.007));
#12977=CARTESIAN_POINT('',(1.28572544053832E-19,0.0530330085889911,-0.007));
#12978=CARTESIAN_POINT('',(-1.12042835864947E-18,0.0480330085889911,-0.007));
#12979=CARTESIAN_POINT('',(1.28572544053832E-19,0.0530330085889911,-0.007));
#12980=CARTESIAN_POINT('',(-0.00165,0.0501751247565024,-0.007));
#12981=CARTESIAN_POINT('',(-0.00205,0.0494823044334748,-0.007));
#12982=CARTESIAN_POINT('',(-0.00165,0.0558908924214797,-0.007));
#12983=CARTESIAN_POINT('',(-0.00205,0.0551980720984522,-0.007));
#12984=CARTESIAN_POINT('',(0.0033,0.053033008588991,-0.007));
#12985=CARTESIAN_POINT('',(0.0029,0.0523401882659634,-0.007));
#12986=CARTESIAN_POINT('',(1.28572544053828E-19,0.0530330085889911,-0.007));
#12987=CARTESIAN_POINT('',(-0.00075,0.0517339704833144,-0.007));
#12988=CARTESIAN_POINT('',(1.28572544053832E-19,0.0530330085889911,-0.007));
#12989=CARTESIAN_POINT('',(0.0191804451047692,0.0652615442717861,-4.27264392624306E-11));
#12990=CARTESIAN_POINT('',(0.0201804451047694,0.0635294934642169,-4.27264392624306E-11));
#12991=CARTESIAN_POINT('',(0.0191804451038088,0.0652615442712372,-0.00083624715613041));
#12992=CARTESIAN_POINT('',(0.020180445103809,0.063529493463668,-0.00083624715613041));
#12993=CARTESIAN_POINT('',(0.019081687448079,0.0652045265121154,-0.00227072228057491));
#12994=CARTESIAN_POINT('',(0.0200816874480791,0.0634724757045462,-0.00227072228057491));
#12995=CARTESIAN_POINT('',(0.0186285426209087,0.064942903224162,-0.00380069687164509));
#12996=CARTESIAN_POINT('',(0.0196285426209089,0.0632108524165929,-0.00380069687164509));
#12997=CARTESIAN_POINT('',(0.0178711522070903,0.0645056236648622,-0.00488901236996393));
#12998=CARTESIAN_POINT('',(0.0188711522070904,0.062773572857293,-0.00488901236996393));
#12999=CARTESIAN_POINT('',(0.0166053989831502,0.0637748407002896,-0.00573046350651452));
#13000=CARTESIAN_POINT('',(0.0176053989831504,0.0620427898927205,-0.00573046350651452));
#13001=CARTESIAN_POINT('',(0.0146318987599114,0.0626354398151778,-0.00636998454691427));
#13002=CARTESIAN_POINT('',(0.0156318987599116,0.0609033890076086,-0.00636998454691427));
#13003=CARTESIAN_POINT('',(0.0109986604717988,0.0605377887114883,-0.00690599620816824));
#13004=CARTESIAN_POINT('',(0.011998660471799,0.0588057379039191,-0.00690599620816824));
#13005=CARTESIAN_POINT('',(0.00706747111493139,0.0582681154780194,-0.00700000000042109));
#13006=CARTESIAN_POINT('',(0.00806747111493156,0.0565360646704502,-0.00700000000042109));
#13007=CARTESIAN_POINT('',(0.00383012701892565,0.0563990339927779,-0.007));
#13008=CARTESIAN_POINT('',(0.00483012701892581,0.0546669831852087,-0.007));
#13009=CARTESIAN_POINT('',(0.00383012701892179,0.0563990339927762,-0.009));
#13010=CARTESIAN_POINT('',(0.00483012701892221,0.0546669831852066,-0.009));
#13011=CARTESIAN_POINT('',(0.00708797344539779,0.0582799525040046,-0.00900000000043594));
#13012=CARTESIAN_POINT('',(0.0080879734453982,0.0565479016964349,-0.00900000000043594));
#13013=CARTESIAN_POINT('',(0.0110687413823265,0.0605782499440559,-0.00890650379141678));
#13014=CARTESIAN_POINT('',(0.0120687413823269,0.0588461991364863,-0.00890650379141678));
#13015=CARTESIAN_POINT('',(0.0149361027748235,0.0628110720850716,-0.00834876545730279));
#13016=CARTESIAN_POINT('',(0.0159361027748239,0.0610790212775019,-0.00834876545730279));
#13017=CARTESIAN_POINT('',(0.0172169590272611,0.0641279250563846,-0.00762891149932596));
#13018=CARTESIAN_POINT('',(0.0182169590272616,0.062395874248815,-0.00762891149932596));
#13019=CARTESIAN_POINT('',(0.0189877140539626,0.0651502709477209,-0.00645473764081805));
#13020=CARTESIAN_POINT('',(0.019987714053963,0.0634182201401512,-0.00645473764081805));
#13021=CARTESIAN_POINT('',(0.0202022287339156,0.0658514713251288,-0.00475399064406244));
#13022=CARTESIAN_POINT('',(0.0212022287339161,0.0641194205175592,-0.00475399064406244));
#13023=CARTESIAN_POINT('',(0.0208096309179392,0.0662021551395779,-0.00260427774502304));
#13024=CARTESIAN_POINT('',(0.0218096309179397,0.0644701043320083,-0.00260427774502304));
#13025=CARTESIAN_POINT('',(0.020912495914061,0.0662615442727789,-0.00091375288217104));
#13026=CARTESIAN_POINT('',(0.0219124959140614,0.0645294934652093,-0.00091375288217104));
#13027=CARTESIAN_POINT('',(0.0209124959123378,0.0662615442717865,-7.04731412115578E-18));
#13028=CARTESIAN_POINT('',(0.0219124959123383,0.0645294934642169,-7.047314121302E-18));
#13029=CARTESIAN_POINT('',(1.28572544053832E-19,0.0530330085889911,-0.007));
#13030=CARTESIAN_POINT('',(-0.0201804451047696,0.0635294934642165,-4.2726439355649E-11));
#13031=CARTESIAN_POINT('',(-0.0191804451047694,0.0652615442717857,-4.2726439355649E-11));
#13032=CARTESIAN_POINT('',(-0.0201804451038141,0.0635294934636593,-0.000836247156130411));
#13033=CARTESIAN_POINT('',(-0.0191804451038138,0.0652615442712285,-0.000836247156130411));
#13034=CARTESIAN_POINT('',(-0.0200816874480827,0.06347247570454,-0.00227072228057491));
#13035=CARTESIAN_POINT('',(-0.0190816874480825,0.0652045265121092,-0.00227072228057491));
#13036=CARTESIAN_POINT('',(-0.0196285426209085,0.0632108524165937,-0.00380069687164509));
#13037=CARTESIAN_POINT('',(-0.0186285426209082,0.0649429032241629,-0.00380069687164509));
#13038=CARTESIAN_POINT('',(-0.0188711522070899,0.0627735728572939,-0.00488901236996394));
#13039=CARTESIAN_POINT('',(-0.0178711522070897,0.0645056236648631,-0.00488901236996394));
#13040=CARTESIAN_POINT('',(-0.0176053989831471,0.0620427898927261,-0.00573046350651452));
#13041=CARTESIAN_POINT('',(-0.0166053989831468,0.0637748407002953,-0.00573046350651452));
#13042=CARTESIAN_POINT('',(-0.0156318987599264,0.060903389007583,-0.00636998454691427));
#13043=CARTESIAN_POINT('',(-0.0146318987599262,0.0626354398151522,-0.00636998454691427));
#13044=CARTESIAN_POINT('',(-0.0119986604717985,0.0588057379039199,-0.00690599620816824));
#13045=CARTESIAN_POINT('',(-0.0109986604717983,0.0605377887114891,-0.00690599620816824));
#13046=CARTESIAN_POINT('',(-0.00806747111489122,0.0565360646705201,-0.00700000000042109));
#13047=CARTESIAN_POINT('',(-0.00706747111489098,0.0582681154780893,-0.00700000000042109));
#13048=CARTESIAN_POINT('',(-0.004830127018926,0.0546669831852084,-0.007));
#13049=CARTESIAN_POINT('',(-0.00383012701892577,0.0563990339927776,-0.007));
#13050=CARTESIAN_POINT('',(-0.00483012701892263,0.0546669831852059,-0.009));
#13051=CARTESIAN_POINT('',(-0.00383012701892219,0.0563990339927755,-0.009));
#13052=CARTESIAN_POINT('',(-0.00808797344533276,0.0565479016965484,-0.00900000000043594));
#13053=CARTESIAN_POINT('',(-0.00708797344533232,0.0582799525041179,-0.00900000000043594));
#13054=CARTESIAN_POINT('',(-0.0120687413823343,0.0588461991364735,-0.00890650379141678));
#13055=CARTESIAN_POINT('',(-0.0110687413823339,0.0605782499440431,-0.00890650379141678));
#13056=CARTESIAN_POINT('',(-0.0159361027748347,0.0610790212774832,-0.00834876545730278));
#13057=CARTESIAN_POINT('',(-0.0149361027748343,0.0628110720850528,-0.00834876545730278));
#13058=CARTESIAN_POINT('',(-0.0182169590272597,0.0623958742488183,-0.00762891149932597));
#13059=CARTESIAN_POINT('',(-0.0172169590272592,0.0641279250563879,-0.00762891149932597));
#13060=CARTESIAN_POINT('',(-0.0199877140539622,0.0634182201401526,-0.00645473764081805));
#13061=CARTESIAN_POINT('',(-0.0189877140539618,0.0651502709477221,-0.00645473764081805));
#13062=CARTESIAN_POINT('',(-0.0212022287339173,0.0641194205175571,-0.00475399064406244));
#13063=CARTESIAN_POINT('',(-0.0202022287339169,0.0658514713251267,-0.00475399064406244));
#13064=CARTESIAN_POINT('',(-0.0218096309179381,0.0644701043320111,-0.00260427774502304));
#13065=CARTESIAN_POINT('',(-0.0208096309179376,0.0662021551395807,-0.00260427774502304));
#13066=CARTESIAN_POINT('',(-0.0219124959140597,0.0645294934652122,-0.00091375288217104));
#13067=CARTESIAN_POINT('',(-0.0209124959140592,0.0662615442727818,-0.00091375288217104));
#13068=CARTESIAN_POINT('',(-0.0219124959123387,0.0645294934642162,-7.48099499014998E-18));
#13069=CARTESIAN_POINT('',(-0.0209124959123382,0.0662615442717857,-7.48099498336874E-18));
#13070=CARTESIAN_POINT('',(1.28572544053832E-19,0.0530330085889911,-0.007));
#13071=CARTESIAN_POINT('',(-0.00100000000000037,0.0757580291470116,-4.27264393260016E-11));
#13072=CARTESIAN_POINT('',(0.00099999999999999,0.0757580291470116,-4.27264393260016E-11));
#13073=CARTESIAN_POINT('',(-0.00100000000000524,0.0757580291459055,-0.000836247156130411));
#13074=CARTESIAN_POINT('',(0.000999999999995126,0.0757580291459055,-0.000836247156130411));
#13075=CARTESIAN_POINT('',(-0.00100000000000377,0.0756439936276643,-0.00227072228057491));
#13076=CARTESIAN_POINT('',(0.000999999999996592,0.0756439936276643,-0.00227072228057491));
#13077=CARTESIAN_POINT('',(-0.000999999999999717,0.0751207470517647,-0.00380069687164509));
#13078=CARTESIAN_POINT('',(0.00100000000000065,0.0751207470517647,-0.00380069687164509));
#13079=CARTESIAN_POINT('',(-0.000999999999999644,0.0742461879331652,-0.00488901236996394));
#13080=CARTESIAN_POINT('',(0.00100000000000072,0.0742461879331652,-0.00488901236996394));
#13081=CARTESIAN_POINT('',(-0.000999999999996898,0.0727846220040247,-0.00573046350651452));
#13082=CARTESIAN_POINT('',(0.00100000000000347,0.0727846220040247,-0.00573046350651452));
#13083=CARTESIAN_POINT('',(-0.00100000000001497,0.0705058202337698,-0.00636998454691427));
#13084=CARTESIAN_POINT('',(0.00099999999998539,0.0705058202337698,-0.00636998454691427));
#13085=CARTESIAN_POINT('',(-0.000999999999999726,0.0663105180264171,-0.00690599620816823));
#13086=CARTESIAN_POINT('',(0.00100000000000064,0.0663105180264171,-0.00690599620816823));
#13087=CARTESIAN_POINT('',(-0.000999999999959847,0.0617711715595486,-0.00700000000042109));
#13088=CARTESIAN_POINT('',(0.00100000000004052,0.0617711715595486,-0.00700000000042109));
#13089=CARTESIAN_POINT('',(-0.00100000000000037,0.0580330085889953,-0.007));
#13090=CARTESIAN_POINT('',(0.000999999999999989,0.0580330085889953,-0.007));
#13091=CARTESIAN_POINT('',(-0.00100000000000079,0.0580330085889911,-0.009));
#13092=CARTESIAN_POINT('',(0.000999999999999983,0.0580330085889911,-0.009));
#13093=CARTESIAN_POINT('',(-0.000999999999934938,0.0617948456115618,-0.00900000000043594));
#13094=CARTESIAN_POINT('',(0.00100000000006583,0.0617948456115618,-0.00900000000043594));
#13095=CARTESIAN_POINT('',(-0.00100000000000773,0.0663914404915383,-0.00890650379141678));
#13096=CARTESIAN_POINT('',(0.000999999999993046,0.0663914404915383,-0.00890650379141678));
#13097=CARTESIAN_POINT('',(-0.00100000000001119,0.0708570847735637,-0.00834876545730278));
#13098=CARTESIAN_POINT('',(0.000999999999989583,0.0708570847735637,-0.00834876545730278));
#13099=CARTESIAN_POINT('',(-0.000999999999998482,0.0734907907162118,-0.00762891149932597));
#13100=CARTESIAN_POINT('',(0.00100000000000229,0.0734907907162118,-0.00762891149932597));
#13101=CARTESIAN_POINT('',(-0.000999999999999596,0.0755354824988823,-0.00645473764081805));
#13102=CARTESIAN_POINT('',(0.00100000000000118,0.0755354824988823,-0.00645473764081805));
#13103=CARTESIAN_POINT('',(-0.0010000000000016,0.0769378832536949,-0.00475399064406244));
#13104=CARTESIAN_POINT('',(0.000999999999999168,0.0769378832536949,-0.00475399064406244));
#13105=CARTESIAN_POINT('',(-0.000999999999998732,0.077639250882598,-0.00260427774502304));
#13106=CARTESIAN_POINT('',(0.00100000000000204,0.077639250882598,-0.00260427774502304));
#13107=CARTESIAN_POINT('',(-0.000999999999998657,0.0777580291490001,-0.000913752882171041));
#13108=CARTESIAN_POINT('',(0.00100000000000211,0.0777580291490001,-0.000913752882171041));
#13109=CARTESIAN_POINT('',(-0.00100000000000079,0.0777580291470116,-8.45677694538693E-18));
#13110=CARTESIAN_POINT('',(0.000999999999999984,0.0777580291470116,-8.45677694538693E-18));
#13111=CARTESIAN_POINT('',(1.28572544053832E-19,0.0530330085889911,-0.007));
#13112=CARTESIAN_POINT('',(-0.0191804451047692,0.0408044729061961,-4.27264392681165E-11));
#13113=CARTESIAN_POINT('',(-0.0201804451047694,0.0425365237137653,-4.27264392681165E-11));
#13114=CARTESIAN_POINT('',(-0.0191804451038088,0.0408044729067449,-0.00083624715613041));
#13115=CARTESIAN_POINT('',(-0.020180445103809,0.0425365237143141,-0.00083624715613041));
#13116=CARTESIAN_POINT('',(-0.019081687448079,0.0408614906658668,-0.00227072228057491));
#13117=CARTESIAN_POINT('',(-0.0200816874480791,0.042593541473436,-0.00227072228057491));
#13118=CARTESIAN_POINT('',(-0.0186285426209087,0.0411231139538201,-0.00380069687164509));
#13119=CARTESIAN_POINT('',(-0.0196285426209089,0.0428551647613893,-0.00380069687164509));
#13120=CARTESIAN_POINT('',(-0.0178711522070902,0.0415603935131199,-0.00488901236996393));
#13121=CARTESIAN_POINT('',(-0.0188711522070904,0.0432924443206891,-0.00488901236996393));
#13122=CARTESIAN_POINT('',(-0.0166053989831502,0.0422911764776925,-0.00573046350651451));
#13123=CARTESIAN_POINT('',(-0.0176053989831504,0.0440232272852617,-0.00573046350651451));
#13124=CARTESIAN_POINT('',(-0.0146318987599114,0.0434305773628043,-0.00636998454691426));
#13125=CARTESIAN_POINT('',(-0.0156318987599116,0.0451626281703735,-0.00636998454691426));
#13126=CARTESIAN_POINT('',(-0.0109986604717988,0.0455282284664938,-0.00690599620816824));
#13127=CARTESIAN_POINT('',(-0.0119986604717989,0.0472602792740631,-0.00690599620816824));
#13128=CARTESIAN_POINT('',(-0.0070674711149314,0.0477979016999626,-0.00700000000042109));
#13129=CARTESIAN_POINT('',(-0.00806747111493155,0.0495299525075319,-0.00700000000042109));
#13130=CARTESIAN_POINT('',(-0.00383012701892565,0.0496669831852042,-0.007));
#13131=CARTESIAN_POINT('',(-0.00483012701892581,0.0513990339927734,-0.007));
#13132=CARTESIAN_POINT('',(-0.00383012701892183,0.049666983185206,-0.009));
#13133=CARTESIAN_POINT('',(-0.00483012701892222,0.0513990339927755,-0.009));
#13134=CARTESIAN_POINT('',(-0.00708797344539782,0.0477860646739776,-0.00900000000043594));
#13135=CARTESIAN_POINT('',(-0.00808797344539821,0.0495181154815472,-0.00900000000043594));
#13136=CARTESIAN_POINT('',(-0.0110687413823266,0.0454877672339264,-0.00890650379141678));
#13137=CARTESIAN_POINT('',(-0.0120687413823269,0.0472198180414959,-0.00890650379141678));
#13138=CARTESIAN_POINT('',(-0.0149361027748235,0.0432549450929106,-0.00834876545730278));
#13139=CARTESIAN_POINT('',(-0.0159361027748239,0.0449869959004802,-0.00834876545730278));
#13140=CARTESIAN_POINT('',(-0.0172169590272612,0.0419380921215976,-0.00762891149932597));
#13141=CARTESIAN_POINT('',(-0.0182169590272616,0.0436701429291672,-0.00762891149932597));
#13142=CARTESIAN_POINT('',(-0.0189877140539626,0.0409157462302614,-0.00645473764081805));
#13143=CARTESIAN_POINT('',(-0.019987714053963,0.0426477970378309,-0.00645473764081805));
#13144=CARTESIAN_POINT('',(-0.0202022287339157,0.0402145458528534,-0.00475399064406244));
#13145=CARTESIAN_POINT('',(-0.0212022287339161,0.0419465966604229,-0.00475399064406244));
#13146=CARTESIAN_POINT('',(-0.0208096309179393,0.0398638620384043,-0.00260427774502304));
#13147=CARTESIAN_POINT('',(-0.0218096309179397,0.0415959128459738,-0.00260427774502304));
#13148=CARTESIAN_POINT('',(-0.020912495914061,0.0398044729052034,-0.000913752882171037));
#13149=CARTESIAN_POINT('',(-0.0219124959140614,0.0415365237127729,-0.000913752882171037));
#13150=CARTESIAN_POINT('',(-0.0209124959123379,0.0398044729061958,-5.52943107967607E-18));
#13151=CARTESIAN_POINT('',(-0.0219124959123383,0.0415365237137653,-5.52943108223503E-18));
#13152=CARTESIAN_POINT('',(1.28572544053832E-19,0.0530330085889911,-0.007));
#13153=CARTESIAN_POINT('',(0.00100000000000037,0.0303079880309705,-4.2726439467174E-11));
#13154=CARTESIAN_POINT('',(-0.00100000000000001,0.0303079880309705,-4.2726439467174E-11));
#13155=CARTESIAN_POINT('',(0.00100000000000523,0.0303079880320767,-0.00083624715613041));
#13156=CARTESIAN_POINT('',(-0.000999999999995142,0.0303079880320767,-0.00083624715613041));
#13157=CARTESIAN_POINT('',(0.00100000000000376,0.0304220235503179,-0.0022707222805749));
#13158=CARTESIAN_POINT('',(-0.000999999999996609,0.0304220235503179,-0.0022707222805749));
#13159=CARTESIAN_POINT('',(0.000999999999999709,0.0309452701262175,-0.00380069687164509));
#13160=CARTESIAN_POINT('',(-0.00100000000000066,0.0309452701262175,-0.00380069687164509));
#13161=CARTESIAN_POINT('',(0.000999999999999635,0.031819829244817,-0.00488901236996393));
#13162=CARTESIAN_POINT('',(-0.00100000000000074,0.031819829244817,-0.00488901236996393));
#13163=CARTESIAN_POINT('',(0.00099999999999689,0.0332813951739575,-0.00573046350651451));
#13164=CARTESIAN_POINT('',(-0.00100000000000348,0.0332813951739575,-0.00573046350651451));
#13165=CARTESIAN_POINT('',(0.00100000000001496,0.0355601969442124,-0.00636998454691427));
#13166=CARTESIAN_POINT('',(-0.000999999999985406,0.0355601969442124,-0.00636998454691427));
#13167=CARTESIAN_POINT('',(0.000999999999999718,0.0397554991515649,-0.00690599620816824));
#13168=CARTESIAN_POINT('',(-0.00100000000000065,0.0397554991515649,-0.00690599620816824));
#13169=CARTESIAN_POINT('',(0.000999999999959839,0.0442948456184336,-0.00700000000042109));
#13170=CARTESIAN_POINT('',(-0.00100000000004053,0.0442948456184336,-0.00700000000042109));
#13171=CARTESIAN_POINT('',(0.00100000000000037,0.0480330085889869,-0.007));
#13172=CARTESIAN_POINT('',(-0.001,0.0480330085889869,-0.007));
#13173=CARTESIAN_POINT('',(0.00100000000000079,0.0480330085889911,-0.009));
#13174=CARTESIAN_POINT('',(-0.000999999999999994,0.0480330085889911,-0.009));
#13175=CARTESIAN_POINT('',(0.00099999999993493,0.0442711715664203,-0.00900000000043594));
#13176=CARTESIAN_POINT('',(-0.00100000000006585,0.0442711715664204,-0.00900000000043594));
#13177=CARTESIAN_POINT('',(0.00100000000000772,0.0396745766864438,-0.00890650379141678));
#13178=CARTESIAN_POINT('',(-0.000999999999993063,0.0396745766864439,-0.00890650379141678));
#13179=CARTESIAN_POINT('',(0.00100000000001118,0.0352089324044184,-0.00834876545730278));
#13180=CARTESIAN_POINT('',(-0.000999999999989599,0.0352089324044185,-0.00834876545730278));
#13181=CARTESIAN_POINT('',(0.000999999999998474,0.0325752264617703,-0.00762891149932597));
#13182=CARTESIAN_POINT('',(-0.00100000000000231,0.0325752264617704,-0.00762891149932597));
#13183=CARTESIAN_POINT('',(0.000999999999999587,0.0305305346790998,-0.00645473764081805));
#13184=CARTESIAN_POINT('',(-0.00100000000000119,0.0305305346790999,-0.00645473764081805));
#13185=CARTESIAN_POINT('',(0.0010000000000016,0.0291281339242873,-0.00475399064406244));
#13186=CARTESIAN_POINT('',(-0.000999999999999184,0.0291281339242873,-0.00475399064406244));
#13187=CARTESIAN_POINT('',(0.000999999999998724,0.0284267662953842,-0.00260427774502304));
#13188=CARTESIAN_POINT('',(-0.00100000000000206,0.0284267662953842,-0.00260427774502304));
#13189=CARTESIAN_POINT('',(0.000999999999998649,0.0283079880289821,-0.000913752882171036));
#13190=CARTESIAN_POINT('',(-0.00100000000000213,0.0283079880289821,-0.000913752882171036));
#13191=CARTESIAN_POINT('',(0.00100000000000078,0.0283079880309706,-3.79470760369927E-18));
#13192=CARTESIAN_POINT('',(-0.001,0.0283079880309706,-3.79470759766843E-18));
#13193=CARTESIAN_POINT('',(1.28572544053828E-19,0.0530330085889911,-0.007));
#13194=CARTESIAN_POINT('',(0.0033,0.053033008588991,-0.007));
#13195=CARTESIAN_POINT('',(-0.00165,0.0558908924214797,-0.007));
#13196=CARTESIAN_POINT('',(-0.00165,0.0501751247565024,-0.007));
#13197=CARTESIAN_POINT('',(1.28572544053832E-19,0.0530330085889911,-0.007));
#13198=CARTESIAN_POINT('',(-0.0496669831852067,-0.00383012701892223,-0.008));
#13199=CARTESIAN_POINT('',(-0.0496669831852067,-0.00383012701892223,-0.009));
#13200=CARTESIAN_POINT('',(-0.047786064673866,-0.00708797344533337,-0.00900000000043594));
#13201=CARTESIAN_POINT('',(-0.0462535348929972,-0.00974239289000189,-0.00893829777102193));
#13202=CARTESIAN_POINT('',(-0.0437441842453022,-0.0140887157058881,-0.00852366119107321));
#13203=CARTESIAN_POINT('',(-0.042765996660893,-0.0157829863013852,-0.00817763404835416));
#13204=CARTESIAN_POINT('',(-0.0412083566089625,-0.0184808980112259,-0.00692874898345405));
#13205=CARTESIAN_POINT('',(-0.0406229840396063,-0.0194947930427085,-0.00597240071631089));
#13206=CARTESIAN_POINT('',(-0.0399229465204214,-0.0207072935931471,-0.00338592527105272));
#13207=CARTESIAN_POINT('',(-0.0398044729042013,-0.020912495915781,-0.00182750576434206));
#13208=CARTESIAN_POINT('',(-0.0398044729061964,-0.0209124959123383,3.58191724324682E-19));
#13209=CARTESIAN_POINT('',(-0.0496669831852067,-0.00383012701892223,-0.009));
#13210=CARTESIAN_POINT('',(-0.0501669831852066,-0.00296410161513779,-0.009));
#13211=CARTESIAN_POINT('',(-0.0497174934424235,-0.00374264068711934,-0.009));
#13212=CARTESIAN_POINT('',(-0.0497174934424235,-0.00374264068711934,-0.007));
#13213=CARTESIAN_POINT('',(-0.0497174934424235,-0.00374264068711934,-0.007));
#13214=CARTESIAN_POINT('',(-0.0501669831852066,-0.00296410161513779,-0.007));
#13215=CARTESIAN_POINT('',(-0.0496669831852066,-0.00383012701892223,-0.007));
#13216=CARTESIAN_POINT('',(-0.0496669831852066,-0.00383012701892223,-0.007));
#13217=CARTESIAN_POINT('',(-0.0477979016959171,-0.00706747112178113,-0.00700000000042114));
#13218=CARTESIAN_POINT('',(-0.0462851176932267,-0.00968768987535299,-0.00693670222992167));
#13219=CARTESIAN_POINT('',(-0.043877276984919,-0.0138581923187593,-0.00653883880798321));
#13220=CARTESIAN_POINT('',(-0.042983587002179,-0.0154061087750473,-0.00619736595418389));
#13221=CARTESIAN_POINT('',(-0.0417349719107716,-0.0175687735524437,-0.0051962510140079));
#13222=CARTESIAN_POINT('',(-0.0413859669152046,-0.0181732679368823,-0.00459009928755197));
#13223=CARTESIAN_POINT('',(-0.0409188130739346,-0.0189824021248888,-0.00286407472508444));
#13224=CARTESIAN_POINT('',(-0.0408044729053717,-0.0191804451062496,-0.0016724942385575));
#13225=CARTESIAN_POINT('',(-0.0408044729061964,-0.0191804451047694,3.30668415587234E-19));
#13226=CARTESIAN_POINT('',(-0.0513990339927755,-0.00483012701892223,-0.008));
#13227=CARTESIAN_POINT('',(-0.0513990339927755,-0.00483012701892223,-0.007));
#13228=CARTESIAN_POINT('',(-0.0495299525034825,-0.0080674711217791,-0.00700000000042114));
#13229=CARTESIAN_POINT('',(-0.0480171685007956,-0.010687689875353,-0.00693670222992167));
#13230=CARTESIAN_POINT('',(-0.0456093277924879,-0.0148581923187593,-0.00653883880798321));
#13231=CARTESIAN_POINT('',(-0.0447156378097482,-0.0164061087750485,-0.00619736595418389));
#13232=CARTESIAN_POINT('',(-0.0434670227183401,-0.0185687735524424,-0.0051962510140079));
#13233=CARTESIAN_POINT('',(-0.0431180177227688,-0.0191732679368814,-0.00459009928755197));
#13234=CARTESIAN_POINT('',(-0.0426508638815081,-0.0199824021248898,-0.00286407472508444));
#13235=CARTESIAN_POINT('',(-0.0425365237129351,-0.020180445106229,-0.0016724942385575));
#13236=CARTESIAN_POINT('',(-0.0425365237137653,-0.0201804451047694,2.94799341296048E-19));
#13237=CARTESIAN_POINT('',(-0.0513990339927755,-0.00483012701892223,-0.007));
#13238=CARTESIAN_POINT('',(-0.0518990339927755,-0.0039641016151378,-0.007));
#13239=CARTESIAN_POINT('',(-0.0514495442499923,-0.00474264068711932,-0.007));
#13240=CARTESIAN_POINT('',(-0.0514495442499923,-0.00474264068711932,-0.007));
#13241=CARTESIAN_POINT('',(-0.0514495442499923,-0.00474264068711932,-0.009));
#13242=CARTESIAN_POINT('',(-0.0518990339927755,-0.0039641016151378,-0.009));
#13243=CARTESIAN_POINT('',(-0.0513990339927755,-0.00483012701892223,-0.009));
#13244=CARTESIAN_POINT('',(-0.0513990339927755,-0.00483012701892223,-0.009));
#13245=CARTESIAN_POINT('',(-0.0495181154814308,-0.00808797344533235,-0.00900000000043594));
#13246=CARTESIAN_POINT('',(-0.0479855857005655,-0.0107423928899998,-0.00893829777102193));
#13247=CARTESIAN_POINT('',(-0.0454762350528717,-0.0150887157058901,-0.00852366119107321));
#13248=CARTESIAN_POINT('',(-0.0444980474684626,-0.0167829863013878,-0.00817763404835416));
#13249=CARTESIAN_POINT('',(-0.0429404074165306,-0.0194808980112234,-0.00692874898345405));
#13250=CARTESIAN_POINT('',(-0.0423550348471793,-0.0204947930427074,-0.00597240071631089));
#13251=CARTESIAN_POINT('',(-0.0416549973279863,-0.0217072935931482,-0.00338592527105271));
#13252=CARTESIAN_POINT('',(-0.041536523711776,-0.0219124959157795,-0.00182750576434207));
#13253=CARTESIAN_POINT('',(-0.0415365237137653,-0.0219124959123383,3.22322650033496E-19));
#13254=CARTESIAN_POINT('',(-0.0546669831852066,-0.00483012701892222,-0.008));
#13255=CARTESIAN_POINT('',(-0.0546669831852066,-0.00483012701892222,-0.009));
#13256=CARTESIAN_POINT('',(-0.0565479016964367,-0.0080879734453972,-0.00900000000043594));
#13257=CARTESIAN_POINT('',(-0.0580804314773846,-0.01074239289002,-0.00893829777102193));
#13258=CARTESIAN_POINT('',(-0.0605897821251425,-0.0150887157058699,-0.0085236611910732));
#13259=CARTESIAN_POINT('',(-0.0615679697095234,-0.0167829863013833,-0.00817763404835416));
#13260=CARTESIAN_POINT('',(-0.0631256097614476,-0.0194808980112278,-0.00692874898345405));
#13261=CARTESIAN_POINT('',(-0.0637109823308044,-0.0204947930427101,-0.00597240071631089));
#13262=CARTESIAN_POINT('',(-0.0644110198499944,-0.0217072935931456,-0.00338592527105272));
#13263=CARTESIAN_POINT('',(-0.0645294934662009,-0.0219124959157874,-0.00182750576434206));
#13264=CARTESIAN_POINT('',(-0.0645294934642169,-0.0219124959123382,4.4478732994823E-19));
#13265=CARTESIAN_POINT('',(-0.0546669831852066,-0.00483012701892222,-0.009));
#13266=CARTESIAN_POINT('',(-0.0541669831852066,-0.00396410161513778,-0.009));
#13267=CARTESIAN_POINT('',(-0.0546164729279898,-0.00474264068711931,-0.009));
#13268=CARTESIAN_POINT('',(-0.0546164729279898,-0.00474264068711931,-0.007));
#13269=CARTESIAN_POINT('',(-0.0546164729279898,-0.00474264068711931,-0.007));
#13270=CARTESIAN_POINT('',(-0.0541669831852066,-0.00396410161513778,-0.007));
#13271=CARTESIAN_POINT('',(-0.0546669831852066,-0.00483012701892222,-0.007));
#13272=CARTESIAN_POINT('',(-0.0546669831852066,-0.00483012701892222,-0.007));
#13273=CARTESIAN_POINT('',(-0.0565360646744294,-0.00806747112181964,-0.00700000000042114));
#13274=CARTESIAN_POINT('',(-0.0580488486771499,-0.0106876898753742,-0.00693670222992167));
#13275=CARTESIAN_POINT('',(-0.060456689385531,-0.0148581923187381,-0.00653883880798321));
#13276=CARTESIAN_POINT('',(-0.0613503793682423,-0.0164061087750427,-0.00619736595418389));
#13277=CARTESIAN_POINT('',(-0.0625989944596337,-0.0185687735524483,-0.0051962510140079));
#13278=CARTESIAN_POINT('',(-0.0629479994552191,-0.0191732679368763,-0.00459009928755197));
#13279=CARTESIAN_POINT('',(-0.0634151532964683,-0.0199824021248948,-0.00286407472508444));
#13280=CARTESIAN_POINT('',(-0.0635294934650865,-0.0201804451062237,-0.0016724942385575));
#13281=CARTESIAN_POINT('',(-0.0635294934642169,-0.0201804451047694,4.17264021210782E-19));
#13282=CARTESIAN_POINT('',(-0.0563990339927755,-0.00383012701892223,-0.008));
#13283=CARTESIAN_POINT('',(-0.0563990339927755,-0.00383012701892223,-0.007));
#13284=CARTESIAN_POINT('',(-0.0582681154819948,-0.00706747112182164,-0.00700000000042114));
#13285=CARTESIAN_POINT('',(-0.0597808994847187,-0.00968768987537415,-0.00693670222992167));
#13286=CARTESIAN_POINT('',(-0.0621887401930998,-0.0138581923187381,-0.00653883880798321));
#13287=CARTESIAN_POINT('',(-0.0630824301758124,-0.015406108775043,-0.00619736595418389));
#13288=CARTESIAN_POINT('',(-0.0643310452672013,-0.017568773552448,-0.0051962510140079));
#13289=CARTESIAN_POINT('',(-0.0646800502627848,-0.0181732679368799,-0.00459009928755197));
#13290=CARTESIAN_POINT('',(-0.0651472041040403,-0.0189824021248913,-0.00286407472508444));
#13291=CARTESIAN_POINT('',(-0.0652615442726347,-0.0191804451062182,-0.0016724942385575));
#13292=CARTESIAN_POINT('',(-0.0652615442717858,-0.0191804451047694,2.08203735672497E-19));
#13293=CARTESIAN_POINT('',(-0.0563990339927755,-0.00383012701892223,-0.007));
#13294=CARTESIAN_POINT('',(-0.0558990339927755,-0.00296410161513779,-0.007));
#13295=CARTESIAN_POINT('',(-0.0563485237355587,-0.00374264068711931,-0.007));
#13296=CARTESIAN_POINT('',(-0.0563485237355587,-0.00374264068711931,-0.007));
#13297=CARTESIAN_POINT('',(-0.0563485237355587,-0.00374264068711931,-0.009));
#13298=CARTESIAN_POINT('',(-0.0558990339927755,-0.00296410161513779,-0.009));
#13299=CARTESIAN_POINT('',(-0.0563990339927755,-0.00383012701892223,-0.009));
#13300=CARTESIAN_POINT('',(-0.0563990339927755,-0.00383012701892223,-0.009));
#13301=CARTESIAN_POINT('',(-0.0582799525040027,-0.00708797344540021,-0.00900000000043594));
#13302=CARTESIAN_POINT('',(-0.0598124822849514,-0.00974239289001948,-0.00893829777102193));
#13303=CARTESIAN_POINT('',(-0.0623218329327134,-0.0140887157058705,-0.00852366119107321));
#13304=CARTESIAN_POINT('',(-0.0633000205170948,-0.015782986301384,-0.00817763404835416));
#13305=CARTESIAN_POINT('',(-0.064857660569014,-0.018480898011227,-0.00692874898345405));
#13306=CARTESIAN_POINT('',(-0.0654430331383744,-0.0194947930427059,-0.00597240071631089));
#13307=CARTESIAN_POINT('',(-0.0661430706575622,-0.0207072935931497,-0.00338592527105271));
#13308=CARTESIAN_POINT('',(-0.0662615442737713,-0.0209124959157816,-0.00182750576434207));
#13309=CARTESIAN_POINT('',(-0.0662615442717858,-0.0209124959123383,2.35727044409946E-19));
#13310=CARTESIAN_POINT('',(-0.0563990339927755,0.00383012701892219,-0.008));
#13311=CARTESIAN_POINT('',(-0.0563990339927755,0.00383012701892219,-0.009));
#13312=CARTESIAN_POINT('',(-0.0582799525041162,0.00708797344533332,-0.00900000000043594));
#13313=CARTESIAN_POINT('',(-0.0598124822849849,0.00974239289000185,-0.00893829777102193));
#13314=CARTESIAN_POINT('',(-0.0623218329326799,0.014088715705888,-0.00852366119107321));
#13315=CARTESIAN_POINT('',(-0.0633000205170891,0.0157829863013851,-0.00817763404835416));
#13316=CARTESIAN_POINT('',(-0.0648576605690197,0.0184808980112258,-0.00692874898345406));
#13317=CARTESIAN_POINT('',(-0.0654430331383759,0.0194947930427085,-0.0059724007163109));
#13318=CARTESIAN_POINT('',(-0.0661430706575607,0.0207072935931471,-0.00338592527105272));
#13319=CARTESIAN_POINT('',(-0.0662615442737808,0.020912495915781,-0.00182750576434206));
#13320=CARTESIAN_POINT('',(-0.0662615442717858,0.0209124959123382,-3.26366877293318E-18));
#13321=CARTESIAN_POINT('',(-0.0563990339927755,0.00383012701892219,-0.009));
#13322=CARTESIAN_POINT('',(-0.0558990339927755,0.00296410161513774,-0.009));
#13323=CARTESIAN_POINT('',(-0.0563485237355587,0.00374264068711926,-0.009));
#13324=CARTESIAN_POINT('',(-0.0563485237355587,0.00374264068711928,-0.007));
#13325=CARTESIAN_POINT('',(-0.0563485237355587,0.00374264068711926,-0.007));
#13326=CARTESIAN_POINT('',(-0.0558990339927755,0.00296410161513774,-0.007));
#13327=CARTESIAN_POINT('',(-0.0563990339927755,0.00383012701892219,-0.007));
#13328=CARTESIAN_POINT('',(-0.0563990339927755,0.00383012701892219,-0.007));
#13329=CARTESIAN_POINT('',(-0.058268115482065,0.00706747112178108,-0.00700000000042114));
#13330=CARTESIAN_POINT('',(-0.0597808994847554,0.00968768987535294,-0.00693670222992168));
#13331=CARTESIAN_POINT('',(-0.0621887401930631,0.0138581923187593,-0.00653883880798322));
#13332=CARTESIAN_POINT('',(-0.0630824301758031,0.0154061087750472,-0.0061973659541839));
#13333=CARTESIAN_POINT('',(-0.0643310452672106,0.0175687735524436,-0.0051962510140079));
#13334=CARTESIAN_POINT('',(-0.0646800502627775,0.0181732679368823,-0.00459009928755198));
#13335=CARTESIAN_POINT('',(-0.0651472041040476,0.0189824021248888,-0.00286407472508445));
#13336=CARTESIAN_POINT('',(-0.0652615442726104,0.0191804451062496,-0.0016724942385575));
#13337=CARTESIAN_POINT('',(-0.0652615442717858,0.0191804451047694,-2.99121610436626E-18));
#13338=CARTESIAN_POINT('',(-0.0546669831852066,0.00483012701892218,-0.008));
#13339=CARTESIAN_POINT('',(-0.0546669831852066,0.00483012701892218,-0.007));
#13340=CARTESIAN_POINT('',(-0.0565360646744996,0.00806747112177905,-0.00700000000042114));
#13341=CARTESIAN_POINT('',(-0.0580488486771865,0.0106876898753529,-0.00693670222992168));
#13342=CARTESIAN_POINT('',(-0.0604566893854943,0.0148581923187593,-0.00653883880798322));
#13343=CARTESIAN_POINT('',(-0.0613503793682339,0.0164061087750485,-0.0061973659541839));
#13344=CARTESIAN_POINT('',(-0.0625989944596421,0.0185687735524423,-0.0051962510140079));
#13345=CARTESIAN_POINT('',(-0.0629479994552133,0.0191732679368813,-0.00459009928755197));
#13346=CARTESIAN_POINT('',(-0.063415153296474,0.0199824021248898,-0.00286407472508444));
#13347=CARTESIAN_POINT('',(-0.0635294934650471,0.020180445106229,-0.0016724942385575));
#13348=CARTESIAN_POINT('',(-0.0635294934642169,0.0201804451047694,-3.20027638990454E-18));
#13349=CARTESIAN_POINT('',(-0.0546669831852066,0.00483012701892218,-0.007));
#13350=CARTESIAN_POINT('',(-0.0541669831852066,0.00396410161513775,-0.007));
#13351=CARTESIAN_POINT('',(-0.0546164729279898,0.00474264068711926,-0.007));
#13352=CARTESIAN_POINT('',(-0.0546164729279898,0.00474264068711927,-0.007));
#13353=CARTESIAN_POINT('',(-0.0546164729279898,0.00474264068711926,-0.009));
#13354=CARTESIAN_POINT('',(-0.0541669831852066,0.00396410161513775,-0.009));
#13355=CARTESIAN_POINT('',(-0.0546669831852066,0.00483012701892218,-0.009));
#13356=CARTESIAN_POINT('',(-0.0546669831852066,0.00483012701892218,-0.009));
#13357=CARTESIAN_POINT('',(-0.0565479016965513,0.00808797344533231,-0.00900000000043594));
#13358=CARTESIAN_POINT('',(-0.0580804314774166,0.0107423928899998,-0.00893829777102193));
#13359=CARTESIAN_POINT('',(-0.0605897821251105,0.0150887157058901,-0.00852366119107321));
#13360=CARTESIAN_POINT('',(-0.0615679697095195,0.0167829863013877,-0.00817763404835417));
#13361=CARTESIAN_POINT('',(-0.0631256097614515,0.0194808980112233,-0.00692874898345406));
#13362=CARTESIAN_POINT('',(-0.0637109823308029,0.0204947930427074,-0.00597240071631089));
#13363=CARTESIAN_POINT('',(-0.0644110198499959,0.0217072935931482,-0.00338592527105272));
#13364=CARTESIAN_POINT('',(-0.0645294934662061,0.0219124959157794,-0.00182750576434207));
#13365=CARTESIAN_POINT('',(-0.0645294934642169,0.0219124959123382,-3.47272905847146E-18));
#13366=CARTESIAN_POINT('',(-0.0580330085889911,-0.001,-0.008));
#13367=CARTESIAN_POINT('',(-0.0580330085889911,-0.001,-0.009));
#13368=CARTESIAN_POINT('',(-0.0617948456115618,-0.00100000000006385,-0.00900000000043594));
#13369=CARTESIAN_POINT('',(-0.0648599051733785,-0.00100000000001817,-0.00893829777102193));
#13370=CARTESIAN_POINT('',(-0.0698786064688314,-0.000999999999981869,-0.00852366119107321));
#13371=CARTESIAN_POINT('',(-0.0718349816376214,-0.000999999999998175,-0.00817763404835416));
#13372=CARTESIAN_POINT('',(-0.0749502617414763,-0.00100000000000188,-0.00692874898345405));
#13373=CARTESIAN_POINT('',(-0.0761210068801892,-0.00100000000000153,-0.00597240071631089));
#13374=CARTESIAN_POINT('',(-0.077521081918564,-0.000999999999998514,-0.00338592527105272));
#13375=CARTESIAN_POINT('',(-0.0777580291509906,-0.00100000000000642,-0.00182750576434206));
#13376=CARTESIAN_POINT('',(-0.0777580291470116,-0.00100000000000002,-1.3661429186807E-18));
#13377=CARTESIAN_POINT('',(-0.0580330085889911,-0.001,-0.009));
#13378=CARTESIAN_POINT('',(-0.0570330085889911,-0.00100000000000002,-0.009));
#13379=CARTESIAN_POINT('',(-0.0579319880745574,-0.00100000000000002,-0.009));
#13380=CARTESIAN_POINT('',(-0.0579319880745574,-0.001,-0.007));
#13381=CARTESIAN_POINT('',(-0.0579319880745574,-0.00100000000000002,-0.007));
#13382=CARTESIAN_POINT('',(-0.0570330085889911,-0.00100000000000002,-0.007));
#13383=CARTESIAN_POINT('',(-0.0580330085889911,-0.00100000000000001,-0.007));
#13384=CARTESIAN_POINT('',(-0.0580330085889911,-0.00100000000000001,-0.007));
#13385=CARTESIAN_POINT('',(-0.0617711715675034,-0.00100000000003854,-0.00700000000042114));
#13386=CARTESIAN_POINT('',(-0.0647967395729142,-0.0010000000000212,-0.00693670222992168));
#13387=CARTESIAN_POINT('',(-0.069612420989603,-0.000999999999978843,-0.00653883880798322));
#13388=CARTESIAN_POINT('',(-0.0713998009550544,-0.000999999999995392,-0.00619736595418389));
#13389=CARTESIAN_POINT('',(-0.0738970311378532,-0.00100000000000467,-0.0051962510140079));
#13390=CARTESIAN_POINT('',(-0.0745950411290056,-0.000999999999994004,-0.00459009928755198));
#13391=CARTESIAN_POINT('',(-0.0755293488115248,-0.00100000000000603,-0.00286407472508444));
#13392=CARTESIAN_POINT('',(-0.0757580291487058,-0.000999999999974095,-0.0016724942385575));
#13393=CARTESIAN_POINT('',(-0.0757580291470116,-0.00100000000000003,-1.24367823876596E-18));
#13394=CARTESIAN_POINT('',(-0.0580330085889911,0.000999999999999979,-0.008));
#13395=CARTESIAN_POINT('',(-0.0580330085889911,0.000999999999999979,-0.007));
#13396=CARTESIAN_POINT('',(-0.0617711715675034,0.000999999999957437,-0.00700000000042114));
#13397=CARTESIAN_POINT('',(-0.0647967395729142,0.000999999999978803,-0.00693670222992168));
#13398=CARTESIAN_POINT('',(-0.069612420989603,0.00100000000002116,-0.00653883880798322));
#13399=CARTESIAN_POINT('',(-0.0713998009550553,0.00100000000000553,-0.00619736595418389));
#13400=CARTESIAN_POINT('',(-0.0738970311378523,0.000999999999994403,-0.0051962510140079));
#13401=CARTESIAN_POINT('',(-0.0745950411290071,0.00100000000000148,-0.00459009928755197));
#13402=CARTESIAN_POINT('',(-0.0755293488115233,0.000999999999998477,-0.00286407472508444));
#13403=CARTESIAN_POINT('',(-0.0757580291486907,0.00100000000001078,-0.0016724942385575));
#13404=CARTESIAN_POINT('',(-0.0757580291470116,0.000999999999999976,-1.5393341299278E-18));
#13405=CARTESIAN_POINT('',(-0.0580330085889911,0.000999999999999979,-0.007));
#13406=CARTESIAN_POINT('',(-0.0570330085889911,0.000999999999999979,-0.007));
#13407=CARTESIAN_POINT('',(-0.0579319880745574,0.000999999999999977,-0.007));
#13408=CARTESIAN_POINT('',(-0.0579319880745574,0.00099999999999998,-0.007));
#13409=CARTESIAN_POINT('',(-0.0579319880745574,0.000999999999999977,-0.009));
#13410=CARTESIAN_POINT('',(-0.0570330085889911,0.000999999999999979,-0.009));
#13411=CARTESIAN_POINT('',(-0.0580330085889911,0.000999999999999979,-0.009));
#13412=CARTESIAN_POINT('',(-0.0580330085889911,0.000999999999999979,-0.009));
#13413=CARTESIAN_POINT('',(-0.061794845611563,0.000999999999932117,-0.00900000000043594));
#13414=CARTESIAN_POINT('',(-0.064859905173377,0.000999999999980315,-0.00893829777102193));
#13415=CARTESIAN_POINT('',(-0.0698786064688329,0.00100000000001965,-0.00852366119107321));
#13416=CARTESIAN_POINT('',(-0.0718349816376233,0.00100000000000368,-0.00817763404835416));
#13417=CARTESIAN_POINT('',(-0.0749502617414744,0.000999999999996262,-0.00692874898345405));
#13418=CARTESIAN_POINT('',(-0.0761210068801862,0.00100000000000148,-0.00597240071631089));
#13419=CARTESIAN_POINT('',(-0.0775210819185671,0.00099999999999847,-0.00338592527105271));
#13420=CARTESIAN_POINT('',(-0.0777580291509864,0.000999999999997839,-0.00182750576434207));
#13421=CARTESIAN_POINT('',(-0.0777580291470116,0.000999999999999976,-1.66179880984254E-18));
#13422=CARTESIAN_POINT('',(-0.0513990339927755,0.00483012701892217,-0.008));
#13423=CARTESIAN_POINT('',(-0.0513990339927755,0.00483012701892217,-0.009));
#13424=CARTESIAN_POINT('',(-0.0495181154815454,0.00808797344539716,-0.00900000000043594));
#13425=CARTESIAN_POINT('',(-0.0479855857005975,0.01074239289002,-0.00893829777102193));
#13426=CARTESIAN_POINT('',(-0.0454762350528396,0.0150887157058699,-0.00852366119107321));
#13427=CARTESIAN_POINT('',(-0.0444980474684587,0.0167829863013833,-0.00817763404835416));
#13428=CARTESIAN_POINT('',(-0.0429404074165345,0.0194808980112277,-0.00692874898345406));
#13429=CARTESIAN_POINT('',(-0.0423550348471777,0.02049479304271,-0.0059724007163109));
#13430=CARTESIAN_POINT('',(-0.0416549973279877,0.0217072935931456,-0.00338592527105272));
#13431=CARTESIAN_POINT('',(-0.0415365237117813,0.0219124959157874,-0.00182750576434206));
#13432=CARTESIAN_POINT('',(-0.0415365237137653,0.0219124959123382,-3.35026437855673E-18));
#13433=CARTESIAN_POINT('',(-0.0513990339927755,0.00483012701892217,-0.009));
#13434=CARTESIAN_POINT('',(-0.0518990339927755,0.00396410161513774,-0.009));
#13435=CARTESIAN_POINT('',(-0.0514495442499923,0.00474264068711927,-0.009));
#13436=CARTESIAN_POINT('',(-0.0514495442499923,0.00474264068711927,-0.007));
#13437=CARTESIAN_POINT('',(-0.0514495442499923,0.00474264068711927,-0.007));
#13438=CARTESIAN_POINT('',(-0.0518990339927755,0.00396410161513774,-0.007));
#13439=CARTESIAN_POINT('',(-0.0513990339927755,0.00483012701892217,-0.007));
#13440=CARTESIAN_POINT('',(-0.0513990339927755,0.00483012701892217,-0.007));
#13441=CARTESIAN_POINT('',(-0.0495299525035527,0.0080674711218196,-0.00700000000042114));
#13442=CARTESIAN_POINT('',(-0.0480171685008323,0.0106876898753741,-0.00693670222992168));
#13443=CARTESIAN_POINT('',(-0.0456093277924512,0.0148581923187381,-0.00653883880798322));
#13444=CARTESIAN_POINT('',(-0.0447156378097398,0.0164061087750426,-0.0061973659541839));
#13445=CARTESIAN_POINT('',(-0.0434670227183485,0.0185687735524483,-0.0051962510140079));
#13446=CARTESIAN_POINT('',(-0.043118017722763,0.0191732679368763,-0.00459009928755198));
#13447=CARTESIAN_POINT('',(-0.0426508638815139,0.0199824021248948,-0.00286407472508445));
#13448=CARTESIAN_POINT('',(-0.0425365237128957,0.0201804451062237,-0.0016724942385575));
#13449=CARTESIAN_POINT('',(-0.0425365237137653,0.0201804451047694,-3.07781170998981E-18));
#13450=CARTESIAN_POINT('',(-0.0496669831852066,0.00383012701892218,-0.008));
#13451=CARTESIAN_POINT('',(-0.0496669831852066,0.00383012701892218,-0.007));
#13452=CARTESIAN_POINT('',(-0.0477979016959873,0.00706747112182159,-0.00700000000042114));
#13453=CARTESIAN_POINT('',(-0.0462851176932634,0.00968768987537411,-0.00693670222992168));
#13454=CARTESIAN_POINT('',(-0.0438772769848823,0.0138581923187381,-0.00653883880798322));
#13455=CARTESIAN_POINT('',(-0.0429835870021697,0.0154061087750429,-0.0061973659541839));
#13456=CARTESIAN_POINT('',(-0.0417349719107808,0.017568773552448,-0.0051962510140079));
#13457=CARTESIAN_POINT('',(-0.0413859669151974,0.0181732679368798,-0.00459009928755197));
#13458=CARTESIAN_POINT('',(-0.0409188130739419,0.0189824021248913,-0.00286407472508444));
#13459=CARTESIAN_POINT('',(-0.0408044729053475,0.0191804451062181,-0.0016724942385575));
#13460=CARTESIAN_POINT('',(-0.0408044729061964,0.0191804451047694,-3.113680784281E-18));
#13461=CARTESIAN_POINT('',(-0.0496669831852066,0.00383012701892218,-0.007));
#13462=CARTESIAN_POINT('',(-0.0501669831852066,0.00296410161513774,-0.007));
#13463=CARTESIAN_POINT('',(-0.0497174934424235,0.00374264068711927,-0.007));
#13464=CARTESIAN_POINT('',(-0.0497174934424235,0.00374264068711927,-0.007));
#13465=CARTESIAN_POINT('',(-0.0497174934424235,0.00374264068711927,-0.009));
#13466=CARTESIAN_POINT('',(-0.0501669831852066,0.00296410161513774,-0.009));
#13467=CARTESIAN_POINT('',(-0.0496669831852066,0.00383012701892218,-0.009));
#13468=CARTESIAN_POINT('',(-0.0496669831852066,0.00383012701892218,-0.009));
#13469=CARTESIAN_POINT('',(-0.0477860646739795,0.00708797344540017,-0.00900000000043594));
#13470=CARTESIAN_POINT('',(-0.0462535348930307,0.00974239289001944,-0.00893829777102193));
#13471=CARTESIAN_POINT('',(-0.0437441842452687,0.0140887157058704,-0.00852366119107321));
#13472=CARTESIAN_POINT('',(-0.0427659966608873,0.0157829863013839,-0.00817763404835417));
#13473=CARTESIAN_POINT('',(-0.0412083566089682,0.018480898011227,-0.00692874898345406));
#13474=CARTESIAN_POINT('',(-0.0406229840396078,0.0194947930427059,-0.00597240071631089));
#13475=CARTESIAN_POINT('',(-0.03992294652042,0.0207072935931497,-0.00338592527105272));
#13476=CARTESIAN_POINT('',(-0.0398044729042108,0.0209124959157816,-0.00182750576434207));
#13477=CARTESIAN_POINT('',(-0.0398044729061964,0.0209124959123382,-3.38613345284792E-18));
#13478=CARTESIAN_POINT('',(-0.0480330085889911,0.000999999999999966,-0.008));
#13479=CARTESIAN_POINT('',(-0.0480330085889911,0.000999999999999966,-0.009));
#13480=CARTESIAN_POINT('',(-0.0442711715664203,0.00100000000006381,-0.00900000000043594));
#13481=CARTESIAN_POINT('',(-0.0412061120046037,0.00100000000001812,-0.00893829777102193));
#13482=CARTESIAN_POINT('',(-0.0361874107091508,0.000999999999981828,-0.00852366119107321));
#13483=CARTESIAN_POINT('',(-0.0342310355403607,0.000999999999998134,-0.00817763404835416));
#13484=CARTESIAN_POINT('',(-0.0311157554365059,0.00100000000000184,-0.00692874898345405));
#13485=CARTESIAN_POINT('',(-0.029945010297793,0.00100000000000149,-0.00597240071631089));
#13486=CARTESIAN_POINT('',(-0.0285449352594181,0.000999999999998474,-0.00338592527105272));
#13487=CARTESIAN_POINT('',(-0.0283079880269915,0.00100000000000638,-0.00182750576434206));
#13488=CARTESIAN_POINT('',(-0.0283079880309706,0.00099999999999998,-1.5393341299278E-18));
#13489=CARTESIAN_POINT('',(-0.0480330085889911,0.000999999999999966,-0.009));
#13490=CARTESIAN_POINT('',(-0.0490330085889911,0.000999999999999973,-0.009));
#13491=CARTESIAN_POINT('',(-0.0481340291034247,0.000999999999999973,-0.009));
#13492=CARTESIAN_POINT('',(-0.0481340291034247,0.000999999999999967,-0.007));
#13493=CARTESIAN_POINT('',(-0.0481340291034247,0.000999999999999973,-0.007));
#13494=CARTESIAN_POINT('',(-0.0490330085889911,0.000999999999999973,-0.007));
#13495=CARTESIAN_POINT('',(-0.0480330085889911,0.000999999999999973,-0.007));
#13496=CARTESIAN_POINT('',(-0.0480330085889911,0.000999999999999973,-0.007));
#13497=CARTESIAN_POINT('',(-0.0442948456104788,0.0010000000000385,-0.00700000000042114));
#13498=CARTESIAN_POINT('',(-0.041269277605068,0.00100000000002116,-0.00693670222992168));
#13499=CARTESIAN_POINT('',(-0.0364535961883791,0.000999999999978803,-0.00653883880798322));
#13500=CARTESIAN_POINT('',(-0.0346662162229278,0.000999999999995352,-0.00619736595418389));
#13501=CARTESIAN_POINT('',(-0.0321689860401289,0.00100000000000463,-0.0051962510140079));
#13502=CARTESIAN_POINT('',(-0.0314709760489766,0.000999999999993964,-0.00459009928755198));
#13503=CARTESIAN_POINT('',(-0.0305366683664574,0.00100000000000599,-0.00286407472508444));
#13504=CARTESIAN_POINT('',(-0.0303079880292763,0.000999999999974056,-0.0016724942385575));
#13505=CARTESIAN_POINT('',(-0.0303079880309706,0.000999999999999987,-1.41686945001306E-18));
#13506=CARTESIAN_POINT('',(-0.0480330085889911,-0.00100000000000002,-0.008));
#13507=CARTESIAN_POINT('',(-0.0480330085889911,-0.00100000000000002,-0.007));
#13508=CARTESIAN_POINT('',(-0.0442948456104788,-0.000999999999957479,-0.00700000000042114));
#13509=CARTESIAN_POINT('',(-0.041269277605068,-0.000999999999978844,-0.00693670222992168));
#13510=CARTESIAN_POINT('',(-0.0364535961883791,-0.0010000000000212,-0.00653883880798322));
#13511=CARTESIAN_POINT('',(-0.0346662162229269,-0.00100000000000557,-0.00619736595418389));
#13512=CARTESIAN_POINT('',(-0.0321689860401298,-0.000999999999994443,-0.0051962510140079));
#13513=CARTESIAN_POINT('',(-0.0314709760489751,-0.00100000000000152,-0.00459009928755197));
#13514=CARTESIAN_POINT('',(-0.0305366683664589,-0.000999999999998516,-0.00286407472508444));
#13515=CARTESIAN_POINT('',(-0.0303079880292914,-0.00100000000001082,-0.0016724942385575));
#13516=CARTESIAN_POINT('',(-0.0303079880309706,-0.00100000000000001,-1.3661429186807E-18));
#13517=CARTESIAN_POINT('',(-0.0480330085889911,-0.00100000000000002,-0.007));
#13518=CARTESIAN_POINT('',(-0.0490330085889911,-0.00100000000000002,-0.007));
#13519=CARTESIAN_POINT('',(-0.0481340291034247,-0.00100000000000002,-0.007));
#13520=CARTESIAN_POINT('',(-0.0481340291034247,-0.00100000000000002,-0.007));
#13521=CARTESIAN_POINT('',(-0.0481340291034247,-0.00100000000000002,-0.009));
#13522=CARTESIAN_POINT('',(-0.0490330085889911,-0.00100000000000002,-0.009));
#13523=CARTESIAN_POINT('',(-0.0480330085889911,-0.00100000000000002,-0.009));
#13524=CARTESIAN_POINT('',(-0.0480330085889911,-0.00100000000000002,-0.009));
#13525=CARTESIAN_POINT('',(-0.0442711715664192,-0.000999999999932159,-0.00900000000043594));
#13526=CARTESIAN_POINT('',(-0.0412061120046052,-0.000999999999980357,-0.00893829777102193));
#13527=CARTESIAN_POINT('',(-0.0361874107091493,-0.00100000000001969,-0.00852366119107321));
#13528=CARTESIAN_POINT('',(-0.0342310355403588,-0.00100000000000372,-0.00817763404835416));
#13529=CARTESIAN_POINT('',(-0.0311157554365077,-0.000999999999996302,-0.00692874898345405));
#13530=CARTESIAN_POINT('',(-0.029945010297796,-0.00100000000000152,-0.00597240071631089));
#13531=CARTESIAN_POINT('',(-0.0285449352594151,-0.000999999999998509,-0.00338592527105271));
#13532=CARTESIAN_POINT('',(-0.0283079880269957,-0.000999999999997878,-0.00182750576434207));
#13533=CARTESIAN_POINT('',(-0.0283079880309705,-0.00100000000000001,-1.48860759859544E-18));
#13534=CARTESIAN_POINT('',(-0.049666983185206,-0.00383012701892183,-0.009));
#13535=CARTESIAN_POINT('',(-0.0513990339927755,-0.00483012701892223,-0.009));
#13536=CARTESIAN_POINT('',(-0.0477860646738636,-0.00708797344533197,-0.00900000000043594));
#13537=CARTESIAN_POINT('',(-0.0495181154814331,-0.00808797344533236,-0.00900000000043594));
#13538=CARTESIAN_POINT('',(-0.0454877672339384,-0.0110687413823335,-0.00890650379141678));
#13539=CARTESIAN_POINT('',(-0.0472198180415079,-0.0120687413823339,-0.00890650379141678));
#13540=CARTESIAN_POINT('',(-0.0432549450929286,-0.0149361027748339,-0.00834876545730278));
#13541=CARTESIAN_POINT('',(-0.0449869959004982,-0.0159361027748343,-0.00834876545730278));
#13542=CARTESIAN_POINT('',(-0.0419380921215936,-0.0172169590272589,-0.00762891149932595));
#13543=CARTESIAN_POINT('',(-0.0436701429291631,-0.0182169590272593,-0.00762891149932595));
#13544=CARTESIAN_POINT('',(-0.0409157462302593,-0.0189877140539614,-0.00645473764081804));
#13545=CARTESIAN_POINT('',(-0.0426477970378289,-0.0199877140539618,-0.00645473764081804));
#13546=CARTESIAN_POINT('',(-0.0402145458528548,-0.0202022287339165,-0.00475399064406243));
#13547=CARTESIAN_POINT('',(-0.0419465966604243,-0.0212022287339169,-0.00475399064406243));
#13548=CARTESIAN_POINT('',(-0.0398638620384007,-0.0208096309179372,-0.00260427774502303));
#13549=CARTESIAN_POINT('',(-0.0415959128459703,-0.0218096309179376,-0.00260427774502303));
#13550=CARTESIAN_POINT('',(-0.0398044729051996,-0.0209124959140589,-0.000913752882171031));
#13551=CARTESIAN_POINT('',(-0.0415365237127692,-0.0219124959140593,-0.000913752882171031));
#13552=CARTESIAN_POINT('',(-0.0398044729061957,-0.0209124959123379,4.33680868994202E-19));
#13553=CARTESIAN_POINT('',(-0.0415365237137653,-0.0219124959123383,4.33680871644553E-19));
#13554=CARTESIAN_POINT('',(-0.0505330085889911,-0.00433012701892222,-0.009));
#13555=CARTESIAN_POINT('',(-0.0408044729061963,-0.0191804451047694,-4.27264389066546E-11));
#13556=CARTESIAN_POINT('',(-0.0425365237137656,-0.0201804451047696,-4.27264389066546E-11));
#13557=CARTESIAN_POINT('',(-0.0408044729067536,-0.0191804451038139,-0.000836247156130408));
#13558=CARTESIAN_POINT('',(-0.0425365237143229,-0.0201804451038141,-0.000836247156130408));
#13559=CARTESIAN_POINT('',(-0.0408614906658729,-0.0190816874480825,-0.0022707222805749));
#13560=CARTESIAN_POINT('',(-0.0425935414734422,-0.0200816874480827,-0.0022707222805749));
#13561=CARTESIAN_POINT('',(-0.0411231139538192,-0.0186285426209082,-0.00380069687164508));
#13562=CARTESIAN_POINT('',(-0.0428551647613885,-0.0196285426209085,-0.00380069687164508));
#13563=CARTESIAN_POINT('',(-0.041560393513119,-0.0178711522070897,-0.00488901236996393));
#13564=CARTESIAN_POINT('',(-0.0432924443206882,-0.0188711522070899,-0.00488901236996393));
#13565=CARTESIAN_POINT('',(-0.0422911764776868,-0.0166053989831469,-0.0057304635065145));
#13566=CARTESIAN_POINT('',(-0.044023227285256,-0.0176053989831471,-0.0057304635065145));
#13567=CARTESIAN_POINT('',(-0.0434305773628299,-0.0146318987599262,-0.00636998454691426));
#13568=CARTESIAN_POINT('',(-0.0451626281703991,-0.0156318987599264,-0.00636998454691426));
#13569=CARTESIAN_POINT('',(-0.045528228466493,-0.0109986604717983,-0.00690599620816822));
#13570=CARTESIAN_POINT('',(-0.0472602792740622,-0.0119986604717985,-0.00690599620816822));
#13571=CARTESIAN_POINT('',(-0.0477979016998927,-0.00706747111489103,-0.00700000000042109));
#13572=CARTESIAN_POINT('',(-0.0495299525074619,-0.00806747111489126,-0.00700000000042109));
#13573=CARTESIAN_POINT('',(-0.0496669831852045,-0.00383012701892583,-0.007));
#13574=CARTESIAN_POINT('',(-0.0513990339927738,-0.00483012701892605,-0.007));
#13575=CARTESIAN_POINT('',(-0.0505330085889911,-0.00433012701892222,-0.007));
#13576=CARTESIAN_POINT('',(-0.0510330085889911,-0.00346410161513779,-0.009));
#13577=CARTESIAN_POINT('',(-0.0530330085889911,-2.42861286636753E-17,-0.009));
#13578=CARTESIAN_POINT('',(-0.0555330085889911,-0.00433012701892222,-0.009));
#13579=CARTESIAN_POINT('',(-0.0530330085889911,-2.42861286636753E-17,-0.009));
#13580=CARTESIAN_POINT('',(-0.0580330085889911,-2.17630792133719E-17,-0.009));
#13581=CARTESIAN_POINT('',(-0.0530330085889911,-2.42861286636753E-17,-0.009));
#13582=CARTESIAN_POINT('',(-0.0555330085889911,0.00433012701892218,-0.009));
#13583=CARTESIAN_POINT('',(-0.0530330085889911,-2.42861286636753E-17,-0.009));
#13584=CARTESIAN_POINT('',(-0.0505330085889911,0.00433012701892218,-0.009));
#13585=CARTESIAN_POINT('',(-0.0530330085889911,-2.42861286636753E-17,-0.009));
#13586=CARTESIAN_POINT('',(-0.0480330085889911,-2.08166817117217E-17,-0.009));
#13587=CARTESIAN_POINT('',(-0.0530330085889911,-2.42861286636753E-17,-0.009));
#13588=CARTESIAN_POINT('',(-0.0501751247565024,0.00165,-0.009));
#13589=CARTESIAN_POINT('',(-0.0494823044334748,0.00205,-0.009));
#13590=CARTESIAN_POINT('',(-0.0558908924214797,0.00164999999999995,-0.009));
#13591=CARTESIAN_POINT('',(-0.0551980720984522,0.00204999999999996,-0.009));
#13592=CARTESIAN_POINT('',(-0.053033008588991,-0.0033,-0.009));
#13593=CARTESIAN_POINT('',(-0.0523401882659634,-0.0029,-0.009));
#13594=CARTESIAN_POINT('',(-0.0530330085889911,-2.42861286636753E-17,-0.009));
#13595=CARTESIAN_POINT('',(-0.0517339704833144,0.000749999999999976,-0.009));
#13596=CARTESIAN_POINT('',(-0.0510330085889911,-0.0034641016151378,-0.007));
#13597=CARTESIAN_POINT('',(-0.0530330085889911,-2.42861286636753E-17,-0.007));
#13598=CARTESIAN_POINT('',(-0.0530330085889911,-2.42861286636753E-17,-0.007));
#13599=CARTESIAN_POINT('',(-0.0480330085889911,-2.08166817117217E-17,-0.007));
#13600=CARTESIAN_POINT('',(-0.0530330085889911,-2.42861286636753E-17,-0.007));
#13601=CARTESIAN_POINT('',(-0.0505330085889911,0.00433012701892218,-0.007));
#13602=CARTESIAN_POINT('',(-0.0530330085889911,-2.42861286636753E-17,-0.007));
#13603=CARTESIAN_POINT('',(-0.0555330085889911,0.00433012701892218,-0.007));
#13604=CARTESIAN_POINT('',(-0.0530330085889911,-2.42861286636753E-17,-0.007));
#13605=CARTESIAN_POINT('',(-0.0580330085889911,-2.14166967908777E-17,-0.007));
#13606=CARTESIAN_POINT('',(-0.0530330085889911,-2.42861286636753E-17,-0.007));
#13607=CARTESIAN_POINT('',(-0.0555330085889911,-0.00433012701892222,-0.007));
#13608=CARTESIAN_POINT('',(-0.0501751247565024,0.00165,-0.007));
#13609=CARTESIAN_POINT('',(-0.0494823044334748,0.00205,-0.007));
#13610=CARTESIAN_POINT('',(-0.0558908924214797,0.00164999999999995,-0.007));
#13611=CARTESIAN_POINT('',(-0.0551980720984522,0.00204999999999996,-0.007));
#13612=CARTESIAN_POINT('',(-0.053033008588991,-0.0033,-0.007));
#13613=CARTESIAN_POINT('',(-0.0523401882659634,-0.0029,-0.007));
#13614=CARTESIAN_POINT('',(-0.0530330085889911,-2.42861286636753E-17,-0.007));
#13615=CARTESIAN_POINT('',(-0.0517339704833144,0.000749999999999976,-0.007));
#13616=CARTESIAN_POINT('',(-0.0530330085889911,-2.42861286636753E-17,-0.007));
#13617=CARTESIAN_POINT('',(-0.054666983185206,-0.00483012701892257,-0.009));
#13618=CARTESIAN_POINT('',(-0.0563990339927755,-0.00383012701892224,-0.009));
#13619=CARTESIAN_POINT('',(-0.0565479016964343,-0.00808797344539857,-0.00900000000043594));
#13620=CARTESIAN_POINT('',(-0.0582799525040039,-0.00708797344539824,-0.00900000000043594));
#13621=CARTESIAN_POINT('',(-0.0588461991364856,-0.0120687413823273,-0.00890650379141677));
#13622=CARTESIAN_POINT('',(-0.0605782499440552,-0.011068741382327,-0.00890650379141677));
#13623=CARTESIAN_POINT('',(-0.0610790212775013,-0.0159361027748243,-0.00834876545730277));
#13624=CARTESIAN_POINT('',(-0.0628110720850708,-0.0149361027748239,-0.00834876545730277));
#13625=CARTESIAN_POINT('',(-0.0623958742488143,-0.0182169590272619,-0.00762891149932596));
#13626=CARTESIAN_POINT('',(-0.0641279250563839,-0.0172169590272616,-0.00762891149932596));
#13627=CARTESIAN_POINT('',(-0.0634182201401506,-0.0199877140539633,-0.00645473764081804));
#13628=CARTESIAN_POINT('',(-0.0651502709477201,-0.018987714053963,-0.00645473764081804));
#13629=CARTESIAN_POINT('',(-0.0641194205175586,-0.0212022287339164,-0.00475399064406244));
#13630=CARTESIAN_POINT('',(-0.0658514713251281,-0.0202022287339161,-0.00475399064406244));
#13631=CARTESIAN_POINT('',(-0.0644701043320076,-0.02180963091794,-0.00260427774502303));
#13632=CARTESIAN_POINT('',(-0.0662021551395772,-0.0208096309179397,-0.00260427774502303));
#13633=CARTESIAN_POINT('',(-0.0645294934652086,-0.0219124959140617,-0.00091375288217103));
#13634=CARTESIAN_POINT('',(-0.0662615442727782,-0.0209124959140614,-0.00091375288217103));
#13635=CARTESIAN_POINT('',(-0.0645294934642162,-0.0219124959123386,5.42101086242752E-19));
#13636=CARTESIAN_POINT('',(-0.0662615442717858,-0.0209124959123383,5.42101082550539E-19));
#13637=CARTESIAN_POINT('',(-0.0635294934642169,-0.0201804451047694,-4.27264392652989E-11));
#13638=CARTESIAN_POINT('',(-0.0652615442717861,-0.0191804451047692,-4.27264392652989E-11));
#13639=CARTESIAN_POINT('',(-0.063529493463668,-0.020180445103809,-0.00083624715613041));
#13640=CARTESIAN_POINT('',(-0.0652615442712372,-0.0191804451038089,-0.00083624715613041));
#13641=CARTESIAN_POINT('',(-0.0634724757045461,-0.0200816874480792,-0.0022707222805749));
#13642=CARTESIAN_POINT('',(-0.0652045265121153,-0.019081687448079,-0.0022707222805749));
#13643=CARTESIAN_POINT('',(-0.0632108524165928,-0.0196285426209089,-0.00380069687164509));
#13644=CARTESIAN_POINT('',(-0.064942903224162,-0.0186285426209087,-0.00380069687164509));
#13645=CARTESIAN_POINT('',(-0.062773572857293,-0.0188711522070904,-0.00488901236996393));
#13646=CARTESIAN_POINT('',(-0.0645056236648622,-0.0178711522070903,-0.00488901236996393));
#13647=CARTESIAN_POINT('',(-0.0620427898927204,-0.0176053989831504,-0.00573046350651451));
#13648=CARTESIAN_POINT('',(-0.0637748407002896,-0.0166053989831502,-0.00573046350651451));
#13649=CARTESIAN_POINT('',(-0.0609033890076086,-0.0156318987599116,-0.00636998454691426));
#13650=CARTESIAN_POINT('',(-0.0626354398151778,-0.0146318987599114,-0.00636998454691426));
#13651=CARTESIAN_POINT('',(-0.0588057379039191,-0.011998660471799,-0.00690599620816823));
#13652=CARTESIAN_POINT('',(-0.0605377887114883,-0.0109986604717988,-0.00690599620816823));
#13653=CARTESIAN_POINT('',(-0.0565360646704503,-0.00806747111493157,-0.00700000000042109));
#13654=CARTESIAN_POINT('',(-0.0582681154780195,-0.00706747111493139,-0.00700000000042109));
#13655=CARTESIAN_POINT('',(-0.0546669831852087,-0.00483012701892583,-0.007));
#13656=CARTESIAN_POINT('',(-0.0563990339927779,-0.00383012701892565,-0.007));
#13657=CARTESIAN_POINT('',(-0.0530330085889911,-2.42861286636753E-17,-0.007));
#13658=CARTESIAN_POINT('',(-0.0563990339927762,0.00383012701892179,-0.009));
#13659=CARTESIAN_POINT('',(-0.0546669831852066,0.00483012701892219,-0.009));
#13660=CARTESIAN_POINT('',(-0.0582799525041186,0.00708797344533192,-0.00900000000043594));
#13661=CARTESIAN_POINT('',(-0.056547901696549,0.00808797344533232,-0.00900000000043594));
#13662=CARTESIAN_POINT('',(-0.0605782499440438,0.0110687413823334,-0.00890650379141678));
#13663=CARTESIAN_POINT('',(-0.0588461991364742,0.0120687413823338,-0.00890650379141678));
#13664=CARTESIAN_POINT('',(-0.0628110720850535,0.0149361027748339,-0.00834876545730278));
#13665=CARTESIAN_POINT('',(-0.0610790212774839,0.0159361027748343,-0.00834876545730278));
#13666=CARTESIAN_POINT('',(-0.0641279250563886,0.0172169590272588,-0.00762891149932596));
#13667=CARTESIAN_POINT('',(-0.062395874248819,0.0182169590272592,-0.00762891149932596));
#13668=CARTESIAN_POINT('',(-0.0651502709477229,0.0189877140539614,-0.00645473764081805));
#13669=CARTESIAN_POINT('',(-0.0634182201401533,0.0199877140539618,-0.00645473764081805));
#13670=CARTESIAN_POINT('',(-0.0658514713251274,0.0202022287339165,-0.00475399064406244));
#13671=CARTESIAN_POINT('',(-0.0641194205175578,0.0212022287339169,-0.00475399064406244));
#13672=CARTESIAN_POINT('',(-0.0662021551395814,0.0208096309179372,-0.00260427774502304));
#13673=CARTESIAN_POINT('',(-0.0644701043320118,0.0218096309179376,-0.00260427774502304));
#13674=CARTESIAN_POINT('',(-0.0662615442727825,0.0209124959140588,-0.000913752882171035));
#13675=CARTESIAN_POINT('',(-0.0645294934652129,0.0219124959140592,-0.000913752882171035));
#13676=CARTESIAN_POINT('',(-0.0662615442717865,0.0209124959123379,-3.25260651745651E-18));
#13677=CARTESIAN_POINT('',(-0.0645294934642169,0.0219124959123383,-3.25260651911984E-18));
#13678=CARTESIAN_POINT('',(-0.0652615442717858,0.0191804451047693,-4.27264395074621E-11));
#13679=CARTESIAN_POINT('',(-0.0635294934642165,0.0201804451047695,-4.27264395074621E-11));
#13680=CARTESIAN_POINT('',(-0.0652615442712285,0.0191804451038138,-0.000836247156130411));
#13681=CARTESIAN_POINT('',(-0.0635294934636593,0.020180445103814,-0.000836247156130411));
#13682=CARTESIAN_POINT('',(-0.0652045265121091,0.0190816874480825,-0.00227072228057491));
#13683=CARTESIAN_POINT('',(-0.0634724757045399,0.0200816874480827,-0.00227072228057491));
#13684=CARTESIAN_POINT('',(-0.0649429032241629,0.0186285426209082,-0.00380069687164509));
#13685=CARTESIAN_POINT('',(-0.0632108524165937,0.0196285426209084,-0.00380069687164509));
#13686=CARTESIAN_POINT('',(-0.0645056236648632,0.0178711522070897,-0.00488901236996393));
#13687=CARTESIAN_POINT('',(-0.0627735728572939,0.0188711522070899,-0.00488901236996393));
#13688=CARTESIAN_POINT('',(-0.0637748407002954,0.0166053989831468,-0.00573046350651451));
#13689=CARTESIAN_POINT('',(-0.0620427898927262,0.017605398983147,-0.00573046350651451));
#13690=CARTESIAN_POINT('',(-0.0626354398151522,0.0146318987599262,-0.00636998454691427));
#13691=CARTESIAN_POINT('',(-0.0609033890075829,0.0156318987599264,-0.00636998454691427));
#13692=CARTESIAN_POINT('',(-0.0605377887114891,0.0109986604717983,-0.00690599620816824));
#13693=CARTESIAN_POINT('',(-0.0588057379039199,0.0119986604717985,-0.00690599620816824));
#13694=CARTESIAN_POINT('',(-0.0582681154780893,0.00706747111489099,-0.00700000000042109));
#13695=CARTESIAN_POINT('',(-0.0565360646705201,0.0080674711148912,-0.00700000000042109));
#13696=CARTESIAN_POINT('',(-0.0563990339927776,0.00383012701892579,-0.007));
#13697=CARTESIAN_POINT('',(-0.0546669831852083,0.00483012701892599,-0.007));
#13698=CARTESIAN_POINT('',(-0.0530330085889911,-2.42861286636753E-17,-0.007));
#13699=CARTESIAN_POINT('',(-0.0580330085889911,-0.00100000000000078,-0.009));
#13700=CARTESIAN_POINT('',(-0.0580330085889911,0.000999999999999987,-0.009));
#13701=CARTESIAN_POINT('',(-0.0617948456115618,-0.00100000000006665,-0.00900000000043594));
#13702=CARTESIAN_POINT('',(-0.0617948456115618,0.000999999999934127,-0.00900000000043594));
#13703=CARTESIAN_POINT('',(-0.0663914404915383,-0.00099999999999386,-0.00890650379141678));
#13704=CARTESIAN_POINT('',(-0.0663914404915383,0.00100000000000691,-0.00890650379141678));
#13705=CARTESIAN_POINT('',(-0.0708570847735637,-0.000999999999990398,-0.00834876545730277));
#13706=CARTESIAN_POINT('',(-0.0708570847735637,0.00100000000001037,-0.00834876545730277));
#13707=CARTESIAN_POINT('',(-0.0734907907162118,-0.00100000000000311,-0.00762891149932595));
#13708=CARTESIAN_POINT('',(-0.0734907907162118,0.000999999999997666,-0.00762891149932595));
#13709=CARTESIAN_POINT('',(-0.0755354824988823,-0.00100000000000199,-0.00645473764081804));
#13710=CARTESIAN_POINT('',(-0.0755354824988823,0.000999999999998779,-0.00645473764081804));
#13711=CARTESIAN_POINT('',(-0.0769378832536949,-0.000999999999999985,-0.00475399064406243));
#13712=CARTESIAN_POINT('',(-0.0769378832536949,0.00100000000000079,-0.00475399064406243));
#13713=CARTESIAN_POINT('',(-0.077639250882598,-0.00100000000000286,-0.00260427774502304));
#13714=CARTESIAN_POINT('',(-0.077639250882598,0.000999999999997915,-0.00260427774502304));
#13715=CARTESIAN_POINT('',(-0.0777580291490001,-0.00100000000000293,-0.000913752882171035));
#13716=CARTESIAN_POINT('',(-0.0777580291490001,0.000999999999997842,-0.000913752882171035));
#13717=CARTESIAN_POINT('',(-0.0777580291470116,-0.0010000000000008,-1.73472347597681E-18));
#13718=CARTESIAN_POINT('',(-0.0777580291470116,0.000999999999999976,-1.73472347597681E-18));
#13719=CARTESIAN_POINT('',(-0.0757580291470116,-0.00100000000000003,-4.27264392552849E-11));
#13720=CARTESIAN_POINT('',(-0.0757580291470116,0.00100000000000034,-4.27264392552849E-11));
#13721=CARTESIAN_POINT('',(-0.0757580291459054,-0.000999999999995163,-0.00083624715613041));
#13722=CARTESIAN_POINT('',(-0.0757580291459054,0.00100000000000521,-0.00083624715613041));
#13723=CARTESIAN_POINT('',(-0.0756439936276642,-0.000999999999996632,-0.0022707222805749));
#13724=CARTESIAN_POINT('',(-0.0756439936276642,0.00100000000000374,-0.0022707222805749));
#13725=CARTESIAN_POINT('',(-0.0751207470517647,-0.00100000000000069,-0.00380069687164509));
#13726=CARTESIAN_POINT('',(-0.0751207470517647,0.000999999999999683,-0.00380069687164509));
#13727=CARTESIAN_POINT('',(-0.0742461879331652,-0.00100000000000076,-0.00488901236996393));
#13728=CARTESIAN_POINT('',(-0.0742461879331652,0.000999999999999609,-0.00488901236996393));
#13729=CARTESIAN_POINT('',(-0.0727846220040247,-0.0010000000000035,-0.00573046350651451));
#13730=CARTESIAN_POINT('',(-0.0727846220040247,0.000999999999996865,-0.00573046350651451));
#13731=CARTESIAN_POINT('',(-0.0705058202337698,-0.000999999999985427,-0.00636998454691426));
#13732=CARTESIAN_POINT('',(-0.0705058202337698,0.00100000000001494,-0.00636998454691426));
#13733=CARTESIAN_POINT('',(-0.0663105180264171,-0.00100000000000067,-0.00690599620816824));
#13734=CARTESIAN_POINT('',(-0.0663105180264171,0.000999999999999697,-0.00690599620816824));
#13735=CARTESIAN_POINT('',(-0.0617711715595486,-0.00100000000004055,-0.00700000000042109));
#13736=CARTESIAN_POINT('',(-0.0617711715595486,0.000999999999959818,-0.00700000000042109));
#13737=CARTESIAN_POINT('',(-0.0580330085889953,-0.00100000000000001,-0.007));
#13738=CARTESIAN_POINT('',(-0.0580330085889953,0.00100000000000035,-0.007));
#13739=CARTESIAN_POINT('',(-0.0530330085889911,-2.42861286636753E-17,-0.007));
#13740=CARTESIAN_POINT('',(-0.0513990339927762,0.00483012701892257,-0.009));
#13741=CARTESIAN_POINT('',(-0.0496669831852066,0.00383012701892217,-0.009));
#13742=CARTESIAN_POINT('',(-0.0495181154815478,0.00808797344539857,-0.00900000000043594));
#13743=CARTESIAN_POINT('',(-0.0477860646739783,0.00708797344539817,-0.00900000000043594));
#13744=CARTESIAN_POINT('',(-0.0472198180414965,0.0120687413823273,-0.00890650379141678));
#13745=CARTESIAN_POINT('',(-0.045487767233927,0.0110687413823269,-0.00890650379141678));
#13746=CARTESIAN_POINT('',(-0.0449869959004809,0.0159361027748243,-0.00834876545730278));
#13747=CARTESIAN_POINT('',(-0.0432549450929113,0.0149361027748239,-0.00834876545730278));
#13748=CARTESIAN_POINT('',(-0.0436701429291678,0.0182169590272619,-0.00762891149932596));
#13749=CARTESIAN_POINT('',(-0.0419380921215983,0.0172169590272615,-0.00762891149932596));
#13750=CARTESIAN_POINT('',(-0.0426477970378316,0.0199877140539634,-0.00645473764081805));
#13751=CARTESIAN_POINT('',(-0.040915746230262,0.0189877140539629,-0.00645473764081805));
#13752=CARTESIAN_POINT('',(-0.0419465966604236,0.0212022287339164,-0.00475399064406244));
#13753=CARTESIAN_POINT('',(-0.040214545852854,0.020202228733916,-0.00475399064406244));
#13754=CARTESIAN_POINT('',(-0.0415959128459745,0.02180963091794,-0.00260427774502304));
#13755=CARTESIAN_POINT('',(-0.039863862038405,0.0208096309179396,-0.00260427774502304));
#13756=CARTESIAN_POINT('',(-0.0415365237127736,0.0219124959140618,-0.000913752882171035));
#13757=CARTESIAN_POINT('',(-0.039804472905204,0.0209124959140614,-0.000913752882171035));
#13758=CARTESIAN_POINT('',(-0.0415365237137659,0.0219124959123386,-3.46944695195361E-18));
#13759=CARTESIAN_POINT('',(-0.0398044729061964,0.0209124959123382,-3.46944694846246E-18));
#13760=CARTESIAN_POINT('',(-0.0425365237137653,0.0201804451047694,-4.27264390435247E-11));
#13761=CARTESIAN_POINT('',(-0.0408044729061961,0.0191804451047692,-4.27264390435247E-11));
#13762=CARTESIAN_POINT('',(-0.0425365237143141,0.020180445103809,-0.000836247156130412));
#13763=CARTESIAN_POINT('',(-0.040804472906745,0.0191804451038088,-0.000836247156130412));
#13764=CARTESIAN_POINT('',(-0.042593541473436,0.0200816874480791,-0.00227072228057491));
#13765=CARTESIAN_POINT('',(-0.0408614906658668,0.0190816874480789,-0.00227072228057491));
#13766=CARTESIAN_POINT('',(-0.0428551647613893,0.0196285426209089,-0.00380069687164509));
#13767=CARTESIAN_POINT('',(-0.0411231139538201,0.0186285426209087,-0.00380069687164509));
#13768=CARTESIAN_POINT('',(-0.0432924443206891,0.0188711522070904,-0.00488901236996393));
#13769=CARTESIAN_POINT('',(-0.0415603935131199,0.0178711522070902,-0.00488901236996393));
#13770=CARTESIAN_POINT('',(-0.0440232272852617,0.0176053989831503,-0.00573046350651452));
#13771=CARTESIAN_POINT('',(-0.0422911764776925,0.0166053989831501,-0.00573046350651452));
#13772=CARTESIAN_POINT('',(-0.0451626281703735,0.0156318987599116,-0.00636998454691427));
#13773=CARTESIAN_POINT('',(-0.0434305773628043,0.0146318987599114,-0.00636998454691427));
#13774=CARTESIAN_POINT('',(-0.047260279274063,0.0119986604717989,-0.00690599620816824));
#13775=CARTESIAN_POINT('',(-0.0455282284664938,0.0109986604717987,-0.00690599620816824));
#13776=CARTESIAN_POINT('',(-0.0495299525075318,0.00806747111493153,-0.00700000000042109));
#13777=CARTESIAN_POINT('',(-0.0477979016999627,0.00706747111493134,-0.00700000000042109));
#13778=CARTESIAN_POINT('',(-0.0513990339927734,0.00483012701892578,-0.007));
#13779=CARTESIAN_POINT('',(-0.0496669831852042,0.00383012701892559,-0.007));
#13780=CARTESIAN_POINT('',(-0.0530330085889911,-2.42861286636753E-17,-0.007));
#13781=CARTESIAN_POINT('',(-0.0480330085889911,0.00100000000000075,-0.009));
#13782=CARTESIAN_POINT('',(-0.0480330085889911,-0.00100000000000002,-0.009));
#13783=CARTESIAN_POINT('',(-0.0442711715664204,0.0010000000000666,-0.00900000000043594));
#13784=CARTESIAN_POINT('',(-0.0442711715664203,-0.000999999999934168,-0.00900000000043594));
#13785=CARTESIAN_POINT('',(-0.0396745766864439,0.000999999999993818,-0.00890650379141678));
#13786=CARTESIAN_POINT('',(-0.0396745766864438,-0.00100000000000695,-0.00890650379141678));
#13787=CARTESIAN_POINT('',(-0.0352089324044185,0.000999999999990358,-0.00834876545730278));
#13788=CARTESIAN_POINT('',(-0.0352089324044184,-0.00100000000001041,-0.00834876545730278));
#13789=CARTESIAN_POINT('',(-0.0325752264617704,0.00100000000000307,-0.00762891149932595));
#13790=CARTESIAN_POINT('',(-0.0325752264617703,-0.000999999999997705,-0.00762891149932595));
#13791=CARTESIAN_POINT('',(-0.0305305346790999,0.00100000000000195,-0.00645473764081804));
#13792=CARTESIAN_POINT('',(-0.0305305346790998,-0.000999999999998818,-0.00645473764081804));
#13793=CARTESIAN_POINT('',(-0.0291281339242873,0.000999999999999946,-0.00475399064406244));
#13794=CARTESIAN_POINT('',(-0.0291281339242873,-0.00100000000000083,-0.00475399064406244));
#13795=CARTESIAN_POINT('',(-0.0284267662953842,0.00100000000000282,-0.00260427774502304));
#13796=CARTESIAN_POINT('',(-0.0284267662953842,-0.000999999999997953,-0.00260427774502304));
#13797=CARTESIAN_POINT('',(-0.0283079880289821,0.00100000000000289,-0.000913752882171035));
#13798=CARTESIAN_POINT('',(-0.0283079880289821,-0.000999999999997881,-0.000913752882171035));
#13799=CARTESIAN_POINT('',(-0.0283079880309706,0.00100000000000076,-1.73472347597681E-18));
#13800=CARTESIAN_POINT('',(-0.0283079880309706,-0.00100000000000001,-1.73472348200765E-18));
#13801=CARTESIAN_POINT('',(-0.0303079880309706,0.000999999999999984,-4.27264393913995E-11));
#13802=CARTESIAN_POINT('',(-0.0303079880309706,-0.00100000000000038,-4.27264393913995E-11));
#13803=CARTESIAN_POINT('',(-0.0303079880320767,0.000999999999995121,-0.000836247156130409));
#13804=CARTESIAN_POINT('',(-0.0303079880320767,-0.00100000000000524,-0.000836247156130409));
#13805=CARTESIAN_POINT('',(-0.0304220235503179,0.000999999999996591,-0.00227072228057491));
#13806=CARTESIAN_POINT('',(-0.0304220235503179,-0.00100000000000377,-0.00227072228057491));
#13807=CARTESIAN_POINT('',(-0.0309452701262175,0.00100000000000064,-0.00380069687164509));
#13808=CARTESIAN_POINT('',(-0.0309452701262175,-0.000999999999999721,-0.00380069687164509));
#13809=CARTESIAN_POINT('',(-0.031819829244817,0.00100000000000072,-0.00488901236996393));
#13810=CARTESIAN_POINT('',(-0.031819829244817,-0.000999999999999649,-0.00488901236996393));
#13811=CARTESIAN_POINT('',(-0.0332813951739575,0.00100000000000346,-0.00573046350651451));
#13812=CARTESIAN_POINT('',(-0.0332813951739575,-0.000999999999996905,-0.00573046350651451));
#13813=CARTESIAN_POINT('',(-0.0355601969442124,0.000999999999985385,-0.00636998454691426));
#13814=CARTESIAN_POINT('',(-0.0355601969442124,-0.00100000000001498,-0.00636998454691426));
#13815=CARTESIAN_POINT('',(-0.039755499151565,0.00100000000000063,-0.00690599620816824));
#13816=CARTESIAN_POINT('',(-0.039755499151565,-0.000999999999999737,-0.00690599620816824));
#13817=CARTESIAN_POINT('',(-0.0442948456184336,0.00100000000004051,-0.00700000000042109));
#13818=CARTESIAN_POINT('',(-0.0442948456184336,-0.000999999999959859,-0.00700000000042109));
#13819=CARTESIAN_POINT('',(-0.0480330085889869,0.000999999999999973,-0.007));
#13820=CARTESIAN_POINT('',(-0.0480330085889869,-0.00100000000000039,-0.007));
#13821=CARTESIAN_POINT('',(-0.0530330085889911,-2.42861286636753E-17,-0.007));
#13822=CARTESIAN_POINT('',(-0.053033008588991,-0.0033,-0.007));
#13823=CARTESIAN_POINT('',(-0.0558908924214797,0.00164999999999995,-0.007));
#13824=CARTESIAN_POINT('',(-0.0501751247565024,0.00165,-0.007));
#13825=CARTESIAN_POINT('',(-0.0530330085889911,-2.42861286636753E-17,-0.007));
#13826=CARTESIAN_POINT('',(0.00901561276112233,-0.0107833797140887,-0.00875));
#13827=CARTESIAN_POINT('',(0.00901561276112233,-0.0107833797140887,-0.00975));
#13828=CARTESIAN_POINT('',(0.00989949623760551,-0.0116672631905719,-0.00975));
#13829=CARTESIAN_POINT('',(0.00989949623760551,-0.0116672631905719,-0.00975));
#13830=CARTESIAN_POINT('',(0.00989949623760551,-0.0116672631905719,-0.00875));
#13831=CARTESIAN_POINT('',(0.00989949623760551,-0.0116672631905719,-0.00875));
#13832=CARTESIAN_POINT('',(0.00989154978809016,-0.011659316741055,-0.00714324015127326));
#13833=CARTESIAN_POINT('',(0.0100887426914021,-0.0118565096443685,-0.00614555855401412));
#13834=CARTESIAN_POINT('',(0.0102960142380719,-0.0120637811910382,-0.00570890569049143));
#13835=CARTESIAN_POINT('',(0.0100430775815729,-0.0118108445345393,-0.00182019818084272));
#13836=CARTESIAN_POINT('',(0.0088400247312492,-0.0106077916842156,-0.00429109430950858));
#13837=CARTESIAN_POINT('',(0.00813172928463915,-0.00989949623760551,-0.00875));
#13838=CARTESIAN_POINT('',(0.00812397030746129,-0.00989173726043796,-0.00692338271308353));
#13839=CARTESIAN_POINT('',(0.00829516007649131,-0.0100629270294544,-0.00542089701591232));
#13840=CARTESIAN_POINT('',(0.0088400247312492,-0.0106077916842156,-0.00429109430950858));
#13841=CARTESIAN_POINT('',(0.010186053991073,-0.0119538209440393,-0.00599999999984644));
#13842=CARTESIAN_POINT('',(0.0119538209440404,-0.0101860539910719,-0.00599999999984644));
#13843=CARTESIAN_POINT('',(0.0100243180865667,-0.0117920850395318,-0.00652502249173837));
#13844=CARTESIAN_POINT('',(0.011792085039534,-0.0100243180865645,-0.00652502249173837));
#13845=CARTESIAN_POINT('',(0.00989298217077787,-0.0116607491237499,-0.00743286641690105));
#13846=CARTESIAN_POINT('',(0.0116607491237452,-0.00989298217078254,-0.00743286641690105));
#13847=CARTESIAN_POINT('',(0.00989949623785088,-0.0116672631908192,-0.00875000004980876));
#13848=CARTESIAN_POINT('',(0.0116672631908182,-0.00989949623785184,-0.00875000004980876));
#13849=CARTESIAN_POINT('',(0.0107833797140887,-0.0107833797140887,-0.00875));
#13850=CARTESIAN_POINT('',(0.0116672631905719,-0.00989949623760551,-0.00875));
#13851=CARTESIAN_POINT('',(0.0116672631905719,-0.00989949623760551,-0.00875));
#13852=CARTESIAN_POINT('',(0.0116593167410505,-0.00989154978809467,-0.00714324015127338));
#13853=CARTESIAN_POINT('',(0.0118565096443717,-0.0100887426913987,-0.00614555855401395));
#13854=CARTESIAN_POINT('',(0.0120637811910382,-0.0102960142380719,-0.00570890569049143));
#13855=CARTESIAN_POINT('',(0.0107833797140887,-0.00901561276112232,-0.00875));
#13856=CARTESIAN_POINT('',(0.0107833797140887,-0.00901561276112232,-0.00975));
#13857=CARTESIAN_POINT('',(0.0116672631905719,-0.00989949623760551,-0.00975));
#13858=CARTESIAN_POINT('',(0.00989949623760552,-0.00813172928463914,-0.00875));
#13859=CARTESIAN_POINT('',(0.00989173726043355,-0.0081239703074657,-0.00692338271308288));
#13860=CARTESIAN_POINT('',(0.0100629270294609,-0.00829516007648556,-0.00542089701591319));
#13861=CARTESIAN_POINT('',(0.0106077916842156,-0.0088400247312492,-0.00429109430950858));
#13862=CARTESIAN_POINT('',(0.0106077916842156,-0.0088400247312492,-0.00429109430950858));
#13863=CARTESIAN_POINT('',(0.0118108445345393,-0.0100430775815729,-0.00182019818084272));
#13864=CARTESIAN_POINT('',(0.0116672631905719,-0.00989949623760551,-0.00975));
#13865=CARTESIAN_POINT('',(0.00813172928463819,-0.00989949623760646,-0.00874999999999999));
#13866=CARTESIAN_POINT('',(0.0098994962376061,-0.00813172928463856,-0.00875000000000001));
#13867=CARTESIAN_POINT('',(0.00812397030746283,-0.00989173726043553,-0.00692338271297829));
#13868=CARTESIAN_POINT('',(0.00989173726043074,-0.00812397030746762,-0.00692338271297831));
#13869=CARTESIAN_POINT('',(0.00829516007651165,-0.0100629270294738,-0.00542089701574015));
#13870=CARTESIAN_POINT('',(0.0100629270294796,-0.00829516007650591,-0.00542089701574017));
#13871=CARTESIAN_POINT('',(0.00884002473134213,-0.0106077916843104,-0.0042910943093139));
#13872=CARTESIAN_POINT('',(0.01060779168431,-0.0088400247313425,-0.00429109430931392));
#13873=CARTESIAN_POINT('',(0.00972390820773239,-0.00972390820773238,-0.00429109430950858));
#13874=CARTESIAN_POINT('',(0.0107833797140887,-0.0107833797140887,-0.00975));
#13875=CARTESIAN_POINT('',(0.0107833797140887,-0.0107833797140887,-0.00975));
#13876=CARTESIAN_POINT('',(0.00989949623760551,-0.00989949623760551,-0.00975));
#13877=CARTESIAN_POINT('',(0.0109269610580561,-0.0109269610580561,-0.00182019818084272));
#13878=CARTESIAN_POINT('',(-0.0107833797140887,0.00901561276112233,-0.00875));
#13879=CARTESIAN_POINT('',(-0.0107833797140887,0.00901561276112233,-0.00975));
#13880=CARTESIAN_POINT('',(-0.0116672631905719,0.00989949623760551,-0.00975));
#13881=CARTESIAN_POINT('',(-0.00989949623760551,0.00813172928463914,-0.00875));
#13882=CARTESIAN_POINT('',(-0.00989173726043796,0.00812397030746129,-0.00692338271308353));
#13883=CARTESIAN_POINT('',(-0.0100629270294544,0.0082951600764913,-0.00542089701591232));
#13884=CARTESIAN_POINT('',(-0.0106077916842156,0.0088400247312492,-0.00429109430950858));
#13885=CARTESIAN_POINT('',(-0.0106077916842156,0.0088400247312492,-0.00429109430950858));
#13886=CARTESIAN_POINT('',(-0.0118108445345393,0.0100430775815729,-0.00182019818084272));
#13887=CARTESIAN_POINT('',(-0.0116672631905719,0.00989949623760551,-0.00875));
#13888=CARTESIAN_POINT('',(-0.011659316741055,0.00989154978809015,-0.00714324015127325));
#13889=CARTESIAN_POINT('',(-0.0118565096443685,0.0100887426914021,-0.00614555855401412));
#13890=CARTESIAN_POINT('',(-0.0120637811910382,0.0102960142380719,-0.00570890569049143));
#13891=CARTESIAN_POINT('',(-0.0116672631905719,0.00989949623760551,-0.00875));
#13892=CARTESIAN_POINT('',(-0.0116672631905719,0.00989949623760551,-0.00975));
#13893=CARTESIAN_POINT('',(-0.0101860539910719,0.0119538209440404,-0.00599999999984643));
#13894=CARTESIAN_POINT('',(-0.0119538209440393,0.010186053991073,-0.00599999999984643));
#13895=CARTESIAN_POINT('',(-0.0100243180865645,0.011792085039534,-0.00652502249173837));
#13896=CARTESIAN_POINT('',(-0.0117920850395318,0.0100243180865667,-0.00652502249173837));
#13897=CARTESIAN_POINT('',(-0.00989298217078255,0.0116607491237452,-0.00743286641690101));
#13898=CARTESIAN_POINT('',(-0.0116607491237499,0.00989298217077787,-0.00743286641690101));
#13899=CARTESIAN_POINT('',(-0.00989949623785185,0.0116672631908182,-0.00875000004980876));
#13900=CARTESIAN_POINT('',(-0.0116672631908192,0.00989949623785088,-0.00875000004980876));
#13901=CARTESIAN_POINT('',(-0.00989949623760551,0.0116672631905719,-0.00875));
#13902=CARTESIAN_POINT('',(-0.00989154978809468,0.0116593167410505,-0.00714324015127338));
#13903=CARTESIAN_POINT('',(-0.0100887426913987,0.0118565096443717,-0.00614555855401394));
#13904=CARTESIAN_POINT('',(-0.0102960142380719,0.0120637811910382,-0.00570890569049143));
#13905=CARTESIAN_POINT('',(-0.00989949623760551,0.0116672631905719,-0.00875));
#13906=CARTESIAN_POINT('',(-0.0107833797140887,0.0107833797140887,-0.00875));
#13907=CARTESIAN_POINT('',(-0.00901561276112232,0.0107833797140887,-0.00875));
#13908=CARTESIAN_POINT('',(-0.00901561276112232,0.0107833797140887,-0.00975));
#13909=CARTESIAN_POINT('',(-0.00989949623760551,0.0116672631905719,-0.00975));
#13910=CARTESIAN_POINT('',(-0.00989949623760551,0.0116672631905719,-0.00975));
#13911=CARTESIAN_POINT('',(-0.0100430775815729,0.0118108445345393,-0.00182019818084272));
#13912=CARTESIAN_POINT('',(-0.0088400247312492,0.0106077916842156,-0.00429109430950858));
#13913=CARTESIAN_POINT('',(-0.00813172928463914,0.00989949623760551,-0.00875));
#13914=CARTESIAN_POINT('',(-0.0081239703074657,0.00989173726043354,-0.00692338271308288));
#13915=CARTESIAN_POINT('',(-0.00829516007648557,0.0100629270294609,-0.00542089701591318));
#13916=CARTESIAN_POINT('',(-0.0088400247312492,0.0106077916842156,-0.00429109430950858));
#13917=CARTESIAN_POINT('',(-0.00813172928463818,0.00989949623760646,-0.00875));
#13918=CARTESIAN_POINT('',(-0.00989949623760608,0.00813172928463856,-0.00875));
#13919=CARTESIAN_POINT('',(-0.00812397030746724,0.00989173726043111,-0.0069233827129783));
#13920=CARTESIAN_POINT('',(-0.00989173726043514,0.00812397030746321,-0.0069233827129783));
#13921=CARTESIAN_POINT('',(-0.0082951600765055,0.0100629270294799,-0.00542089701574017));
#13922=CARTESIAN_POINT('',(-0.0100629270294734,0.00829516007651204,-0.00542089701574017));
#13923=CARTESIAN_POINT('',(-0.00884002473134212,0.0106077916843104,-0.00429109430931392));
#13924=CARTESIAN_POINT('',(-0.01060779168431,0.0088400247313425,-0.00429109430931392));
#13925=CARTESIAN_POINT('',(-0.00972390820773238,0.00972390820773239,-0.00429109430950858));
#13926=CARTESIAN_POINT('',(-0.0107833797140887,0.0107833797140887,-0.00975));
#13927=CARTESIAN_POINT('',(-0.0107833797140887,0.0107833797140887,-0.00975));
#13928=CARTESIAN_POINT('',(-0.00989949623760551,0.00989949623760551,-0.00975));
#13929=CARTESIAN_POINT('',(-0.0109269610580561,0.0109269610580561,-0.00182019818084272));
#13930=MECHANICAL_DESIGN_GEOMETRIC_PRESENTATION_REPRESENTATION('',(#6823),
#13931);
#13931=(
GEOMETRIC_REPRESENTATION_CONTEXT(3)
GLOBAL_UNCERTAINTY_ASSIGNED_CONTEXT((#13932))
GLOBAL_UNIT_ASSIGNED_CONTEXT((#13935,#13934,#13933))
REPRESENTATION_CONTEXT('Part 1','TOP_LEVEL_ASSEMBLY_PART')
);
#13932=UNCERTAINTY_MEASURE_WITH_UNIT(LENGTH_MEASURE(2.31036245832508E-5),
#13935,'DISTANCE_ACCURACY_VALUE','Maximum Tolerance applied to model');
#13933=(
NAMED_UNIT(*)
SI_UNIT($,.STERADIAN.)
SOLID_ANGLE_UNIT()
);
#13934=(
NAMED_UNIT(*)
PLANE_ANGLE_UNIT()
SI_UNIT($,.RADIAN.)
);
#13935=(
LENGTH_UNIT()
NAMED_UNIT(*)
SI_UNIT($,.METRE.)
);
#13936=PRODUCT_DEFINITION_SHAPE('','',#13937);
#13937=PRODUCT_DEFINITION('','',#13939,#13938);
#13938=PRODUCT_DEFINITION_CONTEXT('',#13945,'design');
#13939=PRODUCT_DEFINITION_FORMATION_WITH_SPECIFIED_SOURCE('','',#13941,
 .NOT_KNOWN.);
#13940=PRODUCT_RELATED_PRODUCT_CATEGORY('','',(#13941));
#13941=PRODUCT('Part 1','Part 1','Part 1',(#13943));
#13942=PRODUCT_CATEGORY('','');
#13943=PRODUCT_CONTEXT('',#13945,'mechanical');
#13944=APPLICATION_PROTOCOL_DEFINITION('international standard',
'ap242_managed_model_based_3d_engineering',2020,#13945);
#13945=APPLICATION_CONTEXT('managed model based 3d engineering');
ENDSEC;
END-ISO-10303-21;
