ISO-10303-21;
HEADER;
/* Generated by software containing ST-Developer
 * from STEP Tools, Inc. (www.steptools.com) 
 */
/* OPTION: using custom renumber hook */

FILE_DESCRIPTION(
/* description */ ('STEP AP242 Edition 2',
'CAx-IF Rec.Pracs.---Representation and Presentation of Product Manufa
cturing Information (PMI)---4.0---2014-10-13',
'CAx-IF Rec.Pracs.---3D Tessellated Geometry---0.4---2014-09-14','2;1',
'CAx-IF Rec.Pracs.---User Defined Attributes---1.5---2016-08-15'),
/* implementation_level */ '2;1');

FILE_NAME(
/* name */ 'Frame - Support',
/* time_stamp */ '2026-05-28T23:55:25Z',
/* author */ (''),
/* organization */ (''),
/* preprocessor_version */ 'ST-DEVELOPER v20',
/* originating_system */ 'ONSHAPE BY PTC INC, 1.215',
/* authorisation */ '  ');

FILE_SCHEMA (('AP242_MANAGED_MODEL_BASED_3D_ENGINEERING_MIM_LF { 1 0 10303 442 3 1 4 }'));
ENDSEC;

DATA;
#10=SHAPE_REPRESENTATION_RELATIONSHIP('','',#721,#11);
#11=ADVANCED_BREP_SHAPE_REPRESENTATION('',(#719),#2059);
#12=ELLIPSE('',#733,0.000707106781186548,0.0005);
#13=ELLIPSE('',#734,0.000707106781186548,0.0005);
#14=ELLIPSE('',#735,0.000707106781186548,0.0005);
#15=ELLIPSE('',#736,0.000707106781186548,0.0005);
#16=ELLIPSE('',#738,0.000707106781186547,0.0005);
#17=ELLIPSE('',#739,0.000707106781186548,0.0005);
#18=ELLIPSE('',#740,0.000707106781186548,0.0005);
#19=ELLIPSE('',#741,0.000707106781186548,0.0005);
#20=(
BOUNDED_SURFACE()
B_SPLINE_SURFACE(3,1,((#1074,#1075),(#1076,#1077),(#1078,#1079),(#1080,
#1081)),.CYLINDRICAL_SURF.,.F.,.F.,.F.)
B_SPLINE_SURFACE_WITH_KNOTS((4,4),(2,2),(0.,1.),(0.,1.),
 .PIECEWISE_BEZIER_KNOTS.)
GEOMETRIC_REPRESENTATION_ITEM()
RATIONAL_B_SPLINE_SURFACE(((1.,1.),(0.917984462051949,0.917984462051949),
(0.917984462051949,0.917984462051949),(1.,1.)))
REPRESENTATION_ITEM('')
SURFACE()
);
#21=(
BOUNDED_SURFACE()
B_SPLINE_SURFACE(3,1,((#1083,#1084),(#1085,#1086),(#1087,#1088),(#1089,
#1090)),.CYLINDRICAL_SURF.,.F.,.F.,.F.)
B_SPLINE_SURFACE_WITH_KNOTS((4,4),(2,2),(0.,1.),(0.,1.),
 .PIECEWISE_BEZIER_KNOTS.)
GEOMETRIC_REPRESENTATION_ITEM()
RATIONAL_B_SPLINE_SURFACE(((1.,1.),(0.928121978720808,0.928121978720808),
(0.928121978720808,0.928121978720808),(1.,1.)))
REPRESENTATION_ITEM('')
SURFACE()
);
#22=(
BOUNDED_SURFACE()
B_SPLINE_SURFACE(3,3,((#1123,#1124,#1125,#1126,#1127,#1128,#1129,#1130,
#1131,#1132),(#1133,#1134,#1135,#1136,#1137,#1138,#1139,#1140,#1141,#1142),
(#1143,#1144,#1145,#1146,#1147,#1148,#1149,#1150,#1151,#1152),(#1153,#1154,
#1155,#1156,#1157,#1158,#1159,#1160,#1161,#1162)),.UNSPECIFIED.,.F.,.F.,
 .F.)
B_SPLINE_SURFACE_WITH_KNOTS((4,4),(4,2,2,2,4),(0.,1.),(0.,0.0645507253813156,
0.129101450762631,0.193652176143947,0.258202901525262),.UNSPECIFIED.)
GEOMETRIC_REPRESENTATION_ITEM()
RATIONAL_B_SPLINE_SURFACE(((1.,1.,1.,1.,1.,1.,1.,1.,1.,1.),(0.967657275736051,
0.967657275736051,0.967657275736051,0.967657275736051,0.967657275736051,
0.967657275736051,0.967657275736051,0.967657275736051,0.967657275736051,
0.967657275736051),(0.967657275736051,0.967657275736051,0.967657275736051,
0.967657275736051,0.967657275736051,0.967657275736051,0.967657275736051,
0.967657275736051,0.967657275736051,0.967657275736051),(1.,1.,1.,1.,1.,
1.,1.,1.,1.,1.)))
REPRESENTATION_ITEM('')
SURFACE()
);
#23=(
BOUNDED_SURFACE()
B_SPLINE_SURFACE(3,1,((#1201,#1202),(#1203,#1204),(#1205,#1206),(#1207,
#1208)),.CYLINDRICAL_SURF.,.F.,.F.,.F.)
B_SPLINE_SURFACE_WITH_KNOTS((4,4),(2,2),(0.,1.),(0.,1.),
 .PIECEWISE_BEZIER_KNOTS.)
GEOMETRIC_REPRESENTATION_ITEM()
RATIONAL_B_SPLINE_SURFACE(((1.,1.),(0.928132128865722,0.928132128865722),
(0.928132128865722,0.928132128865722),(1.,1.)))
REPRESENTATION_ITEM('')
SURFACE()
);
#24=(
BOUNDED_SURFACE()
B_SPLINE_SURFACE(3,3,((#1253,#1254,#1255,#1256,#1257,#1258,#1259,#1260,
#1261,#1262),(#1263,#1264,#1265,#1266,#1267,#1268,#1269,#1270,#1271,#1272),
(#1273,#1274,#1275,#1276,#1277,#1278,#1279,#1280,#1281,#1282),(#1283,#1284,
#1285,#1286,#1287,#1288,#1289,#1290,#1291,#1292)),.UNSPECIFIED.,.F.,.F.,
 .F.)
B_SPLINE_SURFACE_WITH_KNOTS((4,4),(4,2,2,2,4),(0.,1.),(0.,0.25,0.5,0.75,
0.863916400630315),.UNSPECIFIED.)
GEOMETRIC_REPRESENTATION_ITEM()
RATIONAL_B_SPLINE_SURFACE(((1.,1.,1.,1.,1.,1.,1.,1.,1.,1.),(0.967657275736051,
0.967657275736051,0.967657275736051,0.967657275736051,0.967657275736051,
0.967657275736051,0.967657275736051,0.967657275736051,0.967657275736051,
0.967657275736051),(0.967657275736051,0.967657275736051,0.967657275736051,
0.967657275736051,0.967657275736051,0.967657275736051,0.967657275736051,
0.967657275736051,0.967657275736051,0.967657275736051),(1.,1.,1.,1.,1.,
1.,1.,1.,1.,1.)))
REPRESENTATION_ITEM('')
SURFACE()
);
#25=(
BOUNDED_SURFACE()
B_SPLINE_SURFACE(3,1,((#1294,#1295),(#1296,#1297),(#1298,#1299),(#1300,
#1301)),.CYLINDRICAL_SURF.,.F.,.F.,.F.)
B_SPLINE_SURFACE_WITH_KNOTS((4,4),(2,2),(0.,1.),(0.,1.),
 .PIECEWISE_BEZIER_KNOTS.)
GEOMETRIC_REPRESENTATION_ITEM()
RATIONAL_B_SPLINE_SURFACE(((1.,1.),(0.917984462051948,0.917984462051948),
(0.917984462051948,0.917984462051948),(1.,1.)))
REPRESENTATION_ITEM('')
SURFACE()
);
#26=(
BOUNDED_SURFACE()
B_SPLINE_SURFACE(3,2,((#1460,#1461,#1462),(#1463,#1464,#1465),(#1466,#1467,
#1468),(#1469,#1470,#1471),(#1472,#1473,#1474),(#1475,#1476,#1477),(#1478,
#1479,#1480),(#1481,#1482,#1483),(#1484,#1485,#1486),(#1487,#1488,#1489),
(#1490,#1491,#1492),(#1493,#1494,#1495),(#1496,#1497,#1498),(#1499,#1500,
#1501),(#1502,#1503,#1504),(#1505,#1506,#1507),(#1508,#1509,#1510),(#1511,
#1512,#1513),(#1514,#1515,#1516),(#1517,#1518,#1519),(#1520,#1521,#1522),
(#1523,#1524,#1525),(#1526,#1527,#1528),(#1529,#1530,#1531),(#1532,#1533,
#1534),(#1535,#1536,#1537),(#1538,#1539,#1540),(#1541,#1542,#1543),(#1544,
#1545,#1546),(#1547,#1548,#1549),(#1550,#1551,#1552),(#1553,#1554,#1555),
(#1556,#1557,#1558),(#1559,#1560,#1561)),.UNSPECIFIED.,.F.,.F.,.F.)
B_SPLINE_SURFACE_WITH_KNOTS((4,2,2,2,2,2,2,2,2,2,2,2,2,2,2,2,4),(3,3),(-1.73472347597681E-18,
0.000935873641095417,0.00187174728219084,0.00280762092328625,0.00327555774383396,
0.00374349456438167,0.00397746297465553,0.00421143138492938,0.00432841559006631,
0.00444539979520324,0.00467936820547709,0.0051473050260248,0.00561524184657251,
0.00584921025684637,0.00608317866712022,0.00655111548766793,0.00748655029463163),
(0.,1.),.UNSPECIFIED.)
GEOMETRIC_REPRESENTATION_ITEM()
RATIONAL_B_SPLINE_SURFACE(((1.,0.707106781186546,1.),(1.,0.707106781186546,
1.),(1.,0.707106781186548,1.),(1.,0.707106781186548,1.),(1.,0.70710678118655,
1.),(1.,0.70710678118655,1.),(1.,0.707106781186547,1.),(1.,0.707106781186547,
1.),(1.,0.707106781186519,1.),(1.,0.707106781186519,1.),(1.,0.707106781186503,
1.),(1.,0.707106781186503,1.),(1.,0.707106781186516,1.),(1.,0.707106781186516,
1.),(1.,0.707106781186542,1.),(1.,0.707106781186542,1.),(1.,0.707106781186556,
1.),(1.,0.707106781186556,1.),(1.,0.707106781186556,1.),(1.,0.707106781186556,
1.),(1.,0.707106781186551,1.),(1.,0.707106781186551,1.),(1.,0.70710678118653,
1.),(1.,0.70710678118653,1.),(1.,0.707106781186544,1.),(1.,0.707106781186544,
1.),(1.,0.707106781186556,1.),(1.,0.707106781186556,1.),(1.,0.707106781186561,
1.),(1.,0.707106781186561,1.),(1.,0.707106781186558,1.),(1.,0.707106781186558,
1.),(1.,0.707106781186548,1.),(1.,0.707106781186548,1.)))
REPRESENTATION_ITEM('')
SURFACE()
);
#27=(
BOUNDED_SURFACE()
B_SPLINE_SURFACE(3,1,((#1563,#1564),(#1565,#1566),(#1567,#1568),(#1569,
#1570)),.CYLINDRICAL_SURF.,.F.,.F.,.F.)
B_SPLINE_SURFACE_WITH_KNOTS((4,4),(2,2),(0.,1.),(0.,1.),
 .PIECEWISE_BEZIER_KNOTS.)
GEOMETRIC_REPRESENTATION_ITEM()
RATIONAL_B_SPLINE_SURFACE(((1.,1.),(0.708055585234751,0.708055585234751),
(0.708055585234751,0.708055585234751),(1.,1.)))
REPRESENTATION_ITEM('')
SURFACE()
);
#28=(
BOUNDED_SURFACE()
B_SPLINE_SURFACE(3,1,((#1600,#1601),(#1602,#1603),(#1604,#1605),(#1606,
#1607)),.CYLINDRICAL_SURF.,.F.,.F.,.F.)
B_SPLINE_SURFACE_WITH_KNOTS((4,4),(2,2),(0.,1.),(0.,1.),
 .PIECEWISE_BEZIER_KNOTS.)
GEOMETRIC_REPRESENTATION_ITEM()
RATIONAL_B_SPLINE_SURFACE(((1.,1.),(0.708055585234749,0.708055585234749),
(0.708055585234749,0.708055585234749),(1.,1.)))
REPRESENTATION_ITEM('')
SURFACE()
);
#29=(
BOUNDED_SURFACE()
B_SPLINE_SURFACE(3,2,((#1609,#1610,#1611),(#1612,#1613,#1614),(#1615,#1616,
#1617),(#1618,#1619,#1620),(#1621,#1622,#1623),(#1624,#1625,#1626),(#1627,
#1628,#1629),(#1630,#1631,#1632),(#1633,#1634,#1635),(#1636,#1637,#1638),
(#1639,#1640,#1641),(#1642,#1643,#1644),(#1645,#1646,#1647),(#1648,#1649,
#1650),(#1651,#1652,#1653),(#1654,#1655,#1656),(#1657,#1658,#1659),(#1660,
#1661,#1662),(#1663,#1664,#1665),(#1666,#1667,#1668),(#1669,#1670,#1671),
(#1672,#1673,#1674),(#1675,#1676,#1677),(#1678,#1679,#1680),(#1681,#1682,
#1683),(#1684,#1685,#1686),(#1687,#1688,#1689),(#1690,#1691,#1692),(#1693,
#1694,#1695),(#1696,#1697,#1698),(#1699,#1700,#1701),(#1702,#1703,#1704),
(#1705,#1706,#1707),(#1708,#1709,#1710),(#1711,#1712,#1713)),
 .UNSPECIFIED.,.F.,.F.,.F.)
B_SPLINE_SURFACE_WITH_KNOTS((4,2,2,2,2,2,2,2,2,1,2,2,2,2,2,2,2,4),(3,3),
(-4.46540107095803E-5,0.000896801381750829,0.00183825677421124,0.00277971216667165,
0.00325043986290185,0.00372116755913206,0.00395653140724716,0.00419189525536226,
0.00425073621739104,0.00430957717941981,0.00442725910347736,0.00466262295159247,
0.00513335064782267,0.00560407834405288,0.00583944219216798,0.00607480604028308,
0.00654553373651329,0.00748654964853576),(0.,1.),.UNSPECIFIED.)
GEOMETRIC_REPRESENTATION_ITEM()
RATIONAL_B_SPLINE_SURFACE(((1.,0.70710678118656,1.),(1.,0.70710678118656,
1.),(1.,0.707106781186396,1.),(1.,0.707106781186396,1.),(1.,0.70710678118646,
1.),(1.,0.70710678118646,1.),(1.,0.707106781186544,1.),(1.,0.707106781186544,
1.),(1.,0.707106781186541,1.),(1.,0.707106781186541,1.),(1.,0.707106781186546,
1.),(1.,0.707106781186546,1.),(1.,0.707106781186551,1.),(1.,0.707106781186551,
1.),(1.,0.707106781186548,1.),(1.,0.707106781186548,1.),(1.,0.707106781186545,
1.),(1.,0.707106781186545,1.),(1.,0.707106781186544,1.),(1.,0.707106781186534,
1.),(1.,0.707106781186534,1.),(1.,0.707106781186526,1.),(1.,0.707106781186526,
1.),(1.,0.70710678118654,1.),(1.,0.70710678118654,1.),(1.,0.707106781186549,
1.),(1.,0.707106781186549,1.),(1.,0.707106781186546,1.),(1.,0.707106781186546,
1.),(1.,0.707106781186577,1.),(1.,0.707106781186577,1.),(1.,0.707106781186647,
1.),(1.,0.707106781186647,1.),(1.,0.707106781186531,1.),(1.,0.70710678118653,
1.)))
REPRESENTATION_ITEM('')
SURFACE()
);
#30=(
BOUNDED_SURFACE()
B_SPLINE_SURFACE(3,1,((#1719,#1720),(#1721,#1722),(#1723,#1724),(#1725,
#1726)),.CYLINDRICAL_SURF.,.F.,.F.,.F.)
B_SPLINE_SURFACE_WITH_KNOTS((4,4),(2,2),(0.,1.),(0.,1.),
 .PIECEWISE_BEZIER_KNOTS.)
GEOMETRIC_REPRESENTATION_ITEM()
RATIONAL_B_SPLINE_SURFACE(((1.,1.),(0.70805558523475,0.70805558523475),
(0.70805558523475,0.70805558523475),(1.,1.)))
REPRESENTATION_ITEM('')
SURFACE()
);
#31=(
BOUNDED_SURFACE()
B_SPLINE_SURFACE(3,1,((#1728,#1729),(#1730,#1731),(#1732,#1733),(#1734,
#1735)),.CYLINDRICAL_SURF.,.F.,.F.,.F.)
B_SPLINE_SURFACE_WITH_KNOTS((4,4),(2,2),(0.,1.),(0.,1.),
 .PIECEWISE_BEZIER_KNOTS.)
GEOMETRIC_REPRESENTATION_ITEM()
RATIONAL_B_SPLINE_SURFACE(((1.,1.),(0.708055585234749,0.708055585234749),
(0.708055585234749,0.708055585234749),(1.,1.)))
REPRESENTATION_ITEM('')
SURFACE()
);
#32=(
BOUNDED_SURFACE()
B_SPLINE_SURFACE(3,1,((#1737,#1738),(#1739,#1740),(#1741,#1742),(#1743,
#1744)),.CYLINDRICAL_SURF.,.F.,.F.,.F.)
B_SPLINE_SURFACE_WITH_KNOTS((4,4),(2,2),(0.,1.),(0.,1.),
 .PIECEWISE_BEZIER_KNOTS.)
GEOMETRIC_REPRESENTATION_ITEM()
RATIONAL_B_SPLINE_SURFACE(((1.,1.),(0.708055585234752,0.708055585234752),
(0.708055585234752,0.708055585234752),(1.,1.)))
REPRESENTATION_ITEM('')
SURFACE()
);
#33=(
BOUNDED_SURFACE()
B_SPLINE_SURFACE(3,2,((#1773,#1774,#1775),(#1776,#1777,#1778),(#1779,#1780,
#1781),(#1782,#1783,#1784),(#1785,#1786,#1787),(#1788,#1789,#1790),(#1791,
#1792,#1793),(#1794,#1795,#1796),(#1797,#1798,#1799),(#1800,#1801,#1802),
(#1803,#1804,#1805),(#1806,#1807,#1808),(#1809,#1810,#1811),(#1812,#1813,
#1814),(#1815,#1816,#1817),(#1818,#1819,#1820),(#1821,#1822,#1823),(#1824,
#1825,#1826),(#1827,#1828,#1829),(#1830,#1831,#1832),(#1833,#1834,#1835),
(#1836,#1837,#1838),(#1839,#1840,#1841),(#1842,#1843,#1844),(#1845,#1846,
#1847),(#1848,#1849,#1850),(#1851,#1852,#1853),(#1854,#1855,#1856),(#1857,
#1858,#1859),(#1860,#1861,#1862),(#1863,#1864,#1865),(#1866,#1867,#1868),
(#1869,#1870,#1871),(#1872,#1873,#1874)),.UNSPECIFIED.,.F.,.F.,.F.)
B_SPLINE_SURFACE_WITH_KNOTS((4,2,2,2,2,2,2,2,2,2,2,2,2,2,2,2,4),(3,3),(-6.07153216591882E-18,
0.00093587364109543,0.00187174728219087,0.0028076209232863,0.00327555774383402,
0.00374349456438174,0.0039774629746556,0.00421143138492946,0.00432841559006639,
0.00444539979520331,0.00467936820547717,0.00514730502602489,0.00561524184657261,
0.00584921025684647,0.00608317866712033,0.00655111548766804,0.00748655029463185),
(0.,1.),.UNSPECIFIED.)
GEOMETRIC_REPRESENTATION_ITEM()
RATIONAL_B_SPLINE_SURFACE(((1.,0.707106781186547,1.),(1.,0.707106781186547,
1.),(1.,0.707106781186546,1.),(1.,0.707106781186546,1.),(1.,0.707106781186547,
1.),(1.,0.707106781186547,1.),(1.,0.707106781186551,1.),(1.,0.707106781186551,
1.),(1.,0.707106781186576,1.),(1.,0.707106781186576,1.),(1.,0.707106781186591,
1.),(1.,0.707106781186591,1.),(1.,0.70710678118658,1.),(1.,0.70710678118658,
1.),(1.,0.707106781186555,1.),(1.,0.707106781186555,1.),(1.,0.70710678118654,
1.),(1.,0.70710678118654,1.),(1.,0.707106781186537,1.),(1.,0.707106781186537,
1.),(1.,0.707106781186546,1.),(1.,0.707106781186546,1.),(1.,0.707106781186566,
1.),(1.,0.707106781186566,1.),(1.,0.707106781186551,1.),(1.,0.707106781186551,
1.),(1.,0.707106781186542,1.),(1.,0.707106781186542,1.),(1.,0.707106781186535,
1.),(1.,0.707106781186535,1.),(1.,0.707106781186537,1.),(1.,0.707106781186537,
1.),(1.,0.707106781186544,1.),(1.,0.707106781186544,1.)))
REPRESENTATION_ITEM('')
SURFACE()
);
#34=(
BOUNDED_SURFACE()
B_SPLINE_SURFACE(3,1,((#1904,#1905),(#1906,#1907),(#1908,#1909),(#1910,
#1911)),.CYLINDRICAL_SURF.,.F.,.F.,.F.)
B_SPLINE_SURFACE_WITH_KNOTS((4,4),(2,2),(0.,1.),(0.,1.),
 .PIECEWISE_BEZIER_KNOTS.)
GEOMETRIC_REPRESENTATION_ITEM()
RATIONAL_B_SPLINE_SURFACE(((1.,1.),(0.708055585234749,0.708055585234749),
(0.708055585234749,0.708055585234749),(1.,1.)))
REPRESENTATION_ITEM('')
SURFACE()
);
#35=(
BOUNDED_SURFACE()
B_SPLINE_SURFACE(3,2,((#1913,#1914,#1915),(#1916,#1917,#1918),(#1919,#1920,
#1921),(#1922,#1923,#1924),(#1925,#1926,#1927),(#1928,#1929,#1930),(#1931,
#1932,#1933),(#1934,#1935,#1936),(#1937,#1938,#1939),(#1940,#1941,#1942),
(#1943,#1944,#1945),(#1946,#1947,#1948),(#1949,#1950,#1951),(#1952,#1953,
#1954),(#1955,#1956,#1957),(#1958,#1959,#1960),(#1961,#1962,#1963),(#1964,
#1965,#1966),(#1967,#1968,#1969),(#1970,#1971,#1972),(#1973,#1974,#1975),
(#1976,#1977,#1978),(#1979,#1980,#1981),(#1982,#1983,#1984),(#1985,#1986,
#1987),(#1988,#1989,#1990),(#1991,#1992,#1993),(#1994,#1995,#1996),(#1997,
#1998,#1999),(#2000,#2001,#2002),(#2003,#2004,#2005),(#2006,#2007,#2008),
(#2009,#2010,#2011),(#2012,#2013,#2014),(#2015,#2016,#2017)),
 .UNSPECIFIED.,.F.,.F.,.F.)
B_SPLINE_SURFACE_WITH_KNOTS((4,2,2,2,2,2,2,2,2,1,2,2,2,2,2,2,2,4),(3,3),
(-4.46540107095865E-5,0.000896801381750788,0.00183825677421116,0.00277971216667154,
0.00325043986290173,0.00372116755913191,0.00395653140724701,0.0041918952553621,
0.00425073621739087,0.00430957717941965,0.00442725910347719,0.00466262295159229,
0.00513335064782248,0.00560407834405266,0.00583944219216776,0.00607480604028285,
0.00654553373651304,0.00748654964853545),(0.,1.),.UNSPECIFIED.)
GEOMETRIC_REPRESENTATION_ITEM()
RATIONAL_B_SPLINE_SURFACE(((1.,0.707106781186534,1.),(1.,0.707106781186534,
1.),(1.,0.707106781186698,1.),(1.,0.707106781186698,1.),(1.,0.707106781186634,
1.),(1.,0.707106781186634,1.),(1.,0.707106781186548,1.),(1.,0.707106781186548,
1.),(1.,0.707106781186554,1.),(1.,0.707106781186554,1.),(1.,0.707106781186549,
1.),(1.,0.707106781186549,1.),(1.,0.707106781186539,1.),(1.,0.707106781186539,
1.),(1.,0.707106781186545,1.),(1.,0.707106781186545,1.),(1.,0.70710678118655,
1.),(1.,0.70710678118655,1.),(1.,0.707106781186555,1.),(1.,0.707106781186563,
1.),(1.,0.707106781186563,1.),(1.,0.70710678118657,1.),(1.,0.70710678118657,
1.),(1.,0.707106781186554,1.),(1.,0.707106781186554,1.),(1.,0.707106781186545,
1.),(1.,0.707106781186545,1.),(1.,0.707106781186546,1.),(1.,0.707106781186546,
1.),(1.,0.70710678118652,1.),(1.,0.70710678118652,1.),(1.,0.70710678118645,
1.),(1.,0.70710678118645,1.),(1.,0.707106781186567,1.),(1.,0.707106781186567,
1.)))
REPRESENTATION_ITEM('')
SURFACE()
);
#36=(
BOUNDED_SURFACE()
B_SPLINE_SURFACE(3,1,((#2023,#2024),(#2025,#2026),(#2027,#2028),(#2029,
#2030)),.CYLINDRICAL_SURF.,.F.,.F.,.F.)
B_SPLINE_SURFACE_WITH_KNOTS((4,4),(2,2),(0.,1.),(0.,1.),
 .PIECEWISE_BEZIER_KNOTS.)
GEOMETRIC_REPRESENTATION_ITEM()
RATIONAL_B_SPLINE_SURFACE(((1.,1.),(0.708055585234754,0.708055585234754),
(0.708055585234754,0.708055585234754),(1.,1.)))
REPRESENTATION_ITEM('')
SURFACE()
);
#37=(
BOUNDED_SURFACE()
B_SPLINE_SURFACE(3,1,((#2032,#2033),(#2034,#2035),(#2036,#2037),(#2038,
#2039)),.CYLINDRICAL_SURF.,.F.,.F.,.F.)
B_SPLINE_SURFACE_WITH_KNOTS((4,4),(2,2),(0.,1.),(0.,1.),
 .PIECEWISE_BEZIER_KNOTS.)
GEOMETRIC_REPRESENTATION_ITEM()
RATIONAL_B_SPLINE_SURFACE(((1.,1.),(0.708055585234752,0.708055585234752),
(0.708055585234752,0.708055585234752),(1.,1.)))
REPRESENTATION_ITEM('')
SURFACE()
);
#38=(
BOUNDED_SURFACE()
B_SPLINE_SURFACE(3,1,((#2041,#2042),(#2043,#2044),(#2045,#2046),(#2047,
#2048)),.CYLINDRICAL_SURF.,.F.,.F.,.F.)
B_SPLINE_SURFACE_WITH_KNOTS((4,4),(2,2),(0.,1.),(0.,1.),
 .PIECEWISE_BEZIER_KNOTS.)
GEOMETRIC_REPRESENTATION_ITEM()
RATIONAL_B_SPLINE_SURFACE(((1.,1.),(0.708055585234758,0.708055585234758),
(0.708055585234758,0.708055585234758),(1.,1.)))
REPRESENTATION_ITEM('')
SURFACE()
);
#39=(
BOUNDED_SURFACE()
B_SPLINE_SURFACE(3,1,((#2050,#2051),(#2052,#2053),(#2054,#2055),(#2056,
#2057)),.CYLINDRICAL_SURF.,.F.,.F.,.F.)
B_SPLINE_SURFACE_WITH_KNOTS((4,4),(2,2),(0.,1.),(0.,1.),
 .PIECEWISE_BEZIER_KNOTS.)
GEOMETRIC_REPRESENTATION_ITEM()
RATIONAL_B_SPLINE_SURFACE(((1.,1.),(0.708055585234749,0.708055585234749),
(0.708055585234749,0.708055585234749),(1.,1.)))
REPRESENTATION_ITEM('')
SURFACE()
);
#40=(
BOUNDED_CURVE()
B_SPLINE_CURVE(3,(#966,#967,#968,#969,#970,#971,#972,#973,#974,#975),
 .UNSPECIFIED.,.F.,.F.)
B_SPLINE_CURVE_WITH_KNOTS((4,2,2,2,4),(0.,0.25,0.5,0.75,1.),
 .UNSPECIFIED.)
CURVE()
GEOMETRIC_REPRESENTATION_ITEM()
RATIONAL_B_SPLINE_CURVE((1.,1.,1.,1.,1.,1.,1.,1.,1.,1.))
REPRESENTATION_ITEM('')
);
#41=CIRCLE('',#723,0.00124999999999947);
#42=CIRCLE('',#724,0.00325);
#43=CIRCLE('',#725,0.00325);
#44=CIRCLE('',#726,0.00325);
#45=CIRCLE('',#727,0.00325);
#46=CIRCLE('',#728,0.00325);
#47=CIRCLE('',#729,0.00325);
#48=CIRCLE('',#730,0.00325);
#49=CIRCLE('',#731,0.00124999999999947);
#50=CIRCLE('',#732,0.0005);
#51=CIRCLE('',#737,0.0005);
#52=LINE('',#856,#104);
#53=LINE('',#858,#105);
#54=LINE('',#871,#106);
#55=LINE('',#873,#107);
#56=LINE('',#875,#108);
#57=LINE('',#880,#109);
#58=LINE('',#899,#110);
#59=LINE('',#901,#111);
#60=LINE('',#903,#112);
#61=LINE('',#916,#113);
#62=LINE('',#939,#114);
#63=LINE('',#958,#115);
#64=LINE('',#960,#116);
#65=LINE('',#962,#117);
#66=LINE('',#964,#118);
#67=LINE('',#977,#119);
#68=LINE('',#1025,#120);
#69=LINE('',#1052,#121);
#70=LINE('',#1054,#122);
#71=LINE('',#1067,#123);
#72=LINE('',#1069,#124);
#73=LINE('',#1071,#125);
#74=LINE('',#1073,#126);
#75=LINE('',#1092,#127);
#76=LINE('',#1094,#128);
#77=LINE('',#1099,#129);
#78=LINE('',#1102,#130);
#79=LINE('',#1104,#131);
#80=LINE('',#1106,#132);
#81=LINE('',#1108,#133);
#82=LINE('',#1110,#134);
#83=LINE('',#1112,#135);
#84=LINE('',#1114,#136);
#85=LINE('',#1116,#137);
#86=LINE('',#1118,#138);
#87=LINE('',#1120,#139);
#88=LINE('',#1122,#140);
#89=LINE('',#1242,#141);
#90=LINE('',#1374,#142);
#91=LINE('',#1377,#143);
#92=LINE('',#1379,#144);
#93=LINE('',#1389,#145);
#94=LINE('',#1390,#146);
#95=LINE('',#1395,#147);
#96=LINE('',#1400,#148);
#97=LINE('',#1405,#149);
#98=LINE('',#1408,#150);
#99=LINE('',#1409,#151);
#100=LINE('',#1414,#152);
#101=LINE('',#1416,#153);
#102=LINE('',#1418,#154);
#103=LINE('',#1431,#155);
#104=VECTOR('',#744,1.);
#105=VECTOR('',#745,1.);
#106=VECTOR('',#746,1.);
#107=VECTOR('',#747,1.);
#108=VECTOR('',#748,1.);
#109=VECTOR('',#749,1.);
#110=VECTOR('',#750,1.);
#111=VECTOR('',#751,1.);
#112=VECTOR('',#752,1.);
#113=VECTOR('',#753,1.);
#114=VECTOR('',#758,1.);
#115=VECTOR('',#759,1.);
#116=VECTOR('',#760,1.);
#117=VECTOR('',#761,1.);
#118=VECTOR('',#762,1.);
#119=VECTOR('',#763,1.);
#120=VECTOR('',#764,1.);
#121=VECTOR('',#765,1.);
#122=VECTOR('',#766,1.);
#123=VECTOR('',#767,1.);
#124=VECTOR('',#768,1.);
#125=VECTOR('',#769,1.);
#126=VECTOR('',#770,1.);
#127=VECTOR('',#775,1.);
#128=VECTOR('',#778,1.);
#129=VECTOR('',#779,1.);
#130=VECTOR('',#780,1.);
#131=VECTOR('',#781,1.);
#132=VECTOR('',#782,1.);
#133=VECTOR('',#783,1.);
#134=VECTOR('',#784,1.);
#135=VECTOR('',#785,1.);
#136=VECTOR('',#786,1.);
#137=VECTOR('',#787,1.);
#138=VECTOR('',#788,1.);
#139=VECTOR('',#789,1.);
#140=VECTOR('',#790,1.);
#141=VECTOR('',#793,1.);
#142=VECTOR('',#800,1.);
#143=VECTOR('',#801,1.);
#144=VECTOR('',#802,1.);
#145=VECTOR('',#803,1.);
#146=VECTOR('',#804,1.);
#147=VECTOR('',#805,1.);
#148=VECTOR('',#806,1.);
#149=VECTOR('',#807,1.);
#150=VECTOR('',#808,1.);
#151=VECTOR('',#809,1.);
#152=VECTOR('',#810,1.);
#153=VECTOR('',#811,1.);
#154=VECTOR('',#812,1.);
#155=VECTOR('',#813,1.);
#156=ORIENTED_EDGE('',*,*,#362,.T.);
#157=ORIENTED_EDGE('',*,*,#363,.T.);
#158=ORIENTED_EDGE('',*,*,#364,.F.);
#159=ORIENTED_EDGE('',*,*,#365,.T.);
#160=ORIENTED_EDGE('',*,*,#366,.T.);
#161=ORIENTED_EDGE('',*,*,#367,.T.);
#162=ORIENTED_EDGE('',*,*,#368,.T.);
#163=ORIENTED_EDGE('',*,*,#369,.T.);
#164=ORIENTED_EDGE('',*,*,#370,.F.);
#165=ORIENTED_EDGE('',*,*,#371,.T.);
#166=ORIENTED_EDGE('',*,*,#372,.T.);
#167=ORIENTED_EDGE('',*,*,#373,.T.);
#168=ORIENTED_EDGE('',*,*,#374,.T.);
#169=ORIENTED_EDGE('',*,*,#375,.F.);
#170=ORIENTED_EDGE('',*,*,#376,.F.);
#171=ORIENTED_EDGE('',*,*,#377,.F.);
#172=ORIENTED_EDGE('',*,*,#364,.T.);
#173=ORIENTED_EDGE('',*,*,#378,.T.);
#174=ORIENTED_EDGE('',*,*,#379,.T.);
#175=ORIENTED_EDGE('',*,*,#380,.T.);
#176=ORIENTED_EDGE('',*,*,#370,.T.);
#177=ORIENTED_EDGE('',*,*,#381,.T.);
#178=ORIENTED_EDGE('',*,*,#382,.T.);
#179=ORIENTED_EDGE('',*,*,#383,.T.);
#180=ORIENTED_EDGE('',*,*,#384,.T.);
#181=ORIENTED_EDGE('',*,*,#385,.T.);
#182=ORIENTED_EDGE('',*,*,#386,.F.);
#183=ORIENTED_EDGE('',*,*,#387,.T.);
#184=ORIENTED_EDGE('',*,*,#388,.F.);
#185=ORIENTED_EDGE('',*,*,#389,.F.);
#186=ORIENTED_EDGE('',*,*,#390,.F.);
#187=ORIENTED_EDGE('',*,*,#379,.F.);
#188=ORIENTED_EDGE('',*,*,#391,.T.);
#189=ORIENTED_EDGE('',*,*,#392,.T.);
#190=ORIENTED_EDGE('',*,*,#393,.T.);
#191=ORIENTED_EDGE('',*,*,#394,.T.);
#192=ORIENTED_EDGE('',*,*,#395,.T.);
#193=ORIENTED_EDGE('',*,*,#396,.T.);
#194=ORIENTED_EDGE('',*,*,#397,.T.);
#195=ORIENTED_EDGE('',*,*,#398,.T.);
#196=ORIENTED_EDGE('',*,*,#399,.T.);
#197=ORIENTED_EDGE('',*,*,#400,.F.);
#198=ORIENTED_EDGE('',*,*,#401,.F.);
#199=ORIENTED_EDGE('',*,*,#402,.T.);
#200=ORIENTED_EDGE('',*,*,#403,.T.);
#201=ORIENTED_EDGE('',*,*,#365,.F.);
#202=ORIENTED_EDGE('',*,*,#381,.F.);
#203=ORIENTED_EDGE('',*,*,#377,.T.);
#204=ORIENTED_EDGE('',*,*,#404,.F.);
#205=ORIENTED_EDGE('',*,*,#387,.F.);
#206=ORIENTED_EDGE('',*,*,#405,.F.);
#207=ORIENTED_EDGE('',*,*,#367,.F.);
#208=ORIENTED_EDGE('',*,*,#406,.T.);
#209=ORIENTED_EDGE('',*,*,#375,.T.);
#210=ORIENTED_EDGE('',*,*,#407,.T.);
#211=ORIENTED_EDGE('',*,*,#400,.T.);
#212=ORIENTED_EDGE('',*,*,#408,.T.);
#213=ORIENTED_EDGE('',*,*,#409,.T.);
#214=ORIENTED_EDGE('',*,*,#410,.T.);
#215=ORIENTED_EDGE('',*,*,#411,.T.);
#216=ORIENTED_EDGE('',*,*,#412,.T.);
#217=ORIENTED_EDGE('',*,*,#413,.T.);
#218=ORIENTED_EDGE('',*,*,#414,.T.);
#219=ORIENTED_EDGE('',*,*,#415,.T.);
#220=ORIENTED_EDGE('',*,*,#416,.T.);
#221=ORIENTED_EDGE('',*,*,#417,.T.);
#222=ORIENTED_EDGE('',*,*,#418,.T.);
#223=ORIENTED_EDGE('',*,*,#419,.T.);
#224=ORIENTED_EDGE('',*,*,#406,.F.);
#225=ORIENTED_EDGE('',*,*,#366,.F.);
#226=ORIENTED_EDGE('',*,*,#403,.F.);
#227=ORIENTED_EDGE('',*,*,#376,.T.);
#228=ORIENTED_EDGE('',*,*,#392,.F.);
#229=ORIENTED_EDGE('',*,*,#420,.T.);
#230=ORIENTED_EDGE('',*,*,#416,.F.);
#231=ORIENTED_EDGE('',*,*,#421,.T.);
#232=ORIENTED_EDGE('',*,*,#404,.T.);
#233=ORIENTED_EDGE('',*,*,#399,.F.);
#234=ORIENTED_EDGE('',*,*,#422,.F.);
#235=ORIENTED_EDGE('',*,*,#388,.T.);
#236=ORIENTED_EDGE('',*,*,#410,.F.);
#237=ORIENTED_EDGE('',*,*,#423,.T.);
#238=ORIENTED_EDGE('',*,*,#424,.T.);
#239=ORIENTED_EDGE('',*,*,#425,.T.);
#240=ORIENTED_EDGE('',*,*,#389,.T.);
#241=ORIENTED_EDGE('',*,*,#422,.T.);
#242=ORIENTED_EDGE('',*,*,#398,.F.);
#243=ORIENTED_EDGE('',*,*,#426,.T.);
#244=ORIENTED_EDGE('',*,*,#426,.F.);
#245=ORIENTED_EDGE('',*,*,#397,.F.);
#246=ORIENTED_EDGE('',*,*,#427,.T.);
#247=ORIENTED_EDGE('',*,*,#390,.T.);
#248=ORIENTED_EDGE('',*,*,#424,.F.);
#249=ORIENTED_EDGE('',*,*,#428,.T.);
#250=ORIENTED_EDGE('',*,*,#429,.T.);
#251=ORIENTED_EDGE('',*,*,#430,.T.);
#252=ORIENTED_EDGE('',*,*,#429,.F.);
#253=ORIENTED_EDGE('',*,*,#431,.T.);
#254=ORIENTED_EDGE('',*,*,#382,.F.);
#255=ORIENTED_EDGE('',*,*,#427,.F.);
#256=ORIENTED_EDGE('',*,*,#396,.F.);
#257=ORIENTED_EDGE('',*,*,#432,.T.);
#258=ORIENTED_EDGE('',*,*,#433,.F.);
#259=ORIENTED_EDGE('',*,*,#434,.T.);
#260=ORIENTED_EDGE('',*,*,#435,.T.);
#261=ORIENTED_EDGE('',*,*,#436,.F.);
#262=ORIENTED_EDGE('',*,*,#407,.F.);
#263=ORIENTED_EDGE('',*,*,#437,.T.);
#264=ORIENTED_EDGE('',*,*,#436,.T.);
#265=ORIENTED_EDGE('',*,*,#438,.F.);
#266=ORIENTED_EDGE('',*,*,#435,.F.);
#267=ORIENTED_EDGE('',*,*,#439,.T.);
#268=ORIENTED_EDGE('',*,*,#401,.T.);
#269=ORIENTED_EDGE('',*,*,#438,.T.);
#270=ORIENTED_EDGE('',*,*,#374,.F.);
#271=ORIENTED_EDGE('',*,*,#440,.T.);
#272=ORIENTED_EDGE('',*,*,#433,.T.);
#273=ORIENTED_EDGE('',*,*,#437,.F.);
#274=ORIENTED_EDGE('',*,*,#441,.F.);
#275=ORIENTED_EDGE('',*,*,#442,.T.);
#276=ORIENTED_EDGE('',*,*,#368,.F.);
#277=ORIENTED_EDGE('',*,*,#443,.F.);
#278=ORIENTED_EDGE('',*,*,#386,.T.);
#279=ORIENTED_EDGE('',*,*,#444,.T.);
#280=ORIENTED_EDGE('',*,*,#445,.T.);
#281=ORIENTED_EDGE('',*,*,#446,.T.);
#282=ORIENTED_EDGE('',*,*,#405,.T.);
#283=ORIENTED_EDGE('',*,*,#446,.F.);
#284=ORIENTED_EDGE('',*,*,#447,.F.);
#285=ORIENTED_EDGE('',*,*,#443,.T.);
#286=ORIENTED_EDGE('',*,*,#445,.F.);
#287=ORIENTED_EDGE('',*,*,#448,.T.);
#288=ORIENTED_EDGE('',*,*,#441,.T.);
#289=ORIENTED_EDGE('',*,*,#447,.T.);
#290=ORIENTED_EDGE('',*,*,#378,.F.);
#291=ORIENTED_EDGE('',*,*,#363,.F.);
#292=ORIENTED_EDGE('',*,*,#449,.F.);
#293=ORIENTED_EDGE('',*,*,#391,.F.);
#294=ORIENTED_EDGE('',*,*,#449,.T.);
#295=ORIENTED_EDGE('',*,*,#362,.F.);
#296=ORIENTED_EDGE('',*,*,#450,.F.);
#297=ORIENTED_EDGE('',*,*,#420,.F.);
#298=ORIENTED_EDGE('',*,*,#450,.T.);
#299=ORIENTED_EDGE('',*,*,#369,.F.);
#300=ORIENTED_EDGE('',*,*,#451,.F.);
#301=ORIENTED_EDGE('',*,*,#417,.F.);
#302=ORIENTED_EDGE('',*,*,#431,.F.);
#303=ORIENTED_EDGE('',*,*,#428,.F.);
#304=ORIENTED_EDGE('',*,*,#452,.F.);
#305=ORIENTED_EDGE('',*,*,#383,.F.);
#306=ORIENTED_EDGE('',*,*,#451,.T.);
#307=ORIENTED_EDGE('',*,*,#442,.F.);
#308=ORIENTED_EDGE('',*,*,#453,.F.);
#309=ORIENTED_EDGE('',*,*,#418,.F.);
#310=ORIENTED_EDGE('',*,*,#452,.T.);
#311=ORIENTED_EDGE('',*,*,#423,.F.);
#312=ORIENTED_EDGE('',*,*,#454,.F.);
#313=ORIENTED_EDGE('',*,*,#384,.F.);
#314=ORIENTED_EDGE('',*,*,#453,.T.);
#315=ORIENTED_EDGE('',*,*,#448,.F.);
#316=ORIENTED_EDGE('',*,*,#455,.F.);
#317=ORIENTED_EDGE('',*,*,#419,.F.);
#318=ORIENTED_EDGE('',*,*,#454,.T.);
#319=ORIENTED_EDGE('',*,*,#409,.F.);
#320=ORIENTED_EDGE('',*,*,#456,.F.);
#321=ORIENTED_EDGE('',*,*,#385,.F.);
#322=ORIENTED_EDGE('',*,*,#455,.T.);
#323=ORIENTED_EDGE('',*,*,#444,.F.);
#324=ORIENTED_EDGE('',*,*,#456,.T.);
#325=ORIENTED_EDGE('',*,*,#408,.F.);
#326=ORIENTED_EDGE('',*,*,#380,.F.);
#327=ORIENTED_EDGE('',*,*,#393,.F.);
#328=ORIENTED_EDGE('',*,*,#457,.F.);
#329=ORIENTED_EDGE('',*,*,#371,.F.);
#330=ORIENTED_EDGE('',*,*,#457,.T.);
#331=ORIENTED_EDGE('',*,*,#421,.F.);
#332=ORIENTED_EDGE('',*,*,#458,.F.);
#333=ORIENTED_EDGE('',*,*,#372,.F.);
#334=ORIENTED_EDGE('',*,*,#432,.F.);
#335=ORIENTED_EDGE('',*,*,#395,.F.);
#336=ORIENTED_EDGE('',*,*,#459,.F.);
#337=ORIENTED_EDGE('',*,*,#430,.F.);
#338=ORIENTED_EDGE('',*,*,#458,.T.);
#339=ORIENTED_EDGE('',*,*,#415,.F.);
#340=ORIENTED_EDGE('',*,*,#460,.F.);
#341=ORIENTED_EDGE('',*,*,#373,.F.);
#342=ORIENTED_EDGE('',*,*,#459,.T.);
#343=ORIENTED_EDGE('',*,*,#394,.F.);
#344=ORIENTED_EDGE('',*,*,#461,.F.);
#345=ORIENTED_EDGE('',*,*,#425,.F.);
#346=ORIENTED_EDGE('',*,*,#460,.T.);
#347=ORIENTED_EDGE('',*,*,#414,.F.);
#348=ORIENTED_EDGE('',*,*,#462,.F.);
#349=ORIENTED_EDGE('',*,*,#440,.F.);
#350=ORIENTED_EDGE('',*,*,#461,.T.);
#351=ORIENTED_EDGE('',*,*,#402,.F.);
#352=ORIENTED_EDGE('',*,*,#463,.F.);
#353=ORIENTED_EDGE('',*,*,#411,.F.);
#354=ORIENTED_EDGE('',*,*,#462,.T.);
#355=ORIENTED_EDGE('',*,*,#413,.F.);
#356=ORIENTED_EDGE('',*,*,#464,.F.);
#357=ORIENTED_EDGE('',*,*,#434,.F.);
#358=ORIENTED_EDGE('',*,*,#463,.T.);
#359=ORIENTED_EDGE('',*,*,#439,.F.);
#360=ORIENTED_EDGE('',*,*,#464,.T.);
#361=ORIENTED_EDGE('',*,*,#412,.F.);
#362=EDGE_CURVE('',#465,#466,#527,.T.);
#363=EDGE_CURVE('',#466,#467,#528,.T.);
#364=EDGE_CURVE('',#468,#467,#52,.T.);
#365=EDGE_CURVE('',#468,#469,#53,.T.);
#366=EDGE_CURVE('',#469,#470,#529,.T.);
#367=EDGE_CURVE('',#470,#471,#54,.T.);
#368=EDGE_CURVE('',#471,#472,#55,.T.);
#369=EDGE_CURVE('',#472,#465,#56,.F.);
#370=EDGE_CURVE('',#473,#474,#57,.F.);
#371=EDGE_CURVE('',#473,#475,#530,.T.);
#372=EDGE_CURVE('',#475,#476,#531,.T.);
#373=EDGE_CURVE('',#476,#477,#58,.T.);
#374=EDGE_CURVE('',#477,#478,#59,.F.);
#375=EDGE_CURVE('',#479,#478,#60,.T.);
#376=EDGE_CURVE('',#480,#479,#532,.T.);
#377=EDGE_CURVE('',#474,#480,#61,.T.);
#378=EDGE_CURVE('',#467,#481,#533,.T.);
#379=EDGE_CURVE('',#481,#482,#41,.F.);
#380=EDGE_CURVE('',#482,#473,#534,.T.);
#381=EDGE_CURVE('',#474,#468,#42,.T.);
#382=EDGE_CURVE('',#483,#484,#62,.T.);
#383=EDGE_CURVE('',#484,#485,#535,.T.);
#384=EDGE_CURVE('',#485,#486,#536,.T.);
#385=EDGE_CURVE('',#486,#487,#63,.F.);
#386=EDGE_CURVE('',#488,#487,#64,.T.);
#387=EDGE_CURVE('',#488,#489,#65,.T.);
#388=EDGE_CURVE('',#490,#489,#66,.T.);
#389=EDGE_CURVE('',#491,#490,#40,.T.);
#390=EDGE_CURVE('',#483,#491,#67,.T.);
#391=EDGE_CURVE('',#481,#492,#537,.T.);
#392=EDGE_CURVE('',#492,#493,#68,.F.);
#393=EDGE_CURVE('',#493,#482,#538,.T.);
#394=EDGE_CURVE('',#494,#495,#539,.T.);
#395=EDGE_CURVE('',#495,#496,#540,.T.);
#396=EDGE_CURVE('',#496,#497,#69,.F.);
#397=EDGE_CURVE('',#497,#498,#70,.T.);
#398=EDGE_CURVE('',#498,#499,#541,.T.);
#399=EDGE_CURVE('',#499,#500,#71,.T.);
#400=EDGE_CURVE('',#501,#500,#72,.T.);
#401=EDGE_CURVE('',#502,#501,#73,.F.);
#402=EDGE_CURVE('',#502,#494,#74,.T.);
#403=EDGE_CURVE('',#480,#469,#43,.T.);
#404=EDGE_CURVE('',#489,#500,#44,.F.);
#405=EDGE_CURVE('',#471,#488,#75,.T.);
#406=EDGE_CURVE('',#470,#479,#45,.F.);
#407=EDGE_CURVE('',#478,#501,#76,.T.);
#408=EDGE_CURVE('',#503,#504,#77,.T.);
#409=EDGE_CURVE('',#504,#505,#78,.T.);
#410=EDGE_CURVE('',#505,#506,#79,.F.);
#411=EDGE_CURVE('',#506,#507,#80,.T.);
#412=EDGE_CURVE('',#507,#508,#81,.T.);
#413=EDGE_CURVE('',#508,#509,#82,.F.);
#414=EDGE_CURVE('',#509,#510,#83,.F.);
#415=EDGE_CURVE('',#510,#511,#84,.T.);
#416=EDGE_CURVE('',#511,#512,#85,.T.);
#417=EDGE_CURVE('',#512,#513,#86,.T.);
#418=EDGE_CURVE('',#513,#514,#87,.F.);
#419=EDGE_CURVE('',#514,#503,#88,.T.);
#420=EDGE_CURVE('',#492,#512,#542,.T.);
#421=EDGE_CURVE('',#511,#493,#543,.T.);
#422=EDGE_CURVE('',#490,#499,#46,.F.);
#423=EDGE_CURVE('',#505,#515,#544,.T.);
#424=EDGE_CURVE('',#515,#516,#89,.F.);
#425=EDGE_CURVE('',#516,#506,#545,.T.);
#426=EDGE_CURVE('',#498,#491,#47,.T.);
#427=EDGE_CURVE('',#497,#483,#48,.T.);
#428=EDGE_CURVE('',#515,#517,#546,.T.);
#429=EDGE_CURVE('',#517,#518,#49,.F.);
#430=EDGE_CURVE('',#518,#516,#547,.T.);
#431=EDGE_CURVE('',#517,#484,#548,.T.);
#432=EDGE_CURVE('',#496,#518,#549,.T.);
#433=EDGE_CURVE('',#519,#520,#90,.T.);
#434=EDGE_CURVE('',#519,#521,#91,.T.);
#435=EDGE_CURVE('',#521,#522,#92,.T.);
#436=EDGE_CURVE('',#520,#522,#550,.F.);
#437=EDGE_CURVE('',#478,#520,#93,.T.);
#438=EDGE_CURVE('',#501,#522,#94,.T.);
#439=EDGE_CURVE('',#521,#502,#95,.F.);
#440=EDGE_CURVE('',#477,#519,#96,.T.);
#441=EDGE_CURVE('',#523,#524,#97,.T.);
#442=EDGE_CURVE('',#523,#472,#98,.T.);
#443=EDGE_CURVE('',#524,#471,#99,.T.);
#444=EDGE_CURVE('',#487,#525,#100,.F.);
#445=EDGE_CURVE('',#525,#526,#101,.T.);
#446=EDGE_CURVE('',#526,#488,#102,.T.);
#447=EDGE_CURVE('',#524,#526,#551,.F.);
#448=EDGE_CURVE('',#525,#523,#103,.F.);
#449=EDGE_CURVE('',#492,#466,#552,.T.);
#450=EDGE_CURVE('',#512,#465,#50,.T.);
#451=EDGE_CURVE('',#513,#472,#12,.T.);
#452=EDGE_CURVE('',#485,#515,#553,.F.);
#453=EDGE_CURVE('',#514,#523,#13,.T.);
#454=EDGE_CURVE('',#486,#505,#554,.F.);
#455=EDGE_CURVE('',#503,#525,#14,.T.);
#456=EDGE_CURVE('',#487,#504,#15,.F.);
#457=EDGE_CURVE('',#475,#493,#555,.F.);
#458=EDGE_CURVE('',#476,#511,#51,.T.);
#459=EDGE_CURVE('',#516,#495,#556,.T.);
#460=EDGE_CURVE('',#477,#510,#16,.F.);
#461=EDGE_CURVE('',#506,#494,#557,.F.);
#462=EDGE_CURVE('',#519,#509,#17,.F.);
#463=EDGE_CURVE('',#507,#502,#18,.T.);
#464=EDGE_CURVE('',#521,#508,#19,.F.);
#465=VERTEX_POINT('',#849);
#466=VERTEX_POINT('',#850);
#467=VERTEX_POINT('',#855);
#468=VERTEX_POINT('',#857);
#469=VERTEX_POINT('',#859);
#470=VERTEX_POINT('',#870);
#471=VERTEX_POINT('',#872);
#472=VERTEX_POINT('',#874);
#473=VERTEX_POINT('',#881);
#474=VERTEX_POINT('',#882);
#475=VERTEX_POINT('',#887);
#476=VERTEX_POINT('',#898);
#477=VERTEX_POINT('',#900);
#478=VERTEX_POINT('',#902);
#479=VERTEX_POINT('',#904);
#480=VERTEX_POINT('',#915);
#481=VERTEX_POINT('',#926);
#482=VERTEX_POINT('',#928);
#483=VERTEX_POINT('',#940);
#484=VERTEX_POINT('',#941);
#485=VERTEX_POINT('',#946);
#486=VERTEX_POINT('',#957);
#487=VERTEX_POINT('',#959);
#488=VERTEX_POINT('',#961);
#489=VERTEX_POINT('',#963);
#490=VERTEX_POINT('',#965);
#491=VERTEX_POINT('',#976);
#492=VERTEX_POINT('',#1024);
#493=VERTEX_POINT('',#1026);
#494=VERTEX_POINT('',#1045);
#495=VERTEX_POINT('',#1046);
#496=VERTEX_POINT('',#1051);
#497=VERTEX_POINT('',#1053);
#498=VERTEX_POINT('',#1055);
#499=VERTEX_POINT('',#1066);
#500=VERTEX_POINT('',#1068);
#501=VERTEX_POINT('',#1070);
#502=VERTEX_POINT('',#1072);
#503=VERTEX_POINT('',#1100);
#504=VERTEX_POINT('',#1101);
#505=VERTEX_POINT('',#1103);
#506=VERTEX_POINT('',#1105);
#507=VERTEX_POINT('',#1107);
#508=VERTEX_POINT('',#1109);
#509=VERTEX_POINT('',#1111);
#510=VERTEX_POINT('',#1113);
#511=VERTEX_POINT('',#1115);
#512=VERTEX_POINT('',#1117);
#513=VERTEX_POINT('',#1119);
#514=VERTEX_POINT('',#1121);
#515=VERTEX_POINT('',#1241);
#516=VERTEX_POINT('',#1243);
#517=VERTEX_POINT('',#1349);
#518=VERTEX_POINT('',#1351);
#519=VERTEX_POINT('',#1375);
#520=VERTEX_POINT('',#1376);
#521=VERTEX_POINT('',#1378);
#522=VERTEX_POINT('',#1380);
#523=VERTEX_POINT('',#1406);
#524=VERTEX_POINT('',#1407);
#525=VERTEX_POINT('',#1415);
#526=VERTEX_POINT('',#1417);
#527=B_SPLINE_CURVE_WITH_KNOTS('',3,(#839,#840,#841,#842,#843,#844,#845,
#846,#847,#848),.UNSPECIFIED.,.F.,.F.,(4,1,1,1,1,1,1,4),(0.,0.00183747337712682,
0.00275621006569023,0.00367494675425364,0.00459368344281705,0.00551242013138046,
0.00643115681994387,0.00734989350850728),.UNSPECIFIED.);
#528=B_SPLINE_CURVE_WITH_KNOTS('',3,(#851,#852,#853,#854),.UNSPECIFIED.,
 .F.,.F.,(4,4),(0.,0.000855681530418994),.UNSPECIFIED.);
#529=B_SPLINE_CURVE_WITH_KNOTS('',3,(#860,#861,#862,#863,#864,#865,#866,
#867,#868,#869),.UNSPECIFIED.,.F.,.F.,(4,2,2,2,4),(0.,0.0645507253813156,
0.129101450762631,0.193652176143947,0.258202901525262),.UNSPECIFIED.);
#530=B_SPLINE_CURVE_WITH_KNOTS('',3,(#883,#884,#885,#886),.UNSPECIFIED.,
 .F.,.F.,(4,4),(0.,0.00085572910934353),.UNSPECIFIED.);
#531=B_SPLINE_CURVE_WITH_KNOTS('',3,(#888,#889,#890,#891,#892,#893,#894,
#895,#896,#897),.UNSPECIFIED.,.F.,.F.,(4,1,1,1,1,1,1,4),(0.,0.000912414826046817,
0.00182482965209363,0.00273724447814045,0.00364965930418727,0.00456207413023408,
0.0054744889562809,0.00729931860837453),.UNSPECIFIED.);
#532=B_SPLINE_CURVE_WITH_KNOTS('',3,(#905,#906,#907,#908,#909,#910,#911,
#912,#913,#914),.UNSPECIFIED.,.F.,.F.,(4,2,2,2,4),(0.,0.0645507253813156,
0.129101450762631,0.193652176143947,0.258202901525262),.UNSPECIFIED.);
#533=B_SPLINE_CURVE_WITH_KNOTS('',3,(#921,#922,#923,#924,#925),
 .UNSPECIFIED.,.F.,.F.,(4,1,4),(0.00317712959279013,0.00364592263197772,
0.00411471567116531),.UNSPECIFIED.);
#534=B_SPLINE_CURVE_WITH_KNOTS('',3,(#929,#930,#931,#932,#933),
 .UNSPECIFIED.,.F.,.F.,(4,1,4),(0.00224926106480217,0.00271805299147734,
0.0031868449181525),.UNSPECIFIED.);
#535=B_SPLINE_CURVE_WITH_KNOTS('',3,(#942,#943,#944,#945),.UNSPECIFIED.,
 .F.,.F.,(4,4),(0.,0.0008557150111105),.UNSPECIFIED.);
#536=B_SPLINE_CURVE_WITH_KNOTS('',3,(#947,#948,#949,#950,#951,#952,#953,
#954,#955,#956),.UNSPECIFIED.,.F.,.F.,(4,1,1,1,1,1,1,4),(0.,0.00091241482458529,
0.00182482964917058,0.00273724447375587,0.00364965929834116,0.00456207412292645,
0.00547448894751174,0.00729931859668232),.UNSPECIFIED.);
#537=B_SPLINE_CURVE_WITH_KNOTS('',3,(#1020,#1021,#1022,#1023),
 .UNSPECIFIED.,.F.,.F.,(4,4),(-5.99999999965982E-8,0.00101349897352746),
 .UNSPECIFIED.);
#538=B_SPLINE_CURVE_WITH_KNOTS('',3,(#1027,#1028,#1029,#1030),
 .UNSPECIFIED.,.F.,.F.,(4,4),(-5.99999999847782E-8,0.00101362788630402),
 .UNSPECIFIED.);
#539=B_SPLINE_CURVE_WITH_KNOTS('',3,(#1035,#1036,#1037,#1038,#1039,#1040,
#1041,#1042,#1043,#1044),.UNSPECIFIED.,.F.,.F.,(4,1,1,1,1,1,1,4),(0.,0.00183747337798586,
0.00275621006697879,0.00367494675597172,0.00459368344496465,0.00551242013395759,
0.00643115682295052,0.00734989351194345),.UNSPECIFIED.);
#540=B_SPLINE_CURVE_WITH_KNOTS('',3,(#1047,#1048,#1049,#1050),
 .UNSPECIFIED.,.F.,.F.,(4,4),(0.,0.000855805482892266),.UNSPECIFIED.);
#541=B_SPLINE_CURVE_WITH_KNOTS('',3,(#1056,#1057,#1058,#1059,#1060,#1061,
#1062,#1063,#1064,#1065),.UNSPECIFIED.,.F.,.F.,(4,2,2,2,4),(0.,0.25,0.5,
0.75,1.),.UNSPECIFIED.);
#542=B_SPLINE_CURVE_WITH_KNOTS('',3,(#1183,#1184,#1185,#1186,#1187,#1188,
#1189,#1190,#1191),.UNSPECIFIED.,.F.,.F.,(4,1,1,1,1,1,4),(1.22161995129834E-8,
0.25000000916215,0.375000007635125,0.5000000061081,0.625000004581075,0.75000000305405,
1.),.UNSPECIFIED.);
#543=B_SPLINE_CURVE_WITH_KNOTS('',3,(#1192,#1193,#1194,#1195,#1196,#1197,
#1198,#1199,#1200),.UNSPECIFIED.,.F.,.F.,(4,1,1,1,1,1,4),(0.,0.24999999694595,
0.374999995418925,0.4999999938919,0.624999992364875,0.74999999083785,0.9999999877838),
 .UNSPECIFIED.);
#544=B_SPLINE_CURVE_WITH_KNOTS('',3,(#1232,#1233,#1234,#1235,#1236,#1237,
#1238,#1239,#1240),.UNSPECIFIED.,.F.,.F.,(4,1,1,1,1,1,4),(0.000204862031335579,
0.250153643469452,0.37512803418851,0.500102424907568,0.625076815626626,
0.750051206345684,0.999999987783801),.UNSPECIFIED.);
#545=B_SPLINE_CURVE_WITH_KNOTS('',3,(#1244,#1245,#1246,#1247,#1248,#1249,
#1250,#1251,#1252),.UNSPECIFIED.,.F.,.F.,(4,1,1,1,1,1,4),(1.22161993236578E-8,
0.249948793654316,0.374923184373374,0.499897575092432,0.62487196581149,
0.749846356530548,0.999795137968664),.UNSPECIFIED.);
#546=B_SPLINE_CURVE_WITH_KNOTS('',3,(#1345,#1346,#1347,#1348),
 .UNSPECIFIED.,.F.,.F.,(4,4),(-5.99999999918982E-8,0.00101257902683859),
 .UNSPECIFIED.);
#547=B_SPLINE_CURVE_WITH_KNOTS('',3,(#1352,#1353,#1354,#1355),
 .UNSPECIFIED.,.F.,.F.,(4,4),(-5.99999999958665E-8,0.00101334681573739),
 .UNSPECIFIED.);
#548=B_SPLINE_CURVE_WITH_KNOTS('',3,(#1360,#1361,#1362,#1363,#1364),
 .UNSPECIFIED.,.F.,.F.,(4,1,4),(0.00224925573662621,0.00271804766237976,
0.0031868395881333),.UNSPECIFIED.);
#549=B_SPLINE_CURVE_WITH_KNOTS('',3,(#1365,#1366,#1367,#1368,#1369),
 .UNSPECIFIED.,.F.,.F.,(4,1,4),(0.00317713028666626,0.00364592332639894,
0.00411471636613162),.UNSPECIFIED.);
#550=B_SPLINE_CURVE_WITH_KNOTS('',3,(#1381,#1382,#1383,#1384),
 .UNSPECIFIED.,.F.,.F.,(4,4),(0.,1.),.UNSPECIFIED.);
#551=B_SPLINE_CURVE_WITH_KNOTS('',3,(#1423,#1424,#1425,#1426),
 .UNSPECIFIED.,.F.,.F.,(4,4),(0.,1.),.UNSPECIFIED.);
#552=B_SPLINE_CURVE_WITH_KNOTS('',3,(#1456,#1457,#1458,#1459),
 .UNSPECIFIED.,.F.,.F.,(4,4),(0.,0.000786825415530286),.UNSPECIFIED.);
#553=B_SPLINE_CURVE_WITH_KNOTS('',3,(#1596,#1597,#1598,#1599),
 .UNSPECIFIED.,.F.,.F.,(4,4),(0.,0.000786825415530162),.UNSPECIFIED.);
#554=B_SPLINE_CURVE_WITH_KNOTS('',3,(#1714,#1715,#1716,#1717,#1718),
 .UNSPECIFIED.,.F.,.F.,(4,1,4),(2.97281096793102E-6,0.500001486405484,1.),
 .UNSPECIFIED.);
#555=B_SPLINE_CURVE_WITH_KNOTS('',3,(#1769,#1770,#1771,#1772),
 .UNSPECIFIED.,.F.,.F.,(4,4),(0.,0.000786825415530293),.UNSPECIFIED.);
#556=B_SPLINE_CURVE_WITH_KNOTS('',3,(#1900,#1901,#1902,#1903),
 .UNSPECIFIED.,.F.,.F.,(4,4),(0.,0.000786825415530102),.UNSPECIFIED.);
#557=B_SPLINE_CURVE_WITH_KNOTS('',3,(#2018,#2019,#2020,#2021,#2022),
 .UNSPECIFIED.,.F.,.F.,(4,1,4),(0.,0.499998513778537,0.999997027557074),
 .UNSPECIFIED.);
#558=EDGE_LOOP('',(#156,#157,#158,#159,#160,#161,#162,#163));
#559=EDGE_LOOP('',(#164,#165,#166,#167,#168,#169,#170,#171));
#560=EDGE_LOOP('',(#172,#173,#174,#175,#176,#177));
#561=EDGE_LOOP('',(#178,#179,#180,#181,#182,#183,#184,#185,#186));
#562=EDGE_LOOP('',(#187,#188,#189,#190));
#563=EDGE_LOOP('',(#191,#192,#193,#194,#195,#196,#197,#198,#199));
#564=EDGE_LOOP('',(#200,#201,#202,#203));
#565=EDGE_LOOP('',(#204,#205,#206,#207,#208,#209,#210,#211));
#566=EDGE_LOOP('',(#212,#213,#214,#215,#216,#217,#218,#219,#220,#221,#222,
#223));
#567=EDGE_LOOP('',(#224,#225,#226,#227));
#568=EDGE_LOOP('',(#228,#229,#230,#231));
#569=EDGE_LOOP('',(#232,#233,#234,#235));
#570=EDGE_LOOP('',(#236,#237,#238,#239));
#571=EDGE_LOOP('',(#240,#241,#242,#243));
#572=EDGE_LOOP('',(#244,#245,#246,#247));
#573=EDGE_LOOP('',(#248,#249,#250,#251));
#574=EDGE_LOOP('',(#252,#253,#254,#255,#256,#257));
#575=EDGE_LOOP('',(#258,#259,#260,#261));
#576=EDGE_LOOP('',(#262,#263,#264,#265));
#577=EDGE_LOOP('',(#266,#267,#268,#269));
#578=EDGE_LOOP('',(#270,#271,#272,#273));
#579=EDGE_LOOP('',(#274,#275,#276,#277));
#580=EDGE_LOOP('',(#278,#279,#280,#281));
#581=EDGE_LOOP('',(#282,#283,#284,#285));
#582=EDGE_LOOP('',(#286,#287,#288,#289));
#583=EDGE_LOOP('',(#290,#291,#292,#293));
#584=EDGE_LOOP('',(#294,#295,#296,#297));
#585=EDGE_LOOP('',(#298,#299,#300,#301));
#586=EDGE_LOOP('',(#302,#303,#304,#305));
#587=EDGE_LOOP('',(#306,#307,#308,#309));
#588=EDGE_LOOP('',(#310,#311,#312,#313));
#589=EDGE_LOOP('',(#314,#315,#316,#317));
#590=EDGE_LOOP('',(#318,#319,#320,#321));
#591=EDGE_LOOP('',(#322,#323,#324,#325));
#592=EDGE_LOOP('',(#326,#327,#328,#329));
#593=EDGE_LOOP('',(#330,#331,#332,#333));
#594=EDGE_LOOP('',(#334,#335,#336,#337));
#595=EDGE_LOOP('',(#338,#339,#340,#341));
#596=EDGE_LOOP('',(#342,#343,#344,#345));
#597=EDGE_LOOP('',(#346,#347,#348,#349));
#598=EDGE_LOOP('',(#350,#351,#352,#353));
#599=EDGE_LOOP('',(#354,#355,#356,#357));
#600=EDGE_LOOP('',(#358,#359,#360,#361));
#601=FACE_BOUND('',#558,.T.);
#602=FACE_BOUND('',#559,.T.);
#603=FACE_BOUND('',#560,.T.);
#604=FACE_BOUND('',#561,.T.);
#605=FACE_BOUND('',#562,.T.);
#606=FACE_BOUND('',#563,.T.);
#607=FACE_BOUND('',#564,.T.);
#608=FACE_BOUND('',#565,.T.);
#609=FACE_BOUND('',#566,.T.);
#610=FACE_BOUND('',#567,.T.);
#611=FACE_BOUND('',#568,.T.);
#612=FACE_BOUND('',#569,.T.);
#613=FACE_BOUND('',#570,.T.);
#614=FACE_BOUND('',#571,.T.);
#615=FACE_BOUND('',#572,.T.);
#616=FACE_BOUND('',#573,.T.);
#617=FACE_BOUND('',#574,.T.);
#618=FACE_BOUND('',#575,.T.);
#619=FACE_BOUND('',#576,.T.);
#620=FACE_BOUND('',#577,.T.);
#621=FACE_BOUND('',#578,.T.);
#622=FACE_BOUND('',#579,.T.);
#623=FACE_BOUND('',#580,.T.);
#624=FACE_BOUND('',#581,.T.);
#625=FACE_BOUND('',#582,.T.);
#626=FACE_BOUND('',#583,.T.);
#627=FACE_BOUND('',#584,.T.);
#628=FACE_BOUND('',#585,.T.);
#629=FACE_BOUND('',#586,.T.);
#630=FACE_BOUND('',#587,.T.);
#631=FACE_BOUND('',#588,.T.);
#632=FACE_BOUND('',#589,.T.);
#633=FACE_BOUND('',#590,.T.);
#634=FACE_BOUND('',#591,.T.);
#635=FACE_BOUND('',#592,.T.);
#636=FACE_BOUND('',#593,.T.);
#637=FACE_BOUND('',#594,.T.);
#638=FACE_BOUND('',#595,.T.);
#639=FACE_BOUND('',#596,.T.);
#640=FACE_BOUND('',#597,.T.);
#641=FACE_BOUND('',#598,.T.);
#642=FACE_BOUND('',#599,.T.);
#643=FACE_BOUND('',#600,.T.);
#644=B_SPLINE_SURFACE_WITH_KNOTS('',1,1,((#835,#836),(#837,#838)),
 .PLANE_SURF.,.F.,.F.,.F.,(2,2),(2,2),(0.0454545194316087,0.472361224194376),
(0.0454545454545462,0.945194396705976),.PIECEWISE_BEZIER_KNOTS.);
#645=B_SPLINE_SURFACE_WITH_KNOTS('',1,1,((#876,#877),(#878,#879)),
 .PLANE_SURF.,.F.,.F.,.F.,(2,2),(2,2),(0.0454545194687355,0.472361224194377),
(0.0454545454545445,0.945194396705973),.PIECEWISE_BEZIER_KNOTS.);
#646=B_SPLINE_SURFACE_WITH_KNOTS('',1,1,((#917,#918),(#919,#920)),
 .PLANE_SURF.,.F.,.F.,.F.,(2,2),(2,2),(0.0454533693614237,0.954742646157903),
(0.0454595017226665,0.953714453590475),.PIECEWISE_BEZIER_KNOTS.);
#647=B_SPLINE_SURFACE_WITH_KNOTS('',1,1,((#935,#936),(#937,#938)),
 .PLANE_SURF.,.F.,.F.,.F.,(2,2),(2,2),(0.527638775805624,0.954545480491458),
(0.0454545454545454,0.945194396481454),.PIECEWISE_BEZIER_KNOTS.);
#648=B_SPLINE_SURFACE_WITH_KNOTS('',3,1,((#978,#979,#980),(#981,#982,#983),
(#984,#985,#986),(#987,#988,#989),(#990,#991,#992),(#993,#994,#995),(#996,
#997,#998),(#999,#1000,#1001),(#1002,#1003,#1004),(#1005,#1006,#1007),(#1008,
#1009,#1010),(#1011,#1012,#1013),(#1014,#1015,#1016),(#1017,#1018,#1019)),
 .RULED_SURF.,.F.,.F.,.F.,(4,2,2,2,2,2,4),(2,1,2),(0.1964,0.25,0.375,0.5,
0.625,0.75,0.803600000000003),(-0.01,0.,1.),.UNSPECIFIED.);
#649=B_SPLINE_SURFACE_WITH_KNOTS('',1,1,((#1031,#1032),(#1033,#1034)),
 .PLANE_SURF.,.F.,.F.,.F.,(2,2),(2,2),(0.527638775805623,0.95454548060832),
(0.0454545454545436,0.945194396481428),.PIECEWISE_BEZIER_KNOTS.);
#650=B_SPLINE_SURFACE_WITH_KNOTS('',1,1,((#1095,#1096),(#1097,#1098)),
 .PLANE_SURF.,.F.,.F.,.F.,(2,2),(2,2),(0.,1.),(0.,1.),.UNSPECIFIED.);
#651=B_SPLINE_SURFACE_WITH_KNOTS('',3,1,((#1163,#1164),(#1165,#1166),(#1167,
#1168),(#1169,#1170),(#1171,#1172),(#1173,#1174),(#1175,#1176),(#1177,#1178),
(#1179,#1180),(#1181,#1182)),.SURF_OF_LINEAR_EXTRUSION.,.F.,.F.,.F.,(4,
2,2,2,4),(2,2),(0.,0.0645507253813156,0.129101450762631,0.193652176143947,
0.258202901525262),(0.0454545454545456,0.954545454545455),.UNSPECIFIED.);
#652=B_SPLINE_SURFACE_WITH_KNOTS('',3,1,((#1210,#1211),(#1212,#1213),(#1214,
#1215),(#1216,#1217),(#1218,#1219),(#1220,#1221),(#1222,#1223),(#1224,#1225),
(#1226,#1227),(#1228,#1229),(#1230,#1231)),.SURF_OF_LINEAR_EXTRUSION.,.F.,
 .F.,.F.,(4,2,2,2,1,4),(2,2),(0.,0.25,0.5,0.75,1.,1.00579390800471),(0.0454545454545421,
0.954545454545456),.UNSPECIFIED.);
#653=B_SPLINE_SURFACE_WITH_KNOTS('',3,1,((#1303,#1304,#1305),(#1306,#1307,
#1308),(#1309,#1310,#1311),(#1312,#1313,#1314),(#1315,#1316,#1317),(#1318,
#1319,#1320),(#1321,#1322,#1323),(#1324,#1325,#1326),(#1327,#1328,#1329),
(#1330,#1331,#1332),(#1333,#1334,#1335),(#1336,#1337,#1338),(#1339,#1340,
#1341),(#1342,#1343,#1344)),.RULED_SURF.,.F.,.F.,.F.,(4,2,2,2,2,2,4),(2,
1,2),(0.196399999999996,0.25,0.375,0.5,0.625,0.75,0.803600000000004),(-0.01,
0.,1.),.UNSPECIFIED.);
#654=B_SPLINE_SURFACE_WITH_KNOTS('',1,1,((#1356,#1357),(#1358,#1359)),
 .PLANE_SURF.,.F.,.F.,.F.,(2,2),(2,2),(0.0454595017185709,0.953714454276722),
(0.0452573545787218,0.954546630634178),.PIECEWISE_BEZIER_KNOTS.);
#655=B_SPLINE_SURFACE_WITH_KNOTS('',1,1,((#1370,#1371),(#1372,#1373)),
 .PLANE_SURF.,.F.,.F.,.F.,(2,2),(2,2),(0.,1.),(0.,1.),.UNSPECIFIED.);
#656=B_SPLINE_SURFACE_WITH_KNOTS('',1,1,((#1385,#1386),(#1387,#1388)),
 .PLANE_SURF.,.F.,.F.,.F.,(2,2),(2,2),(0.0454545454545454,0.50271100668715),
(0.49728899331285,0.954545454545455),.PIECEWISE_BEZIER_KNOTS.);
#657=B_SPLINE_SURFACE_WITH_KNOTS('',1,1,((#1391,#1392),(#1393,#1394)),
 .PLANE_SURF.,.F.,.F.,.F.,(2,2),(2,2),(0.0454545454545454,0.46969696969697),
(0.0454545454545448,0.954545454545454),.PIECEWISE_BEZIER_KNOTS.);
#658=B_SPLINE_SURFACE_WITH_KNOTS('',1,1,((#1396,#1397),(#1398,#1399)),
 .PLANE_SURF.,.F.,.F.,.F.,(2,2),(2,2),(0.0454545454545452,0.46969696969697),
(0.0454545454545434,0.954545454545454),.PIECEWISE_BEZIER_KNOTS.);
#659=B_SPLINE_SURFACE_WITH_KNOTS('',1,1,((#1401,#1402),(#1403,#1404)),
 .PLANE_SURF.,.F.,.F.,.F.,(2,2),(2,2),(0.53030303030303,0.954545454545455),
(0.0454545454545534,0.954545454545439),.PIECEWISE_BEZIER_KNOTS.);
#660=B_SPLINE_SURFACE_WITH_KNOTS('',1,1,((#1410,#1411),(#1412,#1413)),
 .PLANE_SURF.,.F.,.F.,.F.,(2,2),(2,2),(0.53030303030303,0.954545454545455),
(0.0454545454545534,0.954545454545436),.PIECEWISE_BEZIER_KNOTS.);
#661=B_SPLINE_SURFACE_WITH_KNOTS('',1,1,((#1419,#1420),(#1421,#1422)),
 .PLANE_SURF.,.F.,.F.,.F.,(2,2),(2,2),(0.49728899331285,0.954545454545454),
(0.0454545454545455,0.502711006687149),.PIECEWISE_BEZIER_KNOTS.);
#662=B_SPLINE_SURFACE_WITH_KNOTS('',1,1,((#1427,#1428),(#1429,#1430)),
 .PLANE_SURF.,.F.,.F.,.F.,(2,2),(2,2),(0.,1.),(0.,1.),.UNSPECIFIED.);
#663=B_SPLINE_SURFACE_WITH_KNOTS('',3,3,((#1432,#1433,#1434,#1435,#1436,
#1437),(#1438,#1439,#1440,#1441,#1442,#1443),(#1444,#1445,#1446,#1447,#1448,
#1449),(#1450,#1451,#1452,#1453,#1454,#1455)),.UNSPECIFIED.,.F.,.F.,.F.,
(4,4),(4,2,4),(0.00185893730182172,0.00282737393430286),(-0.00600117648396715,
0.496999411758016,1.),.UNSPECIFIED.);
#664=B_SPLINE_SURFACE_WITH_KNOTS('',3,3,((#1572,#1573,#1574,#1575,#1576,
#1577),(#1578,#1579,#1580,#1581,#1582,#1583),(#1584,#1585,#1586,#1587,#1588,
#1589),(#1590,#1591,#1592,#1593,#1594,#1595)),.UNSPECIFIED.,.F.,.F.,.F.,
(4,4),(4,2,4),(0.0018589529403308,0.00282737370074469),(0.,0.503000586502951,
1.0060011730059),.UNSPECIFIED.);
#665=B_SPLINE_SURFACE_WITH_KNOTS('',3,3,((#1745,#1746,#1747,#1748,#1749,
#1750),(#1751,#1752,#1753,#1754,#1755,#1756),(#1757,#1758,#1759,#1760,#1761,
#1762),(#1763,#1764,#1765,#1766,#1767,#1768)),.UNSPECIFIED.,.F.,.F.,.F.,
(4,4),(4,2,4),(0.0013142931500628,0.00228265482173933),(0.,0.503000587402757,
1.00600117480551),.UNSPECIFIED.);
#666=B_SPLINE_SURFACE_WITH_KNOTS('',3,3,((#1876,#1877,#1878,#1879,#1880,
#1881),(#1882,#1883,#1884,#1885,#1886,#1887),(#1888,#1889,#1890,#1891,#1892,
#1893),(#1894,#1895,#1896,#1897,#1898,#1899)),.UNSPECIFIED.,.F.,.F.,.F.,
(4,4),(4,2,4),(0.00131427747559321,0.00228265505530098),(-0.00600117828913001,
0.496999410855435,1.),.UNSPECIFIED.);
#667=ADVANCED_FACE('',(#601),#644,.T.);
#668=ADVANCED_FACE('',(#602),#645,.F.);
#669=ADVANCED_FACE('',(#603),#646,.F.);
#670=ADVANCED_FACE('',(#604),#647,.T.);
#671=ADVANCED_FACE('',(#605),#648,.F.);
#672=ADVANCED_FACE('',(#606),#649,.F.);
#673=ADVANCED_FACE('',(#607),#20,.T.);
#674=ADVANCED_FACE('',(#608),#21,.T.);
#675=ADVANCED_FACE('',(#609),#650,.T.);
#676=ADVANCED_FACE('',(#610),#22,.T.);
#677=ADVANCED_FACE('',(#611),#651,.T.);
#678=ADVANCED_FACE('',(#612),#23,.T.);
#679=ADVANCED_FACE('',(#613),#652,.T.);
#680=ADVANCED_FACE('',(#614),#24,.T.);
#681=ADVANCED_FACE('',(#615),#25,.T.);
#682=ADVANCED_FACE('',(#616),#653,.T.);
#683=ADVANCED_FACE('',(#617),#654,.F.);
#684=ADVANCED_FACE('',(#618),#655,.F.);
#685=ADVANCED_FACE('',(#619),#656,.F.);
#686=ADVANCED_FACE('',(#620),#657,.T.);
#687=ADVANCED_FACE('',(#621),#658,.F.);
#688=ADVANCED_FACE('',(#622),#659,.F.);
#689=ADVANCED_FACE('',(#623),#660,.T.);
#690=ADVANCED_FACE('',(#624),#661,.F.);
#691=ADVANCED_FACE('',(#625),#662,.T.);
#692=ADVANCED_FACE('',(#626),#663,.T.);
#693=ADVANCED_FACE('',(#627),#26,.T.);
#694=ADVANCED_FACE('',(#628),#27,.T.);
#695=ADVANCED_FACE('',(#629),#664,.T.);
#696=ADVANCED_FACE('',(#630),#28,.T.);
#697=ADVANCED_FACE('',(#631),#29,.T.);
#698=ADVANCED_FACE('',(#632),#30,.T.);
#699=ADVANCED_FACE('',(#633),#31,.T.);
#700=ADVANCED_FACE('',(#634),#32,.T.);
#701=ADVANCED_FACE('',(#635),#665,.T.);
#702=ADVANCED_FACE('',(#636),#33,.T.);
#703=ADVANCED_FACE('',(#637),#666,.T.);
#704=ADVANCED_FACE('',(#638),#34,.T.);
#705=ADVANCED_FACE('',(#639),#35,.T.);
#706=ADVANCED_FACE('',(#640),#36,.T.);
#707=ADVANCED_FACE('',(#641),#37,.T.);
#708=ADVANCED_FACE('',(#642),#38,.T.);
#709=ADVANCED_FACE('',(#643),#39,.T.);
#710=CLOSED_SHELL('',(#667,#668,#669,#670,#671,#672,#673,#674,#675,#676,
#677,#678,#679,#680,#681,#682,#683,#684,#685,#686,#687,#688,#689,#690,#691,
#692,#693,#694,#695,#696,#697,#698,#699,#700,#701,#702,#703,#704,#705,#706,
#707,#708,#709));
#711=STYLED_ITEM('',(#712),#719);
#712=PRESENTATION_STYLE_ASSIGNMENT((#713));
#713=SURFACE_STYLE_USAGE(.BOTH.,#714);
#714=SURFACE_SIDE_STYLE('',(#715));
#715=SURFACE_STYLE_FILL_AREA(#716);
#716=FILL_AREA_STYLE('',(#717));
#717=FILL_AREA_STYLE_COLOUR('',#718);
#718=COLOUR_RGB('',0.615686274509804,0.811764705882353,0.929411764705882);
#719=MANIFOLD_SOLID_BREP('Support',#710);
#720=SHAPE_DEFINITION_REPRESENTATION(#2064,#721);
#721=SHAPE_REPRESENTATION('Support',(#722),#2059);
#722=AXIS2_PLACEMENT_3D('',#834,#742,#743);
#723=AXIS2_PLACEMENT_3D('',#927,#754,#755);
#724=AXIS2_PLACEMENT_3D('',#934,#756,#757);
#725=AXIS2_PLACEMENT_3D('',#1082,#771,#772);
#726=AXIS2_PLACEMENT_3D('',#1091,#773,#774);
#727=AXIS2_PLACEMENT_3D('',#1093,#776,#777);
#728=AXIS2_PLACEMENT_3D('',#1209,#791,#792);
#729=AXIS2_PLACEMENT_3D('',#1293,#794,#795);
#730=AXIS2_PLACEMENT_3D('',#1302,#796,#797);
#731=AXIS2_PLACEMENT_3D('',#1350,#798,#799);
#732=AXIS2_PLACEMENT_3D('',#1562,#814,#815);
#733=AXIS2_PLACEMENT_3D('',#1571,#816,#817);
#734=AXIS2_PLACEMENT_3D('',#1608,#818,#819);
#735=AXIS2_PLACEMENT_3D('',#1727,#820,#821);
#736=AXIS2_PLACEMENT_3D('',#1736,#822,#823);
#737=AXIS2_PLACEMENT_3D('',#1875,#824,#825);
#738=AXIS2_PLACEMENT_3D('',#1912,#826,#827);
#739=AXIS2_PLACEMENT_3D('',#2031,#828,#829);
#740=AXIS2_PLACEMENT_3D('',#2040,#830,#831);
#741=AXIS2_PLACEMENT_3D('',#2049,#832,#833);
#742=DIRECTION('',(0.,0.,1.));
#743=DIRECTION('',(1.,0.,0.));
#744=DIRECTION('',(-0.707106781186547,-0.707106781186548,1.22464679914735E-16));
#745=DIRECTION('',(1.64812787035326E-15,-8.65956056235486E-17,-1.));
#746=DIRECTION('',(0.707106781186547,0.707106781186548,2.22982117016489E-16));
#747=DIRECTION('',(-6.49467042176621E-17,-1.79967018019447E-15,-1.));
#748=DIRECTION('',(0.707106781186547,0.707106781186548,6.12323399573679E-17));
#749=DIRECTION('',(-0.707106781186548,-0.707106781186548,1.22464679914735E-16));
#750=DIRECTION('',(0.707106781186548,0.707106781186548,6.12323399573675E-17));
#751=DIRECTION('',(-9.32308442206066E-16,-9.32308442206066E-16,-1.));
#752=DIRECTION('',(0.707106781186547,0.707106781186548,2.22982117016489E-16));
#753=DIRECTION('',(-8.65956056235493E-17,-8.65956056235494E-17,-1.));
#754=DIRECTION('',(8.65956056235493E-17,8.65956056235494E-17,1.));
#755=DIRECTION('',(-4.44089209850063E-16,1.,-8.65956056235493E-17));
#756=DIRECTION('',(8.65956056235493E-17,8.65956056235494E-17,1.));
#757=DIRECTION('',(-4.44089209850063E-16,1.,-8.65956056235493E-17));
#758=DIRECTION('',(0.707106781186548,0.707106781186548,0.));
#759=DIRECTION('',(0.707106781186547,0.707106781186548,6.12323399573679E-17));
#760=DIRECTION('',(-1.18725885899446E-16,-1.85344936187626E-15,-1.));
#761=DIRECTION('',(0.707106781186547,0.707106781186548,2.22982117016489E-16));
#762=DIRECTION('',(-0.707106781186548,-0.707106781186548,0.));
#763=DIRECTION('',(0.,-1.73472347597681E-15,-1.));
#764=DIRECTION('',(-0.707106781186547,0.707106781186548,-1.10933564796705E-31));
#765=DIRECTION('',(0.707106781186547,0.707106781186548,0.));
#766=DIRECTION('',(0.,0.,-1.));
#767=DIRECTION('',(-0.707106781186548,-0.707106781186548,0.));
#768=DIRECTION('',(0.707106781186547,0.707106781186548,2.22982117016489E-16));
#769=DIRECTION('',(-9.8608762388785E-16,-9.8608762388785E-16,-1.));
#770=DIRECTION('',(0.707106781186548,0.707106781186548,6.12323399573675E-17));
#771=DIRECTION('',(8.65956056235493E-17,8.65956056235494E-17,1.));
#772=DIRECTION('',(-4.44089209850063E-16,1.,-8.65956056235493E-17));
#773=DIRECTION('',(-0.632455532033624,-0.632455532033624,0.447213595500104));
#774=DIRECTION('',(-0.276393202249949,0.723606797750052,0.632455532033624));
#775=DIRECTION('',(0.707106781186547,0.707106781186548,2.22982117016489E-16));
#776=DIRECTION('',(-0.632455532033624,-0.632455532033624,0.447213595500104));
#777=DIRECTION('',(-0.276393202249949,0.723606797750052,0.632455532033624));
#778=DIRECTION('',(0.707106781186547,0.707106781186548,2.22982117016489E-16));
#779=DIRECTION('',(0.707106781186548,-0.707106781186547,-6.66133814775094E-16));
#780=DIRECTION('',(0.707106781186547,0.707106781186548,6.12323399573678E-17));
#781=DIRECTION('',(-0.707106781186548,0.707106781186547,1.16573417585641E-15));
#782=DIRECTION('',(-0.707106781186548,-0.707106781186548,-6.12323399573675E-17));
#783=DIRECTION('',(0.707106781186548,-0.707106781186547,-6.66133814775094E-16));
#784=DIRECTION('',(0.707106781186547,0.707106781186548,6.12323399573678E-17));
#785=DIRECTION('',(0.707106781186548,-0.707106781186547,-6.66133814775094E-16));
#786=DIRECTION('',(-0.707106781186548,-0.707106781186548,-6.12323399573675E-17));
#787=DIRECTION('',(-0.707106781186547,0.707106781186548,7.21644966006352E-16));
#788=DIRECTION('',(0.707106781186547,0.707106781186548,6.12323399573678E-17));
#789=DIRECTION('',(0.707106781186548,-0.707106781186547,-6.66133814775094E-16));
#790=DIRECTION('',(0.707106781186547,0.707106781186548,6.12323399573678E-17));
#791=DIRECTION('',(-0.632455532033624,-0.632455532033624,0.447213595500104));
#792=DIRECTION('',(-0.276393202249949,0.723606797750052,0.632455532033624));
#793=DIRECTION('',(-0.707106781186548,0.707106781186547,0.));
#794=DIRECTION('',(0.,0.,-1.));
#795=DIRECTION('',(-1.,0.,0.));
#796=DIRECTION('',(0.,0.,-1.));
#797=DIRECTION('',(-1.,0.,0.));
#798=DIRECTION('',(0.,0.,-1.));
#799=DIRECTION('',(-1.,0.,0.));
#800=DIRECTION('',(6.4946704217662E-17,1.79967018019447E-15,1.));
#801=DIRECTION('',(0.707106781186547,0.707106781186548,6.12323399573679E-17));
#802=DIRECTION('',(1.18725885899445E-16,1.85344936187626E-15,1.));
#803=DIRECTION('',(0.707106781186548,-0.707106781186547,1.2266347333467E-15));
#804=DIRECTION('',(0.707106781186548,-0.707106781186547,1.2266347333467E-15));
#805=DIRECTION('',(0.707106781186548,-0.707106781186547,-6.66133814775094E-16));
#806=DIRECTION('',(0.707106781186548,-0.707106781186547,-6.66133814775094E-16));
#807=DIRECTION('',(6.4946704217662E-17,1.79967018019447E-15,1.));
#808=DIRECTION('',(0.707106781186548,-0.707106781186547,-6.66133814775094E-16));
#809=DIRECTION('',(0.707106781186548,-0.707106781186547,1.2266347333467E-15));
#810=DIRECTION('',(0.707106781186548,-0.707106781186547,-6.66133814775094E-16));
#811=DIRECTION('',(1.18725885899445E-16,1.85344936187626E-15,1.));
#812=DIRECTION('',(0.707106781186548,-0.707106781186547,1.2266347333467E-15));
#813=DIRECTION('',(0.707106781186547,0.707106781186548,6.12323399573679E-17));
#814=DIRECTION('',(0.707106781186548,0.707106781186548,0.));
#815=DIRECTION('',(-0.707106781186548,0.707106781186548,0.));
#816=DIRECTION('',(-4.71027737605133E-16,1.,5.14325540416907E-16));
#817=DIRECTION('',(-1.,-4.71027737605133E-16,4.27729934793358E-16));
#818=DIRECTION('',(-4.71027737605133E-16,1.,5.14325540416907E-16));
#819=DIRECTION('',(1.,4.71027737605133E-16,-4.27729934793358E-16));
#820=DIRECTION('',(1.,4.71027737605133E-16,-4.27729934793358E-16));
#821=DIRECTION('',(-4.71027737605133E-16,1.,5.14325540416907E-16));
#822=DIRECTION('',(1.,4.71027737605133E-16,-4.27729934793358E-16));
#823=DIRECTION('',(4.71027737605133E-16,-1.,-5.14325540416907E-16));
#824=DIRECTION('',(0.707106781186549,0.707106781186547,-3.00926553810505E-30));
#825=DIRECTION('',(-0.707106781186547,0.707106781186549,0.));
#826=DIRECTION('',(-1.,-1.57009245868377E-16,4.27729934793358E-16));
#827=DIRECTION('',(-2.35513868802566E-16,1.,5.14325540416907E-16));
#828=DIRECTION('',(-1.,-4.71027737605133E-16,4.27729934793358E-16));
#829=DIRECTION('',(4.71027737605133E-16,-1.,-5.14325540416907E-16));
#830=DIRECTION('',(2.35513868802566E-16,-1.,-5.14325540416907E-16));
#831=DIRECTION('',(1.,1.57009245868377E-16,-4.27729934793358E-16));
#832=DIRECTION('',(4.71027737605133E-16,-1.,-5.14325540416907E-16));
#833=DIRECTION('',(-1.,-4.71027737605133E-16,4.27729934793358E-16));
#834=CARTESIAN_POINT('',(0.,0.,0.));
#835=CARTESIAN_POINT('',(-0.0123361381799725,-0.0109219246175995,-0.005));
#836=CARTESIAN_POINT('',(-0.0123361381799725,-0.0109219246175995,-0.00889442719197182));
#837=CARTESIAN_POINT('',(-0.00141421356237309,-1.02506387216812E-18,-0.005));
#838=CARTESIAN_POINT('',(-0.00141421356237309,-4.14666355664359E-18,-0.00889442719197182));
#839=CARTESIAN_POINT('',(-0.00809440235906901,-0.00668018879669594,-0.008894427191));
#840=CARTESIAN_POINT('',(-0.00852763874281869,-0.00711342518044563,-0.008894427191));
#841=CARTESIAN_POINT('',(-0.00917676316494264,-0.00776254960256956,-0.00889885496338206));
#842=CARTESIAN_POINT('',(-0.0100442114669287,-0.00862999790455569,-0.00883296783974564));
#843=CARTESIAN_POINT('',(-0.0106848159578645,-0.00927060239549144,-0.00869704825991989));
#844=CARTESIAN_POINT('',(-0.0112741622946551,-0.00985994873228205,-0.00825224780456072));
#845=CARTESIAN_POINT('',(-0.0116582448490074,-0.0102440312866343,-0.00748730079941008));
#846=CARTESIAN_POINT('',(-0.0119457440099198,-0.0105315304475467,-0.00667564295112926));
#847=CARTESIAN_POINT('',(-0.0121339171298696,-0.0107197035674965,-0.00612614336589934));
#848=CARTESIAN_POINT('',(-0.0122298005266126,-0.0108155869642395,-0.00585351735489662));
#849=CARTESIAN_POINT('',(-0.00809440235906901,-0.00668018879669594,-0.008894427191));
#850=CARTESIAN_POINT('',(-0.0122298005266126,-0.0108155869642395,-0.00585351735489663));
#851=CARTESIAN_POINT('',(-0.0122298005266126,-0.0108155869642395,-0.00585351735489661));
#852=CARTESIAN_POINT('',(-0.0122530247179126,-0.0108388111555395,-0.00557014150286396));
#853=CARTESIAN_POINT('',(-0.0122630286704429,-0.0108488151080698,-0.00528501863678124));
#854=CARTESIAN_POINT('',(-0.0122709968146913,-0.0108567832523182,-0.005));
#855=CARTESIAN_POINT('',(-0.0122709968146913,-0.0108567832523182,-0.005));
#856=CARTESIAN_POINT('',(-0.0120986382579581,-0.010684424695585,-0.005));
#857=CARTESIAN_POINT('',(-0.0112704998206195,-0.00985628625824647,-0.005));
#858=CARTESIAN_POINT('',(-0.0112704998206195,-0.00985628625824647,-0.005));
#859=CARTESIAN_POINT('',(-0.0112704998206195,-0.00985628625824647,-0.006));
#860=CARTESIAN_POINT('',(-0.0112704998206195,-0.00985628625824647,-0.006));
#861=CARTESIAN_POINT('',(-0.0110498770226233,-0.0096356634602502,-0.00662401553341088));
#862=CARTESIAN_POINT('',(-0.0108797739748549,-0.00946556041248145,-0.00706949434818697));
#863=CARTESIAN_POINT('',(-0.0105521327568243,-0.00913791919445165,-0.00757269529449261));
#864=CARTESIAN_POINT('',(-0.0104188152868317,-0.00900460172445799,-0.00761199471558495));
#865=CARTESIAN_POINT('',(-0.0100537329374237,-0.00863951937505128,-0.00767901026003543));
#866=CARTESIAN_POINT('',(-0.00978480808064533,-0.00837059451827168,-0.00771367746236604));
#867=CARTESIAN_POINT('',(-0.00890879682363097,-0.00749458326125846,-0.00774878482526727));
#868=CARTESIAN_POINT('',(-0.0083123064892652,-0.00689809292689212,-0.00774659784256201));
#869=CARTESIAN_POINT('',(-0.00751180670580942,-0.00609759314343634,-0.00774659784256201));
#870=CARTESIAN_POINT('',(-0.00751180670580942,-0.00609759314343634,-0.00774659784256201));
#871=CARTESIAN_POINT('',(-0.0075118067071683,-0.00609759314207746,-0.00774632057292069));
#872=CARTESIAN_POINT('',(-0.00141421356237309,-6.29704716392548E-18,-0.00774659784256201));
#873=CARTESIAN_POINT('',(-0.00141421356237309,7.26415455565288E-18,9.1848509936038E-20));
#874=CARTESIAN_POINT('',(-0.00141421356237309,-8.74288082990069E-18,-0.008894427191));
#875=CARTESIAN_POINT('',(-0.00070710678118654,0.000707106781186541,-0.008894427191));
#876=CARTESIAN_POINT('',(-0.0109219246166498,-0.0123361381790229,-0.005));
#877=CARTESIAN_POINT('',(-0.0109219246166498,-0.0123361381790229,-0.00889442719197192));
#878=CARTESIAN_POINT('',(8.67361737988404E-18,-0.0014142135623731,-0.005));
#879=CARTESIAN_POINT('',(8.67361737988404E-18,-0.0014142135623731,-0.00889442719197192));
#880=CARTESIAN_POINT('',(-0.010684424695585,-0.0120986382579581,-0.005));
#881=CARTESIAN_POINT('',(-0.0108567832523183,-0.0122709968146914,-0.005));
#882=CARTESIAN_POINT('',(-0.00985628625824646,-0.0112704998206196,-0.005));
#883=CARTESIAN_POINT('',(-0.0108567832523183,-0.0122709968146915,-0.005));
#884=CARTESIAN_POINT('',(-0.0108488149767917,-0.0122630285391648,-0.00528502333257294));
#885=CARTESIAN_POINT('',(-0.010838812039129,-0.0122530256015021,-0.00557013072152351));
#886=CARTESIAN_POINT('',(-0.0108155869642395,-0.0122298005266126,-0.00585351735489655));
#887=CARTESIAN_POINT('',(-0.0108155869642395,-0.0122298005266127,-0.00585351735489656));
#888=CARTESIAN_POINT('',(-0.0108155869642395,-0.0122298005266127,-0.00585351735489656));
#889=CARTESIAN_POINT('',(-0.0107197035674965,-0.0121339171298696,-0.00612614336589931));
#890=CARTESIAN_POINT('',(-0.0105315304475468,-0.0119457440099198,-0.00667564295112932));
#891=CARTESIAN_POINT('',(-0.0102440312866342,-0.0116582448490073,-0.00748730079941015));
#892=CARTESIAN_POINT('',(-0.00985994873228199,-0.0112741622946551,-0.0082522478045609));
#893=CARTESIAN_POINT('',(-0.00927060239549132,-0.0106848159578644,-0.00869704825991969));
#894=CARTESIAN_POINT('',(-0.00862999790455563,-0.0100442114669287,-0.00883296783974569));
#895=CARTESIAN_POINT('',(-0.00776254960256951,-0.00917676316494264,-0.00889885496338204));
#896=CARTESIAN_POINT('',(-0.0071134251804456,-0.0085276387428187,-0.008894427191));
#897=CARTESIAN_POINT('',(-0.00668018879669592,-0.00809440235906903,-0.008894427191));
#898=CARTESIAN_POINT('',(-0.00668018879669592,-0.00809440235906903,-0.008894427191));
#899=CARTESIAN_POINT('',(0.000707106781186555,-0.000707106781186555,-0.008894427191));
#900=CARTESIAN_POINT('',(7.32016172503477E-18,-0.0014142135623731,-0.008894427191));
#901=CARTESIAN_POINT('',(1.56125112837912E-17,-0.00141421356237309,1.31848324328274E-18));
#902=CARTESIAN_POINT('',(7.32296520712314E-18,-0.0014142135623731,-0.00774659784256202));
#903=CARTESIAN_POINT('',(-0.00609759314343632,-0.00751180670580943,-0.007746475280462));
#904=CARTESIAN_POINT('',(-0.00609759314343632,-0.00751180670580943,-0.00774659784256201));
#905=CARTESIAN_POINT('',(-0.00985628625824646,-0.0112704998206196,-0.006));
#906=CARTESIAN_POINT('',(-0.0096356634602498,-0.0110498770226235,-0.00662401553341055));
#907=CARTESIAN_POINT('',(-0.00946556041248219,-0.0108797739748542,-0.00706949434818735));
#908=CARTESIAN_POINT('',(-0.00913791919445089,-0.0105521327568251,-0.00757269529449223));
#909=CARTESIAN_POINT('',(-0.00900460172445798,-0.0104188152868314,-0.00761199471558529));
#910=CARTESIAN_POINT('',(-0.00863951937505126,-0.010053732937424,-0.00767901026003509));
#911=CARTESIAN_POINT('',(-0.00837059451827224,-0.00978480808064534,-0.00771367746236605));
#912=CARTESIAN_POINT('',(-0.00749458326125788,-0.00890879682363099,-0.00774878482526727));
#913=CARTESIAN_POINT('',(-0.00689809292689233,-0.00831230648926543,-0.00774659784256201));
#914=CARTESIAN_POINT('',(-0.00609759314343632,-0.00751180670580943,-0.00774659784256201));
#915=CARTESIAN_POINT('',(-0.00985628625824646,-0.0112704998206196,-0.006));
#916=CARTESIAN_POINT('',(-0.00985628625824646,-0.0112704998206196,-0.005));
#917=CARTESIAN_POINT('',(-0.00984091355087036,-0.00984089956528314,-0.005));
#918=CARTESIAN_POINT('',(-0.0124337768616398,-0.00984089956528315,-0.005));
#919=CARTESIAN_POINT('',(-0.00984091355087036,-0.0124361217784277,-0.005));
#920=CARTESIAN_POINT('',(-0.0124337768616398,-0.0124361217784278,-0.005));
#921=CARTESIAN_POINT('',(-0.0122709968146913,-0.0108567832523182,-0.005));
#922=CARTESIAN_POINT('',(-0.0123814923936835,-0.0109672788313144,-0.005));
#923=CARTESIAN_POINT('',(-0.012487695181374,-0.0112931488217114,-0.005));
#924=CARTESIAN_POINT('',(-0.0122929997344783,-0.0115761109948898,-0.005));
#925=CARTESIAN_POINT('',(-0.0121555371988018,-0.011650409021562,-0.005));
#926=CARTESIAN_POINT('',(-0.0121555346010905,-0.011650404215405,-0.005));
#927=CARTESIAN_POINT('',(-0.01275,-0.0127499999999995,-0.005));
#928=CARTESIAN_POINT('',(-0.0116504042154052,-0.0121555346010905,-0.005));
#929=CARTESIAN_POINT('',(-0.0116504090197534,-0.0121555371979301,-0.005));
#930=CARTESIAN_POINT('',(-0.011576107405678,-0.0122930063713714,-0.005));
#931=CARTESIAN_POINT('',(-0.0112938871419415,-0.0124875914049979,-0.005));
#932=CARTESIAN_POINT('',(-0.0109672674250074,-0.0123814809873771,-0.005));
#933=CARTESIAN_POINT('',(-0.0108567832523184,-0.0122709968146914,-0.005));
#934=CARTESIAN_POINT('',(-0.01275,-0.01275,-0.005));
#935=CARTESIAN_POINT('',(1.97127667724637E-19,0.00141421356237309,-0.005));
#936=CARTESIAN_POINT('',(4.09912727234527E-18,0.00141421356237309,-0.008894427191));
#937=CARTESIAN_POINT('',(0.0109219246156312,0.0123361381780043,-0.005));
#938=CARTESIAN_POINT('',(0.0109219246156312,0.0123361381780043,-0.008894427191));
#939=CARTESIAN_POINT('',(0.010684424695585,0.0120986382579581,-0.005));
#940=CARTESIAN_POINT('',(0.00985628625824647,0.0112704998206196,-0.005));
#941=CARTESIAN_POINT('',(0.0108567832523182,0.0122709968146913,-0.005));
#942=CARTESIAN_POINT('',(0.0108567832523182,0.0122709968146913,-0.005));
#943=CARTESIAN_POINT('',(0.0108488151080698,0.0122630286704429,-0.00528501863678158));
#944=CARTESIAN_POINT('',(0.0108388111555394,0.0122530247179125,-0.00557014150286465));
#945=CARTESIAN_POINT('',(0.0108155869642394,0.0122298005266125,-0.00585351735489764));
#946=CARTESIAN_POINT('',(0.0108155869642394,0.0122298005266125,-0.00585351735489765));
#947=CARTESIAN_POINT('',(0.0108155869642394,0.0122298005266125,-0.00585351735489765));
#948=CARTESIAN_POINT('',(0.010719703567637,0.0121339171300101,-0.00612614336550317));
#949=CARTESIAN_POINT('',(0.0105315304479281,0.0119457440103012,-0.00667564295001757));
#950=CARTESIAN_POINT('',(0.0102440312875759,0.011658244849949,-0.0074873007968083));
#951=CARTESIAN_POINT('',(0.00985994873408092,0.011274162296454,-0.00825224780207639));
#952=CARTESIAN_POINT('',(0.00927060239770593,0.010684815960079,-0.00869704825923669));
#953=CARTESIAN_POINT('',(0.00862999790622878,0.0100442114686019,-0.00883296783935565));
#954=CARTESIAN_POINT('',(0.00776254960396996,0.00917676316634306,-0.00889885496444202));
#955=CARTESIAN_POINT('',(0.0071134251815134,0.00852763874388648,-0.00889442719246115));
#956=CARTESIAN_POINT('',(0.00668018879753909,0.00809440235991217,-0.008894427191));
#957=CARTESIAN_POINT('',(0.00668018879753909,0.00809440235991217,-0.008894427191));
#958=CARTESIAN_POINT('',(-0.00070710678118654,0.000707106781186541,-0.008894427191));
#959=CARTESIAN_POINT('',(5.55763450434199E-18,0.00141421356237309,-0.008894427191));
#960=CARTESIAN_POINT('',(6.61363325216158E-18,0.0014142135623731,-2.62117322473717E-18));
#961=CARTESIAN_POINT('',(7.3451199356007E-18,0.00141421356237309,-0.00774659784256202));
#962=CARTESIAN_POINT('',(6.44658543457421E-18,0.00141421356237309,-0.00774632057436791));
#963=CARTESIAN_POINT('',(0.00663037107644815,0.00804457512975203,-0.00774647013880347));
#964=CARTESIAN_POINT('',(0.00726731664591219,0.00868153020828528,-0.00774648106102951));
#965=CARTESIAN_POINT('',(0.00726731664591262,0.00868153020828485,-0.00774407665840584));
#966=CARTESIAN_POINT('',(0.00985628625824647,0.0112704998206196,-0.006));
#967=CARTESIAN_POINT('',(0.00963566346025183,0.0110498770226249,-0.00662401553341249));
#968=CARTESIAN_POINT('',(0.00946556041248182,0.0108797739748556,-0.00706949434818679));
#969=CARTESIAN_POINT('',(0.00913791919445128,0.0105521327568236,-0.00757269529449279));
#970=CARTESIAN_POINT('',(0.00900460172445762,0.010418815286831,-0.00761199471558632));
#971=CARTESIAN_POINT('',(0.00863951937505164,0.0100537329374244,-0.00767901026003406));
#972=CARTESIAN_POINT('',(0.00837059451827038,0.0097848080806446,-0.00771367746236605));
#973=CARTESIAN_POINT('',(0.00749458326125976,0.0089087968236317,-0.00774878482526726));
#974=CARTESIAN_POINT('',(0.00689809292689467,0.00831230648926334,-0.00774659784443355));
#975=CARTESIAN_POINT('',(0.00609759314343633,0.00751180670580942,-0.00774659784256201));
#976=CARTESIAN_POINT('',(0.00985628625824647,0.0112704998206196,-0.006));
#977=CARTESIAN_POINT('',(0.00985628625824647,0.0112704998206196,-0.005));
#978=CARTESIAN_POINT('',(-0.0124761444357632,-0.0115317200975399,-0.00499));
#979=CARTESIAN_POINT('',(-0.0124743555973998,-0.0115307799112868,-0.005));
#980=CARTESIAN_POINT('',(-0.0122954717610534,-0.0114367612859805,-0.006));
#981=CARTESIAN_POINT('',(-0.012435593282079,-0.0115406909034455,-0.00499));
#982=CARTESIAN_POINT('',(-0.0124339557691746,-0.011539912068444,-0.005));
#983=CARTESIAN_POINT('',(-0.012270204478739,-0.0114620285682949,-0.006));
#984=CARTESIAN_POINT('',(-0.0123954997007036,-0.0115516855019505,-0.00499));
#985=CARTESIAN_POINT('',(-0.0123940089828394,-0.0115510479806501,-0.005));
#986=CARTESIAN_POINT('',(-0.0122449371964246,-0.0114872958506093,-0.006));
#987=CARTESIAN_POINT('',(-0.0122641022331078,-0.0115949233721663,-0.00499));
#988=CARTESIAN_POINT('',(-0.0122630788877207,-0.0115946913456897,-0.005));
#989=CARTESIAN_POINT('',(-0.0121607443490113,-0.0115714886980226,-0.006));
#990=CARTESIAN_POINT('',(-0.0121757350821775,-0.0116359593133155,-0.00499));
#991=CARTESIAN_POINT('',(-0.0121750032376402,-0.0116359044118284,-0.005));
#992=CARTESIAN_POINT('',(-0.0121018187839124,-0.0116304142631214,-0.006));
#993=CARTESIAN_POINT('',(-0.0120109359953458,-0.0117373605990312,-0.00499));
#994=CARTESIAN_POINT('',(-0.0120106689820623,-0.0117374685672915,-0.005));
#995=CARTESIAN_POINT('',(-0.0119839676537147,-0.0117482653933192,-0.006));
#996=CARTESIAN_POINT('',(-0.011934512028718,-0.0117977210183159,-0.00499));
#997=CARTESIAN_POINT('',(-0.0119344182669348,-0.011797814780099,-0.005));
#998=CARTESIAN_POINT('',(-0.0119250420886158,-0.0118071909584181,-0.006));
#999=CARTESIAN_POINT('',(-0.0117977210183161,-0.0119345120287178,-0.00499));
#1000=CARTESIAN_POINT('',(-0.0117978147800993,-0.0119344182669346,-0.005));
#1001=CARTESIAN_POINT('',(-0.0118071909584181,-0.0119250420886158,-0.006));
#1002=CARTESIAN_POINT('',(-0.0117373605990315,-0.0120109359953456,-0.00499));
#1003=CARTESIAN_POINT('',(-0.0117374685672918,-0.0120106689820621,-0.005));
#1004=CARTESIAN_POINT('',(-0.0117482653933192,-0.0119839676537147,-0.006));
#1005=CARTESIAN_POINT('',(-0.0116359593133158,-0.0121757350821773,-0.00499));
#1006=CARTESIAN_POINT('',(-0.0116359044118288,-0.0121750032376401,-0.005));
#1007=CARTESIAN_POINT('',(-0.0116304142631214,-0.0121018187839125,-0.006));
#1008=CARTESIAN_POINT('',(-0.0115949233721667,-0.0122641022331077,-0.00499));
#1009=CARTESIAN_POINT('',(-0.01159469134569,-0.0122630788877206,-0.005));
#1010=CARTESIAN_POINT('',(-0.0115714886980225,-0.0121607443490113,-0.006));
#1011=CARTESIAN_POINT('',(-0.0115516855019509,-0.0123954997007035,-0.00499));
#1012=CARTESIAN_POINT('',(-0.0115510479806505,-0.0123940089828393,-0.005));
#1013=CARTESIAN_POINT('',(-0.0114872958506093,-0.0122449371964246,-0.006));
#1014=CARTESIAN_POINT('',(-0.0115406909034459,-0.0124355932820789,-0.00499));
#1015=CARTESIAN_POINT('',(-0.0115399120684444,-0.0124339557691745,-0.005));
#1016=CARTESIAN_POINT('',(-0.0114620285682949,-0.012270204478739,-0.006));
#1017=CARTESIAN_POINT('',(-0.0115317200975404,-0.0124761444357632,-0.00499));
#1018=CARTESIAN_POINT('',(-0.0115307799112873,-0.0124743555973997,-0.005));
#1019=CARTESIAN_POINT('',(-0.0114367612859805,-0.0122954717610534,-0.006));
#1020=CARTESIAN_POINT('',(-0.0121555371043371,-0.0116504088624344,-0.005));
#1021=CARTESIAN_POINT('',(-0.012168491407913,-0.0116291677282032,-0.0053369356672751));
#1022=CARTESIAN_POINT('',(-0.0121909841292967,-0.0116018252126558,-0.00567541711300932));
#1023=CARTESIAN_POINT('',(-0.0122196699141102,-0.0115125631329237,-0.006));
#1024=CARTESIAN_POINT('',(-0.0122196699141102,-0.0115125631329237,-0.006));
#1025=CARTESIAN_POINT('',(-0.0118661165235169,-0.0118661165235169,-0.006));
#1026=CARTESIAN_POINT('',(-0.0115125631329237,-0.0122196699141102,-0.006));
#1027=CARTESIAN_POINT('',(-0.0115125631329237,-0.0122196699141102,-0.006));
#1028=CARTESIAN_POINT('',(-0.0116018365656387,-0.0121909804809131,-0.00567537582984669));
#1029=CARTESIAN_POINT('',(-0.0116291650267732,-0.0121684930551904,-0.00533697852155367));
#1030=CARTESIAN_POINT('',(-0.0116504088624347,-0.0121555371043371,-0.005));
#1031=CARTESIAN_POINT('',(0.0014142135623731,-8.67361737988404E-18,-0.005));
#1032=CARTESIAN_POINT('',(0.0014142135623731,-8.67361737988404E-18,-0.008894427191));
#1033=CARTESIAN_POINT('',(0.0123361381809943,0.0109219246186212,-0.005));
#1034=CARTESIAN_POINT('',(0.0123361381809943,0.0109219246186212,-0.008894427191));
#1035=CARTESIAN_POINT('',(0.00809440235991188,0.00668018879753877,-0.008894427191));
#1036=CARTESIAN_POINT('',(0.00852763874388613,0.00711342518151302,-0.00889442719246062));
#1037=CARTESIAN_POINT('',(0.0091767631663426,0.00776254960396949,-0.00889885496444164));
#1038=CARTESIAN_POINT('',(0.0100442114686013,0.00862999790622821,-0.00883296783935579));
#1039=CARTESIAN_POINT('',(0.0106848159600783,0.00927060239770522,-0.00869704825923691));
#1040=CARTESIAN_POINT('',(0.0112741622964534,0.00985994873408029,-0.00825224780207712));
#1041=CARTESIAN_POINT('',(0.0116582448499487,0.0102440312875756,-0.00748730079680915));
#1042=CARTESIAN_POINT('',(0.0119457440103013,0.0105315304479281,-0.00667564295001813));
#1043=CARTESIAN_POINT('',(0.0121339171300103,0.0107197035676371,-0.00612614336550359));
#1044=CARTESIAN_POINT('',(0.0122298005266126,0.0108155869642394,-0.00585351735489782));
#1045=CARTESIAN_POINT('',(0.00809440235991188,0.00668018879753877,-0.008894427191));
#1046=CARTESIAN_POINT('',(0.0122298005266126,0.0108155869642394,-0.00585351735489783));
#1047=CARTESIAN_POINT('',(0.0122298005266125,0.0108155869642394,-0.00585351735489781));
#1048=CARTESIAN_POINT('',(0.0122530244570277,0.0108388108946545,-0.0055701446861189));
#1049=CARTESIAN_POINT('',(0.0122630286624965,0.0108488151001234,-0.00528501892102672));
#1050=CARTESIAN_POINT('',(0.0122709968146915,0.0108567832523183,-0.005));
#1051=CARTESIAN_POINT('',(0.0122709968146914,0.0108567832523183,-0.005));
#1052=CARTESIAN_POINT('',(0.0120986382579581,0.010684424695585,-0.005));
#1053=CARTESIAN_POINT('',(0.0112704998206196,0.00985628625824646,-0.005));
#1054=CARTESIAN_POINT('',(0.0112704998206196,0.00985628625824646,-0.005));
#1055=CARTESIAN_POINT('',(0.0112704998206196,0.00985628625824646,-0.006));
#1056=CARTESIAN_POINT('',(0.0112704998206196,0.00985628625824646,-0.006));
#1057=CARTESIAN_POINT('',(0.0110498770226249,0.00963566346025185,-0.00662401553341241));
#1058=CARTESIAN_POINT('',(0.0108797739748553,0.00946556041248182,-0.00706949434818679));
#1059=CARTESIAN_POINT('',(0.010552132756824,0.00913791919445127,-0.00757269529449279));
#1060=CARTESIAN_POINT('',(0.010418815286831,0.00900460172445795,-0.00761199471558667));
#1061=CARTESIAN_POINT('',(0.0100537329374244,0.00863951937505129,-0.00767901026003373));
#1062=CARTESIAN_POINT('',(0.00978480808064404,0.00837059451827151,-0.00771367746236492));
#1063=CARTESIAN_POINT('',(0.00890879682363228,0.00749458326125861,-0.00774878482526841));
#1064=CARTESIAN_POINT('',(0.00831230648926848,0.00689809292688998,-0.00774659784443944));
#1065=CARTESIAN_POINT('',(0.00751180670580942,0.00609759314343633,-0.00774659784256201));
#1066=CARTESIAN_POINT('',(0.00868152809800853,0.00726731453563455,-0.00774407632839667));
#1067=CARTESIAN_POINT('',(0.00868152820024873,0.00726731443339435,-0.00774648095217039));
#1068=CARTESIAN_POINT('',(0.00804457686642645,0.00663038950924283,-0.00774650982516679));
#1069=CARTESIAN_POINT('',(0.0014142135623731,-8.21515460482562E-18,-0.007746475280462));
#1070=CARTESIAN_POINT('',(0.0014142135623731,-6.29852261451964E-18,-0.00774659784256201));
#1071=CARTESIAN_POINT('',(0.00141421356237311,1.7347234759768E-18,-1.39453849139047E-18));
#1072=CARTESIAN_POINT('',(0.0014142135623731,-7.03596109863987E-18,-0.008894427191));
#1073=CARTESIAN_POINT('',(0.000707106781186555,-0.000707106781186555,-0.008894427191));
#1074=CARTESIAN_POINT('',(-0.0118389337213083,-0.00963031119567498,-0.00495));
#1075=CARTESIAN_POINT('',(-0.0118389337213083,-0.00963031119567498,-0.00605));
#1076=CARTESIAN_POINT('',(-0.0107502347228935,-0.00994825218508585,-0.00495));
#1077=CARTESIAN_POINT('',(-0.0107502347228935,-0.00994825218508585,-0.00605));
#1078=CARTESIAN_POINT('',(-0.00994825218508584,-0.0107502347228935,-0.00495));
#1079=CARTESIAN_POINT('',(-0.00994825218508584,-0.0107502347228935,-0.00605));
#1080=CARTESIAN_POINT('',(-0.00963031119567497,-0.0118389337213083,-0.00495));
#1081=CARTESIAN_POINT('',(-0.00963031119567497,-0.0118389337213083,-0.00605));
#1082=CARTESIAN_POINT('',(-0.01275,-0.01275,-0.006));
#1083=CARTESIAN_POINT('',(-0.00876406240708927,-0.00645186092822599,-0.00799571643515535));
#1084=CARTESIAN_POINT('',(0.00703436466616664,0.00934656614502993,-0.00799571643515535));
#1085=CARTESIAN_POINT('',(-0.00802329508534692,-0.00719262824996834,-0.00746535964232755));
#1086=CARTESIAN_POINT('',(0.007775131987909,0.00860579882328758,-0.00746535964232755));
#1087=CARTESIAN_POINT('',(-0.0071930087559336,-0.00802291457938166,-0.00746535964235613));
#1088=CARTESIAN_POINT('',(0.00860541831732231,0.00777551249387426,-0.00746535964235613));
#1089=CARTESIAN_POINT('',(-0.0064522414342095,-0.00876368190110576,-0.00799571643523493));
#1090=CARTESIAN_POINT('',(0.00934618563904641,0.00703474517215016,-0.00799571643523492));
#1091=CARTESIAN_POINT('',(0.00635955533832736,0.00635955533832736,-0.0105124611797496));
#1092=CARTESIAN_POINT('',(-0.00141489535792524,6.81795552144511E-7,-0.00774659784131248));
#1093=CARTESIAN_POINT('',(-0.00778258028540359,-0.0077825802854036,-0.0105124611797496));
#1094=CARTESIAN_POINT('',(3.01289332902323E-7,-0.001414514851706,-0.00774659784256201));
#1095=CARTESIAN_POINT('',(-0.011807269032253,-0.011807269032253,-0.009394427191));
#1096=CARTESIAN_POINT('',(0.011807269032253,-0.011807269032253,-0.00939442719100001));
#1097=CARTESIAN_POINT('',(-0.011807269032253,0.011807269032253,-0.00939442719099999));
#1098=CARTESIAN_POINT('',(0.011807269032253,0.011807269032253,-0.009394427191));
#1099=CARTESIAN_POINT('',(0.000353553390593275,0.00035355339059327,-0.009394427191));
#1100=CARTESIAN_POINT('',(-0.00989949493661166,0.0106066017177982,-0.00939442719099999));
#1101=CARTESIAN_POINT('',(7.65535574143341E-18,0.00070710678118654,-0.009394427191));
#1102=CARTESIAN_POINT('',(-0.00774084896847574,-0.00703374218728921,-0.009394427191));
#1103=CARTESIAN_POINT('',(0.00703571247280615,0.00774281925399269,-0.009394427191));
#1104=CARTESIAN_POINT('',(0.00738729557788248,0.00738729557788247,-0.009394427191));
#1105=CARTESIAN_POINT('',(0.0077428192539927,0.00703571247280614,-0.009394427191));
#1106=CARTESIAN_POINT('',(-0.00703374218728919,-0.00774084896847576,-0.009394427191));
#1107=CARTESIAN_POINT('',(0.000707106781186554,-7.47574645656835E-18,-0.009394427191));
#1108=CARTESIAN_POINT('',(0.000353553390593276,0.000353553390593272,-0.009394427191));
#1109=CARTESIAN_POINT('',(0.0106066017177982,-0.00989949493661167,-0.00939442719100001));
#1110=CARTESIAN_POINT('',(0.0095459415460184,-0.0109601551083915,-0.00939442719100001));
#1111=CARTESIAN_POINT('',(0.00989949493661168,-0.0106066017177982,-0.00939442719100001));
#1112=CARTESIAN_POINT('',(0.000353553390593273,-0.00106066017177982,-0.009394427191));
#1113=CARTESIAN_POINT('',(6.92373383618202E-18,-0.000707106781186554,-0.009394427191));
#1114=CARTESIAN_POINT('',(-0.00703374218728919,-0.00774084896847575,-0.009394427191));
#1115=CARTESIAN_POINT('',(-0.0070337421872892,-0.00774084896847575,-0.009394427191));
#1116=CARTESIAN_POINT('',(-0.00738729557788247,-0.00738729557788248,-0.009394427191));
#1117=CARTESIAN_POINT('',(-0.00774084896847574,-0.00703374218728921,-0.009394427191));
#1118=CARTESIAN_POINT('',(-0.00774084896847574,-0.00703374218728921,-0.009394427191));
#1119=CARTESIAN_POINT('',(-0.000707106781186541,-7.72033215411602E-18,-0.009394427191));
#1120=CARTESIAN_POINT('',(-0.0109601551083915,0.0102530483272049,-0.00939442719099999));
#1121=CARTESIAN_POINT('',(-0.0106066017177982,0.00989949493661165,-0.00939442719099999));
#1122=CARTESIAN_POINT('',(-0.0176403439050874,0.00286575274932245,-0.00939442719099999));
#1123=CARTESIAN_POINT('',(-0.0112704998206195,-0.00985628625824647,-0.006));
#1124=CARTESIAN_POINT('',(-0.0110498770226233,-0.0096356634602502,-0.00662401553341088));
#1125=CARTESIAN_POINT('',(-0.0108797739748549,-0.00946556041248145,-0.00706949434818697));
#1126=CARTESIAN_POINT('',(-0.0105521327568243,-0.00913791919445165,-0.00757269529449261));
#1127=CARTESIAN_POINT('',(-0.0104188152868311,-0.00900460172445799,-0.00761199471558461));
#1128=CARTESIAN_POINT('',(-0.0100537329374244,-0.00863951937505128,-0.00767901026003577));
#1129=CARTESIAN_POINT('',(-0.00978480808064533,-0.00837059451827225,-0.00771367746236604));
#1130=CARTESIAN_POINT('',(-0.00890879682363097,-0.00749458326125789,-0.00774878482526727));
#1131=CARTESIAN_POINT('',(-0.00831230648926541,-0.00689809292689234,-0.007746597842562));
#1132=CARTESIAN_POINT('',(-0.00751180670580941,-0.00609759314343634,-0.007746597842562));
#1133=CARTESIAN_POINT('',(-0.0106570777745245,-0.0101699171520485,-0.00599999999999999));
#1134=CARTESIAN_POINT('',(-0.0104365425730455,-0.00994938195056944,-0.00662376777448758));
#1135=CARTESIAN_POINT('',(-0.0102653385167047,-0.00977817789422873,-0.00706339006382163));
#1136=CARTESIAN_POINT('',(-0.00994300184816796,-0.00945584122569196,-0.00751627722036875));
#1137=CARTESIAN_POINT('',(-0.00982218541038748,-0.00933502478791181,-0.00750648304892966));
#1138=CARTESIAN_POINT('',(-0.00949382353361052,-0.00900666291113417,-0.00751171886739283));
#1139=CARTESIAN_POINT('',(-0.00923976625037588,-0.0087526056278993,-0.007535449288254));
#1140=CARTESIAN_POINT('',(-0.00837703068618858,-0.00788987006371314,-0.00755973063759936));
#1141=CARTESIAN_POINT('',(-0.00778161511428433,-0.00729445449180831,-0.0075569932698396));
#1142=CARTESIAN_POINT('',(-0.00698124489630286,-0.00649408427382685,-0.0075569932698396));
#1143=CARTESIAN_POINT('',(-0.0101699171520485,-0.0106570777745245,-0.00599999999999999));
#1144=CARTESIAN_POINT('',(-0.00994938195056934,-0.010436542573046,-0.00662376777448783));
#1145=CARTESIAN_POINT('',(-0.00977817789422945,-0.0102653385167044,-0.00706339006382163));
#1146=CARTESIAN_POINT('',(-0.00945584122569119,-0.00994300184816835,-0.00751627722036875));
#1147=CARTESIAN_POINT('',(-0.00933502478791111,-0.00982218541038784,-0.00750648304893));
#1148=CARTESIAN_POINT('',(-0.00900666291113484,-0.00949382353361019,-0.0075117188673925));
#1149=CARTESIAN_POINT('',(-0.00875260562789986,-0.00923976625037475,-0.00753544928825401));
#1150=CARTESIAN_POINT('',(-0.00788987006371255,-0.00837703068618973,-0.00755973063759936));
#1151=CARTESIAN_POINT('',(-0.00729445449180807,-0.00778161511428412,-0.0075569932698396));
#1152=CARTESIAN_POINT('',(-0.00649408427382683,-0.00698124489630288,-0.0075569932698396));
#1153=CARTESIAN_POINT('',(-0.00985628625824646,-0.0112704998206196,-0.006));
#1154=CARTESIAN_POINT('',(-0.00963566346024975,-0.0110498770226235,-0.00662401553341069));
#1155=CARTESIAN_POINT('',(-0.00946556041248181,-0.0108797739748542,-0.00706949434818698));
#1156=CARTESIAN_POINT('',(-0.00913791919445126,-0.0105521327568251,-0.00757269529449261));
#1157=CARTESIAN_POINT('',(-0.00900460172445763,-0.0104188152868311,-0.00761199471558529));
#1158=CARTESIAN_POINT('',(-0.00863951937505161,-0.0100537329374244,-0.00767901026003509));
#1159=CARTESIAN_POINT('',(-0.00837059451827167,-0.00978480808064534,-0.00771367746236605));
#1160=CARTESIAN_POINT('',(-0.00749458326125845,-0.00890879682363099,-0.00774878482526727));
#1161=CARTESIAN_POINT('',(-0.00689809292689211,-0.00831230648926522,-0.00774659784256201));
#1162=CARTESIAN_POINT('',(-0.00609759314343632,-0.00751180670580943,-0.00774659784256201));
#1163=CARTESIAN_POINT('',(-0.0122196699141102,-0.0115125631329237,-0.006));
#1164=CARTESIAN_POINT('',(-0.0115125631329237,-0.0122196699141102,-0.006));
#1165=CARTESIAN_POINT('',(-0.0119982858258337,-0.0112911790446478,-0.0066261687748889));
#1166=CARTESIAN_POINT('',(-0.0112911790446472,-0.0119982858258344,-0.0066261687748889));
#1167=CARTESIAN_POINT('',(-0.0118377515042756,-0.0111306447230891,-0.00712254591115464));
#1168=CARTESIAN_POINT('',(-0.0111306447230891,-0.0118377515042756,-0.00712254591115464));
#1169=CARTESIAN_POINT('',(-0.0114640091178498,-0.0107569023366633,-0.00806301763740064));
#1170=CARTESIAN_POINT('',(-0.0107569023366633,-0.0114640091178498,-0.00806301763740064));
#1171=CARTESIAN_POINT('',(-0.0112220467588085,-0.010514939977623,-0.00852898325874445));
#1172=CARTESIAN_POINT('',(-0.010514939977622,-0.0112220467588095,-0.00852898325874445));
#1173=CARTESIAN_POINT('',(-0.0105378314284894,-0.00983072464730188,-0.00913291858397246));
#1174=CARTESIAN_POINT('',(-0.0098307246473029,-0.0105378314284884,-0.00913291858397246));
#1175=CARTESIAN_POINT('',(-0.0101396943714255,-0.00943258759023809,-0.00926263597008527));
#1176=CARTESIAN_POINT('',(-0.00943258759023894,-0.0101396943714246,-0.00926263597008527));
#1177=CARTESIAN_POINT('',(-0.00914830574798277,-0.00844119896679709,-0.00939183084684122));
#1178=CARTESIAN_POINT('',(-0.00844119896679622,-0.00914830574798364,-0.00939183084684122));
#1179=CARTESIAN_POINT('',(-0.00854247478907755,-0.00783536800789102,-0.009394427191));
#1180=CARTESIAN_POINT('',(-0.00783536800789101,-0.00854247478907757,-0.009394427191));
#1181=CARTESIAN_POINT('',(-0.00774084896847574,-0.00703374218728921,-0.009394427191));
#1182=CARTESIAN_POINT('',(-0.00703374218728919,-0.00774084896847576,-0.009394427191));
#1183=CARTESIAN_POINT('',(-0.0122196699141102,-0.0115125631329237,-0.006));
#1184=CARTESIAN_POINT('',(-0.0119982858260074,-0.0112911790448215,-0.00662616877439754));
#1185=CARTESIAN_POINT('',(-0.0117645298784613,-0.0110574230972743,-0.00736488768800324));
#1186=CARTESIAN_POINT('',(-0.0113456625284032,-0.0106385557472173,-0.00829480958137403));
#1187=CARTESIAN_POINT('',(-0.0108992771268205,-0.0101921703456341,-0.00887319504218506));
#1188=CARTESIAN_POINT('',(-0.0103368635358729,-0.00962975675468522,-0.00919811576950601));
#1189=CARTESIAN_POINT('',(-0.00944858703329149,-0.00874148025210566,-0.00939126523451231));
#1190=CARTESIAN_POINT('',(-0.00854247479476788,-0.00783536801358135,-0.0093944271909837));
#1191=CARTESIAN_POINT('',(-0.00774084897602424,-0.00703374219483771,-0.009394427191));
#1192=CARTESIAN_POINT('',(-0.00703374219483769,-0.00774084897602426,-0.009394427191));
#1193=CARTESIAN_POINT('',(-0.00783536801358134,-0.00854247479476789,-0.0093944271909837));
#1194=CARTESIAN_POINT('',(-0.00874148025210497,-0.00944858703329222,-0.00939126523451231));
#1195=CARTESIAN_POINT('',(-0.00962975675468636,-0.0103368635358718,-0.00919811576950602));
#1196=CARTESIAN_POINT('',(-0.010192170345634,-0.0108992771268207,-0.00887319504218507));
#1197=CARTESIAN_POINT('',(-0.0106385557472167,-0.0113456625284038,-0.00829480958137402));
#1198=CARTESIAN_POINT('',(-0.0110574230972748,-0.0117645298784609,-0.00736488768800326));
#1199=CARTESIAN_POINT('',(-0.0112911790448209,-0.0119982858260081,-0.00662616877439754));
#1200=CARTESIAN_POINT('',(-0.0115125631329237,-0.0122196699141102,-0.006));
#1201=CARTESIAN_POINT('',(0.00921905144819774,0.00690871936121762,-0.00799543446402026));
#1202=CARTESIAN_POINT('',(0.00845369666877611,0.00614336458179599,-0.00799543446402026));
#1203=CARTESIAN_POINT('',(0.00847875669459497,0.00764901411482038,-0.00746546032541591));
#1204=CARTESIAN_POINT('',(0.00771340191517335,0.00688365933539875,-0.00746546032541591));
#1205=CARTESIAN_POINT('',(0.00764901419477561,0.00847875661463974,-0.00746546030775837));
#1206=CARTESIAN_POINT('',(0.00688365941535398,0.00771340183521812,-0.00746546030775837));
#1207=CARTESIAN_POINT('',(0.0069087194298946,0.00921905137952075,-0.00799543441485467));
#1208=CARTESIAN_POINT('',(0.00614336465047297,0.00845369660009913,-0.00799543441485467));
#1209=CARTESIAN_POINT('',(0.00699595144139525,0.00699595144139525,-0.0105124611797496));
#1210=CARTESIAN_POINT('',(0.0122196699141102,0.0115125631329237,-0.006));
#1211=CARTESIAN_POINT('',(0.0115125631329237,0.0122196699141102,-0.006));
#1212=CARTESIAN_POINT('',(0.0119982858258357,0.0112911790446504,-0.00662616877489008));
#1213=CARTESIAN_POINT('',(0.0112911790446492,0.011998285825837,-0.00662616877489008));
#1214=CARTESIAN_POINT('',(0.0118377515042756,0.0111306447230891,-0.00712254591115521));
#1215=CARTESIAN_POINT('',(0.0111306447230891,0.0118377515042756,-0.00712254591115521));
#1216=CARTESIAN_POINT('',(0.0114640091178498,0.0107569023366633,-0.00806301763740009));
#1217=CARTESIAN_POINT('',(0.0107569023366633,0.0114640091178498,-0.00806301763740009));
#1218=CARTESIAN_POINT('',(0.0112220467588088,0.0105149399776222,-0.008528983258745));
#1219=CARTESIAN_POINT('',(0.0105149399776222,0.0112220467588088,-0.008528983258745));
#1220=CARTESIAN_POINT('',(0.0105378314284892,0.0098307246473026,-0.0091329185839719));
#1221=CARTESIAN_POINT('',(0.00983072464730261,0.0105378314284892,-0.0091329185839719));
#1222=CARTESIAN_POINT('',(0.0101396943714239,0.00943258759023789,-0.00926263597008416));
#1223=CARTESIAN_POINT('',(0.00943258759023733,0.0101396943714245,-0.00926263597008416));
#1224=CARTESIAN_POINT('',(0.00914830574798439,0.00844119896679725,-0.00939183084684234));
#1225=CARTESIAN_POINT('',(0.00844119896679782,0.00914830574798381,-0.00939183084684234));
#1226=CARTESIAN_POINT('',(0.00852843427370873,0.00782132749251614,-0.00939448736568254));
#1227=CARTESIAN_POINT('',(0.00782132749252216,0.00852843427370271,-0.00939448736568254));
#1228=CARTESIAN_POINT('',(0.00770358743504324,0.00699648065385695,-0.0093944257963496));
#1229=CARTESIAN_POINT('',(0.00699648065385667,0.00770358743504352,-0.0093944257963496));
#1230=CARTESIAN_POINT('',(0.00768479953259023,0.00697769275140409,-0.0093944230153165));
#1231=CARTESIAN_POINT('',(0.00697769275140366,0.00768479953259066,-0.0093944230153165));
#1232=CARTESIAN_POINT('',(0.00703571247280614,0.00774281925399267,-0.00939442718574361));
#1233=CARTESIAN_POINT('',(0.0078368533046318,0.00854396008581246,-0.00939442289427183));
#1234=CARTESIAN_POINT('',(0.00874245985616912,0.00944956663735677,-0.00939119201506594));
#1235=CARTESIAN_POINT('',(0.00963037047412427,0.0103374772553109,-0.00919788170651587));
#1236=CARTESIAN_POINT('',(0.0101925930241262,0.0108996998053127,-0.00887280142343767));
#1237=CARTESIAN_POINT('',(0.0106387740666072,0.0113458808477938,-0.00829439060231769));
#1238=CARTESIAN_POINT('',(0.0110574897562222,0.0117645965374085,-0.0073646445243863));
#1239=CARTESIAN_POINT('',(0.0112912243980174,0.0119983311792052,-0.00662604049619008));
#1240=CARTESIAN_POINT('',(0.0115125631329237,0.0122196699141102,-0.00600000000000001));
#1241=CARTESIAN_POINT('',(0.0115125631329237,0.0122196699141102,-0.006));
#1242=CARTESIAN_POINT('',(0.0118661165235169,0.0118661165235169,-0.006));
#1243=CARTESIAN_POINT('',(0.0122196699141102,0.0115125631329237,-0.006));
#1244=CARTESIAN_POINT('',(0.0122196699141102,0.0115125631329237,-0.00600000000000001));
#1245=CARTESIAN_POINT('',(0.011998331179204,0.0112912243980187,-0.00662604049619008));
#1246=CARTESIAN_POINT('',(0.0117645965374088,0.0110574897562219,-0.00736464452438629));
#1247=CARTESIAN_POINT('',(0.0113458808477938,0.0106387740666073,-0.00829439060231768));
#1248=CARTESIAN_POINT('',(0.0108996998053127,0.0101925930241261,-0.00887280142343768));
#1249=CARTESIAN_POINT('',(0.0103374772553108,0.00963037047412437,-0.00919788170651587));
#1250=CARTESIAN_POINT('',(0.00944956663735568,0.00874245985617021,-0.00939119201506594));
#1251=CARTESIAN_POINT('',(0.00854396008581836,0.0078368533046259,-0.00939442289427183));
#1252=CARTESIAN_POINT('',(0.00774281925399269,0.00703571247280612,-0.00939442718574361));
#1253=CARTESIAN_POINT('',(0.0112704998206196,0.00985628625824646,-0.006));
#1254=CARTESIAN_POINT('',(0.0110498770226249,0.00963566346025185,-0.00662401553341241));
#1255=CARTESIAN_POINT('',(0.0108797739748553,0.00946556041248182,-0.00706949434818679));
#1256=CARTESIAN_POINT('',(0.010552132756824,0.00913791919445127,-0.00757269529449279));
#1257=CARTESIAN_POINT('',(0.010418815286831,0.00900460172445795,-0.00761199471558667));
#1258=CARTESIAN_POINT('',(0.0100537329374244,0.00863951937505129,-0.00767901026003373));
#1259=CARTESIAN_POINT('',(0.00978480808064404,0.00837059451827151,-0.00771367746236492));
#1260=CARTESIAN_POINT('',(0.00914721835351733,0.00773300479114397,-0.00773922975265184));
#1261=CARTESIAN_POINT('',(0.00891472789453727,0.00750051433216277,-0.00774312958524724));
#1262=CARTESIAN_POINT('',(0.00864502396243659,0.00723081040006143,-0.0077450052238336));
#1263=CARTESIAN_POINT('',(0.0106570777745245,0.0101699171520485,-0.00599999999999999));
#1264=CARTESIAN_POINT('',(0.0104365425730476,0.00994938195057158,-0.00662376777448946));
#1265=CARTESIAN_POINT('',(0.0102653385167051,0.00977817789422909,-0.00706339006382144));
#1266=CARTESIAN_POINT('',(0.00994300184816761,0.00945584122569157,-0.00751627722036892));
#1267=CARTESIAN_POINT('',(0.00982218541038746,0.00933502478791109,-0.00750648304893138));
#1268=CARTESIAN_POINT('',(0.00949382353361056,0.00900666291113486,-0.00751171886739113));
#1269=CARTESIAN_POINT('',(0.00923976625037403,0.00875260562789799,-0.00753544928825287));
#1270=CARTESIAN_POINT('',(0.00861183900794713,0.00812467838547109,-0.00755312205076695));
#1271=CARTESIAN_POINT('',(0.00838121811778215,0.0078940574953052,-0.00755556499404482));
#1272=CARTESIAN_POINT('',(0.00811266558501657,0.00762550496253904,-0.00755658539271661));
#1273=CARTESIAN_POINT('',(0.0101699171520485,0.0106570777745245,-0.00599999999999999));
#1274=CARTESIAN_POINT('',(0.00994938195057161,0.0104365425730476,-0.00662376777448938));
#1275=CARTESIAN_POINT('',(0.00977817789422873,0.0102653385167051,-0.00706339006382144));
#1276=CARTESIAN_POINT('',(0.00945584122569196,0.0099430018481676,-0.00751627722036892));
#1277=CARTESIAN_POINT('',(0.00933502478791076,0.00982218541038711,-0.00750648304893136));
#1278=CARTESIAN_POINT('',(0.00900666291113521,0.00949382353361089,-0.00751171886739112));
#1279=CARTESIAN_POINT('',(0.00875260562789799,0.00923976625037459,-0.00753544928825287));
#1280=CARTESIAN_POINT('',(0.0081246783854711,0.00861183900794686,-0.00755312205076695));
#1281=CARTESIAN_POINT('',(0.00789405749530643,0.00838121811778073,-0.00755556499404604));
#1282=CARTESIAN_POINT('',(0.00762550496254104,0.00811266558501449,-0.00755658539271861));
#1283=CARTESIAN_POINT('',(0.00985628625824647,0.0112704998206196,-0.006));
#1284=CARTESIAN_POINT('',(0.00963566346025183,0.0110498770226249,-0.00662401553341249));
#1285=CARTESIAN_POINT('',(0.00946556041248182,0.0108797739748556,-0.00706949434818679));
#1286=CARTESIAN_POINT('',(0.00913791919445128,0.0105521327568236,-0.00757269529449279));
#1287=CARTESIAN_POINT('',(0.00900460172445762,0.010418815286831,-0.00761199471558632));
#1288=CARTESIAN_POINT('',(0.00863951937505164,0.0100537329374244,-0.00767901026003406));
#1289=CARTESIAN_POINT('',(0.00837059451827038,0.0097848080806446,-0.00771367746236605));
#1290=CARTESIAN_POINT('',(0.00773300479114449,0.00914721835351706,-0.00773922975265131));
#1291=CARTESIAN_POINT('',(0.00750051433216432,0.00891472789453592,-0.00774312958524544));
#1292=CARTESIAN_POINT('',(0.00723081040006349,0.00864502396243461,-0.00774500522383114));
#1293=CARTESIAN_POINT('',(0.01275,0.01275,-0.006));
#1294=CARTESIAN_POINT('',(0.0118389337213083,0.00963031119567497,-0.00495));
#1295=CARTESIAN_POINT('',(0.0118389337213083,0.00963031119567497,-0.00605));
#1296=CARTESIAN_POINT('',(0.0107502347228935,0.00994825218508584,-0.00495));
#1297=CARTESIAN_POINT('',(0.0107502347228935,0.00994825218508584,-0.00605));
#1298=CARTESIAN_POINT('',(0.00994825218508584,0.0107502347228935,-0.00495));
#1299=CARTESIAN_POINT('',(0.00994825218508584,0.0107502347228935,-0.00605));
#1300=CARTESIAN_POINT('',(0.00963031119567497,0.0118389337213083,-0.00495));
#1301=CARTESIAN_POINT('',(0.00963031119567497,0.0118389337213083,-0.00605));
#1302=CARTESIAN_POINT('',(0.01275,0.01275,-0.005));
#1303=CARTESIAN_POINT('',(0.0115317200975399,0.0124761444357633,-0.00499));
#1304=CARTESIAN_POINT('',(0.0115307799112868,0.0124743555973998,-0.005));
#1305=CARTESIAN_POINT('',(0.0114367612859805,0.0122954717610534,-0.006));
#1306=CARTESIAN_POINT('',(0.0115406909034455,0.012435593282079,-0.00499));
#1307=CARTESIAN_POINT('',(0.011539912068444,0.0124339557691746,-0.005));
#1308=CARTESIAN_POINT('',(0.0114620285682949,0.012270204478739,-0.006));
#1309=CARTESIAN_POINT('',(0.0115516855019505,0.0123954997007036,-0.00499));
#1310=CARTESIAN_POINT('',(0.0115510479806501,0.0123940089828394,-0.005));
#1311=CARTESIAN_POINT('',(0.0114872958506093,0.0122449371964246,-0.006));
#1312=CARTESIAN_POINT('',(0.0115949233721663,0.0122641022331078,-0.00499));
#1313=CARTESIAN_POINT('',(0.0115946913456896,0.0122630788877207,-0.005));
#1314=CARTESIAN_POINT('',(0.0115714886980225,0.0121607443490113,-0.006));
#1315=CARTESIAN_POINT('',(0.0116359593133155,0.0121757350821775,-0.00499));
#1316=CARTESIAN_POINT('',(0.0116359044118284,0.0121750032376402,-0.005));
#1317=CARTESIAN_POINT('',(0.0116304142631214,0.0121018187839125,-0.006));
#1318=CARTESIAN_POINT('',(0.0117373605990312,0.0120109359953458,-0.00499));
#1319=CARTESIAN_POINT('',(0.0117374685672915,0.0120106689820623,-0.005));
#1320=CARTESIAN_POINT('',(0.0117482653933192,0.0119839676537147,-0.006));
#1321=CARTESIAN_POINT('',(0.0117977210183159,0.011934512028718,-0.00499));
#1322=CARTESIAN_POINT('',(0.011797814780099,0.0119344182669348,-0.005));
#1323=CARTESIAN_POINT('',(0.0118071909584181,0.0119250420886158,-0.006));
#1324=CARTESIAN_POINT('',(0.0119345120287178,0.0117977210183161,-0.00499));
#1325=CARTESIAN_POINT('',(0.0119344182669346,0.0117978147800993,-0.005));
#1326=CARTESIAN_POINT('',(0.0119250420886158,0.0118071909584181,-0.006));
#1327=CARTESIAN_POINT('',(0.0120109359953456,0.0117373605990315,-0.00499));
#1328=CARTESIAN_POINT('',(0.0120106689820621,0.0117374685672918,-0.005));
#1329=CARTESIAN_POINT('',(0.0119839676537147,0.0117482653933192,-0.006));
#1330=CARTESIAN_POINT('',(0.0121757350821773,0.0116359593133158,-0.00499));
#1331=CARTESIAN_POINT('',(0.0121750032376401,0.0116359044118288,-0.005));
#1332=CARTESIAN_POINT('',(0.0121018187839125,0.0116304142631214,-0.006));
#1333=CARTESIAN_POINT('',(0.0122641022331077,0.0115949233721667,-0.00499));
#1334=CARTESIAN_POINT('',(0.0122630788877206,0.01159469134569,-0.005));
#1335=CARTESIAN_POINT('',(0.0121607443490113,0.0115714886980225,-0.006));
#1336=CARTESIAN_POINT('',(0.0123954997007035,0.0115516855019509,-0.00499));
#1337=CARTESIAN_POINT('',(0.0123940089828393,0.0115510479806505,-0.005));
#1338=CARTESIAN_POINT('',(0.0122449371964246,0.0114872958506093,-0.006));
#1339=CARTESIAN_POINT('',(0.0124355932820789,0.0115406909034459,-0.00499));
#1340=CARTESIAN_POINT('',(0.0124339557691745,0.0115399120684444,-0.005));
#1341=CARTESIAN_POINT('',(0.012270204478739,0.0114620285682949,-0.006));
#1342=CARTESIAN_POINT('',(0.0124761444357632,0.0115317200975404,-0.00499));
#1343=CARTESIAN_POINT('',(0.0124743555973997,0.0115307799112873,-0.005));
#1344=CARTESIAN_POINT('',(0.0122954717610534,0.0114367612859805,-0.006));
#1345=CARTESIAN_POINT('',(0.0115125631329237,0.0122196699141102,-0.006));
#1346=CARTESIAN_POINT('',(0.0116017441948181,0.0121910101656649,-0.00567571171742734));
#1347=CARTESIAN_POINT('',(0.0116291870076725,0.0121684796497601,-0.00533662985100101));
#1348=CARTESIAN_POINT('',(0.0116504088624344,0.0121555371043372,-0.005));
#1349=CARTESIAN_POINT('',(0.011650404215405,0.0121555346010905,-0.005));
#1350=CARTESIAN_POINT('',(0.0127499999999995,0.01275,-0.005));
#1351=CARTESIAN_POINT('',(0.0121555346010905,0.0116504042154052,-0.005));
#1352=CARTESIAN_POINT('',(0.0121555371043371,0.0116504088624347,-0.005));
#1353=CARTESIAN_POINT('',(0.0121684894631003,0.0116291709170156,-0.00533688508572851));
#1354=CARTESIAN_POINT('',(0.0121909884358511,0.0116018118122612,-0.00567546584007255));
#1355=CARTESIAN_POINT('',(0.0122196699141102,0.0115125631329237,-0.006));
#1356=CARTESIAN_POINT('',(0.00984091355085867,0.0124361217763251,-0.005));
#1357=CARTESIAN_POINT('',(0.00984091355085867,0.00984089956529569,-0.005));
#1358=CARTESIAN_POINT('',(0.0124337768635991,0.0124361217763251,-0.005));
#1359=CARTESIAN_POINT('',(0.0124337768635991,0.00984089956529569,-0.005));
#1360=CARTESIAN_POINT('',(0.0116504090196336,0.0121555371978654,-0.005));
#1361=CARTESIAN_POINT('',(0.0115761074057729,0.012293006371076,-0.005));
#1362=CARTESIAN_POINT('',(0.0112938871420086,0.0124875914017474,-0.005));
#1363=CARTESIAN_POINT('',(0.0109672674248199,0.0123814809871894,-0.005));
#1364=CARTESIAN_POINT('',(0.0108567832523182,0.0122709968146913,-0.005));
#1365=CARTESIAN_POINT('',(0.0122709968146914,0.0108567832523183,-0.005));
#1366=CARTESIAN_POINT('',(0.0123814923938125,0.0109672788314426,-0.005));
#1367=CARTESIAN_POINT('',(0.0124876951846859,0.0112931488215307,-0.005));
#1368=CARTESIAN_POINT('',(0.0122929997347915,0.011576110994787,-0.005));
#1369=CARTESIAN_POINT('',(0.0121555371988673,0.0116504090216834,-0.005));
#1370=CARTESIAN_POINT('',(0.0113844191771034,-0.009828784258493,-0.00895181865842191));
#1371=CARTESIAN_POINT('',(0.0113844191771034,-0.009828784258493,-0.00768920637514009));
#1372=CARTESIAN_POINT('',(0.00982878425849302,-0.0113844191771034,-0.00895181865842191));
#1373=CARTESIAN_POINT('',(0.00982878425849302,-0.0113844191771034,-0.00768920637514009));
#1374=CARTESIAN_POINT('',(0.00989949493661168,-0.0113137084989848,-0.00857051251678099));
#1375=CARTESIAN_POINT('',(0.00989949493661168,-0.0113137084989848,-0.00889442719100001));
#1376=CARTESIAN_POINT('',(0.00989949493661168,-0.0113137084989848,-0.00774659784256199));
#1377=CARTESIAN_POINT('',(0.0113137084989848,-0.00989949493661167,-0.00889442719100001));
#1378=CARTESIAN_POINT('',(0.0113137084989848,-0.00989949493661167,-0.00889442719100001));
#1379=CARTESIAN_POINT('',(0.0113137084989848,-0.00989949493661167,-0.00857051251678099));
#1380=CARTESIAN_POINT('',(0.0113137084989848,-0.00989949493661167,-0.00774659784256199));
#1381=CARTESIAN_POINT('',(0.0113137084989848,-0.00989949493661163,-0.00774659784256199));
#1382=CARTESIAN_POINT('',(0.0108423039781938,-0.0103708994574027,-0.00774659784256199));
#1383=CARTESIAN_POINT('',(0.0103708994574027,-0.0108423039781937,-0.00774659784256199));
#1384=CARTESIAN_POINT('',(0.00989949493661168,-0.0113137084989847,-0.00774659784256199));
#1385=CARTESIAN_POINT('',(-6.78822509938923E-5,-0.0113815907499787,-0.00774659784256199));
#1386=CARTESIAN_POINT('',(0.0113815907499787,-0.0113815907499787,-0.00774659784256199));
#1387=CARTESIAN_POINT('',(-6.78822509938923E-5,6.78822509939002E-5,-0.00774659784256201));
#1388=CARTESIAN_POINT('',(0.0113815907499787,6.78822509939002E-5,-0.00774659784256201));
#1389=CARTESIAN_POINT('',(-0.0113137084989848,0.00989949493661165,-0.00774659784256203));
#1390=CARTESIAN_POINT('',(-0.00989949493661166,0.0113137084989847,-0.00774659784256203));
#1391=CARTESIAN_POINT('',(0.0113137084989848,-0.00989949493661167,-0.00889442719100001));
#1392=CARTESIAN_POINT('',(0.0113137084989848,-0.00989949493661167,-0.00774659784256199));
#1393=CARTESIAN_POINT('',(0.0014142135623731,-5.99268109882897E-18,-0.00889442719100001));
#1394=CARTESIAN_POINT('',(0.0014142135623731,-4.41565975703187E-18,-0.00774659784256199));
#1395=CARTESIAN_POINT('',(-0.00989949493661166,0.0113137084989847,-0.00889442719099999));
#1396=CARTESIAN_POINT('',(0.00989949493661169,-0.0113137084989848,-0.00889442719100001));
#1397=CARTESIAN_POINT('',(0.00989949493661169,-0.0113137084989848,-0.00774659784256199));
#1398=CARTESIAN_POINT('',(6.07153216591882E-18,-0.0014142135623731,-0.00889442719100001));
#1399=CARTESIAN_POINT('',(6.07153216591882E-18,-0.0014142135623731,-0.00774659784256199));
#1400=CARTESIAN_POINT('',(0.00989949493661168,-0.0113137084989848,-0.00889442719100001));
#1401=CARTESIAN_POINT('',(-0.00141421356237309,-6.93889390390723E-18,-0.008894427191));
#1402=CARTESIAN_POINT('',(-0.00141421356237309,-6.93889390390723E-18,-0.00774659784256201));
#1403=CARTESIAN_POINT('',(-0.0113137084989848,0.00989949493661165,-0.008894427191));
#1404=CARTESIAN_POINT('',(-0.0113137084989848,0.00989949493661165,-0.00774659784256201));
#1405=CARTESIAN_POINT('',(-0.0113137084989848,0.00989949493661165,-0.00857051251678102));
#1406=CARTESIAN_POINT('',(-0.0113137084989848,0.00989949493661165,-0.00889442719099999));
#1407=CARTESIAN_POINT('',(-0.0113137084989848,0.00989949493661165,-0.00774659784256203));
#1408=CARTESIAN_POINT('',(-0.00141421356237308,-1.09643736125047E-17,-0.008894427191));
#1409=CARTESIAN_POINT('',(-0.0113137084989848,0.00989949493661165,-0.00774659784256203));
#1410=CARTESIAN_POINT('',(7.0177449709971E-18,0.00141421356237309,-0.008894427191));
#1411=CARTESIAN_POINT('',(8.59476631279415E-18,0.00141421356237309,-0.00774659784256201));
#1412=CARTESIAN_POINT('',(-0.00989949493661166,0.0113137084989847,-0.008894427191));
#1413=CARTESIAN_POINT('',(-0.00989949493661166,0.0113137084989847,-0.00774659784256201));
#1414=CARTESIAN_POINT('',(-0.00989949493661166,0.0113137084989847,-0.00889442719099999));
#1415=CARTESIAN_POINT('',(-0.00989949493661166,0.0113137084989847,-0.00889442719099999));
#1416=CARTESIAN_POINT('',(-0.00989949493661166,0.0113137084989847,-0.00857051251678102));
#1417=CARTESIAN_POINT('',(-0.00989949493661166,0.0113137084989847,-0.00774659784256203));
#1418=CARTESIAN_POINT('',(-0.00989949493661166,0.0113137084989847,-0.00774659784256203));
#1419=CARTESIAN_POINT('',(-0.0113815907499787,-6.78822509939028E-5,-0.00774659784256201));
#1420=CARTESIAN_POINT('',(6.78822509939166E-5,-6.78822509939028E-5,-0.00774659784256201));
#1421=CARTESIAN_POINT('',(-0.0113815907499787,0.0113815907499787,-0.00774659784256203));
#1422=CARTESIAN_POINT('',(6.78822509939166E-5,0.0113815907499787,-0.00774659784256203));
#1423=CARTESIAN_POINT('',(-0.00989949493661165,0.0113137084989847,-0.00774659784256203));
#1424=CARTESIAN_POINT('',(-0.0103708994574027,0.0108423039781937,-0.00774659784256203));
#1425=CARTESIAN_POINT('',(-0.0108423039781937,0.0103708994574027,-0.00774659784256203));
#1426=CARTESIAN_POINT('',(-0.0113137084989847,0.00989949493661165,-0.00774659784256203));
#1427=CARTESIAN_POINT('',(-0.009828784258493,0.0113844191771034,-0.00895181865842189));
#1428=CARTESIAN_POINT('',(-0.009828784258493,0.0113844191771034,-0.00768920637514013));
#1429=CARTESIAN_POINT('',(-0.0113844191771034,0.00982878425849299,-0.00895181865842189));
#1430=CARTESIAN_POINT('',(-0.0113844191771034,0.00982878425849299,-0.00768920637514013));
#1431=CARTESIAN_POINT('',(-0.0106066017177982,0.0106066017177982,-0.00889442719099999));
#1432=CARTESIAN_POINT('',(-0.0122682913923074,-0.0108540778299343,-0.00497461374792026));
#1433=CARTESIAN_POINT('',(-0.0123633120138208,-0.0109490984514476,-0.00497979245433962));
#1434=CARTESIAN_POINT('',(-0.0124365215488338,-0.0111135517078881,-0.00498626886934858));
#1435=CARTESIAN_POINT('',(-0.0123896491067052,-0.0114469581722278,-0.00499407704887245));
#1436=CARTESIAN_POINT('',(-0.0122736137510005,-0.011586964544075,-0.00499473027146665));
#1437=CARTESIAN_POINT('',(-0.0121552782913277,-0.0116508329399419,-0.00499324602173714));
#1438=CARTESIAN_POINT('',(-0.0122595638712909,-0.0108453503089161,-0.00529712954673243));
#1439=CARTESIAN_POINT('',(-0.0123528321694929,-0.0109386186071667,-0.00530391630630263));
#1440=CARTESIAN_POINT('',(-0.0124245871909385,-0.0110971818947292,-0.00531233277076208));
#1441=CARTESIAN_POINT('',(-0.0123871710421418,-0.0114214506440283,-0.00532275878671435));
#1442=CARTESIAN_POINT('',(-0.0122809220372117,-0.0115617385421177,-0.00532392859500621));
#1443=CARTESIAN_POINT('',(-0.0121678443698134,-0.0116302579347923,-0.00532224557801571));
#1444=CARTESIAN_POINT('',(-0.0122490314028841,-0.0108348178405144,-0.00562009716695158));
#1445=CARTESIAN_POINT('',(-0.012340365103867,-0.0109261515414228,-0.00562904446787271));
#1446=CARTESIAN_POINT('',(-0.0124104882784066,-0.0110770692260839,-0.00564024577461843));
#1447=CARTESIAN_POINT('',(-0.0123873386778119,-0.0113903712398017,-0.00565398403013368));
#1448=CARTESIAN_POINT('',(-0.0122953272700465,-0.0115326124627234,-0.00565536582485268));
#1449=CARTESIAN_POINT('',(-0.0121890027601659,-0.0116090880402443,-0.00565263215267706));
#1450=CARTESIAN_POINT('',(-0.0122192058700744,-0.010804992307702,-0.0059397154693569));
#1451=CARTESIAN_POINT('',(-0.0123021705105416,-0.0108879569481692,-0.00595534317663058));
#1452=CARTESIAN_POINT('',(-0.0123661354597408,-0.01101808319096,-0.0059736232554433));
#1453=CARTESIAN_POINT('',(-0.0123667386676541,-0.0112940168797931,-0.0059996683130027));
#1454=CARTESIAN_POINT('',(-0.012303653197083,-0.0114268586626274,-0.00600623816747563));
#1455=CARTESIAN_POINT('',(-0.0122202254504854,-0.0115108247087271,-0.00600628886610458));
#1456=CARTESIAN_POINT('',(-0.0122196699141102,-0.0115125631329237,-0.006));
#1457=CARTESIAN_POINT('',(-0.0124078115279599,-0.0113244215190739,-0.00600000000000008));
#1458=CARTESIAN_POINT('',(-0.0124075954640411,-0.010993381901668,-0.00592814970145635));
#1459=CARTESIAN_POINT('',(-0.0122298005266126,-0.0108155869642395,-0.00585351735489677));
#1460=CARTESIAN_POINT('',(-0.00774084896847574,-0.00703374218728921,-0.009394427191));
#1461=CARTESIAN_POINT('',(-0.00809440235906901,-0.00668018879669593,-0.009394427191));
#1462=CARTESIAN_POINT('',(-0.00809440235906901,-0.00668018879669594,-0.008894427191));
#1463=CARTESIAN_POINT('',(-0.00796167220046334,-0.00725456541927857,-0.009394427191));
#1464=CARTESIAN_POINT('',(-0.00831522559105194,-0.00690101202868117,-0.00939442719200696));
#1465=CARTESIAN_POINT('',(-0.00831506015755062,-0.00690084659517754,-0.00889442719200607));
#1466=CARTESIAN_POINT('',(-0.00818292031169098,-0.00747581353050513,-0.00939436082335048));
#1467=CARTESIAN_POINT('',(-0.00853647370228996,-0.00712226013991757,-0.00939436082451764));
#1468=CARTESIAN_POINT('',(-0.00853571851217763,-0.00712150494980456,-0.00889435625532804));
#1469=CARTESIAN_POINT('',(-0.00862753943051054,-0.00792043264932334,-0.00939001270743267));
#1470=CARTESIAN_POINT('',(-0.00898109282109811,-0.00756687925872436,-0.00939001270626551));
#1471=CARTESIAN_POINT('',(-0.00897695841944829,-0.00756274485707522,-0.00889004118384852));
#1472=CARTESIAN_POINT('',(-0.0088508393207555,-0.0081437325395687,-0.00938591905040447));
#1473=CARTESIAN_POINT('',(-0.00920439271141993,-0.00779017914904605,-0.00938591905332469));
#1474=CARTESIAN_POINT('',(-0.00919754376077343,-0.00778333019840036,-0.00888595699389412));
#1475=CARTESIAN_POINT('',(-0.00930233727368137,-0.00859523049249512,-0.00936399671036657));
#1476=CARTESIAN_POINT('',(-0.00965589066420348,-0.00824167710183123,-0.00936399670744634));
#1477=CARTESIAN_POINT('',(-0.00963847656945318,-0.00822426300708012,-0.00886454763563205));
#1478=CARTESIAN_POINT('',(-0.00953048446270656,-0.00882337768152005,-0.00934697543109619));
#1479=CARTESIAN_POINT('',(-0.0098840378540892,-0.00846982429171614,-0.00934697544105825));
#1480=CARTESIAN_POINT('',(-0.0098594375369476,-0.00844522397457454,-0.00884774448339293));
#1481=CARTESIAN_POINT('',(-0.00988155691482349,-0.00917445013363698,-0.00929133936123296));
#1482=CARTESIAN_POINT('',(-0.0102351103050221,-0.00882089674264902,-0.00929133935625194));
#1483=CARTESIAN_POINT('',(-0.0101883521288577,-0.00877413856648468,-0.00879561985925385));
#1484=CARTESIAN_POINT('',(-0.00999984455063092,-0.00929273776944419,-0.0092675146474275));
#1485=CARTESIAN_POINT('',(-0.0103533979424499,-0.00893918438007657,-0.00926751465617021));
#1486=CARTESIAN_POINT('',(-0.0102971876802096,-0.00888297411783657,-0.00877354284906652));
#1487=CARTESIAN_POINT('',(-0.0102398638931707,-0.00953275711198454,-0.00920021553695199));
#1488=CARTESIAN_POINT('',(-0.0105934172825384,-0.00917920372016556,-0.00920021552820937));
#1489=CARTESIAN_POINT('',(-0.0105121091913974,-0.00909789562902429,-0.00871328091522663));
#1490=CARTESIAN_POINT('',(-0.0103617365263826,-0.0096546297451964,-0.00915676745200986));
#1491=CARTESIAN_POINT('',(-0.0107152899202135,-0.00930107635784097,-0.00915676746513755));
#1492=CARTESIAN_POINT('',(-0.0106181988372712,-0.00920398527489812,-0.00867511758528784));
#1493=CARTESIAN_POINT('',(-0.0105465498862545,-0.00983944310506792,-0.00906560176035469));
#1494=CARTESIAN_POINT('',(-0.010900103275229,-0.00948588971285568,-0.00906560175379093));
#1495=CARTESIAN_POINT('',(-0.010773987099322,-0.00935977353694895,-0.00859826952968709));
#1496=CARTESIAN_POINT('',(-0.0106084586192465,-0.00990135183806014,-0.00903081835035916));
#1497=CARTESIAN_POINT('',(-0.0109620120119058,-0.009547798449533,-0.00903081835670901));
#1498=CARTESIAN_POINT('',(-0.010825353387627,-0.00941113982525388,-0.00856935451649778));
#1499=CARTESIAN_POINT('',(-0.0107320589851569,-0.0100249522039703,-0.00895038953495234));
#1500=CARTESIAN_POINT('',(-0.0110856123736842,-0.00967139881131089,-0.00895038952860257));
#1501=CARTESIAN_POINT('',(-0.0109267002264116,-0.00951248666403849,-0.00850340643144813));
#1502=CARTESIAN_POINT('',(-0.0107935117052581,-0.0100864049240714,-0.00890474247485476));
#1503=CARTESIAN_POINT('',(-0.011147065095835,-0.00973285153346175,-0.00890474247481602));
#1504=CARTESIAN_POINT('',(-0.0109764880770537,-0.00956227451468061,-0.00846638886935345));
#1505=CARTESIAN_POINT('',(-0.0108816514058659,-0.0101745446246795,-0.00882997048232867));
#1506=CARTESIAN_POINT('',(-0.0112352047964674,-0.00982099123409437,-0.00882997048234805));
#1507=CARTESIAN_POINT('',(-0.0110476863984815,-0.00963347283610842,-0.00840598884225569));
#1508=CARTESIAN_POINT('',(-0.0109114946763867,-0.0102043878952002,-0.00880300103619943));
#1509=CARTESIAN_POINT('',(-0.0112650480654817,-0.00985083450310865,-0.00880300103311656));
#1510=CARTESIAN_POINT('',(-0.0110709283337299,-0.00965671477135682,-0.00838497468399504));
#1511=CARTESIAN_POINT('',(-0.0109691161533567,-0.0102620093721701,-0.00874699365482632));
#1512=CARTESIAN_POINT('',(-0.0113226695454481,-0.00990845598307509,-0.00874699365790917));
#1513=CARTESIAN_POINT('',(-0.0111162723380271,-0.00970205877565405,-0.00834090086341665));
#1514=CARTESIAN_POINT('',(-0.010997056465909,-0.0102899496847224,-0.00871794043447612));
#1515=CARTESIAN_POINT('',(-0.0113506098549247,-0.00993639629255144,-0.00871794043162072));
#1516=CARTESIAN_POINT('',(-0.0111384052339613,-0.00972419167158823,-0.00831789652032847));
#1517=CARTESIAN_POINT('',(-0.0110783919428263,-0.0103712851616399,-0.00862806215202406));
#1518=CARTESIAN_POINT('',(-0.0114319453365746,-0.010017731774202,-0.00862806215773483));
#1519=CARTESIAN_POINT('',(-0.0112033003683626,-0.00978908680598958,-0.00824618534580624));
#1520=CARTESIAN_POINT('',(-0.0111292977325023,-0.0104221909513158,-0.0085645383554374));
#1521=CARTESIAN_POINT('',(-0.011482851120059,-0.0100686375576861,-0.00856453835103212));
#1522=CARTESIAN_POINT('',(-0.0112445614581935,-0.0098303478958204,-0.00819478468449415));
#1523=CARTESIAN_POINT('',(-0.0112733951033999,-0.0105662883222132,-0.00836589178259252));
#1524=CARTESIAN_POINT('',(-0.0116269485000663,-0.0102127349376928,-0.00836589179140307));
#1525=CARTESIAN_POINT('',(-0.0113631634972833,-0.00994894993491021,-0.00803128491823704));
#1526=CARTESIAN_POINT('',(-0.0113582895434038,-0.0106511827622168,-0.00822196664858488));
#1527=CARTESIAN_POINT('',(-0.011711842927914,-0.01029762936554,-0.00822196664230944));
#1528=CARTESIAN_POINT('',(-0.0114355992205989,-0.0100213856582258,-0.00790909759881458));
#1529=CARTESIAN_POINT('',(-0.0115070058449679,-0.010799899063782,-0.00793363722098226));
#1530=CARTESIAN_POINT('',(-0.0118605592416444,-0.0104463456792723,-0.00793363722725774));
#1531=CARTESIAN_POINT('',(-0.0115655274186831,-0.0101513138563101,-0.00765719435248255));
#1532=CARTESIAN_POINT('',(-0.0115720261247653,-0.0108649193435788,-0.00778753955407403));
#1533=CARTESIAN_POINT('',(-0.011925579511317,-0.0105113659489435,-0.00778753955079247));
#1534=CARTESIAN_POINT('',(-0.011623982589765,-0.010209769027392,-0.00752623169937922));
#1535=CARTESIAN_POINT('',(-0.0116611912660368,-0.0109540844848503,-0.007567897760978));
#1536=CARTESIAN_POINT('',(-0.0120147446586509,-0.010600531096278,-0.00756789776261879));
#1537=CARTESIAN_POINT('',(-0.0117056198466168,-0.0102914062842437,-0.00732513346935989));
#1538=CARTESIAN_POINT('',(-0.011688491029669,-0.0109813842484823,-0.00749751031442119));
#1539=CARTESIAN_POINT('',(-0.0120420444192638,-0.0106278308568906,-0.00749751031366092));
#1540=CARTESIAN_POINT('',(-0.0117319174053036,-0.0103177038429305,-0.00725739640232897));
#1541=CARTESIAN_POINT('',(-0.0117426431287935,-0.011035536347607,-0.00735527462859738));
#1542=CARTESIAN_POINT('',(-0.0120961965203852,-0.0106819829580122,-0.00735527462935765));
#1543=CARTESIAN_POINT('',(-0.0117837258274402,-0.0103695122650671,-0.00712131661501498));
#1544=CARTESIAN_POINT('',(-0.0117690266797416,-0.0110619198985551,-0.00728418973319989));
#1545=CARTESIAN_POINT('',(-0.0121225800693562,-0.0107083665069834,-0.00728418973248648));
#1546=CARTESIAN_POINT('',(-0.0118091265216383,-0.0103949129592652,-0.00705288907870348));
#1547=CARTESIAN_POINT('',(-0.0118465779868192,-0.0111394712056327,-0.00707141164437261));
#1548=CARTESIAN_POINT('',(-0.0122001313793697,-0.0107859178169963,-0.00707141164579941));
#1549=CARTESIAN_POINT('',(-0.0118842489088367,-0.0104700353464636,-0.00684677524441741));
#1550=CARTESIAN_POINT('',(-0.0118961682616897,-0.0111890614805029,-0.00693023585822088));
#1551=CARTESIAN_POINT('',(-0.0122497216509005,-0.0108355080885271,-0.0069302358572593));
#1552=CARTESIAN_POINT('',(-0.0119329130065151,-0.010518699444142,-0.00670827473526752));
#1553=CARTESIAN_POINT('',(-0.0120422989689192,-0.0113351921877332,-0.00650997545715668));
#1554=CARTESIAN_POINT('',(-0.0123958523622761,-0.0109816387999036,-0.00650997545907893));
#1555=CARTESIAN_POINT('',(-0.0120776639195608,-0.0106634503571877,-0.0062919825279666));
#1556=CARTESIAN_POINT('',(-0.0121367218137543,-0.0114296150325675,-0.00623462043840904));
#1557=CARTESIAN_POINT('',(-0.0124902752043394,-0.0110760616419697,-0.00623462043842853));
#1558=CARTESIAN_POINT('',(-0.0121731072071041,-0.010758893644731,-0.00601367308021873));
#1559=CARTESIAN_POINT('',(-0.0122335335679527,-0.0115264267867661,-0.00596078766997684));
#1560=CARTESIAN_POINT('',(-0.0125870869585459,-0.0111728733961729,-0.00596078766997687));
#1561=CARTESIAN_POINT('',(-0.0122708578697153,-0.0108566443073422,-0.00573718461375445));
#1562=CARTESIAN_POINT('',(-0.00774084896847574,-0.00703374218728921,-0.008894427191));
#1563=CARTESIAN_POINT('',(-0.00802839690139078,-0.00745378871841547,-0.00938557081636434));
#1564=CARTESIAN_POINT('',(-0.000244857796936552,0.000329750386038768,-0.00938557081636434));
#1565=CARTESIAN_POINT('',(-0.00829884424649706,-0.00718334137330919,-0.00945853092877534));
#1566=CARTESIAN_POINT('',(-0.00051530514204283,0.000600197731145047,-0.00945853092877534));
#1567=CARTESIAN_POINT('',(-0.00849352777877001,-0.00698865784103624,-0.00918320683706423));
#1568=CARTESIAN_POINT('',(-0.000709988674315785,0.000794881263418,-0.00918320683706423));
#1569=CARTESIAN_POINT('',(-0.00844193718852806,-0.00704024843127818,-0.00880073653370714));
#1570=CARTESIAN_POINT('',(-0.000658398084073837,0.000743290673176052,-0.00880073653370714));
#1571=CARTESIAN_POINT('',(-0.000707106781186541,-5.20417042793042E-18,-0.008894427191));
#1572=CARTESIAN_POINT('',(0.0116508319443,0.0121552788994074,-0.00499326194203699));
#1573=CARTESIAN_POINT('',(0.0115869633253317,0.0122736141004901,-0.00499474620316159));
#1574=CARTESIAN_POINT('',(0.0114469569398687,0.0123896489816076,-0.00499409295908757));
#1575=CARTESIAN_POINT('',(0.0111135509150628,0.0124365209675037,-0.00498628466052503));
#1576=CARTESIAN_POINT('',(0.0109490979426219,0.012363311504995,-0.00497980815512886));
#1577=CARTESIAN_POINT('',(0.0108540774091834,0.0122682909715565,-0.00497462937289773));
#1578=CARTESIAN_POINT('',(0.0116302567975549,0.0121678449826945,-0.00532225629374311));
#1579=CARTESIAN_POINT('',(0.0115617371880497,0.0122809223641504,-0.0053239393433281));
#1580=CARTESIAN_POINT('',(0.0114214493084532,0.0123871708787101,-0.00532276952291007));
#1581=CARTESIAN_POINT('',(0.0110971810537474,0.0124245865741773,-0.00531234335287956));
#1582=CARTESIAN_POINT('',(0.0109386180742833,0.0123528316366141,-0.00530392675459134));
#1583=CARTESIAN_POINT('',(0.0108453498767053,0.01225956343908,-0.00529713987570618));
#1584=CARTESIAN_POINT('',(0.011609086463998,0.0121890032463837,-0.00565263767825326));
#1585=CARTESIAN_POINT('',(0.0115326107683704,0.0122953273883966,-0.00565537131534359));
#1586=CARTESIAN_POINT('',(0.0113903696974537,0.0123873383365672,-0.00565398944810439));
#1587=CARTESIAN_POINT('',(0.0110770682811541,0.012410487563961,-0.00564025100776377));
#1588=CARTESIAN_POINT('',(0.0109261509283527,0.0123403644907958,-0.00562904958846161));
#1589=CARTESIAN_POINT('',(0.0108348173636749,0.0122490309260447,-0.00562010217715007));
#1590=CARTESIAN_POINT('',(0.0115108247798309,0.0122202254278925,-0.00600628861019683));
#1591=CARTESIAN_POINT('',(0.0114268587393959,0.0123036531907747,-0.00600623791365427));
#1592=CARTESIAN_POINT('',(0.0112940169504222,0.012366738682156,-0.00599966806304207));
#1593=CARTESIAN_POINT('',(0.0110180832355277,0.0123661354922262,-0.00597362301454949));
#1594=CARTESIAN_POINT('',(0.0108879569772464,0.0123021705396189,-0.00595534294085448));
#1595=CARTESIAN_POINT('',(0.0108049923310058,0.0122192058933782,-0.00593971523839011));
#1596=CARTESIAN_POINT('',(0.0115125631329237,0.0122196699141102,-0.006));
#1597=CARTESIAN_POINT('',(0.011324421519074,0.0124078115279599,-0.006));
#1598=CARTESIAN_POINT('',(0.010993381901655,0.0124075954640281,-0.00592814970151853));
#1599=CARTESIAN_POINT('',(0.0108155869642394,0.0122298005266125,-0.00585351735489777));
#1600=CARTESIAN_POINT('',(-6.05349467611267E-5,-0.000514073236214192,-0.00938557081636434));
#1601=CARTESIAN_POINT('',(-0.0114742283446057,0.0108996201616303,-0.00938557081636433));
#1602=CARTESIAN_POINT('',(-0.000330982291867407,-0.000784520581320472,-0.00945853092877535));
#1603=CARTESIAN_POINT('',(-0.011744675689712,0.0106291728165241,-0.00945853092877534));
#1604=CARTESIAN_POINT('',(-0.000525665824140362,-0.000979204113593427,-0.00918320683706424));
#1605=CARTESIAN_POINT('',(-0.0119393592219849,0.0104344892842511,-0.00918320683706423));
#1606=CARTESIAN_POINT('',(-0.000474075233898412,-0.000927613523351479,-0.00880073653370714));
#1607=CARTESIAN_POINT('',(-0.011887768631743,0.0104860798744931,-0.00880073653370713));
#1608=CARTESIAN_POINT('',(-0.0106066017177982,0.00989949493661165,-0.00889442719099999));
#1609=CARTESIAN_POINT('',(0.00664860345481541,0.0080628170171885,-0.00889442719089347));
#1610=CARTESIAN_POINT('',(0.00664860345397226,0.00806281701634535,-0.00939442719089346));
#1611=CARTESIAN_POINT('',(0.00700215684456552,0.00770926362575209,-0.00939442719089347));
#1612=CARTESIAN_POINT('',(0.00687057756994175,0.00828479113231484,-0.00889442719164225));
#1613=CARTESIAN_POINT('',(0.00687066453208629,0.00828487809445911,-0.00939442719164143));
#1614=CARTESIAN_POINT('',(0.00722421792268349,0.00793132470386952,-0.00939442719164241));
#1615=CARTESIAN_POINT('',(0.00709255331816369,0.00850676688053678,-0.00889444522485453));
#1616=CARTESIAN_POINT('',(0.00709318616504422,0.00850739972741704,-0.00939444958372421));
#1617=CARTESIAN_POINT('',(0.0074467395556323,0.00815384633681882,-0.00939444958259247));
#1618=CARTESIAN_POINT('',(0.00753643143759764,0.00895064499997073,-0.0088904697173045));
#1619=CARTESIAN_POINT('',(0.00754027665061542,0.00895449021298879,-0.00939044530521372));
#1620=CARTESIAN_POINT('',(0.00789383004121419,0.00860093682240016,-0.00939044530634504));
#1621=CARTESIAN_POINT('',(0.00775833756958926,0.00917255113196235,-0.00888664907972721));
#1622=CARTESIAN_POINT('',(0.00776478935580267,0.00917900291817658,-0.00938661837195887));
#1623=CARTESIAN_POINT('',(0.00811834274633031,0.00882544952751749,-0.00938661836912079));
#1624=CARTESIAN_POINT('',(0.00820191796092768,0.00961613152330078,-0.0088661008829226));
#1625=CARTESIAN_POINT('',(0.00821861550383273,0.00963282906620501,-0.00936559555558574));
#1626=CARTESIAN_POINT('',(0.00857216889449182,0.00927927567567737,-0.00936559555842357));
#1627=CARTESIAN_POINT('',(0.00842409608176431,0.00983830964413742,-0.00884987185784988));
#1628=CARTESIAN_POINT('',(0.00844780133784181,0.009862014900216,-0.00934916517120701));
#1629=CARTESIAN_POINT('',(0.00880135472769311,0.00950846150888021,-0.00934916516151538));
#1630=CARTESIAN_POINT('',(0.00875526372891577,0.0101694772912889,-0.00879914309515899));
#1631=CARTESIAN_POINT('',(0.00880052012329644,0.010214733685669,-0.00929513517078758));
#1632=CARTESIAN_POINT('',(0.0091540735142607,0.00986118029544698,-0.00929513517563338));
#1633=CARTESIAN_POINT('',(0.00886486763805068,0.0102790812004238,-0.00877763295136948));
#1634=CARTESIAN_POINT('',(0.00891934061024567,0.010333554172619,-0.00927197974840475));
#1635=CARTESIAN_POINT('',(0.00927289399967729,0.00998000078086383,-0.0092719797398613));
#1636=CARTESIAN_POINT('',(0.00908136855757344,0.0104955821199465,-0.00871875485571057));
#1637=CARTESIAN_POINT('',(0.0091604255975584,0.0105746391599312,-0.00920641593628856));
#1638=CARTESIAN_POINT('',(0.00951397898931333,0.0102210857704999,-0.00920641594483199));
#1639=CARTESIAN_POINT('',(0.00918826985707253,0.0106024834194456,-0.00868141203152238));
#1640=CARTESIAN_POINT('',(0.00928282445669217,0.010697038019065,-0.00916404650433346));
#1641=CARTESIAN_POINT('',(0.00963637784414255,0.0103434846253291,-0.00916404649124624));
#1642=CARTESIAN_POINT('',(0.00934530859386746,0.0107595221562406,-0.00860598802402954));
#1643=CARTESIAN_POINT('',(0.00946857299421934,0.0108827865565926,-0.00907483348518838));
#1644=CARTESIAN_POINT('',(0.00982212638638406,0.0105292331675706,-0.00907483349173199));
#1645=CARTESIAN_POINT('',(0.00939709710137414,0.0108113106637472,-0.00857757929477653));
#1646=CARTESIAN_POINT('',(0.00953082063430297,0.0109450341966759,-0.00904075480921589));
#1647=CARTESIAN_POINT('',(0.00988437402283798,0.0105914808040244,-0.00904075480273276));
#1648=CARTESIAN_POINT('',(0.00949929584272929,0.0109135094051024,-0.00851268750468612));
#1649=CARTESIAN_POINT('',(0.00965519787103173,0.011069411433405,-0.00896178062862196));
#1650=CARTESIAN_POINT('',(0.0100087512636833,0.01071585804487,-0.0089617806351051));
#1651=CARTESIAN_POINT('',(0.00954973669351817,0.0109639502558913,-0.0084760611648458));
#1652=CARTESIAN_POINT('',(0.00971736693438322,0.0111315804967567,-0.00891668587974894));
#1653=CARTESIAN_POINT('',(0.0100709203248901,0.0107780271060769,-0.00891668587954059));
#1654=CARTESIAN_POINT('',(0.00960982795781158,0.0110240415201847,-0.00842615521579203));
#1655=CARTESIAN_POINT('',(0.00979171586756825,0.0112059294299413,-0.00885493889942492));
#1656=CARTESIAN_POINT('',(0.0101452692581831,0.0108523760393696,-0.00885493889947701));
#1657=CARTESIAN_POINT('',(0.00962172562005349,0.0110359391824266,-0.00841595762461524));
#1658=CARTESIAN_POINT('',(0.00980601524494043,0.0112202288073136,-0.00884269535890705));
#1659=CARTESIAN_POINT('',(0.0101595686362354,0.0108666754174219,-0.00884269536049224));
#1660=CARTESIAN_POINT('',(0.00964527079756568,0.0110594843599388,-0.00839511355039998));
#1661=CARTESIAN_POINT('',(0.00983617255858347,0.0112503861209565,-0.0088159976940029));
#1662=CARTESIAN_POINT('',(0.0101897259484751,0.0108968327296616,-0.00881599769241771));
#1663=CARTESIAN_POINT('',(0.0096801592679173,0.0110943728302904,-0.00836307706219964));
#1664=CARTESIAN_POINT('',(0.00988073443649544,0.0112949479988685,-0.00877507431482648));
#1665=CARTESIAN_POINT('',(0.0102342878273952,0.0109413946085818,-0.00877507431568284));
#1666=CARTESIAN_POINT('',(0.00971380577266426,0.0111280193350374,-0.0083288118512279));
#1667=CARTESIAN_POINT('',(0.00992330278076699,0.0113375163431402,-0.0087317040407872));
#1668=CARTESIAN_POINT('',(0.0102768561729408,0.0109839629541274,-0.00873170404370252));
#1669=CARTESIAN_POINT('',(0.00977955990342575,0.0111937734657988,-0.00825751989220234));
#1670=CARTESIAN_POINT('',(0.0100059012278448,0.0114201147902177,-0.00864214913711623));
#1671=CARTESIAN_POINT('',(0.0103594546152771,0.0110665613964635,-0.00864214913128554));
#1672=CARTESIAN_POINT('',(0.00982134653760969,0.0112355600999828,-0.00820631415056031));
#1673=CARTESIAN_POINT('',(0.0100575783569019,0.0114717919192748,-0.00857871326389237));
#1674=CARTESIAN_POINT('',(0.0104111317505719,0.0111182385317583,-0.00857871326842139));
#1675=CARTESIAN_POINT('',(0.00994140735698277,0.0113556209193559,-0.00804318765476347));
#1676=CARTESIAN_POINT('',(0.0102037812260033,0.011617994788377,-0.00838006760335941));
#1677=CARTESIAN_POINT('',(0.0105573346104433,0.01126444139163,-0.0083800675943013));
#1678=CARTESIAN_POINT('',(0.0100147694859178,0.0114289830482909,-0.007920795944057));
#1679=CARTESIAN_POINT('',(0.0102899316970876,0.0117041452594606,-0.00823559649752817));
#1680=CARTESIAN_POINT('',(0.0106434850938918,0.011350591875078,-0.0082355965039898));
#1681=CARTESIAN_POINT('',(0.0101462708249593,0.0115604843873324,-0.00766800482019148));
#1682=CARTESIAN_POINT('',(0.0104406875920971,0.0118549011544704,-0.00794579145434764));
#1683=CARTESIAN_POINT('',(0.0107942409764795,0.0115013477576663,-0.007945791447886));
#1684=CARTESIAN_POINT('',(0.0102053438634678,0.0116195574258409,-0.00753646834874095));
#1685=CARTESIAN_POINT('',(0.010506470134251,0.0119206836966247,-0.00779887361774158));
#1686=CARTESIAN_POINT('',(0.0108600235289397,0.0115671303101263,-0.00779887362108225));
#1687=CARTESIAN_POINT('',(0.0102877654809516,0.0117019790433247,-0.00733439973037772));
#1688=CARTESIAN_POINT('',(0.0105965826498565,0.0120107962122293,-0.00757794964363263));
#1689=CARTESIAN_POINT('',(0.0109501360384021,0.0116572428195886,-0.0075779496419623));
#1690=CARTESIAN_POINT('',(0.0103142597153891,0.0117284732777622,-0.00726628933005106));
#1691=CARTESIAN_POINT('',(0.0106242162241765,0.0120384297865496,-0.00750684407022796));
#1692=CARTESIAN_POINT('',(0.0109777696157719,0.0116848763969584,-0.00750684407099266));
#1693=CARTESIAN_POINT('',(0.0103664621813014,0.0117806757436745,-0.00712946340909407));
#1694=CARTESIAN_POINT('',(0.010678807874899,0.0120930214372721,-0.00736375594732744));
#1695=CARTESIAN_POINT('',(0.0110323612644901,0.0117394680456767,-0.00736375594656274));
#1696=CARTESIAN_POINT('',(0.0103920478430413,0.0118062614054144,-0.00706065352566869));
#1697=CARTESIAN_POINT('',(0.0107053965712934,0.0121196101336665,-0.00729223860668386));
#1698=CARTESIAN_POINT('',(0.0110589499628738,0.0117660567440605,-0.00729223860740442));
#1699=CARTESIAN_POINT('',(0.0104676965820446,0.0118819101444177,-0.00685337066959456));
#1700=CARTESIAN_POINT('',(0.0107835259475429,0.012197739509916,-0.00707815863100723));
#1701=CARTESIAN_POINT('',(0.0111370793361619,0.0118441861173484,-0.00707815862956618));
#1702=CARTESIAN_POINT('',(0.0105166738763495,0.0119308874387226,-0.00671406178492762));
#1703=CARTESIAN_POINT('',(0.010833451937252,0.0122476654996255,-0.00693611048859908));
#1704=CARTESIAN_POINT('',(0.0111870053292443,0.0118941121104311,-0.00693611048957216));
#1705=CARTESIAN_POINT('',(0.0106623192948735,0.0120765328572466,-0.00629530998495141));
#1706=CARTESIAN_POINT('',(0.0109805189057883,0.0123947324681606,-0.00651327152549076));
#1707=CARTESIAN_POINT('',(0.0113340722935846,0.0120411790747713,-0.00651327152354569));
#1708=CARTESIAN_POINT('',(0.0107583102994069,0.01217252386178,-0.00601532311480155));
#1709=CARTESIAN_POINT('',(0.0110754854383977,0.0124896990007639,-0.006236250273564));
#1710=CARTESIAN_POINT('',(0.0114290388289942,0.0121361456101773,-0.00623625027354325));
#1711=CARTESIAN_POINT('',(0.0108566441048128,0.0122708576671859,-0.00573718518662852));
#1712=CARTESIAN_POINT('',(0.0111728731977446,0.0125870867601177,-0.00596078823125173));
#1713=CARTESIAN_POINT('',(0.0115264265883379,0.0122335333695244,-0.00596078823125169));
#1714=CARTESIAN_POINT('',(0.00703766718246225,0.00774480489367469,-0.00939442707119617));
#1715=CARTESIAN_POINT('',(0.00695368080577247,0.00782748302646953,-0.00939442192636535));
#1716=CARTESIAN_POINT('',(0.00675415442100197,0.0080243856223069,-0.0092925946248237));
#1717=CARTESIAN_POINT('',(0.00668084643557962,0.00809505996735463,-0.00901227466528315));
#1718=CARTESIAN_POINT('',(0.00668018904226214,0.00809440260463521,-0.00889442718854446));
#1719=CARTESIAN_POINT('',(-0.0109739502969162,0.00939964775928244,-0.00938557081636433));
#1720=CARTESIAN_POINT('',(-0.00939964775928246,0.0109739502969162,-0.00938557081636433));
#1721=CARTESIAN_POINT('',(-0.0112443976420225,0.00967009510438872,-0.00945853092877534));
#1722=CARTESIAN_POINT('',(-0.00967009510438874,0.0112443976420225,-0.00945853092877534));
#1723=CARTESIAN_POINT('',(-0.0114390811742954,0.00986477863666168,-0.00918320683706423));
#1724=CARTESIAN_POINT('',(-0.0098647786366617,0.0114390811742954,-0.00918320683706423));
#1725=CARTESIAN_POINT('',(-0.0113874905840535,0.00981318804641973,-0.00880073653370713));
#1726=CARTESIAN_POINT('',(-0.00981318804641975,0.0113874905840535,-0.00880073653370713));
#1727=CARTESIAN_POINT('',(-0.00989949493661167,0.0106066017177982,-0.00889442719099999));
#1728=CARTESIAN_POINT('',(-0.000332083539401914,0.000242524643573403,-0.00938557081636434));
#1729=CARTESIAN_POINT('',(0.00750226479675678,0.00807687297973211,-0.00938557081636434));
#1730=CARTESIAN_POINT('',(-0.000602530884508194,0.000512971988679683,-0.00945853092877534));
#1731=CARTESIAN_POINT('',(0.0072318174516505,0.00834732032483839,-0.00945853092877534));
#1732=CARTESIAN_POINT('',(-0.000797214416781149,0.000707655520952637,-0.00918320683706423));
#1733=CARTESIAN_POINT('',(0.00703713391937754,0.00854200385711134,-0.00918320683706423));
#1734=CARTESIAN_POINT('',(-0.000745623826539199,0.000656064930710687,-0.00880073653370714));
#1735=CARTESIAN_POINT('',(0.00708872450961949,0.00849041326686939,-0.00880073653370714));
#1736=CARTESIAN_POINT('',(8.02309607639273E-18,0.00070710678118654,-0.008894427191));
#1737=CARTESIAN_POINT('',(-0.0108996201616304,0.0114742283446057,-0.00938557081636433));
#1738=CARTESIAN_POINT('',(0.000514073236214198,6.05349467611305E-5,-0.00938557081636434));
#1739=CARTESIAN_POINT('',(-0.0106291728165241,0.0117446756897119,-0.00945853092877533));
#1740=CARTESIAN_POINT('',(0.000784520581320475,0.000330982291867409,-0.00945853092877534));
#1741=CARTESIAN_POINT('',(-0.0104344892842511,0.0119393592219849,-0.00918320683706422));
#1742=CARTESIAN_POINT('',(0.000979204113593425,0.000525665824140364,-0.00918320683706423));
#1743=CARTESIAN_POINT('',(-0.0104860798744931,0.0118877686317429,-0.00880073653370713));
#1744=CARTESIAN_POINT('',(0.000927613523351479,0.000474075233898414,-0.00880073653370714));
#1745=CARTESIAN_POINT('',(-0.0116508319176771,-0.0121552789156672,-0.00499326236773778));
#1746=CARTESIAN_POINT('',(-0.0115869632925951,-0.0122736141101182,-0.00499474662914127));
#1747=CARTESIAN_POINT('',(-0.0114469569063179,-0.0123896489787391,-0.00499409338442891));
#1748=CARTESIAN_POINT('',(-0.0111135508926146,-0.0124365209518842,-0.00498628508252718));
#1749=CARTESIAN_POINT('',(-0.0109490979281761,-0.0123633114905492,-0.00497980857464866));
#1750=CARTESIAN_POINT('',(-0.0108540773968666,-0.0122682909592396,-0.00497462979034867));
#1751=CARTESIAN_POINT('',(-0.0116302581839263,-0.0121678441348265,-0.00532223396002022));
#1752=CARTESIAN_POINT('',(-0.0115617388603262,-0.0122809219222397,-0.00532391699881017));
#1753=CARTESIAN_POINT('',(-0.0114214510094217,-0.0123871711043373,-0.00532274719852486));
#1754=CARTESIAN_POINT('',(-0.0110971821943138,-0.0124245874312642,-0.00531232113918079));
#1755=CARTESIAN_POINT('',(-0.0109386188237318,-0.0123528323860657,-0.0053039046253871));
#1756=CARTESIAN_POINT('',(-0.0108453504674635,-0.0122595640298381,-0.005297117818737));
#1757=CARTESIAN_POINT('',(-0.011609119387046,-0.0121889927280221,-0.00565251860190471));
#1758=CARTESIAN_POINT('',(-0.0115326458768021,-0.0122953250401416,-0.00565525291118752));
#1759=CARTESIAN_POINT('',(-0.0113904018999437,-0.0123873458147541,-0.00565387216018388));
#1760=CARTESIAN_POINT('',(-0.0110770886862836,-0.0124105031931839,-0.0056401361446168));
#1761=CARTESIAN_POINT('',(-0.0109261645280641,-0.0123403780912677,-0.00562893606953719));
#1762=CARTESIAN_POINT('',(-0.0108348277720254,-0.0122490413343599,-0.00561999001740863));
#1763=CARTESIAN_POINT('',(-0.0115108250601384,-0.0122202253388245,-0.00600628760135699));
#1764=CARTESIAN_POINT('',(-0.0114268590407405,-0.0123036531671895,-0.00600623691303853));
#1765=CARTESIAN_POINT('',(-0.0112940172245804,-0.0123667387410814,-0.00599966707740973));
#1766=CARTESIAN_POINT('',(-0.0110180834027406,-0.012366135618499,-0.0059736220639304));
#1767=CARTESIAN_POINT('',(-0.010887957085482,-0.0123021706478476,-0.0059553420101734));
#1768=CARTESIAN_POINT('',(-0.0108049924152022,-0.0122192059775678,-0.00593971432642748));
#1769=CARTESIAN_POINT('',(-0.0115125631329237,-0.0122196699141102,-0.006));
#1770=CARTESIAN_POINT('',(-0.011324421519074,-0.01240781152796,-0.00599999999999992));
#1771=CARTESIAN_POINT('',(-0.0109933819016001,-0.0124075954639732,-0.00592814970178));
#1772=CARTESIAN_POINT('',(-0.0108155869642395,-0.0122298005266126,-0.00585351735489674));
#1773=CARTESIAN_POINT('',(-0.00668018879669592,-0.00809440235906902,-0.008894427191));
#1774=CARTESIAN_POINT('',(-0.00668018879669592,-0.00809440235906903,-0.009394427191));
#1775=CARTESIAN_POINT('',(-0.00703374218728919,-0.00774084896847575,-0.009394427191));
#1776=CARTESIAN_POINT('',(-0.00690084659517783,-0.00831506015755094,-0.00889442719200607));
#1777=CARTESIAN_POINT('',(-0.00690101202868215,-0.00831522559105187,-0.00939442719200669));
#1778=CARTESIAN_POINT('',(-0.00725456541927856,-0.00796167220046417,-0.009394427191));
#1779=CARTESIAN_POINT('',(-0.00712150494980414,-0.00853571851217725,-0.00889435625532776));
#1780=CARTESIAN_POINT('',(-0.00712226013991687,-0.00853647370228944,-0.00939436082451737));
#1781=CARTESIAN_POINT('',(-0.00747581353050457,-0.00818292031169046,-0.00939436082335049));
#1782=CARTESIAN_POINT('',(-0.00756274485707561,-0.00897695841944872,-0.0088900411838488));
#1783=CARTESIAN_POINT('',(-0.00756687925872503,-0.00898109282109868,-0.00939001270626579));
#1784=CARTESIAN_POINT('',(-0.00792043264932387,-0.00862753943051111,-0.00939001270743267));
#1785=CARTESIAN_POINT('',(-0.0077833301984013,-0.00919754376077441,-0.00888595699389439));
#1786=CARTESIAN_POINT('',(-0.00779017914904712,-0.00920439271141996,-0.00938591905332497));
#1787=CARTESIAN_POINT('',(-0.00814373253956977,-0.00885083932075552,-0.00938591905040445));
#1788=CARTESIAN_POINT('',(-0.00822426300707916,-0.00963847656945227,-0.00886454763563179));
#1789=CARTESIAN_POINT('',(-0.00824167710183014,-0.00965589066420352,-0.00936399670744608));
#1790=CARTESIAN_POINT('',(-0.00859523049249404,-0.00930233727368141,-0.0093639967103666));
#1791=CARTESIAN_POINT('',(-0.00844522397457387,-0.00985943753694698,-0.00884774448339345));
#1792=CARTESIAN_POINT('',(-0.00846982429171591,-0.00988403785408875,-0.0093469754410585));
#1793=CARTESIAN_POINT('',(-0.00882337768151981,-0.0095304844627061,-0.00934697543109627));
#1794=CARTESIAN_POINT('',(-0.00877413856648502,-0.0101883521288581,-0.00879561985925357));
#1795=CARTESIAN_POINT('',(-0.00882089674264921,-0.0102351103050225,-0.00929133935625178));
#1796=CARTESIAN_POINT('',(-0.00917445013363717,-0.00988155691482387,-0.0092913393612329));
#1797=CARTESIAN_POINT('',(-0.00888297411783684,-0.01029718768021,-0.00877354284906629));
#1798=CARTESIAN_POINT('',(-0.0089391843800773,-0.01035339794245,-0.00926751465616989));
#1799=CARTESIAN_POINT('',(-0.00929273776944488,-0.0099998445506311,-0.00926751464742733));
#1800=CARTESIAN_POINT('',(-0.00909789562902403,-0.0105121091913971,-0.00871328091522668));
#1801=CARTESIAN_POINT('',(-0.00917920372016496,-0.0105934172825385,-0.00920021552820932));
#1802=CARTESIAN_POINT('',(-0.00953275711198388,-0.0102398638931709,-0.00920021553695195));
#1803=CARTESIAN_POINT('',(-0.00920398527489822,-0.0106181988372713,-0.00867511758528768));
#1804=CARTESIAN_POINT('',(-0.0093010763578411,-0.0107152899202139,-0.00915676746513742));
#1805=CARTESIAN_POINT('',(-0.00965462974519646,-0.0103617365263828,-0.00915676745200964));
#1806=CARTESIAN_POINT('',(-0.00935977353694888,-0.010773987099322,-0.00859826952968696));
#1807=CARTESIAN_POINT('',(-0.00948588971285554,-0.0109001032752288,-0.00906560175379062));
#1808=CARTESIAN_POINT('',(-0.00983944310506772,-0.0105465498862545,-0.0090656017603546));
#1809=CARTESIAN_POINT('',(-0.00941113982525431,-0.0108253533876274,-0.00856935451649762));
#1810=CARTESIAN_POINT('',(-0.00954779844953301,-0.0109620120119064,-0.0090308183567091));
#1811=CARTESIAN_POINT('',(-0.00990135183806018,-0.0106084586192469,-0.0090308183503589));
#1812=CARTESIAN_POINT('',(-0.00951248666403803,-0.0109267002264111,-0.0085034064314481));
#1813=CARTESIAN_POINT('',(-0.00967139881131063,-0.0110856123736835,-0.00895038952860223));
#1814=CARTESIAN_POINT('',(-0.01002495220397,-0.0107320589851565,-0.00895038953495252));
#1815=CARTESIAN_POINT('',(-0.00956227451468069,-0.0109764880770538,-0.00846638886935341));
#1816=CARTESIAN_POINT('',(-0.0097328515334618,-0.0111470650958347,-0.00890474247481591));
#1817=CARTESIAN_POINT('',(-0.0100864049240715,-0.010793511705258,-0.00890474247485471));
#1818=CARTESIAN_POINT('',(-0.0096334728361084,-0.0110476863984815,-0.00840598884225565));
#1819=CARTESIAN_POINT('',(-0.00982099123409422,-0.0112352047964674,-0.00882997048234814));
#1820=CARTESIAN_POINT('',(-0.0101745446246793,-0.0108816514058659,-0.00882997048232875));
#1821=CARTESIAN_POINT('',(-0.00965671477135686,-0.01107092833373,-0.00838497468399495));
#1822=CARTESIAN_POINT('',(-0.0098508345031085,-0.0112650480654817,-0.00880300103311663));
#1823=CARTESIAN_POINT('',(-0.0102043878952001,-0.0109114946763867,-0.00880300103619948));
#1824=CARTESIAN_POINT('',(-0.00970205877565405,-0.0111162723380272,-0.00834090086341669));
#1825=CARTESIAN_POINT('',(-0.00990845598307522,-0.0113226695454483,-0.00874699365790917));
#1826=CARTESIAN_POINT('',(-0.0102620093721702,-0.0109691161533567,-0.0087469936548263));
#1827=CARTESIAN_POINT('',(-0.00972419167158822,-0.0111384052339613,-0.00831789652032859));
#1828=CARTESIAN_POINT('',(-0.00993639629255145,-0.0113506098549247,-0.00871794043162081));
#1829=CARTESIAN_POINT('',(-0.0102899496847224,-0.010997056465909,-0.00871794043447619));
#1830=CARTESIAN_POINT('',(-0.00978908680598967,-0.0112033003683628,-0.00824618534580595));
#1831=CARTESIAN_POINT('',(-0.0100177317742021,-0.011431945336575,-0.00862806215773462));
#1832=CARTESIAN_POINT('',(-0.0103712851616401,-0.0110783919428265,-0.00862806215202383));
#1833=CARTESIAN_POINT('',(-0.00983034789582022,-0.0112445614581933,-0.00819478468449448));
#1834=CARTESIAN_POINT('',(-0.010068637557686,-0.0114828511200593,-0.00856453835103239));
#1835=CARTESIAN_POINT('',(-0.0104221909513157,-0.0111292977325023,-0.00856453835543748));
#1836=CARTESIAN_POINT('',(-0.00994894993491054,-0.0113631634972836,-0.00803128491823634));
#1837=CARTESIAN_POINT('',(-0.0102127349376931,-0.0116269485000659,-0.00836589179140231));
#1838=CARTESIAN_POINT('',(-0.0105662883222136,-0.0112733951034,-0.00836589178259213));
#1839=CARTESIAN_POINT('',(-0.0100213856582257,-0.0114355992205988,-0.00790909759881487));
#1840=CARTESIAN_POINT('',(-0.01029762936554,-0.011711842927913,-0.00822196664230936));
#1841=CARTESIAN_POINT('',(-0.0106511827622171,-0.0113582895434032,-0.00822196664858506));
#1842=CARTESIAN_POINT('',(-0.0101513138563102,-0.0115655274186833,-0.00765719435248216));
#1843=CARTESIAN_POINT('',(-0.0104463456792721,-0.0118605592416453,-0.00793363722725766));
#1844=CARTESIAN_POINT('',(-0.0107998990637816,-0.0115070058449686,-0.00793363722098198));
#1845=CARTESIAN_POINT('',(-0.0102097690273915,-0.0116239825897647,-0.00752623169937896));
#1846=CARTESIAN_POINT('',(-0.0105113659489432,-0.0119255795113166,-0.00778753955079187));
#1847=CARTESIAN_POINT('',(-0.0108649193435787,-0.0115720261247655,-0.00778753955407379));
#1848=CARTESIAN_POINT('',(-0.0102914062842439,-0.011705619846617,-0.00732513346935993));
#1849=CARTESIAN_POINT('',(-0.0106005310962781,-0.0120147446586511,-0.0075678977626191));
#1850=CARTESIAN_POINT('',(-0.0109540844848503,-0.0116611912660367,-0.00756789776097814));
#1851=CARTESIAN_POINT('',(-0.0103177038429304,-0.0117319174053035,-0.00725739640232882));
#1852=CARTESIAN_POINT('',(-0.0106278308568905,-0.012042044419264,-0.00749751031366089));
#1853=CARTESIAN_POINT('',(-0.0109813842484823,-0.011688491029669,-0.00749751031442119));
#1854=CARTESIAN_POINT('',(-0.0103695122650673,-0.0117837258274404,-0.00712131661501503));
#1855=CARTESIAN_POINT('',(-0.0106819829580124,-0.0120961965203851,-0.00735527462935768));
#1856=CARTESIAN_POINT('',(-0.0110355363476071,-0.0117426431287935,-0.00735527462859737));
#1857=CARTESIAN_POINT('',(-0.0103949129592653,-0.0118091265216384,-0.00705288907870344));
#1858=CARTESIAN_POINT('',(-0.0107083665069835,-0.0121225800693567,-0.0072841897324865));
#1859=CARTESIAN_POINT('',(-0.0110619198985552,-0.0117690266797417,-0.00728418973319974));
#1860=CARTESIAN_POINT('',(-0.0104700353464636,-0.0118842489088367,-0.00684677524441737));
#1861=CARTESIAN_POINT('',(-0.0107859178169962,-0.0122001313793691,-0.00707141164579933));
#1862=CARTESIAN_POINT('',(-0.0111394712056326,-0.0118465779868192,-0.00707141164437282));
#1863=CARTESIAN_POINT('',(-0.0105186994441423,-0.0119329130065154,-0.00670827473526803));
#1864=CARTESIAN_POINT('',(-0.0108355080885274,-0.0122497216509001,-0.00693023585725999));
#1865=CARTESIAN_POINT('',(-0.011189061480503,-0.0118961682616893,-0.00693023585822135));
#1866=CARTESIAN_POINT('',(-0.0106634503571872,-0.0120776639195603,-0.00629198252796546));
#1867=CARTESIAN_POINT('',(-0.0109816387999031,-0.012395852362277,-0.00650997545907738));
#1868=CARTESIAN_POINT('',(-0.0113351921877331,-0.0120422989689201,-0.00650997545715555));
#1869=CARTESIAN_POINT('',(-0.0107588936447317,-0.0121731072071048,-0.00601367308021965));
#1870=CARTESIAN_POINT('',(-0.0110760616419718,-0.0124902752043417,-0.00623462043843112));
#1871=CARTESIAN_POINT('',(-0.0114296150325675,-0.0121367218137538,-0.00623462043840973));
#1872=CARTESIAN_POINT('',(-0.0108566443073422,-0.0122708578697153,-0.00573718461375436));
#1873=CARTESIAN_POINT('',(-0.0111728733961729,-0.012587086958546,-0.00596078766997679));
#1874=CARTESIAN_POINT('',(-0.0115264267867662,-0.0122335335679527,-0.00596078766997676));
#1875=CARTESIAN_POINT('',(-0.00703374218728919,-0.00774084896847575,-0.008894427191));
#1876=CARTESIAN_POINT('',(0.0122682913809527,0.0108540778185796,-0.00497461412970119));
#1877=CARTESIAN_POINT('',(0.0123633120005344,0.0109490984381613,-0.00497979283801426));
#1878=CARTESIAN_POINT('',(0.0124365215345375,0.011113551687249,-0.00498626925529445));
#1879=CARTESIAN_POINT('',(0.0123896491041162,0.0114469581414946,-0.00499407743787292));
#1880=CARTESIAN_POINT('',(0.012273613759825,0.0115869645141257,-0.0049947306610494));
#1881=CARTESIAN_POINT('',(0.0121552783061979,0.0116508329155944,-0.00499324641106277));
#1882=CARTESIAN_POINT('',(0.0122595644629863,0.0108453509006119,-0.00529710746630178));
#1883=CARTESIAN_POINT('',(0.0123528329200903,0.0109386193577543,-0.00530389415345664));
#1884=CARTESIAN_POINT('',(0.0124245880493369,0.0110971830370686,-0.00531231053321118));
#1885=CARTESIAN_POINT('',(0.0123871712680843,0.0114214523477752,-0.00532273643818452));
#1886=CARTESIAN_POINT('',(0.0122809215945561,0.011561740217192,-0.00532390622627542));
#1887=CARTESIAN_POINT('',(0.0121678435205811,0.0116302593234893,-0.00532222322009102));
#1888=CARTESIAN_POINT('',(0.0122490418120842,0.0108348282497495,-0.00561998499770078));
#1889=CARTESIAN_POINT('',(0.0123403787054612,0.0109261651422626,-0.00562893093920458));
#1890=CARTESIAN_POINT('',(0.0124105039089388,0.0110770896329788,-0.00564013090147922));
#1891=CARTESIAN_POINT('',(0.0123873461565948,0.0113904034452173,-0.00565386673180077));
#1892=CARTESIAN_POINT('',(0.0122953249215164,0.011532647574374,-0.00565524741011489));
#1893=CARTESIAN_POINT('',(0.0121889922408542,0.0116091209662714,-0.00565251306566199));
#1894=CARTESIAN_POINT('',(0.0122192059542636,0.010804992391898,-0.00593971455736961));
#1895=CARTESIAN_POINT('',(0.012302170618771,0.0108879570564055,-0.00595534224592441));
#1896=CARTESIAN_POINT('',(0.0123661355860163,0.0110180833581743,-0.00597362230479867));
#1897=CARTESIAN_POINT('',(0.0123667387265817,0.0112940171539571,-0.00599966732734415));
#1898=CARTESIAN_POINT('',(0.0123036531734977,0.0114268589639796,-0.00600623716683337));
#1899=CARTESIAN_POINT('',(0.012220225361415,0.0115108249890422,-0.00600628785723799));
#1900=CARTESIAN_POINT('',(0.0122196699141102,0.0115125631329237,-0.006));
#1901=CARTESIAN_POINT('',(0.0124078115279599,0.011324421519074,-0.00599999999999996));
#1902=CARTESIAN_POINT('',(0.0124075954640201,0.010993381901647,-0.00592814970155691));
#1903=CARTESIAN_POINT('',(0.0122298005266125,0.0108155869642394,-0.00585351735489798));
#1904=CARTESIAN_POINT('',(0.000329750386038776,-0.000244857796936559,-0.00938557081636434));
#1905=CARTESIAN_POINT('',(-0.00745378871841548,-0.00802839690139081,-0.00938557081636434));
#1906=CARTESIAN_POINT('',(0.000600197731145057,-0.000515305142042839,-0.00945853092877535));
#1907=CARTESIAN_POINT('',(-0.0071833413733092,-0.00829884424649709,-0.00945853092877535));
#1908=CARTESIAN_POINT('',(0.000794881263418012,-0.000709988674315795,-0.00918320683706424));
#1909=CARTESIAN_POINT('',(-0.00698865784103624,-0.00849352777877005,-0.00918320683706424));
#1910=CARTESIAN_POINT('',(0.000743290673176063,-0.000658398084073846,-0.00880073653370714));
#1911=CARTESIAN_POINT('',(-0.00704024843127819,-0.0084419371885281,-0.00880073653370714));
#1912=CARTESIAN_POINT('',(8.18572640226556E-18,-0.000707106781186555,-0.008894427191));
#1913=CARTESIAN_POINT('',(0.00770926362575207,0.00700215684456553,-0.00939442719089351));
#1914=CARTESIAN_POINT('',(0.00806281701634536,0.00664860345397224,-0.00939442719089353));
#1915=CARTESIAN_POINT('',(0.00806281701718821,0.0066486034548151,-0.00889442719089351));
#1916=CARTESIAN_POINT('',(0.00793132470386948,0.00722421792268389,-0.00939442719164217));
#1917=CARTESIAN_POINT('',(0.00828487809445859,0.00687066453208725,-0.00939442719164178));
#1918=CARTESIAN_POINT('',(0.00828479113231478,0.00687057756994167,-0.00889442719164256));
#1919=CARTESIAN_POINT('',(0.00815384633681829,0.0074467395556317,-0.00939444958259208));
#1920=CARTESIAN_POINT('',(0.00850739972741648,0.0070931861650435,-0.00939444958372363));
#1921=CARTESIAN_POINT('',(0.00850676688053613,0.00709255331816301,-0.00889444522485411));
#1922=CARTESIAN_POINT('',(0.0086009368224007,0.00789383004121357,-0.00939044530634458));
#1923=CARTESIAN_POINT('',(0.00895449021298876,0.00754027665061551,-0.0093904453052126));
#1924=CARTESIAN_POINT('',(0.00895064499997074,0.00753643143759763,-0.00889046971730407));
#1925=CARTESIAN_POINT('',(0.00882544952751745,0.00811834274633016,-0.00938661836912041));
#1926=CARTESIAN_POINT('',(0.00917900291817636,0.0077647893558027,-0.00938661837195785));
#1927=CARTESIAN_POINT('',(0.0091725511319627,0.00775833756958958,-0.00888664907972698));
#1928=CARTESIAN_POINT('',(0.00927927567567677,0.00857216889449058,-0.0093655955584235));
#1929=CARTESIAN_POINT('',(0.00963282906620423,0.00821861550383165,-0.00936559555558582));
#1930=CARTESIAN_POINT('',(0.00961613152329974,0.00820191796092663,-0.00886610088292237));
#1931=CARTESIAN_POINT('',(0.00950846150887956,0.00880135472769327,-0.00934916516151541));
#1932=CARTESIAN_POINT('',(0.00986201490021535,0.00844780133784197,-0.00934916517120679));
#1933=CARTESIAN_POINT('',(0.00983830964413719,0.00842409608176408,-0.00884987185784993));
#1934=CARTESIAN_POINT('',(0.00986118029544673,0.00915407351426003,-0.00929513517563346));
#1935=CARTESIAN_POINT('',(0.0102147336856687,0.00880052012329577,-0.00929513517078777));
#1936=CARTESIAN_POINT('',(0.0101694772912884,0.00875526372891532,-0.00879914309515905));
#1937=CARTESIAN_POINT('',(0.00998000078086333,0.00927289399967676,-0.00927197973986141));
#1938=CARTESIAN_POINT('',(0.0103335541726182,0.00891934061024512,-0.00927197974840428));
#1939=CARTESIAN_POINT('',(0.0102790812004232,0.0088648676380501,-0.00877763295136943));
#1940=CARTESIAN_POINT('',(0.0102210857704996,0.00951397898931302,-0.00920641594483207));
#1941=CARTESIAN_POINT('',(0.0105746391599312,0.00916042559755812,-0.00920641593628918));
#1942=CARTESIAN_POINT('',(0.0104955821199464,0.00908136855757326,-0.00871875485571079));
#1943=CARTESIAN_POINT('',(0.0103434846253287,0.00963637784414225,-0.00916404649124634));
#1944=CARTESIAN_POINT('',(0.0106970380190648,0.00928282445669196,-0.00916404650433367));
#1945=CARTESIAN_POINT('',(0.0106024834194453,0.00918826985707221,-0.00868141203152241));
#1946=CARTESIAN_POINT('',(0.01052923316757,0.00982212638638341,-0.0090748334917323));
#1947=CARTESIAN_POINT('',(0.0108827865565919,0.00946857299421864,-0.00907483348518863));
#1948=CARTESIAN_POINT('',(0.0107595221562401,0.00934530859386697,-0.00860598802402981));
#1949=CARTESIAN_POINT('',(0.0105914808040239,0.00988437402283738,-0.00904075480273308));
#1950=CARTESIAN_POINT('',(0.0109450341966755,0.00953082063430243,-0.00904075480921609));
#1951=CARTESIAN_POINT('',(0.0108113106637468,0.00939709710137369,-0.00857757929477679));
#1952=CARTESIAN_POINT('',(0.0107158580448692,0.0100087512636827,-0.00896178063510559));
#1953=CARTESIAN_POINT('',(0.0110694114334042,0.00965519787103105,-0.00896178062862259));
#1954=CARTESIAN_POINT('',(0.0109135094051019,0.00949929584272877,-0.00851268750468651));
#1955=CARTESIAN_POINT('',(0.0107780271060761,0.0100709203248896,-0.00891668587954112));
#1956=CARTESIAN_POINT('',(0.011131580496756,0.00971736693438279,-0.00891668587974958));
#1957=CARTESIAN_POINT('',(0.0109639502558909,0.00954973669351779,-0.00847606116484619));
#1958=CARTESIAN_POINT('',(0.0108523760393692,0.0101452692581827,-0.00885493889947736));
#1959=CARTESIAN_POINT('',(0.0112059294299409,0.00979171586756779,-0.00885493889942525));
#1960=CARTESIAN_POINT('',(0.0110240415201843,0.00960982795781117,-0.00842615521579237));
#1961=CARTESIAN_POINT('',(0.0108666754174216,0.010159568636235,-0.00884269536049257));
#1962=CARTESIAN_POINT('',(0.0112202288073132,0.00980601524494004,-0.00884269535890741));
#1963=CARTESIAN_POINT('',(0.0110359391824263,0.00962172562005315,-0.00841595762461553));
#1964=CARTESIAN_POINT('',(0.0108968327296612,0.0101897259484746,-0.0088159976924181));
#1965=CARTESIAN_POINT('',(0.0112503861209561,0.00983617255858302,-0.00881599769400326));
#1966=CARTESIAN_POINT('',(0.0110594843599384,0.00964527079756526,-0.00839511355040035));
#1967=CARTESIAN_POINT('',(0.0109413946085815,0.0102342878273949,-0.00877507431568314));
#1968=CARTESIAN_POINT('',(0.0112949479988682,0.00988073443649505,-0.00877507431482683));
#1969=CARTESIAN_POINT('',(0.0110943728302901,0.00968015926791698,-0.0083630770621999));
#1970=CARTESIAN_POINT('',(0.0109839629541269,0.0102768561729403,-0.00873170404370295));
#1971=CARTESIAN_POINT('',(0.0113375163431397,0.00992330278076663,-0.00873170404078752));
#1972=CARTESIAN_POINT('',(0.011128019335037,0.00971380577266385,-0.00832881185122835));
#1973=CARTESIAN_POINT('',(0.0110665613964634,0.0103594546152768,-0.00864214913128574));
#1974=CARTESIAN_POINT('',(0.0114201147902175,0.0100059012278444,-0.00864214913711655));
#1975=CARTESIAN_POINT('',(0.0111937734657986,0.00977955990342553,-0.00825751989220239));
#1976=CARTESIAN_POINT('',(0.0111182385317581,0.0104111317505715,-0.00857871326842165));
#1977=CARTESIAN_POINT('',(0.0114717919192747,0.0100575783569016,-0.00857871326389286));
#1978=CARTESIAN_POINT('',(0.0112355600999826,0.0098213465376095,-0.00820631415056063));
#1979=CARTESIAN_POINT('',(0.0112644413916294,0.0105573346104426,-0.00838006759430218));
#1980=CARTESIAN_POINT('',(0.0116179947883758,0.0102037812260026,-0.00838006760335971));
#1981=CARTESIAN_POINT('',(0.0113556209193552,0.00994140735698207,-0.008043187654764));
#1982=CARTESIAN_POINT('',(0.0113505918750781,0.0106434850938912,-0.00823559650399014));
#1983=CARTESIAN_POINT('',(0.0117041452594604,0.0102899316970872,-0.00823559649752834));
#1984=CARTESIAN_POINT('',(0.0114289830482906,0.0100147694859175,-0.0079207959440571));
#1985=CARTESIAN_POINT('',(0.0115013477576657,0.0107942409764793,-0.00794579144788688));
#1986=CARTESIAN_POINT('',(0.0118549011544698,0.0104406875920968,-0.00794579145434866));
#1987=CARTESIAN_POINT('',(0.0115604843873321,0.010146270824959,-0.00766800482019233));
#1988=CARTESIAN_POINT('',(0.0115671303101261,0.0108600235289396,-0.00779887362108259));
#1989=CARTESIAN_POINT('',(0.0119206836966237,0.0105064701342508,-0.00779887361774162));
#1990=CARTESIAN_POINT('',(0.0116195574258404,0.0102053438634673,-0.00753646834874166));
#1991=CARTESIAN_POINT('',(0.0116572428195884,0.0109501360384019,-0.00757794964196271));
#1992=CARTESIAN_POINT('',(0.0120107962122296,0.0105965826498563,-0.0075779496436332));
#1993=CARTESIAN_POINT('',(0.0117019790433248,0.0102877654809517,-0.00733439973037796));
#1994=CARTESIAN_POINT('',(0.0116848763969582,0.0109777696157717,-0.00750684407099321));
#1995=CARTESIAN_POINT('',(0.012038429786549,0.0106242162241762,-0.00750684407022843));
#1996=CARTESIAN_POINT('',(0.011728473277762,0.0103142597153889,-0.0072662893300515));
#1997=CARTESIAN_POINT('',(0.0117394680456766,0.01103236126449,-0.00736375594656314));
#1998=CARTESIAN_POINT('',(0.0120930214372723,0.0106788078748989,-0.00736375594732792));
#1999=CARTESIAN_POINT('',(0.0117806757436745,0.0103664621813014,-0.00712946340909438));
#2000=CARTESIAN_POINT('',(0.0117660567440602,0.0110589499628737,-0.0072922386074051));
#2001=CARTESIAN_POINT('',(0.0121196101336663,0.0107053965712931,-0.00729223860668452));
#2002=CARTESIAN_POINT('',(0.0118062614054142,0.0103920478430411,-0.0070606535256691));
#2003=CARTESIAN_POINT('',(0.0118441861173483,0.0111370793361619,-0.00707815862956668));
#2004=CARTESIAN_POINT('',(0.012197739509916,0.0107835259475432,-0.00707815863100789));
#2005=CARTESIAN_POINT('',(0.0118819101444178,0.0104676965820447,-0.00685337066959497));
#2006=CARTESIAN_POINT('',(0.0118941121104309,0.0111870053292444,-0.00693611048957272));
#2007=CARTESIAN_POINT('',(0.0122476654996262,0.0108334519372527,-0.00693611048860008));
#2008=CARTESIAN_POINT('',(0.0119308874387233,0.0105166738763502,-0.00671406178492796));
#2009=CARTESIAN_POINT('',(0.012041179074771,0.0113340722935849,-0.00651327152354664));
#2010=CARTESIAN_POINT('',(0.0123947324681596,0.0109805189057873,-0.00651327152549118));
#2011=CARTESIAN_POINT('',(0.0120765328572452,0.0106623192948721,-0.00629530998495237));
#2012=CARTESIAN_POINT('',(0.012136145610179,0.0114290388289929,-0.00623625027354332));
#2013=CARTESIAN_POINT('',(0.0124896990007707,0.0110754854383941,-0.00623625027356495));
#2014=CARTESIAN_POINT('',(0.0121725238617807,0.0107583102994076,-0.00601532311480162));
#2015=CARTESIAN_POINT('',(0.0122335333695244,0.0115264265883378,-0.00596078823125167));
#2016=CARTESIAN_POINT('',(0.0125870867601176,0.0111728731977445,-0.00596078823125169));
#2017=CARTESIAN_POINT('',(0.0122708576671857,0.0108566441048126,-0.00573718518662898));
#2018=CARTESIAN_POINT('',(0.00809440235991187,0.00668018879753877,-0.00889442719100001));
#2019=CARTESIAN_POINT('',(0.0080950597222139,0.00668084619125634,-0.00901227466802208));
#2020=CARTESIAN_POINT('',(0.00802438537575819,0.0067541541780225,-0.00929259462742058));
#2021=CARTESIAN_POINT('',(0.00782748277964671,0.00695368056310319,-0.00939442192700919));
#2022=CARTESIAN_POINT('',(0.00774480464703275,0.00703766693966099,-0.00939442707120007));
#2023=CARTESIAN_POINT('',(0.0108996201616304,-0.0114742283446057,-0.00938557081636436));
#2024=CARTESIAN_POINT('',(-0.000514073236214184,-6.05349467611462E-5,-0.00938557081636435));
#2025=CARTESIAN_POINT('',(0.0106291728165241,-0.011744675689712,-0.00945853092877535));
#2026=CARTESIAN_POINT('',(-0.000784520581320461,-0.000330982291867423,-0.00945853092877534));
#2027=CARTESIAN_POINT('',(0.0104344892842511,-0.0119393592219849,-0.00918320683706424));
#2028=CARTESIAN_POINT('',(-0.000979204113593411,-0.000525665824140375,-0.00918320683706423));
#2029=CARTESIAN_POINT('',(0.0104860798744931,-0.011887768631743,-0.00880073653370715));
#2030=CARTESIAN_POINT('',(-0.000927613523351464,-0.000474075233898428,-0.00880073653370714));
#2031=CARTESIAN_POINT('',(0.00989949493661168,-0.0106066017177982,-0.00889442719100001));
#2032=CARTESIAN_POINT('',(0.00807687272115775,0.0075022645381824,-0.00938557081636435));
#2033=CARTESIAN_POINT('',(0.00024252465742473,-0.000332083525550616,-0.00938557081636435));
#2034=CARTESIAN_POINT('',(0.00834732006626403,0.00723181719307613,-0.00945853092877534));
#2035=CARTESIAN_POINT('',(0.00051297200253101,-0.000602530870656893,-0.00945853092877534));
#2036=CARTESIAN_POINT('',(0.00854200359853698,0.00703713366080317,-0.00918320683706423));
#2037=CARTESIAN_POINT('',(0.000707655534803961,-0.000797214402929846,-0.00918320683706423));
#2038=CARTESIAN_POINT('',(0.00849041300829503,0.00708872425104512,-0.00880073653370714));
#2039=CARTESIAN_POINT('',(0.000656064944562012,-0.000745623812687897,-0.00880073653370714));
#2040=CARTESIAN_POINT('',(0.000707106781186555,-7.18283939271647E-18,-0.008894427191));
#2041=CARTESIAN_POINT('',(0.0109739502969162,-0.00939964775928246,-0.00938557081636436));
#2042=CARTESIAN_POINT('',(0.00939964775928247,-0.0109739502969162,-0.00938557081636436));
#2043=CARTESIAN_POINT('',(0.0112443976420225,-0.00967009510438874,-0.00945853092877535));
#2044=CARTESIAN_POINT('',(0.00967009510438875,-0.0112443976420225,-0.00945853092877535));
#2045=CARTESIAN_POINT('',(0.0114390811742954,-0.00986477863666169,-0.00918320683706424));
#2046=CARTESIAN_POINT('',(0.0098647786366617,-0.0114390811742954,-0.00918320683706424));
#2047=CARTESIAN_POINT('',(0.0113874905840535,-0.00981318804641974,-0.00880073653370715));
#2048=CARTESIAN_POINT('',(0.00981318804641975,-0.0113874905840535,-0.00880073653370715));
#2049=CARTESIAN_POINT('',(0.0106066017177982,-0.00989949493661167,-0.00889442719100001));
#2050=CARTESIAN_POINT('',(6.05349467611413E-5,0.000514073236214179,-0.00938557081636434));
#2051=CARTESIAN_POINT('',(0.0114742283446057,-0.0108996201616304,-0.00938557081636435));
#2052=CARTESIAN_POINT('',(0.000330982291867421,0.00078452058132046,-0.00945853092877535));
#2053=CARTESIAN_POINT('',(0.011744675689712,-0.0106291728165241,-0.00945853092877536));
#2054=CARTESIAN_POINT('',(0.000525665824140377,0.000979204113593415,-0.00918320683706424));
#2055=CARTESIAN_POINT('',(0.0119393592219849,-0.0104344892842511,-0.00918320683706425));
#2056=CARTESIAN_POINT('',(0.000474075233898428,0.000927613523351466,-0.00880073653370714));
#2057=CARTESIAN_POINT('',(0.011887768631743,-0.0104860798744931,-0.00880073653370715));
#2058=MECHANICAL_DESIGN_GEOMETRIC_PRESENTATION_REPRESENTATION('',(#711),
#2059);
#2059=(
GEOMETRIC_REPRESENTATION_CONTEXT(3)
GLOBAL_UNCERTAINTY_ASSIGNED_CONTEXT((#2060))
GLOBAL_UNIT_ASSIGNED_CONTEXT((#2063,#2062,#2061))
REPRESENTATION_CONTEXT('Support','TOP_LEVEL_ASSEMBLY_PART')
);
#2060=UNCERTAINTY_MEASURE_WITH_UNIT(LENGTH_MEASURE(2.53127806835239E-5),
#2063,'DISTANCE_ACCURACY_VALUE','Maximum Tolerance applied to model');
#2061=(
NAMED_UNIT(*)
SI_UNIT($,.STERADIAN.)
SOLID_ANGLE_UNIT()
);
#2062=(
NAMED_UNIT(*)
PLANE_ANGLE_UNIT()
SI_UNIT($,.RADIAN.)
);
#2063=(
LENGTH_UNIT()
NAMED_UNIT(*)
SI_UNIT($,.METRE.)
);
#2064=PRODUCT_DEFINITION_SHAPE('','',#2065);
#2065=PRODUCT_DEFINITION('','',#2067,#2066);
#2066=PRODUCT_DEFINITION_CONTEXT('',#2073,'design');
#2067=PRODUCT_DEFINITION_FORMATION_WITH_SPECIFIED_SOURCE('','',#2069,
 .NOT_KNOWN.);
#2068=PRODUCT_RELATED_PRODUCT_CATEGORY('','',(#2069));
#2069=PRODUCT('Support','Support','Support',(#2071));
#2070=PRODUCT_CATEGORY('','');
#2071=PRODUCT_CONTEXT('',#2073,'mechanical');
#2072=APPLICATION_PROTOCOL_DEFINITION('international standard',
'ap242_managed_model_based_3d_engineering',2020,#2073);
#2073=APPLICATION_CONTEXT('managed model based 3d engineering');
ENDSEC;
END-ISO-10303-21;
