ISO-10303-21;
HEADER;
/* Generated by software containing ST-Developer
 * from STEP Tools, Inc. (www.steptools.com) 
 */
/* OPTION: using custom renumber hook */

FILE_DESCRIPTION(
/* description */ ('STEP AP242 Edition 2',
'CAx-IF Rec.Pracs.---Representation and Presentation of Product Manufa
cturing Information (PMI)---4.0---2014-10-13',
'CAx-IF Rec.Pracs.---3D Tessellated Geometry---0.4---2014-09-14','2;1',
'CAx-IF Rec.Pracs.---User Defined Attributes---1.5---2016-08-15'),
/* implementation_level */ '2;1');

FILE_NAME(
/* name */ 'Frame - CameraMount',
/* time_stamp */ '2026-05-10T10:10:49Z',
/* author */ (''),
/* organization */ (''),
/* preprocessor_version */ 'ST-DEVELOPER v20',
/* originating_system */ 'ONSHAPE BY PTC INC, 1.214',
/* authorisation */ '  ');

FILE_SCHEMA (('AP242_MANAGED_MODEL_BASED_3D_ENGINEERING_MIM_LF { 1 0 10303 442 3 1 4 }'));
ENDSEC;

DATA;
#10=SHAPE_REPRESENTATION_RELATIONSHIP('','',#291,#11);
#11=ADVANCED_BREP_SHAPE_REPRESENTATION('',(#289),#2714);
#12=PLANE('',#293);
#13=PLANE('',#294);
#14=LINE('',#579,#24);
#15=LINE('',#645,#25);
#16=LINE('',#662,#26);
#17=LINE('',#669,#27);
#18=LINE('',#1552,#28);
#19=LINE('',#1593,#29);
#20=LINE('',#2306,#30);
#21=LINE('',#2413,#31);
#22=LINE('',#2709,#32);
#23=LINE('',#2710,#33);
#24=VECTOR('',#297,1.);
#25=VECTOR('',#298,1.);
#26=VECTOR('',#299,1.);
#27=VECTOR('',#300,1.);
#28=VECTOR('',#301,1.);
#29=VECTOR('',#302,1.);
#30=VECTOR('',#303,1.);
#31=VECTOR('',#304,1.);
#32=VECTOR('',#305,1.);
#33=VECTOR('',#306,1.);
#34=ORIENTED_EDGE('',*,*,#122,.F.);
#35=ORIENTED_EDGE('',*,*,#123,.F.);
#36=ORIENTED_EDGE('',*,*,#124,.T.);
#37=ORIENTED_EDGE('',*,*,#125,.T.);
#38=ORIENTED_EDGE('',*,*,#123,.T.);
#39=ORIENTED_EDGE('',*,*,#126,.F.);
#40=ORIENTED_EDGE('',*,*,#127,.F.);
#41=ORIENTED_EDGE('',*,*,#128,.T.);
#42=ORIENTED_EDGE('',*,*,#129,.T.);
#43=ORIENTED_EDGE('',*,*,#130,.T.);
#44=ORIENTED_EDGE('',*,*,#127,.T.);
#45=ORIENTED_EDGE('',*,*,#131,.F.);
#46=ORIENTED_EDGE('',*,*,#132,.F.);
#47=ORIENTED_EDGE('',*,*,#133,.F.);
#48=ORIENTED_EDGE('',*,*,#133,.T.);
#49=ORIENTED_EDGE('',*,*,#134,.F.);
#50=ORIENTED_EDGE('',*,*,#135,.F.);
#51=ORIENTED_EDGE('',*,*,#136,.T.);
#52=ORIENTED_EDGE('',*,*,#137,.T.);
#53=ORIENTED_EDGE('',*,*,#138,.T.);
#54=ORIENTED_EDGE('',*,*,#139,.T.);
#55=ORIENTED_EDGE('',*,*,#135,.T.);
#56=ORIENTED_EDGE('',*,*,#140,.F.);
#57=ORIENTED_EDGE('',*,*,#141,.F.);
#58=ORIENTED_EDGE('',*,*,#142,.F.);
#59=ORIENTED_EDGE('',*,*,#143,.F.);
#60=ORIENTED_EDGE('',*,*,#144,.T.);
#61=ORIENTED_EDGE('',*,*,#145,.T.);
#62=ORIENTED_EDGE('',*,*,#143,.T.);
#63=ORIENTED_EDGE('',*,*,#146,.F.);
#64=ORIENTED_EDGE('',*,*,#147,.F.);
#65=ORIENTED_EDGE('',*,*,#148,.F.);
#66=ORIENTED_EDGE('',*,*,#149,.T.);
#67=ORIENTED_EDGE('',*,*,#150,.T.);
#68=ORIENTED_EDGE('',*,*,#151,.T.);
#69=ORIENTED_EDGE('',*,*,#148,.T.);
#70=ORIENTED_EDGE('',*,*,#152,.F.);
#71=ORIENTED_EDGE('',*,*,#153,.F.);
#72=ORIENTED_EDGE('',*,*,#154,.F.);
#73=ORIENTED_EDGE('',*,*,#155,.F.);
#74=ORIENTED_EDGE('',*,*,#155,.T.);
#75=ORIENTED_EDGE('',*,*,#156,.F.);
#76=ORIENTED_EDGE('',*,*,#157,.F.);
#77=ORIENTED_EDGE('',*,*,#158,.T.);
#78=ORIENTED_EDGE('',*,*,#159,.T.);
#79=ORIENTED_EDGE('',*,*,#160,.T.);
#80=ORIENTED_EDGE('',*,*,#157,.T.);
#81=ORIENTED_EDGE('',*,*,#161,.F.);
#82=ORIENTED_EDGE('',*,*,#162,.F.);
#83=ORIENTED_EDGE('',*,*,#163,.F.);
#84=ORIENTED_EDGE('',*,*,#163,.T.);
#85=ORIENTED_EDGE('',*,*,#164,.F.);
#86=ORIENTED_EDGE('',*,*,#125,.F.);
#87=ORIENTED_EDGE('',*,*,#165,.T.);
#88=ORIENTED_EDGE('',*,*,#156,.T.);
#89=ORIENTED_EDGE('',*,*,#154,.T.);
#90=ORIENTED_EDGE('',*,*,#153,.T.);
#91=ORIENTED_EDGE('',*,*,#152,.T.);
#92=ORIENTED_EDGE('',*,*,#147,.T.);
#93=ORIENTED_EDGE('',*,*,#146,.T.);
#94=ORIENTED_EDGE('',*,*,#142,.T.);
#95=ORIENTED_EDGE('',*,*,#141,.T.);
#96=ORIENTED_EDGE('',*,*,#140,.T.);
#97=ORIENTED_EDGE('',*,*,#134,.T.);
#98=ORIENTED_EDGE('',*,*,#132,.T.);
#99=ORIENTED_EDGE('',*,*,#131,.T.);
#100=ORIENTED_EDGE('',*,*,#126,.T.);
#101=ORIENTED_EDGE('',*,*,#122,.T.);
#102=ORIENTED_EDGE('',*,*,#164,.T.);
#103=ORIENTED_EDGE('',*,*,#162,.T.);
#104=ORIENTED_EDGE('',*,*,#161,.T.);
#105=ORIENTED_EDGE('',*,*,#158,.F.);
#106=ORIENTED_EDGE('',*,*,#160,.F.);
#107=ORIENTED_EDGE('',*,*,#159,.F.);
#108=ORIENTED_EDGE('',*,*,#165,.F.);
#109=ORIENTED_EDGE('',*,*,#124,.F.);
#110=ORIENTED_EDGE('',*,*,#128,.F.);
#111=ORIENTED_EDGE('',*,*,#130,.F.);
#112=ORIENTED_EDGE('',*,*,#129,.F.);
#113=ORIENTED_EDGE('',*,*,#136,.F.);
#114=ORIENTED_EDGE('',*,*,#139,.F.);
#115=ORIENTED_EDGE('',*,*,#138,.F.);
#116=ORIENTED_EDGE('',*,*,#137,.F.);
#117=ORIENTED_EDGE('',*,*,#145,.F.);
#118=ORIENTED_EDGE('',*,*,#144,.F.);
#119=ORIENTED_EDGE('',*,*,#151,.F.);
#120=ORIENTED_EDGE('',*,*,#150,.F.);
#121=ORIENTED_EDGE('',*,*,#149,.F.);
#122=EDGE_CURVE('',#166,#167,#200,.T.);
#123=EDGE_CURVE('',#168,#166,#14,.T.);
#124=EDGE_CURVE('',#168,#169,#201,.T.);
#125=EDGE_CURVE('',#169,#167,#15,.T.);
#126=EDGE_CURVE('',#170,#166,#16,.F.);
#127=EDGE_CURVE('',#171,#170,#202,.T.);
#128=EDGE_CURVE('',#171,#168,#17,.T.);
#129=EDGE_CURVE('',#172,#173,#203,.T.);
#130=EDGE_CURVE('',#173,#171,#204,.F.);
#131=EDGE_CURVE('',#174,#170,#205,.F.);
#132=EDGE_CURVE('',#175,#174,#206,.T.);
#133=EDGE_CURVE('',#172,#175,#207,.T.);
#134=EDGE_CURVE('',#176,#175,#208,.T.);
#135=EDGE_CURVE('',#177,#176,#209,.T.);
#136=EDGE_CURVE('',#177,#172,#210,.T.);
#137=EDGE_CURVE('',#178,#179,#211,.T.);
#138=EDGE_CURVE('',#179,#180,#18,.T.);
#139=EDGE_CURVE('',#180,#177,#212,.T.);
#140=EDGE_CURVE('',#181,#176,#213,.T.);
#141=EDGE_CURVE('',#182,#181,#19,.T.);
#142=EDGE_CURVE('',#183,#182,#214,.T.);
#143=EDGE_CURVE('',#178,#183,#215,.T.);
#144=EDGE_CURVE('',#184,#185,#216,.T.);
#145=EDGE_CURVE('',#185,#178,#217,.F.);
#146=EDGE_CURVE('',#186,#183,#218,.F.);
#147=EDGE_CURVE('',#187,#186,#219,.T.);
#148=EDGE_CURVE('',#184,#187,#220,.T.);
#149=EDGE_CURVE('',#188,#189,#221,.T.);
#150=EDGE_CURVE('',#189,#190,#20,.F.);
#151=EDGE_CURVE('',#190,#184,#222,.T.);
#152=EDGE_CURVE('',#191,#187,#223,.F.);
#153=EDGE_CURVE('',#192,#191,#21,.F.);
#154=EDGE_CURVE('',#193,#192,#224,.F.);
#155=EDGE_CURVE('',#188,#193,#225,.T.);
#156=EDGE_CURVE('',#194,#193,#226,.F.);
#157=EDGE_CURVE('',#195,#194,#227,.T.);
#158=EDGE_CURVE('',#195,#188,#228,.F.);
#159=EDGE_CURVE('',#196,#197,#229,.F.);
#160=EDGE_CURVE('',#197,#195,#230,.F.);
#161=EDGE_CURVE('',#198,#194,#231,.F.);
#162=EDGE_CURVE('',#199,#198,#232,.F.);
#163=EDGE_CURVE('',#196,#199,#233,.T.);
#164=EDGE_CURVE('',#167,#199,#22,.T.);
#165=EDGE_CURVE('',#169,#196,#23,.T.);
#166=VERTEX_POINT('',#577);
#167=VERTEX_POINT('',#578);
#168=VERTEX_POINT('',#580);
#169=VERTEX_POINT('',#644);
#170=VERTEX_POINT('',#663);
#171=VERTEX_POINT('',#668);
#172=VERTEX_POINT('',#837);
#173=VERTEX_POINT('',#838);
#174=VERTEX_POINT('',#878);
#175=VERTEX_POINT('',#884);
#176=VERTEX_POINT('',#909);
#177=VERTEX_POINT('',#914);
#178=VERTEX_POINT('',#1550);
#179=VERTEX_POINT('',#1551);
#180=VERTEX_POINT('',#1553);
#181=VERTEX_POINT('',#1592);
#182=VERTEX_POINT('',#1594);
#183=VERTEX_POINT('',#1640);
#184=VERTEX_POINT('',#1697);
#185=VERTEX_POINT('',#1698);
#186=VERTEX_POINT('',#1707);
#187=VERTEX_POINT('',#1712);
#188=VERTEX_POINT('',#2304);
#189=VERTEX_POINT('',#2305);
#190=VERTEX_POINT('',#2307);
#191=VERTEX_POINT('',#2412);
#192=VERTEX_POINT('',#2414);
#193=VERTEX_POINT('',#2441);
#194=VERTEX_POINT('',#2466);
#195=VERTEX_POINT('',#2471);
#196=VERTEX_POINT('',#2656);
#197=VERTEX_POINT('',#2657);
#198=VERTEX_POINT('',#2668);
#199=VERTEX_POINT('',#2688);
#200=B_SPLINE_CURVE_WITH_KNOTS('',3,(#512,#513,#514,#515,#516,#517,#518,
#519,#520,#521,#522,#523,#524,#525,#526,#527,#528,#529,#530,#531,#532,#533,
#534,#535,#536,#537,#538,#539,#540,#541,#542,#543,#544,#545,#546,#547,#548,
#549,#550,#551,#552,#553,#554,#555,#556,#557,#558,#559,#560,#561,#562,#563,
#564,#565,#566,#567,#568,#569,#570,#571,#572,#573,#574,#575,#576),
 .UNSPECIFIED.,.F.,.F.,(4,1,1,1,1,1,1,1,1,1,1,1,1,1,1,1,1,1,1,1,1,1,1,1,
1,1,1,1,1,1,3,1,1,1,1,1,1,1,1,1,1,1,1,1,1,1,1,1,1,1,1,1,1,1,1,1,1,1,1,1,
4),(0.638021901053258,0.640625,0.65625,0.6640625,0.671875,0.6875,0.703125,
0.71875,0.734375,0.7421875,0.75,0.7578125,0.765625,0.78125,0.796875,0.8125,
0.828125,0.8359375,0.84375,0.859375,0.875,0.890625,0.90625,0.9140625,0.921875,
0.9375,0.953125,0.96875,0.984375,0.9921875,1.,1.0078125,1.015625,1.03125,
1.046875,1.0625,1.078125,1.0859375,1.09375,1.109375,1.125,1.140625,1.15625,
1.1640625,1.171875,1.1875,1.203125,1.21875,1.234375,1.2421875,1.25,1.2578125,
1.265625,1.28125,1.296875,1.3125,1.328125,1.3359375,1.34375,1.359375,1.36197809836753),
 .UNSPECIFIED.);
#201=B_SPLINE_CURVE_WITH_KNOTS('',3,(#581,#582,#583,#584,#585,#586,#587,
#588,#589,#590,#591,#592,#593,#594,#595,#596,#597,#598,#599,#600,#601,#602,
#603,#604,#605,#606,#607,#608,#609,#610,#611,#612,#613,#614,#615,#616,#617,
#618,#619,#620,#621,#622,#623,#624,#625,#626,#627,#628,#629,#630,#631,#632,
#633,#634,#635,#636,#637,#638,#639,#640,#641,#642,#643),.UNSPECIFIED.,.F.,
 .F.,(4,1,1,1,1,1,1,1,1,1,1,1,1,1,1,1,1,1,1,1,1,1,1,1,1,1,1,1,1,3,1,1,1,
1,1,1,1,1,1,1,1,1,1,1,1,1,1,1,1,1,1,1,1,1,1,1,1,1,4),(0.644802745848971,
0.65625,0.6640625,0.671875,0.6875,0.703125,0.71875,0.734375,0.7421875,0.75,
0.7578125,0.765625,0.78125,0.796875,0.8125,0.828125,0.8359375,0.84375,0.859375,
0.875,0.890625,0.90625,0.9140625,0.921875,0.9375,0.953125,0.96875,0.984375,
0.9921875,1.,1.0078125,1.015625,1.03125,1.046875,1.0625,1.078125,1.0859375,
1.09375,1.109375,1.125,1.140625,1.15625,1.1640625,1.171875,1.1875,1.203125,
1.21875,1.234375,1.2421875,1.25,1.2578125,1.265625,1.28125,1.296875,1.3125,
1.328125,1.3359375,1.34375,1.35519725415103),.UNSPECIFIED.);
#202=B_SPLINE_CURVE_WITH_KNOTS('',3,(#664,#665,#666,#667),.UNSPECIFIED.,
 .F.,.F.,(4,4),(0.,1.),.PIECEWISE_BEZIER_KNOTS.);
#203=B_SPLINE_CURVE_WITH_KNOTS('',2,(#830,#831,#832,#833,#834,#835,#836),
 .UNSPECIFIED.,.F.,.F.,(3,2,2,3),(-0.00928716361824393,0.000700623619648975,
0.99947934740894,1.00956701251921),.PIECEWISE_BEZIER_KNOTS.);
#204=B_SPLINE_CURVE_WITH_KNOTS('',3,(#839,#840,#841,#842,#843,#844,#845,
#846,#847,#848,#849,#850,#851,#852,#853,#854,#855,#856,#857,#858),
 .UNSPECIFIED.,.F.,.F.,(4,1,1,1,1,1,1,1,1,1,1,1,1,1,1,1,1,4),(0.643999412285637,
0.65625,0.6640625,0.671875,0.6875,0.703125,0.71875,0.734375,0.7421875,0.75,
0.7578125,0.765625,0.78125,0.796875,0.8125,0.828125,0.8359375,0.836873387486409),
 .UNSPECIFIED.);
#205=B_SPLINE_CURVE_WITH_KNOTS('',3,(#859,#860,#861,#862,#863,#864,#865,
#866,#867,#868,#869,#870,#871,#872,#873,#874,#875,#876,#877),
 .UNSPECIFIED.,.F.,.F.,(4,1,1,1,1,1,1,1,1,1,1,1,1,1,1,1,4),(0.63720250903348,
0.640625,0.65625,0.6640625,0.671875,0.6875,0.703125,0.71875,0.734375,0.7421875,
0.75,0.7578125,0.765625,0.78125,0.796875,0.8125,0.817365843190854),
 .UNSPECIFIED.);
#206=B_SPLINE_CURVE_WITH_KNOTS('',2,(#879,#880,#881,#882,#883),
 .UNSPECIFIED.,.F.,.F.,(3,2,3),(0.,0.999502794876472,1.00949782282524),
 .PIECEWISE_BEZIER_KNOTS.);
#207=B_SPLINE_CURVE_WITH_KNOTS('',3,(#885,#886,#887,#888),.UNSPECIFIED.,
 .F.,.F.,(4,4),(0.,1.),.PIECEWISE_BEZIER_KNOTS.);
#208=B_SPLINE_CURVE_WITH_KNOTS('',3,(#905,#906,#907,#908),.UNSPECIFIED.,
 .F.,.F.,(4,4),(0.000228546872087795,0.520586575238262),
 .PIECEWISE_BEZIER_KNOTS.);
#209=B_SPLINE_CURVE_WITH_KNOTS('',3,(#910,#911,#912,#913),.UNSPECIFIED.,
 .F.,.F.,(4,4),(0.,1.),.PIECEWISE_BEZIER_KNOTS.);
#210=B_SPLINE_CURVE_WITH_KNOTS('',3,(#915,#916,#917,#918),.UNSPECIFIED.,
 .F.,.F.,(4,4),(0.000328307264718657,0.56893437245122),
 .PIECEWISE_BEZIER_KNOTS.);
#211=B_SPLINE_CURVE_WITH_KNOTS('',3,(#1495,#1496,#1497,#1498,#1499,#1500,
#1501,#1502,#1503,#1504,#1505,#1506,#1507,#1508,#1509,#1510,#1511,#1512,
#1513,#1514,#1515,#1516,#1517,#1518,#1519,#1520,#1521,#1522,#1523,#1524,
#1525,#1526,#1527,#1528,#1529,#1530,#1531,#1532,#1533,#1534,#1535,#1536,
#1537,#1538,#1539,#1540,#1541,#1542,#1543,#1544,#1545,#1546,#1547,#1548,
#1549),.UNSPECIFIED.,.F.,.F.,(4,1,1,1,1,1,1,1,1,1,1,1,1,1,1,1,1,1,1,1,1,
1,1,1,1,1,1,1,1,1,1,1,1,1,1,1,1,1,1,1,1,1,1,1,1,1,1,1,1,1,1,1,4),(0.00143640360045189,
0.00149581431438647,0.00152826068206479,0.00156070704974311,0.00159315341742144,
0.00162559978509976,0.0016904925204564,0.00175538525581304,0.00182027799116969,
0.00188517072652634,0.00195006346188297,0.00201495619723962,0.00207984893259626,
0.00214474166795291,0.00220963440330955,0.0022745271386662,0.00233941987402284,
0.00240431260937948,0.00246920534473613,0.00253409808009278,0.00259899081544942,
0.00266388355080606,0.00272877628616271,0.00279366902151935,0.00285856175687599,
0.00292345449223264,0.00298834722758929,0.00305323996294593,0.00308568633062425,
0.00311813269830258,0.00318302543365921,0.00324791816901586,0.00331281090437251,
0.00337770363972915,0.00344259637508579,0.00350748911044244,0.00353993547812076,
0.00357238184579908,0.00360482821347741,0.00363727458115572,0.00366972094883405,
0.00370216731651237,0.00376706005186901,0.00383195278722566,0.00389684552258231,
0.00396173825793895,0.00399418462561727,0.00402663099329559,0.00405907736097392,
0.00409152372865224,0.00415641646400888,0.00422130919936552,0.00428620193472217),
 .UNSPECIFIED.);
#212=B_SPLINE_CURVE_WITH_KNOTS('',3,(#1554,#1555,#1556,#1557,#1558,#1559,
#1560,#1561,#1562,#1563,#1564,#1565),.UNSPECIFIED.,.F.,.F.,(4,1,1,1,1,1,
1,1,1,4),(0.000119097625981729,0.000183984255103961,0.000248870884226192,
0.000313757513348424,0.000346200827909539,0.000378644142470656,0.000411087457031772,
0.000443530771592887,0.000475974086154003,0.000501429213965272),
 .UNSPECIFIED.);
#213=B_SPLINE_CURVE_WITH_KNOTS('',3,(#1566,#1567,#1568,#1569,#1570,#1571,
#1572,#1573,#1574,#1575,#1576,#1577,#1578,#1579,#1580,#1581,#1582,#1583,
#1584,#1585,#1586,#1587,#1588,#1589,#1590,#1591),.UNSPECIFIED.,.F.,.F.,
(4,1,1,1,1,1,1,1,1,1,1,1,1,1,1,1,1,1,1,1,1,1,1,4),(0.000119066424814533,
0.000245353756025883,0.000308497421631559,0.000371641087237234,0.000403212920040072,
0.00043478475284291,0.000497928418448585,0.00056107208405426,0.000624215749659936,
0.000687359415265611,0.000750503080871286,0.000782074913674124,0.000813646746476962,
0.000876790412082637,0.000939934077688312,0.00100307774329399,0.00106622140889966,
0.00112936507450534,0.00116093690730818,0.00119250874011101,0.00122408057291385,
0.00125565240571669,0.00131879607132236,0.00137503544188562),
 .UNSPECIFIED.);
#214=B_SPLINE_CURVE_WITH_KNOTS('',3,(#1595,#1596,#1597,#1598,#1599,#1600,
#1601,#1602,#1603,#1604,#1605,#1606,#1607,#1608,#1609,#1610,#1611,#1612,
#1613,#1614,#1615,#1616,#1617,#1618,#1619,#1620,#1621,#1622,#1623,#1624,
#1625,#1626,#1627,#1628,#1629,#1630,#1631,#1632,#1633,#1634,#1635,#1636,
#1637,#1638,#1639),.UNSPECIFIED.,.F.,.F.,(4,1,1,1,1,1,1,1,1,1,1,1,1,1,1,
1,1,1,1,1,1,1,1,1,1,1,1,1,1,1,1,1,1,1,1,1,1,1,1,1,1,1,4),(0.00208886744852314,
0.00209067888453635,0.00215382940769198,0.0022169799308476,0.00228013045400323,
0.00234328097715886,0.00240643150031448,0.00246958202347011,0.00253273254662573,
0.00256430780820354,0.00259588306978136,0.00265903359293698,0.00272218411609262,
0.00278533463924824,0.00284848516240386,0.00291163568555949,0.00294321094713731,
0.00297478620871512,0.00300636147029293,0.00303793673187074,0.00310108725502637,
0.00316423777818199,0.00322738830133762,0.00329053882449325,0.00335368934764887,
0.0034168398708045,0.00344841513238231,0.00347999039396013,0.00351156565553794,
0.00354314091711576,0.00360629144027138,0.00366944196342701,0.00373259248658264,
0.00379574300973826,0.00382731827131607,0.00385889353289388,0.0038904687944717,
0.00392204405604951,0.00395361931762732,0.00398519457920514,0.00404834510236076,
0.00411149562551639,0.00417464614867202),.UNSPECIFIED.);
#215=B_SPLINE_CURVE_WITH_KNOTS('',3,(#1641,#1642,#1643,#1644),
 .UNSPECIFIED.,.F.,.F.,(4,4),(0.,1.),.PIECEWISE_BEZIER_KNOTS.);
#216=B_SPLINE_CURVE_WITH_KNOTS('',3,(#1693,#1694,#1695,#1696),
 .UNSPECIFIED.,.F.,.F.,(4,4),(0.000138841320450124,1.),
 .PIECEWISE_BEZIER_KNOTS.);
#217=B_SPLINE_CURVE_WITH_KNOTS('',3,(#1699,#1700,#1701,#1702),
 .UNSPECIFIED.,.F.,.F.,(4,4),(0.000146446624129269,1.),
 .PIECEWISE_BEZIER_KNOTS.);
#218=B_SPLINE_CURVE_WITH_KNOTS('',3,(#1703,#1704,#1705,#1706),
 .UNSPECIFIED.,.F.,.F.,(4,4),(0.000197465866172743,1.),
 .PIECEWISE_BEZIER_KNOTS.);
#219=B_SPLINE_CURVE_WITH_KNOTS('',3,(#1708,#1709,#1710,#1711),
 .UNSPECIFIED.,.F.,.F.,(4,4),(0.000197662062608728,1.),
 .PIECEWISE_BEZIER_KNOTS.);
#220=B_SPLINE_CURVE_WITH_KNOTS('',3,(#1713,#1714,#1715,#1716),
 .UNSPECIFIED.,.F.,.F.,(4,4),(0.,1.),.PIECEWISE_BEZIER_KNOTS.);
#221=B_SPLINE_CURVE_WITH_KNOTS('',3,(#2293,#2294,#2295,#2296,#2297,#2298,
#2299,#2300,#2301,#2302,#2303),.UNSPECIFIED.,.F.,.F.,(4,1,1,1,1,1,1,1,4),
(0.00388800402970354,0.00394735584013553,0.00401224131067753,0.00404468404594852,
0.00407712678121952,0.00410956951649051,0.00414201225176151,0.0042068977223035,
0.00427178319284549),.UNSPECIFIED.);
#222=B_SPLINE_CURVE_WITH_KNOTS('',3,(#2308,#2309,#2310,#2311,#2312,#2313,
#2314,#2315,#2316,#2317,#2318,#2319,#2320,#2321,#2322,#2323,#2324,#2325,
#2326,#2327,#2328,#2329,#2330,#2331,#2332,#2333,#2334,#2335,#2336,#2337,
#2338,#2339,#2340,#2341,#2342,#2343,#2344,#2345,#2346,#2347,#2348,#2349,
#2350,#2351,#2352,#2353,#2354,#2355,#2356,#2357,#2358,#2359,#2360,#2361,
#2362,#2363,#2364,#2365,#2366),.UNSPECIFIED.,.F.,.F.,(4,1,1,1,1,1,1,1,1,
1,1,1,1,1,1,1,1,1,1,1,1,1,1,1,1,1,1,1,1,1,1,1,1,1,1,1,1,1,1,1,1,1,1,1,1,
1,1,1,1,1,1,1,1,1,1,1,4),(0.000113506597758037,0.000178391222340125,0.000243275846922213,
0.0003081604715043,0.000340602783795344,0.000373045096086389,0.000405487408377433,
0.000437929720668476,0.00047037203295952,0.000502814345250564,0.000567698969832652,
0.00063258359441474,0.000697468218996828,0.000729910531287872,0.000762352843578916,
0.00079479515586996,0.000827237468161004,0.000892122092743092,0.000957006717325179,
0.00102189134190727,0.00108677596648935,0.0011192182787804,0.00115166059107144,
0.00118410290336249,0.00121654521565353,0.00128142984023562,0.00134631446481771,
0.00141119908939979,0.00147608371398188,0.00154096833856397,0.00157341065085501,
0.00160585296314606,0.00167073758772815,0.00173562221231023,0.00180050683689232,
0.00186539146147441,0.0019302760860565,0.00199516071063859,0.00202760302292963,
0.00206004533522067,0.00209248764751171,0.00212492995980276,0.00218981458438485,
0.00225469920896694,0.00231958383354903,0.00238446845813112,0.0024493530827132,
0.00251423770729529,0.00254668001958634,0.00257912233187738,0.00261156464416842,
0.00264400695645946,0.00270889158104155,0.00277377620562364,0.00283866083020573,
0.00290354545478782,0.00296102116913104),.UNSPECIFIED.);
#223=B_SPLINE_CURVE_WITH_KNOTS('',3,(#2367,#2368,#2369,#2370,#2371,#2372,
#2373,#2374,#2375,#2376,#2377,#2378,#2379,#2380,#2381,#2382,#2383,#2384,
#2385,#2386,#2387,#2388,#2389,#2390,#2391,#2392,#2393,#2394,#2395,#2396,
#2397,#2398,#2399,#2400,#2401,#2402,#2403,#2404,#2405,#2406,#2407,#2408,
#2409,#2410,#2411),.UNSPECIFIED.,.F.,.F.,(4,1,1,1,1,1,1,1,1,1,1,1,1,1,1,
1,1,1,1,1,1,1,1,1,1,1,1,1,1,1,1,1,1,1,1,1,1,1,1,1,1,1,4),(0.00208887025399603,
0.00209067888453635,0.00215382940769198,0.0022169799308476,0.00228013045400323,
0.00234328097715886,0.00240643150031448,0.00246958202347011,0.00253273254662573,
0.00256430780820354,0.00259588306978136,0.00265903359293698,0.00272218411609262,
0.00278533463924824,0.00284848516240386,0.00291163568555949,0.00294321094713731,
0.00297478620871512,0.00300636147029293,0.00303793673187074,0.00310108725502637,
0.00316423777818199,0.00322738830133762,0.00329053882449325,0.00335368934764887,
0.0034168398708045,0.00344841513238231,0.00347999039396013,0.00351156565553794,
0.00354314091711576,0.00360629144027138,0.00366944196342701,0.00373259248658264,
0.00379574300973826,0.00382731827131607,0.00385889353289388,0.0038904687944717,
0.00392204405604951,0.00395361931762732,0.00398519457920514,0.00404834510236076,
0.00411149562551639,0.00417464614867202),.UNSPECIFIED.);
#224=B_SPLINE_CURVE_WITH_KNOTS('',3,(#2415,#2416,#2417,#2418,#2419,#2420,
#2421,#2422,#2423,#2424,#2425,#2426,#2427,#2428,#2429,#2430,#2431,#2432,
#2433,#2434,#2435,#2436,#2437,#2438,#2439,#2440),.UNSPECIFIED.,.F.,.F.,
(4,1,1,1,1,1,1,1,1,1,1,1,1,1,1,1,1,1,1,1,1,1,1,4),(0.000119066424814533,
0.000245353756025883,0.000308497421631559,0.000371641087237234,0.000403212920040072,
0.00043478475284291,0.000497928418448585,0.00056107208405426,0.000624215749659936,
0.000687359415265611,0.000750503080871286,0.000782074913674124,0.000813646746476962,
0.000876790412082637,0.000939934077688312,0.00100307774329399,0.00106622140889966,
0.00112936507450534,0.00116093690730818,0.00119250874011101,0.00122408057291385,
0.00125565240571669,0.00131879607132236,0.00137501330711375),
 .UNSPECIFIED.);
#225=B_SPLINE_CURVE_WITH_KNOTS('',3,(#2442,#2443,#2444,#2445),
 .UNSPECIFIED.,.F.,.F.,(4,4),(0.,1.),.PIECEWISE_BEZIER_KNOTS.);
#226=B_SPLINE_CURVE_WITH_KNOTS('',3,(#2462,#2463,#2464,#2465),
 .UNSPECIFIED.,.F.,.F.,(4,4),(0.000230065170369283,0.520586575238262),
 .PIECEWISE_BEZIER_KNOTS.);
#227=B_SPLINE_CURVE_WITH_KNOTS('',3,(#2467,#2468,#2469,#2470),
 .UNSPECIFIED.,.F.,.F.,(4,4),(0.,1.),.PIECEWISE_BEZIER_KNOTS.);
#228=B_SPLINE_CURVE_WITH_KNOTS('',3,(#2472,#2473,#2474,#2475),
 .UNSPECIFIED.,.F.,.F.,(4,4),(0.00017141312216329,0.568934372451681),
 .PIECEWISE_BEZIER_KNOTS.);
#229=B_SPLINE_CURVE_WITH_KNOTS('',3,(#2636,#2637,#2638,#2639,#2640,#2641,
#2642,#2643,#2644,#2645,#2646,#2647,#2648,#2649,#2650,#2651,#2652,#2653,
#2654,#2655),.UNSPECIFIED.,.F.,.F.,(4,1,1,1,1,1,1,1,1,1,1,1,1,1,1,1,1,4),
(0.163126612513697,0.1640625,0.171875,0.1875,0.203125,0.21875,0.234375,
0.2421875,0.25,0.2578125,0.265625,0.28125,0.296875,0.3125,0.328125,0.3359375,
0.34375,0.356000587714363),.UNSPECIFIED.);
#230=B_SPLINE_CURVE_WITH_KNOTS('',2,(#2658,#2659,#2660,#2661,#2662),
 .UNSPECIFIED.,.F.,.F.,(3,2,3),(0.000700623620925871,0.999479347409681,
1.00946713464757),.PIECEWISE_BEZIER_KNOTS.);
#231=B_SPLINE_CURVE_WITH_KNOTS('',2,(#2663,#2664,#2665,#2666,#2667),
 .UNSPECIFIED.,.F.,.F.,(3,2,3),(0.,0.999502664788138,1.00949769143602),
 .PIECEWISE_BEZIER_KNOTS.);
#232=B_SPLINE_CURVE_WITH_KNOTS('',3,(#2669,#2670,#2671,#2672,#2673,#2674,
#2675,#2676,#2677,#2678,#2679,#2680,#2681,#2682,#2683,#2684,#2685,#2686,
#2687),.UNSPECIFIED.,.F.,.F.,(4,1,1,1,1,1,1,1,1,1,1,1,1,1,1,1,4),(0.182634143823905,
0.1875,0.203125,0.21875,0.234375,0.2421875,0.25,0.2578125,0.265625,0.28125,
0.296875,0.3125,0.328125,0.3359375,0.34375,0.359375,0.36279749096652),
 .UNSPECIFIED.);
#233=B_SPLINE_CURVE_WITH_KNOTS('',3,(#2689,#2690,#2691,#2692),
 .UNSPECIFIED.,.F.,.F.,(4,4),(0.,1.),.PIECEWISE_BEZIER_KNOTS.);
#234=EDGE_LOOP('',(#34,#35,#36,#37));
#235=EDGE_LOOP('',(#38,#39,#40,#41));
#236=EDGE_LOOP('',(#42,#43,#44,#45,#46,#47));
#237=EDGE_LOOP('',(#48,#49,#50,#51));
#238=EDGE_LOOP('',(#52,#53,#54,#55,#56,#57,#58,#59));
#239=EDGE_LOOP('',(#60,#61,#62,#63,#64,#65));
#240=EDGE_LOOP('',(#66,#67,#68,#69,#70,#71,#72,#73));
#241=EDGE_LOOP('',(#74,#75,#76,#77));
#242=EDGE_LOOP('',(#78,#79,#80,#81,#82,#83));
#243=EDGE_LOOP('',(#84,#85,#86,#87));
#244=EDGE_LOOP('',(#88,#89,#90,#91,#92,#93,#94,#95,#96,#97,#98,#99,#100,
#101,#102,#103,#104));
#245=EDGE_LOOP('',(#105,#106,#107,#108,#109,#110,#111,#112,#113,#114,#115,
#116,#117,#118,#119,#120,#121));
#246=FACE_BOUND('',#234,.T.);
#247=FACE_BOUND('',#235,.T.);
#248=FACE_BOUND('',#236,.T.);
#249=FACE_BOUND('',#237,.T.);
#250=FACE_BOUND('',#238,.T.);
#251=FACE_BOUND('',#239,.T.);
#252=FACE_BOUND('',#240,.T.);
#253=FACE_BOUND('',#241,.T.);
#254=FACE_BOUND('',#242,.T.);
#255=FACE_BOUND('',#243,.T.);
#256=FACE_BOUND('',#244,.T.);
#257=FACE_BOUND('',#245,.T.);
#258=B_SPLINE_SURFACE_WITH_KNOTS('',3,3,((#312,#313,#314,#315),(#316,#317,
#318,#319),(#320,#321,#322,#323),(#324,#325,#326,#327),(#328,#329,#330,
#331),(#332,#333,#334,#335),(#336,#337,#338,#339),(#340,#341,#342,#343),
(#344,#345,#346,#347),(#348,#349,#350,#351),(#352,#353,#354,#355),(#356,
#357,#358,#359),(#360,#361,#362,#363),(#364,#365,#366,#367),(#368,#369,
#370,#371),(#372,#373,#374,#375),(#376,#377,#378,#379),(#380,#381,#382,
#383),(#384,#385,#386,#387),(#388,#389,#390,#391),(#392,#393,#394,#395),
(#396,#397,#398,#399),(#400,#401,#402,#403),(#404,#405,#406,#407),(#408,
#409,#410,#411),(#412,#413,#414,#415),(#416,#417,#418,#419),(#420,#421,
#422,#423),(#424,#425,#426,#427),(#428,#429,#430,#431),(#432,#433,#434,
#435),(#436,#437,#438,#439),(#440,#441,#442,#443),(#444,#445,#446,#447),
(#448,#449,#450,#451),(#452,#453,#454,#455),(#456,#457,#458,#459),(#460,
#461,#462,#463),(#464,#465,#466,#467),(#468,#469,#470,#471),(#472,#473,
#474,#475),(#476,#477,#478,#479),(#480,#481,#482,#483),(#484,#485,#486,
#487),(#488,#489,#490,#491),(#492,#493,#494,#495),(#496,#497,#498,#499),
(#500,#501,#502,#503),(#504,#505,#506,#507),(#508,#509,#510,#511)),
 .UNSPECIFIED.,.F.,.F.,.F.,(4,2,2,2,2,2,2,2,2,2,2,2,2,2,2,2,2,2,2,2,2,2,
2,2,4),(4,4),(0.,0.03125,0.0625,0.125,0.15625,0.1875,0.25,0.28125,0.3125,
0.375,0.40625,0.4375,0.5,0.5625,0.59375,0.625,0.6875,0.71875,0.75,0.8125,
0.84375,0.875,0.9375,0.96875,1.),(0.,1.),.UNSPECIFIED.);
#259=B_SPLINE_SURFACE_WITH_KNOTS('',3,3,((#646,#647,#648,#649),(#650,#651,
#652,#653),(#654,#655,#656,#657),(#658,#659,#660,#661)),.UNSPECIFIED.,.F.,
 .F.,.F.,(4,4),(4,4),(0.,1.),(0.,1.),.PIECEWISE_BEZIER_KNOTS.);
#260=B_SPLINE_SURFACE_WITH_KNOTS('',3,3,((#670,#671,#672,#673),(#674,#675,
#676,#677),(#678,#679,#680,#681),(#682,#683,#684,#685),(#686,#687,#688,
#689),(#690,#691,#692,#693),(#694,#695,#696,#697),(#698,#699,#700,#701),
(#702,#703,#704,#705),(#706,#707,#708,#709),(#710,#711,#712,#713),(#714,
#715,#716,#717),(#718,#719,#720,#721),(#722,#723,#724,#725),(#726,#727,
#728,#729),(#730,#731,#732,#733),(#734,#735,#736,#737),(#738,#739,#740,
#741),(#742,#743,#744,#745),(#746,#747,#748,#749),(#750,#751,#752,#753),
(#754,#755,#756,#757),(#758,#759,#760,#761),(#762,#763,#764,#765),(#766,
#767,#768,#769),(#770,#771,#772,#773),(#774,#775,#776,#777),(#778,#779,
#780,#781),(#782,#783,#784,#785),(#786,#787,#788,#789),(#790,#791,#792,
#793),(#794,#795,#796,#797),(#798,#799,#800,#801),(#802,#803,#804,#805),
(#806,#807,#808,#809),(#810,#811,#812,#813),(#814,#815,#816,#817),(#818,
#819,#820,#821),(#822,#823,#824,#825),(#826,#827,#828,#829)),
 .UNSPECIFIED.,.F.,.F.,.F.,(4,2,2,2,2,2,2,2,2,2,2,2,2,2,2,2,2,2,2,4),(4,
4),(0.,0.0355446532939011,0.0710893065878023,0.106633959881703,0.142178613175604,
0.177723266469506,0.213267919763407,0.248812573057308,0.284357226351209,
0.284400905719718,0.284531943825244,0.329084899704258,0.373812573057308,
0.463267919763407,0.552723266469506,0.642178613175605,0.731633959881703,
0.821089306587802,0.910544653293901,1.),(0.,1.),.UNSPECIFIED.);
#261=B_SPLINE_SURFACE_WITH_KNOTS('',3,3,((#889,#890,#891,#892),(#893,#894,
#895,#896),(#897,#898,#899,#900),(#901,#902,#903,#904)),.UNSPECIFIED.,.F.,
 .F.,.F.,(4,4),(4,4),(0.,1.),(0.,1.),.PIECEWISE_BEZIER_KNOTS.);
#262=B_SPLINE_SURFACE_WITH_KNOTS('',3,3,((#919,#920,#921,#922),(#923,#924,
#925,#926),(#927,#928,#929,#930),(#931,#932,#933,#934),(#935,#936,#937,
#938),(#939,#940,#941,#942),(#943,#944,#945,#946),(#947,#948,#949,#950),
(#951,#952,#953,#954),(#955,#956,#957,#958),(#959,#960,#961,#962),(#963,
#964,#965,#966),(#967,#968,#969,#970),(#971,#972,#973,#974),(#975,#976,
#977,#978),(#979,#980,#981,#982),(#983,#984,#985,#986),(#987,#988,#989,
#990),(#991,#992,#993,#994),(#995,#996,#997,#998),(#999,#1000,#1001,#1002),
(#1003,#1004,#1005,#1006),(#1007,#1008,#1009,#1010),(#1011,#1012,#1013,
#1014),(#1015,#1016,#1017,#1018),(#1019,#1020,#1021,#1022),(#1023,#1024,
#1025,#1026),(#1027,#1028,#1029,#1030),(#1031,#1032,#1033,#1034),(#1035,
#1036,#1037,#1038),(#1039,#1040,#1041,#1042),(#1043,#1044,#1045,#1046),
(#1047,#1048,#1049,#1050),(#1051,#1052,#1053,#1054),(#1055,#1056,#1057,
#1058),(#1059,#1060,#1061,#1062),(#1063,#1064,#1065,#1066),(#1067,#1068,
#1069,#1070),(#1071,#1072,#1073,#1074),(#1075,#1076,#1077,#1078),(#1079,
#1080,#1081,#1082),(#1083,#1084,#1085,#1086),(#1087,#1088,#1089,#1090),
(#1091,#1092,#1093,#1094),(#1095,#1096,#1097,#1098),(#1099,#1100,#1101,
#1102),(#1103,#1104,#1105,#1106),(#1107,#1108,#1109,#1110),(#1111,#1112,
#1113,#1114),(#1115,#1116,#1117,#1118),(#1119,#1120,#1121,#1122),(#1123,
#1124,#1125,#1126),(#1127,#1128,#1129,#1130),(#1131,#1132,#1133,#1134),
(#1135,#1136,#1137,#1138),(#1139,#1140,#1141,#1142),(#1143,#1144,#1145,
#1146),(#1147,#1148,#1149,#1150),(#1151,#1152,#1153,#1154),(#1155,#1156,
#1157,#1158),(#1159,#1160,#1161,#1162),(#1163,#1164,#1165,#1166),(#1167,
#1168,#1169,#1170),(#1171,#1172,#1173,#1174),(#1175,#1176,#1177,#1178),
(#1179,#1180,#1181,#1182),(#1183,#1184,#1185,#1186),(#1187,#1188,#1189,
#1190),(#1191,#1192,#1193,#1194),(#1195,#1196,#1197,#1198),(#1199,#1200,
#1201,#1202),(#1203,#1204,#1205,#1206),(#1207,#1208,#1209,#1210),(#1211,
#1212,#1213,#1214),(#1215,#1216,#1217,#1218),(#1219,#1220,#1221,#1222),
(#1223,#1224,#1225,#1226),(#1227,#1228,#1229,#1230),(#1231,#1232,#1233,
#1234),(#1235,#1236,#1237,#1238),(#1239,#1240,#1241,#1242),(#1243,#1244,
#1245,#1246),(#1247,#1248,#1249,#1250),(#1251,#1252,#1253,#1254),(#1255,
#1256,#1257,#1258),(#1259,#1260,#1261,#1262),(#1263,#1264,#1265,#1266),
(#1267,#1268,#1269,#1270),(#1271,#1272,#1273,#1274),(#1275,#1276,#1277,
#1278),(#1279,#1280,#1281,#1282),(#1283,#1284,#1285,#1286),(#1287,#1288,
#1289,#1290),(#1291,#1292,#1293,#1294),(#1295,#1296,#1297,#1298),(#1299,
#1300,#1301,#1302),(#1303,#1304,#1305,#1306),(#1307,#1308,#1309,#1310),
(#1311,#1312,#1313,#1314),(#1315,#1316,#1317,#1318),(#1319,#1320,#1321,
#1322),(#1323,#1324,#1325,#1326),(#1327,#1328,#1329,#1330),(#1331,#1332,
#1333,#1334),(#1335,#1336,#1337,#1338),(#1339,#1340,#1341,#1342),(#1343,
#1344,#1345,#1346),(#1347,#1348,#1349,#1350),(#1351,#1352,#1353,#1354),
(#1355,#1356,#1357,#1358),(#1359,#1360,#1361,#1362),(#1363,#1364,#1365,
#1366),(#1367,#1368,#1369,#1370),(#1371,#1372,#1373,#1374),(#1375,#1376,
#1377,#1378),(#1379,#1380,#1381,#1382),(#1383,#1384,#1385,#1386),(#1387,
#1388,#1389,#1390),(#1391,#1392,#1393,#1394),(#1395,#1396,#1397,#1398),
(#1399,#1400,#1401,#1402),(#1403,#1404,#1405,#1406),(#1407,#1408,#1409,
#1410),(#1411,#1412,#1413,#1414),(#1415,#1416,#1417,#1418),(#1419,#1420,
#1421,#1422),(#1423,#1424,#1425,#1426),(#1427,#1428,#1429,#1430),(#1431,
#1432,#1433,#1434),(#1435,#1436,#1437,#1438),(#1439,#1440,#1441,#1442),
(#1443,#1444,#1445,#1446),(#1447,#1448,#1449,#1450),(#1451,#1452,#1453,
#1454),(#1455,#1456,#1457,#1458),(#1459,#1460,#1461,#1462),(#1463,#1464,
#1465,#1466),(#1467,#1468,#1469,#1470),(#1471,#1472,#1473,#1474),(#1475,
#1476,#1477,#1478),(#1479,#1480,#1481,#1482),(#1483,#1484,#1485,#1486),
(#1487,#1488,#1489,#1490),(#1491,#1492,#1493,#1494)),.UNSPECIFIED.,.F.,
 .F.,.F.,(4,2,2,2,2,2,2,2,2,2,2,2,2,2,2,2,2,2,2,2,2,2,2,2,2,2,2,2,2,2,2,
2,2,2,2,2,2,2,2,2,2,2,2,2,2,2,2,2,2,2,2,2,2,2,2,2,2,2,2,2,2,2,2,2,2,2,2,
2,2,2,2,4),(4,4),(0.,0.0534486030907862,0.0801729046361793,0.106897206181572,
0.160345809272359,0.187070110817751,0.213794412363145,0.240518713908538,
0.267243015453931,0.320691618544717,0.374140221635503,0.400864523180896,
0.427588824726289,0.429273078036341,0.858757672099567,0.859309399942928,
0.859861127786289,0.860964583473011,0.862068039159733,0.863171494846455,
0.864274950533177,0.865378406219899,0.866481861906622,0.867585317593344,
0.868688773280066,0.869792228966788,0.87089568465351,0.871999140340232,
0.873102596026954,0.874206051713677,0.875309507400399,0.876412963087121,
0.877516418773843,0.878619874460565,0.879723330147287,0.880826785834009,
0.881930241520731,0.883033697207454,0.884137152894176,0.885240608580898,
0.88634406426762,0.887447519954342,0.888550975641064,0.889654431327786,
0.891861342701231,0.894068254074675,0.896275165448119,0.898482076821563,
0.900688988195008,0.902895899568452,0.907309722315341,0.909516633688785,
0.911723545062229,0.916137367809118,0.920551190556006,0.924965013302895,
0.927171924676339,0.929378836049783,0.931585747423228,0.933792658796672,
0.935999570170116,0.93820648154356,0.940413392917005,0.942620304290449,
0.944827215663893,0.947034127037337,0.949241038410782,0.951447949784226,
0.95365486115767,0.955861772531114,0.964689418024892,1.),(0.,1.),
 .UNSPECIFIED.);
#263=B_SPLINE_SURFACE_WITH_KNOTS('',3,3,((#1645,#1646,#1647,#1648,#1649,
#1650,#1651,#1652),(#1653,#1654,#1655,#1656,#1657,#1658,#1659,#1660),(#1661,
#1662,#1663,#1664,#1665,#1666,#1667,#1668),(#1669,#1670,#1671,#1672,#1673,
#1674,#1675,#1676),(#1677,#1678,#1679,#1680,#1681,#1682,#1683,#1684),(#1685,
#1686,#1687,#1688,#1689,#1690,#1691,#1692)),.UNSPECIFIED.,.F.,.F.,.F.,(4,
2,4),(4,2,2,4),(0.,0.5,1.),(-0.00600139817982306,0.247047421256154,0.753145060128108,
1.00619387956409),.UNSPECIFIED.);
#264=B_SPLINE_SURFACE_WITH_KNOTS('',3,3,((#1717,#1718,#1719,#1720),(#1721,
#1722,#1723,#1724),(#1725,#1726,#1727,#1728),(#1729,#1730,#1731,#1732),
(#1733,#1734,#1735,#1736),(#1737,#1738,#1739,#1740),(#1741,#1742,#1743,
#1744),(#1745,#1746,#1747,#1748),(#1749,#1750,#1751,#1752),(#1753,#1754,
#1755,#1756),(#1757,#1758,#1759,#1760),(#1761,#1762,#1763,#1764),(#1765,
#1766,#1767,#1768),(#1769,#1770,#1771,#1772),(#1773,#1774,#1775,#1776),
(#1777,#1778,#1779,#1780),(#1781,#1782,#1783,#1784),(#1785,#1786,#1787,
#1788),(#1789,#1790,#1791,#1792),(#1793,#1794,#1795,#1796),(#1797,#1798,
#1799,#1800),(#1801,#1802,#1803,#1804),(#1805,#1806,#1807,#1808),(#1809,
#1810,#1811,#1812),(#1813,#1814,#1815,#1816),(#1817,#1818,#1819,#1820),
(#1821,#1822,#1823,#1824),(#1825,#1826,#1827,#1828),(#1829,#1830,#1831,
#1832),(#1833,#1834,#1835,#1836),(#1837,#1838,#1839,#1840),(#1841,#1842,
#1843,#1844),(#1845,#1846,#1847,#1848),(#1849,#1850,#1851,#1852),(#1853,
#1854,#1855,#1856),(#1857,#1858,#1859,#1860),(#1861,#1862,#1863,#1864),
(#1865,#1866,#1867,#1868),(#1869,#1870,#1871,#1872),(#1873,#1874,#1875,
#1876),(#1877,#1878,#1879,#1880),(#1881,#1882,#1883,#1884),(#1885,#1886,
#1887,#1888),(#1889,#1890,#1891,#1892),(#1893,#1894,#1895,#1896),(#1897,
#1898,#1899,#1900),(#1901,#1902,#1903,#1904),(#1905,#1906,#1907,#1908),
(#1909,#1910,#1911,#1912),(#1913,#1914,#1915,#1916),(#1917,#1918,#1919,
#1920),(#1921,#1922,#1923,#1924),(#1925,#1926,#1927,#1928),(#1929,#1930,
#1931,#1932),(#1933,#1934,#1935,#1936),(#1937,#1938,#1939,#1940),(#1941,
#1942,#1943,#1944),(#1945,#1946,#1947,#1948),(#1949,#1950,#1951,#1952),
(#1953,#1954,#1955,#1956),(#1957,#1958,#1959,#1960),(#1961,#1962,#1963,
#1964),(#1965,#1966,#1967,#1968),(#1969,#1970,#1971,#1972),(#1973,#1974,
#1975,#1976),(#1977,#1978,#1979,#1980),(#1981,#1982,#1983,#1984),(#1985,
#1986,#1987,#1988),(#1989,#1990,#1991,#1992),(#1993,#1994,#1995,#1996),
(#1997,#1998,#1999,#2000),(#2001,#2002,#2003,#2004),(#2005,#2006,#2007,
#2008),(#2009,#2010,#2011,#2012),(#2013,#2014,#2015,#2016),(#2017,#2018,
#2019,#2020),(#2021,#2022,#2023,#2024),(#2025,#2026,#2027,#2028),(#2029,
#2030,#2031,#2032),(#2033,#2034,#2035,#2036),(#2037,#2038,#2039,#2040),
(#2041,#2042,#2043,#2044),(#2045,#2046,#2047,#2048),(#2049,#2050,#2051,
#2052),(#2053,#2054,#2055,#2056),(#2057,#2058,#2059,#2060),(#2061,#2062,
#2063,#2064),(#2065,#2066,#2067,#2068),(#2069,#2070,#2071,#2072),(#2073,
#2074,#2075,#2076),(#2077,#2078,#2079,#2080),(#2081,#2082,#2083,#2084),
(#2085,#2086,#2087,#2088),(#2089,#2090,#2091,#2092),(#2093,#2094,#2095,
#2096),(#2097,#2098,#2099,#2100),(#2101,#2102,#2103,#2104),(#2105,#2106,
#2107,#2108),(#2109,#2110,#2111,#2112),(#2113,#2114,#2115,#2116),(#2117,
#2118,#2119,#2120),(#2121,#2122,#2123,#2124),(#2125,#2126,#2127,#2128),
(#2129,#2130,#2131,#2132),(#2133,#2134,#2135,#2136),(#2137,#2138,#2139,
#2140),(#2141,#2142,#2143,#2144),(#2145,#2146,#2147,#2148),(#2149,#2150,
#2151,#2152),(#2153,#2154,#2155,#2156),(#2157,#2158,#2159,#2160),(#2161,
#2162,#2163,#2164),(#2165,#2166,#2167,#2168),(#2169,#2170,#2171,#2172),
(#2173,#2174,#2175,#2176),(#2177,#2178,#2179,#2180),(#2181,#2182,#2183,
#2184),(#2185,#2186,#2187,#2188),(#2189,#2190,#2191,#2192),(#2193,#2194,
#2195,#2196),(#2197,#2198,#2199,#2200),(#2201,#2202,#2203,#2204),(#2205,
#2206,#2207,#2208),(#2209,#2210,#2211,#2212),(#2213,#2214,#2215,#2216),
(#2217,#2218,#2219,#2220),(#2221,#2222,#2223,#2224),(#2225,#2226,#2227,
#2228),(#2229,#2230,#2231,#2232),(#2233,#2234,#2235,#2236),(#2237,#2238,
#2239,#2240),(#2241,#2242,#2243,#2244),(#2245,#2246,#2247,#2248),(#2249,
#2250,#2251,#2252),(#2253,#2254,#2255,#2256),(#2257,#2258,#2259,#2260),
(#2261,#2262,#2263,#2264),(#2265,#2266,#2267,#2268),(#2269,#2270,#2271,
#2272),(#2273,#2274,#2275,#2276),(#2277,#2278,#2279,#2280),(#2281,#2282,
#2283,#2284),(#2285,#2286,#2287,#2288),(#2289,#2290,#2291,#2292)),
 .UNSPECIFIED.,.F.,.F.,.F.,(4,2,2,2,2,2,2,2,2,2,2,2,2,2,2,2,2,2,2,2,2,2,
2,2,2,2,2,2,2,2,2,2,2,2,2,2,2,2,2,2,2,2,2,2,2,2,2,2,2,2,2,2,2,2,2,2,2,2,
2,2,2,2,2,2,2,2,2,2,2,2,2,4),(4,4),(0.,0.0353445147168761,0.0441806433960952,
0.0463896755658999,0.0485987077357047,0.0508077399055094,0.0530167720753142,
0.0552258042451189,0.0574348364149237,0.0596438685847284,0.0618529007545332,
0.064061932924338,0.0662709650941427,0.0684799972639475,0.0706890294337522,
0.072898061603557,0.0751070937733617,0.0795251581129712,0.0839432224525808,
0.0883612867921903,0.090570318961995,0.0927793511317998,0.0971974154714093,
0.0994064476412141,0.101615479811019,0.103824511980824,0.106033544150628,
0.108242576320433,0.110451608490238,0.11155612457514,0.112660640660043,
0.113765156744945,0.114869672829847,0.11597418891475,0.117078704999652,
0.118183221084554,0.119287737169457,0.120392253254359,0.121496769339262,
0.122601285424164,0.123705801509066,0.124810317593969,0.125914833678871,
0.127019349763773,0.128123865848676,0.129228381933578,0.130332898018481,
0.131437414103383,0.132541930188285,0.133646446273188,0.13475096235809,
0.135855478442993,0.136959994527895,0.138064510612797,0.1391690266977,0.140273542782602,
0.141378058867504,0.142220034969719,0.572469823201558,0.574139862954677,
0.59919045925146,0.625911095301363,0.652631731351266,0.679352367401168,
0.732793639500974,0.786234911600779,0.812955547650682,0.839676183700584,
0.893117455800389,0.919838091850292,0.946558727900195,1.),(0.,1.),
 .UNSPECIFIED.);
#265=B_SPLINE_SURFACE_WITH_KNOTS('',3,3,((#2446,#2447,#2448,#2449),(#2450,
#2451,#2452,#2453),(#2454,#2455,#2456,#2457),(#2458,#2459,#2460,#2461)),
 .UNSPECIFIED.,.F.,.F.,.F.,(4,4),(4,4),(0.,1.),(0.,1.),
 .PIECEWISE_BEZIER_KNOTS.);
#266=B_SPLINE_SURFACE_WITH_KNOTS('',3,3,((#2476,#2477,#2478,#2479),(#2480,
#2481,#2482,#2483),(#2484,#2485,#2486,#2487),(#2488,#2489,#2490,#2491),
(#2492,#2493,#2494,#2495),(#2496,#2497,#2498,#2499),(#2500,#2501,#2502,
#2503),(#2504,#2505,#2506,#2507),(#2508,#2509,#2510,#2511),(#2512,#2513,
#2514,#2515),(#2516,#2517,#2518,#2519),(#2520,#2521,#2522,#2523),(#2524,
#2525,#2526,#2527),(#2528,#2529,#2530,#2531),(#2532,#2533,#2534,#2535),
(#2536,#2537,#2538,#2539),(#2540,#2541,#2542,#2543),(#2544,#2545,#2546,
#2547),(#2548,#2549,#2550,#2551),(#2552,#2553,#2554,#2555),(#2556,#2557,
#2558,#2559),(#2560,#2561,#2562,#2563),(#2564,#2565,#2566,#2567),(#2568,
#2569,#2570,#2571),(#2572,#2573,#2574,#2575),(#2576,#2577,#2578,#2579),
(#2580,#2581,#2582,#2583),(#2584,#2585,#2586,#2587),(#2588,#2589,#2590,
#2591),(#2592,#2593,#2594,#2595),(#2596,#2597,#2598,#2599),(#2600,#2601,
#2602,#2603),(#2604,#2605,#2606,#2607),(#2608,#2609,#2610,#2611),(#2612,
#2613,#2614,#2615),(#2616,#2617,#2618,#2619),(#2620,#2621,#2622,#2623),
(#2624,#2625,#2626,#2627),(#2628,#2629,#2630,#2631),(#2632,#2633,#2634,
#2635)),.UNSPECIFIED.,.F.,.F.,.F.,(4,2,2,2,2,2,2,2,2,2,2,2,2,2,2,2,2,2,
2,4),(4,4),(0.,0.08945650582047,0.17891301164094,0.26836951746141,0.35782602328188,
0.44728252910235,0.53673903492282,0.62619554074329,0.670923793653525,0.71565204656376,
0.71572146745083,0.715929730112038,0.75119554074329,0.78673903492282,0.82228252910235,
0.85782602328188,0.89336951746141,0.92891301164094,0.96445650582047,1.),
(0.,1.),.UNSPECIFIED.);
#267=B_SPLINE_SURFACE_WITH_KNOTS('',3,3,((#2693,#2694,#2695,#2696),(#2697,
#2698,#2699,#2700),(#2701,#2702,#2703,#2704),(#2705,#2706,#2707,#2708)),
 .UNSPECIFIED.,.F.,.F.,.F.,(4,4),(4,4),(0.,1.),(0.,1.),
 .PIECEWISE_BEZIER_KNOTS.);
#268=ADVANCED_FACE('',(#246),#258,.T.);
#269=ADVANCED_FACE('',(#247),#259,.T.);
#270=ADVANCED_FACE('',(#248),#260,.T.);
#271=ADVANCED_FACE('',(#249),#261,.T.);
#272=ADVANCED_FACE('',(#250),#262,.T.);
#273=ADVANCED_FACE('',(#251),#263,.T.);
#274=ADVANCED_FACE('',(#252),#264,.T.);
#275=ADVANCED_FACE('',(#253),#265,.T.);
#276=ADVANCED_FACE('',(#254),#266,.T.);
#277=ADVANCED_FACE('',(#255),#267,.T.);
#278=ADVANCED_FACE('',(#256),#12,.F.);
#279=ADVANCED_FACE('',(#257),#13,.T.);
#280=CLOSED_SHELL('',(#268,#269,#270,#271,#272,#273,#274,#275,#276,#277,
#278,#279));
#281=STYLED_ITEM('',(#282),#289);
#282=PRESENTATION_STYLE_ASSIGNMENT((#283));
#283=SURFACE_STYLE_USAGE(.BOTH.,#284);
#284=SURFACE_SIDE_STYLE('',(#285));
#285=SURFACE_STYLE_FILL_AREA(#286);
#286=FILL_AREA_STYLE('',(#287));
#287=FILL_AREA_STYLE_COLOUR('',#288);
#288=COLOUR_RGB('',0.980392156862745,0.713725490196078,0.00392156862745098);
#289=MANIFOLD_SOLID_BREP('CameraMount',#280);
#290=SHAPE_DEFINITION_REPRESENTATION(#2719,#291);
#291=SHAPE_REPRESENTATION('CameraMount',(#292),#2714);
#292=AXIS2_PLACEMENT_3D('',#311,#295,#296);
#293=AXIS2_PLACEMENT_3D('',#2711,#307,#308);
#294=AXIS2_PLACEMENT_3D('',#2712,#309,#310);
#295=DIRECTION('',(0.,0.,1.));
#296=DIRECTION('',(1.,0.,0.));
#297=DIRECTION('',(-0.731794979671908,-0.653828031802819,-0.192314878664764));
#298=DIRECTION('',(-0.653828031643504,-0.731794979773383,-0.192314878820274));
#299=DIRECTION('',(0.531919348797272,-0.531919348797272,0.658880575484034));
#300=DIRECTION('',(-0.551363263889212,0.551363263889211,-0.62609671973815));
#301=DIRECTION('',(4.32978028117746E-17,4.32978028117746E-17,1.));
#302=DIRECTION('',(4.32978028117746E-17,4.32978028117746E-17,1.));
#303=DIRECTION('',(4.32978028117746E-17,4.32978028117746E-17,1.));
#304=DIRECTION('',(7.37187193202498E-16,-6.50591587578948E-16,1.));
#305=DIRECTION('',(-0.531919348797273,0.531919348797273,0.658880575484032));
#306=DIRECTION('',(-0.551363263889211,0.551363263889211,0.626096719738151));
#307=DIRECTION('',(0.707106781186547,0.707106781186548,-6.12323399573677E-17));
#308=DIRECTION('',(-0.707106781186548,0.707106781186547,-6.12323399573676E-17));
#309=DIRECTION('',(0.707106781186547,0.707106781186548,-6.12323399573677E-17));
#310=DIRECTION('',(-0.707106781186548,0.707106781186547,-6.12323399573676E-17));
#311=CARTESIAN_POINT('',(0.,0.,0.));
#312=CARTESIAN_POINT('',(0.0370330776873785,0.0311697685854578,0.00849218166177927));
#313=CARTESIAN_POINT('',(0.0364106654965251,0.0306136694743337,0.00832861245415506));
#314=CARTESIAN_POINT('',(0.0357882533056717,0.0300575703632095,0.00816504324653084));
#315=CARTESIAN_POINT('',(0.0351658411148182,0.0295014712520852,0.00800147403890663));
#316=CARTESIAN_POINT('',(0.0371387800080566,0.0310640662647797,0.00829329161559712));
#317=CARTESIAN_POINT('',(0.0365170585784202,0.0305072763924386,0.00812972240792072));
#318=CARTESIAN_POINT('',(0.0359010149037209,0.0299448087651602,0.00796934735666488));
#319=CARTESIAN_POINT('',(0.0352792934740844,0.029388018892819,0.00780577814898848));
#320=CARTESIAN_POINT('',(0.0372353436345854,0.0309675026382508,0.00808295648376532));
#321=CARTESIAN_POINT('',(0.0366143129661659,0.0304100220046928,0.00791938727603672));
#322=CARTESIAN_POINT('',(0.0360044301459333,0.0298413935229478,0.00776163726951866));
#323=CARTESIAN_POINT('',(0.0353833994775138,0.0292839128893897,0.00759806806179006));
#324=CARTESIAN_POINT('',(0.0374078325557322,0.030795013717104,0.00764338055183195));
#325=CARTESIAN_POINT('',(0.0367881834097465,0.0302361515611121,0.00747981134399897));
#326=CARTESIAN_POINT('',(0.0361906756022493,0.0296551480666318,0.00732503109909402));
#327=CARTESIAN_POINT('',(0.0355710264562636,0.02909628591064,0.00716146189126104));
#328=CARTESIAN_POINT('',(0.0374832246317685,0.0307196216410677,0.00741556967538279));
#329=CARTESIAN_POINT('',(0.0368642662469998,0.0301600687238589,0.00725200046749762));
#330=CARTESIAN_POINT('',(0.0362733193526298,0.0295725043162514,0.00709632628152568));
#331=CARTESIAN_POINT('',(0.035654360967861,0.0290129513990425,0.00693275707364051));
#332=CARTESIAN_POINT('',(0.0376754053967396,0.0305274408760967,0.00671459278061528));
#333=CARTESIAN_POINT('',(0.0370585192956216,0.0299658156752372,0.00655102357257353));
#334=CARTESIAN_POINT('',(0.0364854163832816,0.0293604072855995,0.00639221809752065));
#335=CARTESIAN_POINT('',(0.0358685302821636,0.0287987820847399,0.00622864888947891));
#336=CARTESIAN_POINT('',(0.0377584997702238,0.0304443465026125,0.00622316250295883));
#337=CARTESIAN_POINT('',(0.0371429951915395,0.0298813397793191,0.0060595932948127));
#338=CARTESIAN_POINT('',(0.0365804161811636,0.0292654074877175,0.00589579649976216));
#339=CARTESIAN_POINT('',(0.0359649116024794,0.0287024007644241,0.00573222729161603));
#340=CARTESIAN_POINT('',(0.037811752087229,0.0303910941856072,0.00547129700213192));
#341=CARTESIAN_POINT('',(0.0371983197921956,0.0298260151786631,0.00530772779382922));
#342=CARTESIAN_POINT('',(0.0366492254156563,0.0291965982532248,0.00513327824419558));
#343=CARTESIAN_POINT('',(0.0360357931206229,0.0286315192462806,0.00496970903589287));
#344=CARTESIAN_POINT('',(0.0378175737546804,0.0303852725181558,0.00521751855383837));
#345=CARTESIAN_POINT('',(0.037204832220864,0.0298195027499948,0.00505394934548348));
#346=CARTESIAN_POINT('',(0.0366598816534921,0.0291859420153889,0.00487578439224321));
#347=CARTESIAN_POINT('',(0.0360471401196756,0.0286201722472278,0.00471221518388831));
#348=CARTESIAN_POINT('',(0.0378049321255787,0.0303979141472575,0.00471212924700789));
#349=CARTESIAN_POINT('',(0.0371935721141961,0.0298307628566626,0.00454856003854862));
#350=CARTESIAN_POINT('',(0.0366559615280432,0.029189862140838,0.00435994530919977));
#351=CARTESIAN_POINT('',(0.0360446015166605,0.028622710850243,0.00419637610074049));
#352=CARTESIAN_POINT('',(0.0377865609336451,0.0304162853391912,0.00446123701005958));
#353=CARTESIAN_POINT('',(0.0371758916834793,0.0298484432873794,0.00429766780154811));
#354=CARTESIAN_POINT('',(0.0366414162903011,0.02920440737858,0.00410306199432773));
#355=CARTESIAN_POINT('',(0.0360307470401355,0.0286365653267681,0.00393949278581626));
#356=CARTESIAN_POINT('',(0.037696262922005,0.0305065833508312,0.00371851769241201));
#357=CARTESIAN_POINT('',(0.0370876659554901,0.0299366690153686,0.00355494848374396));
#358=CARTESIAN_POINT('',(0.0365610480086893,0.0292847756601918,0.00334239766369726));
#359=CARTESIAN_POINT('',(0.0359524510421744,0.0287148613247291,0.00317882845502921));
#360=CARTESIAN_POINT('',(0.0375891685746308,0.0306136776982054,0.00323703126065261));
#361=CARTESIAN_POINT('',(0.0369819531305497,0.030042381840309,0.00307346205188018));
#362=CARTESIAN_POINT('',(0.0364584886219879,0.0293873350468932,0.0028480052833421));
#363=CARTESIAN_POINT('',(0.0358512731779068,0.0288160391889968,0.00268443607456967));
#364=CARTESIAN_POINT('',(0.0373618891889132,0.030840957083923,0.00255628689191538));
#365=CARTESIAN_POINT('',(0.0367567460284829,0.0302675889423757,0.00239271768298638));
#366=CARTESIAN_POINT('',(0.0362352242752903,0.0296105993935907,0.00214799999753878));
#367=CARTESIAN_POINT('',(0.03563008111486,0.0290372312520435,0.00198443078860977));
#368=CARTESIAN_POINT('',(0.0372747514101677,0.0309280948626686,0.00233584662632994));
#369=CARTESIAN_POINT('',(0.0366702990109543,0.0303540359599044,0.00217227741734874));
#370=CARTESIAN_POINT('',(0.0361488689965913,0.0296969546722898,0.00192085884646865));
#371=CARTESIAN_POINT('',(0.0355444165973779,0.0291228957695257,0.00175728963748745));
#372=CARTESIAN_POINT('',(0.0370813673405479,0.0311214789322883,0.0019172078005014));
#373=CARTESIAN_POINT('',(0.0364782964637684,0.0305460385070903,0.00175363859141583));
#374=CARTESIAN_POINT('',(0.0359557239432988,0.0298900997255823,0.00148854163827948));
#375=CARTESIAN_POINT('',(0.0353526530665192,0.0293146593003843,0.0013249724291939));
#376=CARTESIAN_POINT('',(0.0369749867110535,0.0312278595617828,0.00171842282545402));
#377=CARTESIAN_POINT('',(0.0363726065954908,0.0306517283753679,0.00155485361631625));
#378=CARTESIAN_POINT('',(0.0358489672487672,0.0299968564201139,0.00128314063536954));
#379=CARTESIAN_POINT('',(0.0352465871332045,0.029420725233699,0.00111957142623177));
#380=CARTESIAN_POINT('',(0.0366293669322034,0.0315734793406328,0.00115754471601264));
#381=CARTESIAN_POINT('',(0.0360290591002915,0.0309952758705671,0.000993975506718297));
#382=CARTESIAN_POINT('',(0.0355008914856098,0.0303449321832713,0.000703321529519689));
#383=CARTESIAN_POINT('',(0.0349005836536979,0.0297667287132057,0.000539752320225343));
#384=CARTESIAN_POINT('',(0.0363636551956316,0.0318391910772047,0.000830942492416255));
#385=CARTESIAN_POINT('',(0.0357647288861535,0.0312596060847052,0.000667373283017525));
#386=CARTESIAN_POINT('',(0.0352317744874288,0.0306140491814523,0.000365301339241914));
#387=CARTESIAN_POINT('',(0.0346328481779508,0.0300344641889528,0.000201732129843185));
#388=CARTESIAN_POINT('',(0.0359227429874461,0.0322801032853902,0.000427929382775684));
#389=CARTESIAN_POINT('',(0.0353258889616188,0.0316984460092399,0.000264360173220379));
#390=CARTESIAN_POINT('',(0.0347836683235831,0.031062155345298,-5.21633561904043E-5));
#391=CARTESIAN_POINT('',(0.0341868142977558,0.0304804980691477,-0.000215732565745709));
#392=CARTESIAN_POINT('',(0.035768913879675,0.0324339323931613,0.000308393494080569));
#393=CARTESIAN_POINT('',(0.0351727506150645,0.0318515843557941,0.000144824284473073));
#394=CARTESIAN_POINT('',(0.034626874648201,0.0312189490206801,-0.00017623057249797));
#395=CARTESIAN_POINT('',(0.0340307113835907,0.0306366009833129,-0.000339799782105467));
#396=CARTESIAN_POINT('',(0.0354531768960232,0.032749669376813,0.000102984041245117));
#397=CARTESIAN_POINT('',(0.0348583951538467,0.032165939817012,-6.05851684667625E-5));
#398=CARTESIAN_POINT('',(0.0343047860804685,0.0315410375884125,-0.000389384989559739));
#399=CARTESIAN_POINT('',(0.033710004338292,0.0309573080286115,-0.000552954199271618));
#400=CARTESIAN_POINT('',(0.0352907642871903,0.0329120819856459,1.6626607171505E-5));
#401=CARTESIAN_POINT('',(0.0346966733062307,0.032327661664628,-0.000146942602592567));
#402=CARTESIAN_POINT('',(0.0341389584833879,0.0317068651854932,-0.000479006151262945));
#403=CARTESIAN_POINT('',(0.0335448675024283,0.0311224448644752,-0.000642575361027016));
#404=CARTESIAN_POINT('',(0.0347937047044385,0.0334091415683977,-0.000191795289378692));
#405=CARTESIAN_POINT('',(0.0342016860071297,0.032822648963729,-0.000355364499299339));
#406=CARTESIAN_POINT('',(0.0336311072629689,0.0322147164059123,-0.000695346539379372));
#407=CARTESIAN_POINT('',(0.03303908856566,0.0316282238012435,-0.000858915749300018));
#408=CARTESIAN_POINT('',(0.0344488583173932,0.0337539879554431,-0.000263219176807694));
#409=CARTESIAN_POINT('',(0.0338582211425182,0.0331661138283405,-0.000426788386832725));
#410=CARTESIAN_POINT('',(0.0332783612098123,0.0325674624590689,-0.000769522946911035));
#411=CARTESIAN_POINT('',(0.0326877240349372,0.0319795883319663,-0.000933092156936064));
#412=CARTESIAN_POINT('',(0.0337539879554431,0.0344488583173932,-0.000263219176807689));
#413=CARTESIAN_POINT('',(0.0331661138254358,0.033858221145423,-0.000426788387041485));
#414=CARTESIAN_POINT('',(0.0325674624755708,0.0332783611933102,-0.000769522948601135));
#415=CARTESIAN_POINT('',(0.0319795883455635,0.03268772402134,-0.00093309215883493));
#416=CARTESIAN_POINT('',(0.0334091415683977,0.0347937047044386,-0.000191795289378691));
#417=CARTESIAN_POINT('',(0.0328226489608242,0.0342016860100345,-0.000355364499716872));
#418=CARTESIAN_POINT('',(0.0322147164221189,0.0336311072467622,-0.000695346542706776));
#419=CARTESIAN_POINT('',(0.0316282238145454,0.0330390885523581,-0.000858915753044955));
#420=CARTESIAN_POINT('',(0.032912081985646,0.0352907642871903,1.66266071715064E-5));
#421=CARTESIAN_POINT('',(0.0323276616617233,0.0346966733091354,-0.000146942603323249));
#422=CARTESIAN_POINT('',(0.0317068652011703,0.0341389584677108,-0.000479006156967888));
#423=CARTESIAN_POINT('',(0.0311224448772476,0.0335448674896559,-0.000642575367462643));
#424=CARTESIAN_POINT('',(0.032749669376813,0.0354531768960232,0.000102984041245119));
#425=CARTESIAN_POINT('',(0.0321659398141073,0.0348583951567514,-6.0585169301828E-5));
#426=CARTESIAN_POINT('',(0.0315410376038757,0.0343047860650054,-0.000389384996039845));
#427=CARTESIAN_POINT('',(0.0309573080411699,0.0337100043257336,-0.000552954206586791));
#428=CARTESIAN_POINT('',(0.0324339323931613,0.035768913879675,0.000308393494080571));
#429=CARTESIAN_POINT('',(0.0318515843528894,0.0351727506179693,0.000144824283429241));
#430=CARTESIAN_POINT('',(0.0312189490356586,0.0346268746332226,-0.000176230580510458));
#431=CARTESIAN_POINT('',(0.0306366009953867,0.0340307113715169,-0.000339799791161788));
#432=CARTESIAN_POINT('',(0.0322801032853902,0.035922742987446,0.000427929382775685));
#433=CARTESIAN_POINT('',(0.0316984460063352,0.0353258889645235,0.000264360172072163));
#434=CARTESIAN_POINT('',(0.0310621553599997,0.0347836683088815,-5.21633649637773E-5));
#435=CARTESIAN_POINT('',(0.0304804980809447,0.0341868142859588,-0.000215732575667298));
#436=CARTESIAN_POINT('',(0.0318391910772047,0.0363636551956316,0.000830942492416259));
#437=CARTESIAN_POINT('',(0.0312596060818004,0.0357647288890583,0.000667373281556162));
#438=CARTESIAN_POINT('',(0.0306140491950211,0.03523177447386,0.000365301328482746));
#439=CARTESIAN_POINT('',(0.0300344641996169,0.0346328481672867,0.00020173211762265));
#440=CARTESIAN_POINT('',(0.0315734793406327,0.0366293669322035,0.00115754471601265));
#441=CARTESIAN_POINT('',(0.0309952758676624,0.0360290591031963,0.000993975505048167));
#442=CARTESIAN_POINT('',(0.0303449321959834,0.0355008914728977,0.000703321517587596));
#443=CARTESIAN_POINT('',(0.0297667287230131,0.0349005836438905,0.000539752306623116));
#444=CARTESIAN_POINT('',(0.0312278595617828,0.0369749867110534,0.00171842282545403));
#445=CARTESIAN_POINT('',(0.0306517283724632,0.0363726065983955,0.00155485361433297));
#446=CARTESIAN_POINT('',(0.0299968564314025,0.0358489672374786,0.0012831406218872));
#447=CARTESIAN_POINT('',(0.0294207252420829,0.0352465871248206,0.00111957141076614));
#448=CARTESIAN_POINT('',(0.0311214789322883,0.037081367340548,0.00191720780050142));
#449=CARTESIAN_POINT('',(0.0305460385041856,0.0364782964666731,0.00175363858932817));
#450=CARTESIAN_POINT('',(0.0298900997363737,0.0359557239325074,0.00148854162431422));
#451=CARTESIAN_POINT('',(0.029314659308271,0.0353526530586325,0.00132497241314098));
#452=CARTESIAN_POINT('',(0.0309280948626686,0.0372747514101677,0.00233584662632995));
#453=CARTESIAN_POINT('',(0.0303540359569997,0.036670299013859,0.00217227741505231));
#454=CARTESIAN_POINT('',(0.0296969546820364,0.0361488689868447,0.00192085883161356));
#455=CARTESIAN_POINT('',(0.0291228957763675,0.035544416590536,0.00175728962033592));
#456=CARTESIAN_POINT('',(0.030840957083923,0.0373618891889132,0.00255628689191539));
#457=CARTESIAN_POINT('',(0.0302675889394711,0.0367567460313876,0.00239271768058557));
#458=CARTESIAN_POINT('',(0.0296105994027527,0.0362352242661284,0.00214799998236929));
#459=CARTESIAN_POINT('',(0.0290372312583007,0.0356300811086028,0.00198443077103947));
#460=CARTESIAN_POINT('',(0.0306136776982054,0.0375891685746308,0.00323703126065262));
#461=CARTESIAN_POINT('',(0.0300423818374042,0.0369819531334544,0.00307346204916622));
#462=CARTESIAN_POINT('',(0.0293873350542724,0.0364584886146088,0.00284800526743223));
#463=CARTESIAN_POINT('',(0.0288160391934712,0.0358512731734324,0.00268443605594583));
#464=CARTESIAN_POINT('',(0.0305065833508311,0.0376962629220051,0.00371851769241202));
#465=CARTESIAN_POINT('',(0.0299366690124638,0.0370876659583948,0.00355494848082124));
#466=CARTESIAN_POINT('',(0.0292847756663549,0.0365610480025262,0.0033423976474697));
#467=CARTESIAN_POINT('',(0.0287148613279875,0.035952451038916,0.00317882843587891));
#468=CARTESIAN_POINT('',(0.0304162853391912,0.0377865609336451,0.00446123701005959));
#469=CARTESIAN_POINT('',(0.0298484432844746,0.037175891686384,0.00429766779831224));
#470=CARTESIAN_POINT('',(0.0292044073828622,0.0366414162860189,0.00410306197792705));
#471=CARTESIAN_POINT('',(0.0286365653281457,0.0360307470387579,0.00393949276617969));
#472=CARTESIAN_POINT('',(0.0303979141472575,0.0378049321255787,0.0047121292470079));
#473=CARTESIAN_POINT('',(0.0298307628537578,0.0371935721171009,0.00454856003520835));
#474=CARTESIAN_POINT('',(0.0291898621444846,0.0366559615243965,0.00435994529274669));
#475=CARTESIAN_POINT('',(0.028622710850985,0.0360446015159186,0.00419637608094714));
#476=CARTESIAN_POINT('',(0.0303852725181558,0.0378175737546805,0.00521751855383838));
#477=CARTESIAN_POINT('',(0.02981950274709,0.0372048322237686,0.00505394934193445));
#478=CARTESIAN_POINT('',(0.0291859420177467,0.0366598816511344,0.00487578437596618));
#479=CARTESIAN_POINT('',(0.0286201722466808,0.0360471401202226,0.00471221516406225));
#480=CARTESIAN_POINT('',(0.0303910941856072,0.037811752087229,0.00547129700213193));
#481=CARTESIAN_POINT('',(0.0298260151757583,0.0371983197951003,0.00530772779017581));
#482=CARTESIAN_POINT('',(0.0291965982549435,0.0366492254139376,0.00513327822817518));
#483=CARTESIAN_POINT('',(0.0286315192450947,0.0360357931218089,0.00496970901621906));
#484=CARTESIAN_POINT('',(0.0304443465026125,0.0377584997702237,0.00622316250295884));
#485=CARTESIAN_POINT('',(0.0298813397764144,0.0371429951944443,0.00605959329084614));
#486=CARTESIAN_POINT('',(0.0292654074875501,0.036580416181331,0.00589579648451055));
#487=CARTESIAN_POINT('',(0.028702400761352,0.0359649116055516,0.00573222727239785));
#488=CARTESIAN_POINT('',(0.0305274408760966,0.0376754053967396,0.00671459278061528));
#489=CARTESIAN_POINT('',(0.0299658156723324,0.0370585192985263,0.0065510235683982));
#490=CARTESIAN_POINT('',(0.0293604072842111,0.03648541638467,0.00639221808298217));
#491=CARTESIAN_POINT('',(0.0287987820804468,0.0358685302864567,0.00622864887076509));
#492=CARTESIAN_POINT('',(0.0307196216410677,0.0374832246317685,0.00741556967538279));
#493=CARTESIAN_POINT('',(0.0301600687209542,0.0368642662499045,0.00725200046300913));
#494=CARTESIAN_POINT('',(0.0295725043130779,0.0362733193558032,0.00709632626833129));
#495=CARTESIAN_POINT('',(0.0290129513929644,0.0356543609739391,0.00693275705595763));
#496=CARTESIAN_POINT('',(0.030795013717104,0.0374078325557322,0.00764338055183196));
#497=CARTESIAN_POINT('',(0.0302361515582074,0.0367881834126512,0.00747981133940611));
#498=CARTESIAN_POINT('',(0.0296551480628594,0.0361906756060216,0.00732503108637975));
#499=CARTESIAN_POINT('',(0.0290962859039629,0.0355710264629406,0.0071614618739539));
#500=CARTESIAN_POINT('',(0.0309675026382508,0.0372353436345855,0.00808295648376533));
#501=CARTESIAN_POINT('',(0.0304100220017881,0.0366143129690706,0.0079193872712351));
#502=CARTESIAN_POINT('',(0.0298413935181187,0.0360044301507624,0.00776163725809357));
#503=CARTESIAN_POINT('',(0.0292839128816559,0.0353833994852476,0.00759806804556334));
#504=CARTESIAN_POINT('',(0.0310640662647797,0.0371387800080566,0.00829329161559714));
#505=CARTESIAN_POINT('',(0.0305072763895338,0.0365170585813248,0.00812972240301472));
#506=CARTESIAN_POINT('',(0.0299448087598312,0.0359010149090499,0.00796934734592781));
#507=CARTESIAN_POINT('',(0.0293880188845853,0.0352792934823182,0.00780577813334539));
#508=CARTESIAN_POINT('',(0.0311697685854578,0.0370330776873785,0.00849218166177928));
#509=CARTESIAN_POINT('',(0.0306136694714289,0.0364106654994297,0.00832861244914466));
#510=CARTESIAN_POINT('',(0.0300575703574,0.0357882533114811,0.00816504323651005));
#511=CARTESIAN_POINT('',(0.0295014712433711,0.0351658411235324,0.00800147402387544));
#512=CARTESIAN_POINT('',(0.0351658411148182,0.0295014712520852,0.00800147403890663));
#513=CARTESIAN_POINT('',(0.0351788956026397,0.0294884167642639,0.00797895613246411));
#514=CARTESIAN_POINT('',(0.0352694413156589,0.0293978710512446,0.00782016386615133));
#515=CARTESIAN_POINT('',(0.0353900137037089,0.0292772986631947,0.0075823439382242));
#516=CARTESIAN_POINT('',(0.0355202616447601,0.0291470507221434,0.00728136093853176));
#517=CARTESIAN_POINT('',(0.0356404983489849,0.0290268140179186,0.0069705673842165));
#518=CARTESIAN_POINT('',(0.0357701382820092,0.0288971740848944,0.00656875588284056));
#519=CARTESIAN_POINT('',(0.0358923702387819,0.0287749421281216,0.00606815524123001));
#520=CARTESIAN_POINT('',(0.0359805163204093,0.0286867960464942,0.00555305911571076));
#521=CARTESIAN_POINT('',(0.0360250396012265,0.028642272765677,0.00511470112175663));
#522=CARTESIAN_POINT('',(0.0360429610246341,0.0286243513422695,0.00476050343376708));
#523=CARTESIAN_POINT('',(0.0360474696647047,0.0286198427021988,0.00449328874416492));
#524=CARTESIAN_POINT('',(0.0360429610246341,0.0286243513422695,0.00422607405456275));
#525=CARTESIAN_POINT('',(0.0360250396012265,0.028642272765677,0.00387187636657321));
#526=CARTESIAN_POINT('',(0.0359805163204093,0.0286867960464942,0.00343351837261907));
#527=CARTESIAN_POINT('',(0.0358923702387819,0.0287749421281216,0.00291842224709982));
#528=CARTESIAN_POINT('',(0.0357701382820092,0.0288971740848944,0.00241782160548928));
#529=CARTESIAN_POINT('',(0.0356404983489849,0.0290268140179186,0.00201601010411334));
#530=CARTESIAN_POINT('',(0.0355202616447601,0.0291470507221434,0.00170521654979808));
#531=CARTESIAN_POINT('',(0.0353900137037089,0.0292772986631947,0.00140423355010564));
#532=CARTESIAN_POINT('',(0.0352091477060474,0.029458164660856,0.00104748903153089));
#533=CARTESIAN_POINT('',(0.0349650104510517,0.0297023019158519,0.000653248793322132));
#534=CARTESIAN_POINT('',(0.0346956165266802,0.0299716958402233,0.00029562723291424));
#535=CARTESIAN_POINT('',(0.03445161435348,0.0302156980134235,3.04378664746451E-5));
#536=CARTESIAN_POINT('',(0.0342456114366131,0.0304217009302905,-0.000160657327611945));
#537=CARTESIAN_POINT('',(0.0340328036555049,0.0306345087113986,-0.000337139295691174));
#538=CARTESIAN_POINT('',(0.0337575095166791,0.0309098028502244,-0.000527543515392226));
#539=CARTESIAN_POINT('',(0.0334142983729018,0.0312530139940018,-0.000707189469999408));
#540=CARTESIAN_POINT('',(0.0330609604235879,0.0316063519433156,-0.000836808279907916));
#541=CARTESIAN_POINT('',(0.0327601507925169,0.0319071615743866,-0.000902303892320298));
#542=CARTESIAN_POINT('',(0.0325170587736224,0.0321502535932811,-0.000928669857252279));
#543=CARTESIAN_POINT('',(0.0323947903801753,0.0322725219867282,-0.000933092157885498));
#544=CARTESIAN_POINT('',(0.0323336561834517,0.0323336561834517,-0.000933092157885497));
#545=CARTESIAN_POINT('',(0.0322725219867282,0.0323947903801753,-0.000933092157885497));
#546=CARTESIAN_POINT('',(0.0321502535932811,0.0325170587736224,-0.000928669857252276));
#547=CARTESIAN_POINT('',(0.0319071615743866,0.0327601507925169,-0.000902303892320298));
#548=CARTESIAN_POINT('',(0.0316063519433156,0.0330609604235879,-0.000836808279907917));
#549=CARTESIAN_POINT('',(0.0312530139940017,0.0334142983729018,-0.000707189469999409));
#550=CARTESIAN_POINT('',(0.0309098028502244,0.0337575095166791,-0.000527543515392227));
#551=CARTESIAN_POINT('',(0.0306345087113986,0.0340328036555049,-0.000337139295691176));
#552=CARTESIAN_POINT('',(0.0304217009302905,0.0342456114366131,-0.000160657327611948));
#553=CARTESIAN_POINT('',(0.0302156980134235,0.03445161435348,3.04378664746433E-5));
#554=CARTESIAN_POINT('',(0.0299716958402233,0.0346956165266802,0.000295627232914238));
#555=CARTESIAN_POINT('',(0.0297023019158518,0.0349650104510517,0.000653248793322131));
#556=CARTESIAN_POINT('',(0.029458164660856,0.0352091477060474,0.00104748903153089));
#557=CARTESIAN_POINT('',(0.0292772986631947,0.0353900137037089,0.00140423355010564));
#558=CARTESIAN_POINT('',(0.0291470507221434,0.0355202616447601,0.00170521654979808));
#559=CARTESIAN_POINT('',(0.0290268140179186,0.0356404983489849,0.00201601010411334));
#560=CARTESIAN_POINT('',(0.0288971740848943,0.0357701382820092,0.00241782160548928));
#561=CARTESIAN_POINT('',(0.0287749421281216,0.0358923702387819,0.00291842224709982));
#562=CARTESIAN_POINT('',(0.0286867960464942,0.0359805163204093,0.00343351837261906));
#563=CARTESIAN_POINT('',(0.028642272765677,0.0360250396012265,0.00387187636657321));
#564=CARTESIAN_POINT('',(0.0286243513422695,0.0360429610246341,0.00422607405456275));
#565=CARTESIAN_POINT('',(0.0286198427021988,0.0360474696647047,0.00449328874416492));
#566=CARTESIAN_POINT('',(0.0286243513422695,0.0360429610246341,0.00476050343376708));
#567=CARTESIAN_POINT('',(0.028642272765677,0.0360250396012265,0.00511470112175664));
#568=CARTESIAN_POINT('',(0.0286867960464942,0.0359805163204093,0.00555305911571077));
#569=CARTESIAN_POINT('',(0.0287749421281216,0.0358923702387819,0.00606815524123001));
#570=CARTESIAN_POINT('',(0.0288971740848943,0.0357701382820092,0.00656875588284056));
#571=CARTESIAN_POINT('',(0.0290268140179186,0.0356404983489849,0.0069705673842165));
#572=CARTESIAN_POINT('',(0.0291470507221434,0.0355202616447601,0.00728136093853176));
#573=CARTESIAN_POINT('',(0.0292772986631947,0.0353900137037089,0.0075823439382242));
#574=CARTESIAN_POINT('',(0.0293978710485628,0.0352694413183407,0.00782016386086161));
#575=CARTESIAN_POINT('',(0.0294884167585096,0.035178895608394,0.00797895612237267));
#576=CARTESIAN_POINT('',(0.0295014712433711,0.0351658411235324,0.00800147402387544));
#577=CARTESIAN_POINT('',(0.0351658411148133,0.0295014712520899,0.00800147403891424));
#578=CARTESIAN_POINT('',(0.0295014712471442,0.0351658411195247,0.00800147403011363));
#579=CARTESIAN_POINT('',(0.0360994594010926,0.0303356199187772,0.00824682785035221));
#580=CARTESIAN_POINT('',(0.0370330776873783,0.0311697685854579,0.00849218166177956));
#581=CARTESIAN_POINT('',(0.0370330776873785,0.0311697685854578,0.00849218166177927));
#582=CARTESIAN_POINT('',(0.0370876041813302,0.0311152420915061,0.00838958432209328));
#583=CARTESIAN_POINT('',(0.0371751932261172,0.031027653046719,0.00821197914401957));
#584=CARTESIAN_POINT('',(0.0372880285977265,0.0309148176751097,0.00795123391960956));
#585=CARTESIAN_POINT('',(0.0374082653019513,0.030794580970885,0.00764044036529431));
#586=CARTESIAN_POINT('',(0.0375379052349755,0.0306649410378608,0.00723862886391836));
#587=CARTESIAN_POINT('',(0.0376601371917483,0.030542709081088,0.00673802822230782));
#588=CARTESIAN_POINT('',(0.0377482832733757,0.0304545629994606,0.00622293209678857));
#589=CARTESIAN_POINT('',(0.0377928065541928,0.0304100397186434,0.00578457410283444));
#590=CARTESIAN_POINT('',(0.0378107279776004,0.0303921182952358,0.00543037641484489));
#591=CARTESIAN_POINT('',(0.0378152366176711,0.0303876096551652,0.00516316172524272));
#592=CARTESIAN_POINT('',(0.0378107279776004,0.0303921182952358,0.00489594703564056));
#593=CARTESIAN_POINT('',(0.0377928065541928,0.0304100397186434,0.00454174934765101));
#594=CARTESIAN_POINT('',(0.0377482832733757,0.0304545629994606,0.00410339135369688));
#595=CARTESIAN_POINT('',(0.0376601371917483,0.030542709081088,0.00358829522817763));
#596=CARTESIAN_POINT('',(0.0375379052349755,0.0306649410378608,0.00308769458656709));
#597=CARTESIAN_POINT('',(0.0374082653019513,0.030794580970885,0.00268588308519114));
#598=CARTESIAN_POINT('',(0.0372880285977265,0.0309148176751097,0.00237508953087589));
#599=CARTESIAN_POINT('',(0.0371577806566752,0.0310450656161611,0.00207410653118344));
#600=CARTESIAN_POINT('',(0.0369769146590139,0.0312259316138224,0.0017173620126087));
#601=CARTESIAN_POINT('',(0.036732777404018,0.0314700688688183,0.00132312177439994));
#602=CARTESIAN_POINT('',(0.0364633834796466,0.0317394627931896,0.000965500213992045));
#603=CARTESIAN_POINT('',(0.0362193813064463,0.0319834649663899,0.000700310847552451));
#604=CARTESIAN_POINT('',(0.0360133783895795,0.0321894678832568,0.00050921565346586));
#605=CARTESIAN_POINT('',(0.0358005706084712,0.0324022756643651,0.000332733685386632));
#606=CARTESIAN_POINT('',(0.0355252764696454,0.0326775698031908,0.00014232946568558));
#607=CARTESIAN_POINT('',(0.0351820653258682,0.0330207809469681,-3.73164889216026E-5));
#608=CARTESIAN_POINT('',(0.0348287273765544,0.0333741188962819,-0.00016693529883011));
#609=CARTESIAN_POINT('',(0.0345279177454834,0.0336749285273529,-0.000232430911242492));
#610=CARTESIAN_POINT('',(0.0342848257265888,0.0339180205462474,-0.000258796876174473));
#611=CARTESIAN_POINT('',(0.0341625573331417,0.0340402889396946,-0.000263219176807692));
#612=CARTESIAN_POINT('',(0.0341014231364181,0.0341014231364182,-0.000263219176807691));
#613=CARTESIAN_POINT('',(0.0340402889396946,0.0341625573331417,-0.000263219176807691));
#614=CARTESIAN_POINT('',(0.0339180205462474,0.0342848257265888,-0.00025879687617447));
#615=CARTESIAN_POINT('',(0.0336749285273529,0.0345279177454834,-0.000232430911242492));
#616=CARTESIAN_POINT('',(0.0333741188962819,0.0348287273765544,-0.000166935298830111));
#617=CARTESIAN_POINT('',(0.0330207809469681,0.0351820653258682,-3.73164889216035E-5));
#618=CARTESIAN_POINT('',(0.0326775698031908,0.0355252764696454,0.000142329465685579));
#619=CARTESIAN_POINT('',(0.0324022756643651,0.0358005706084712,0.000332733685386631));
#620=CARTESIAN_POINT('',(0.0321894678832568,0.0360133783895795,0.000509215653465858));
#621=CARTESIAN_POINT('',(0.0319834649663899,0.0362193813064464,0.000700310847552449));
#622=CARTESIAN_POINT('',(0.0317394627931896,0.0364633834796466,0.000965500213992043));
#623=CARTESIAN_POINT('',(0.0314700688688183,0.036732777404018,0.00132312177439994));
#624=CARTESIAN_POINT('',(0.0312259316138224,0.0369769146590139,0.0017173620126087));
#625=CARTESIAN_POINT('',(0.0310450656161611,0.0371577806566752,0.00207410653118344));
#626=CARTESIAN_POINT('',(0.0309148176751097,0.0372880285977265,0.00237508953087588));
#627=CARTESIAN_POINT('',(0.030794580970885,0.0374082653019513,0.00268588308519114));
#628=CARTESIAN_POINT('',(0.0306649410378608,0.0375379052349755,0.00308769458656709));
#629=CARTESIAN_POINT('',(0.030542709081088,0.0376601371917483,0.00358829522817763));
#630=CARTESIAN_POINT('',(0.0304545629994606,0.0377482832733757,0.00410339135369688));
#631=CARTESIAN_POINT('',(0.0304100397186434,0.0377928065541928,0.00454174934765101));
#632=CARTESIAN_POINT('',(0.0303921182952358,0.0378107279776004,0.00489594703564056));
#633=CARTESIAN_POINT('',(0.0303876096551652,0.0378152366176711,0.00516316172524273));
#634=CARTESIAN_POINT('',(0.0303921182952358,0.0378107279776004,0.00543037641484489));
#635=CARTESIAN_POINT('',(0.0304100397186434,0.0377928065541928,0.00578457410283444));
#636=CARTESIAN_POINT('',(0.0304545629994606,0.0377482832733757,0.00622293209678858));
#637=CARTESIAN_POINT('',(0.030542709081088,0.0376601371917483,0.00673802822230782));
#638=CARTESIAN_POINT('',(0.0306649410378608,0.0375379052349755,0.00723862886391836));
#639=CARTESIAN_POINT('',(0.030794580970885,0.0374082653019513,0.00764044036529431));
#640=CARTESIAN_POINT('',(0.0309148176751097,0.0372880285977265,0.00795123391960956));
#641=CARTESIAN_POINT('',(0.031027653046719,0.0371751932261172,0.00821197914401958));
#642=CARTESIAN_POINT('',(0.0311152420915061,0.0370876041813302,0.00838958432209329));
#643=CARTESIAN_POINT('',(0.0311697685854578,0.0370330776873785,0.00849218166177928));
#644=CARTESIAN_POINT('',(0.0311697685854579,0.0370330776873783,0.00849218166177957));
#645=CARTESIAN_POINT('',(0.0303356199189457,0.0360994594009242,0.00824682785014359));
#646=CARTESIAN_POINT('',(0.0375846798296836,0.0306181664431527,0.00911854963824245));
#647=CARTESIAN_POINT('',(0.037701901558029,0.0305009447148073,0.00924445030019677));
#648=CARTESIAN_POINT('',(0.0355828910894556,0.0290844212774478,0.00852578903036824));
#649=CARTESIAN_POINT('',(0.0356979985408045,0.028969313826099,0.00866064951709052));
#650=CARTESIAN_POINT('',(0.0374008124489151,0.0308020338239211,0.00890976031275495));
#651=CARTESIAN_POINT('',(0.0375536449390344,0.0306492013337992,0.00896934909075904));
#652=CARTESIAN_POINT('',(0.0353698144190552,0.0292974979478458,0.00836699030287866));
#653=CARTESIAN_POINT('',(0.0355206127321388,0.0291466996347648,0.00844092435770183));
#654=CARTESIAN_POINT('',(0.0372169450681466,0.0309859012046897,0.00870097098726745));
#655=CARTESIAN_POINT('',(0.0368410775170237,0.0305760945544942,0.00863389173617323));
#656=CARTESIAN_POINT('',(0.0357197992335946,0.0297331873346272,0.00828529184115139));
#657=CARTESIAN_POINT('',(0.0353432269234729,0.0293240854434306,0.00822119919831315));
#658=CARTESIAN_POINT('',(0.037033077687378,0.0311697685854582,0.00849218166177995));
#659=CARTESIAN_POINT('',(0.0364106654965211,0.0306136694743376,0.00832861245416146));
#660=CARTESIAN_POINT('',(0.0357882533056642,0.0300575703632169,0.00816504324654297));
#661=CARTESIAN_POINT('',(0.0351658411148072,0.0295014712520964,0.00800147403892447));
#662=CARTESIAN_POINT('',(0.0354319217318134,0.0292353906350902,0.00833106413647321));
#663=CARTESIAN_POINT('',(0.035697998547287,0.0289693138196166,0.00866064950662383));
#664=CARTESIAN_POINT('',(0.0375846798296839,0.0306181664431524,0.00911854963824204));
#665=CARTESIAN_POINT('',(0.0377019015578332,0.0305009447150031,0.00924445029998588));
#666=CARTESIAN_POINT('',(0.0355828910985861,0.0290844212683174,0.00852578901577931));
#667=CARTESIAN_POINT('',(0.0356979985498799,0.0289693138170235,0.00866064950243715));
#668=CARTESIAN_POINT('',(0.0375846798296837,0.0306181664431525,0.00911854963824216));
#669=CARTESIAN_POINT('',(0.0373088795067339,0.0308939667661023,0.00880536649962807));
#670=CARTESIAN_POINT('',(0.0392479757463767,0.0289548705264595,-8.81188950941461E-7));
#671=CARTESIAN_POINT('',(0.0392085543296127,0.0289942919432235,0.00029143516287075));
#672=CARTESIAN_POINT('',(0.0370435856013522,0.0276237267655512,0.000282699602169347));
#673=CARTESIAN_POINT('',(0.0369968883767798,0.0276704239901238,0.000578196992969437));
#674=CARTESIAN_POINT('',(0.039048473067605,0.0291543732052313,-5.46471508771736E-5));
#675=CARTESIAN_POINT('',(0.0390006258071154,0.029202220465725,0.000300664148589956));
#676=CARTESIAN_POINT('',(0.0369196577995357,0.027747654567362,0.000250166898724435));
#677=CARTESIAN_POINT('',(0.0369109075459224,0.0277564048209811,0.000576409112141911));
#678=CARTESIAN_POINT('',(0.038860331138692,0.0293425151341442,-9.37512122805186E-5));
#679=CARTESIAN_POINT('',(0.0388140679687576,0.0293887783040867,0.000298202186939353));
#680=CARTESIAN_POINT('',(0.0368082067430012,0.0278591056238925,0.000239197019274584));
#681=CARTESIAN_POINT('',(0.0368324038906781,0.0278349084762254,0.000581573152652921));
#682=CARTESIAN_POINT('',(0.0385170428844977,0.0296858033883386,-0.000136244571459883));
#683=CARTESIAN_POINT('',(0.0384878827783834,0.0297149634944684,0.000288607633487055));
#684=CARTESIAN_POINT('',(0.036609320091839,0.028057992275049,0.000253800460111442));
#685=CARTESIAN_POINT('',(0.0366903446112454,0.0279769677556581,0.00060580191271036));
#686=CARTESIAN_POINT('',(0.0383619671998961,0.0298408790729402,-0.000139610229416841));
#687=CARTESIAN_POINT('',(0.0383483260670468,0.0298545202058084,0.00028149868150442));
#688=CARTESIAN_POINT('',(0.0365218844621107,0.0281454279047757,0.000279373779678711));
#689=CARTESIAN_POINT('',(0.0366267889519566,0.0280405234149469,0.000624866631537351));
#690=CARTESIAN_POINT('',(0.0380919719537897,0.0301108743190466,-0.000107413833492873));
#691=CARTESIAN_POINT('',(0.0381172186643285,0.0300856276085326,0.000278143397605584));
#692=CARTESIAN_POINT('',(0.0363700925778399,0.0282972197890451,0.000360483232271845));
#693=CARTESIAN_POINT('',(0.036514621286201,0.0281526910807025,0.000676895646560697));
#694=CARTESIAN_POINT('',(0.0379770574673301,0.0302257888055061,-7.18471344094129E-5));
#695=CARTESIAN_POINT('',(0.0380256730479923,0.0301771732248714,0.000281901710891916));
#696=CARTESIAN_POINT('',(0.036305736323302,0.0283615760435833,0.000416019365301981));
#697=CARTESIAN_POINT('',(0.0364660092797388,0.0282013030871647,0.000709859942761322));
#698=CARTESIAN_POINT('',(0.0377905449842156,0.0304123012886207,3.78476089364635E-5));
#699=CARTESIAN_POINT('',(0.0378876632161307,0.030315183056737,0.000312234892879058));
#700=CARTESIAN_POINT('',(0.0361991693954689,0.0284681429714181,0.000550476127561235));
#701=CARTESIAN_POINT('',(0.0363837268341807,0.0282835855327228,0.000789689079884239));
#702=CARTESIAN_POINT('',(0.0377189444500377,0.0304839018227986,0.000111973330597613));
#703=CARTESIAN_POINT('',(0.0378411964630827,0.0303616498097864,0.000338807438978599));
#704=CARTESIAN_POINT('',(0.0361569587221714,0.028510353644717,0.000629396756788218));
#705=CARTESIAN_POINT('',(0.0363500563950825,0.0283172559718211,0.000836553920804393));
#706=CARTESIAN_POINT('',(0.0376182979287289,0.0305845483441073,0.000294829652176898));
#707=CARTESIAN_POINT('',(0.0377864974291889,0.0304163488436817,0.000423132921677158));
#708=CARTESIAN_POINT('',(0.0360937513853959,0.028573560981496,0.000804046261707647));
#709=CARTESIAN_POINT('',(0.036297657221316,0.0283696551455875,0.000944187182244753));
#710=CARTESIAN_POINT('',(0.0375892417915073,0.030613604481329,0.000403550961689966));
#711=CARTESIAN_POINT('',(0.0377782549982521,0.0304245912746186,0.000480876567871106));
#712=CARTESIAN_POINT('',(0.0360727547219086,0.0285945576449853,0.000899775137391551));
#713=CARTESIAN_POINT('',(0.0362789284866386,0.0283883838802649,0.00100495560275642));
#714=CARTESIAN_POINT('',(0.037569190126091,0.0306336561467452,0.000648226086883121));
#715=CARTESIAN_POINT('',(0.0377894256847094,0.0304134205881598,0.000632492180675481));
#716=CARTESIAN_POINT('',(0.0360510460560222,0.0286162663108756,0.00110146695317755));
#717=CARTESIAN_POINT('',(0.0362564150814697,0.0284108972854339,0.00114040112594444));
#718=CARTESIAN_POINT('',(0.0375781768352377,0.0306246694375986,0.000784163644354336));
#719=CARTESIAN_POINT('',(0.0378088210394444,0.030394025233423,0.000726347889077035));
#720=CARTESIAN_POINT('',(0.0360503340536069,0.0286169783132928,0.00120742989326471));
#721=CARTESIAN_POINT('',(0.036252630410962,0.0284146819559415,0.00121507822860586));
#722=CARTESIAN_POINT('',(0.0376264036205226,0.0305764426523136,0.00107286621741493));
#723=CARTESIAN_POINT('',(0.0378613750693582,0.0303414712035041,0.000952102880254736));
#724=CARTESIAN_POINT('',(0.0360682675842035,0.0285990447826994,0.00142301772384857));
#725=CARTESIAN_POINT('',(0.0362600097169587,0.0284073026499448,0.00137834828669665));
#726=CARTESIAN_POINT('',(0.037665618321434,0.0305372279514023,0.00122560800699164));
#727=CARTESIAN_POINT('',(0.0378945083693098,0.0303083379035488,0.00108397893701821));
#728=CARTESIAN_POINT('',(0.0360869131171925,0.0285803992497115,0.00153264261432392));
#729=CARTESIAN_POINT('',(0.0362711736934401,0.0283961386734633,0.00146694124210468));
#730=CARTESIAN_POINT('',(0.0377638276124873,0.030439018660349,0.00153507358357861));
#731=CARTESIAN_POINT('',(0.0379579798260442,0.030244866446805,0.00138524946624211));
#732=CARTESIAN_POINT('',(0.0361426368165929,0.0285246755503121,0.00174898430025876));
#733=CARTESIAN_POINT('',(0.0363084570998976,0.028358855267006,0.00165805224487517));
#734=CARTESIAN_POINT('',(0.0378227617186777,0.0303800845541584,0.00169182148921293));
#735=CARTESIAN_POINT('',(0.0379882574988753,0.0302145887739679,0.0015546680573266));
#736=CARTESIAN_POINT('',(0.0361796914276252,0.0284876209392795,0.00185571817991997));
#737=CARTESIAN_POINT('',(0.0363345529744944,0.0283327593924091,0.00176058737643937));
#738=CARTESIAN_POINT('',(0.0378855855689105,0.0303172607039257,0.00184339560757265));
#739=CARTESIAN_POINT('',(0.0380080420823447,0.0301948041904915,0.00174188496748063));
#740=CARTESIAN_POINT('',(0.0362256048141485,0.028441707552755,0.00195780494556188));
#741=CARTESIAN_POINT('',(0.0363682198581067,0.0282990925087968,0.00187019085541951));
#742=CARTESIAN_POINT('',(0.0378856626669241,0.0303171836059122,0.00184358164172955));
#743=CARTESIAN_POINT('',(0.0380081647294751,0.0301946815433612,0.00174204390381394));
#744=CARTESIAN_POINT('',(0.0362256564626574,0.0284416559042461,0.00195793115577989));
#745=CARTESIAN_POINT('',(0.0363682611759922,0.0282990511909113,0.00187032537913179));
#746=CARTESIAN_POINT('',(0.0378859710234241,0.0303168752494121,0.00184432577651589));
#747=CARTESIAN_POINT('',(0.0380084585393493,0.0301943877334869,0.00174282133241727));
#748=CARTESIAN_POINT('',(0.0362258512923592,0.0284414610745443,0.00195843828479501));
#749=CARTESIAN_POINT('',(0.0363684264347698,0.0282988859321337,0.00187086348115954));
#750=CARTESIAN_POINT('',(0.0378862022108025,0.0303166440620337,0.00184488387346274));
#751=CARTESIAN_POINT('',(0.038008678822304,0.0301941674505322,0.00174340439529643));
#752=CARTESIAN_POINT('',(0.036225970944884,0.0284413414220195,0.00195882377987821));
#753=CARTESIAN_POINT('',(0.0363685503501331,0.0282987620167704,0.00187126707383226));
#754=CARTESIAN_POINT('',(0.0379650098342363,0.0302378364386001,0.00203519350083321));
#755=CARTESIAN_POINT('',(0.0380837699276712,0.0301190763451655,0.0019422258952542));
#756=CARTESIAN_POINT('',(0.0362739712066944,0.0283933411602093,0.00208888522549812));
#757=CARTESIAN_POINT('',(0.0364107956943552,0.0282565166725483,0.00200889768134574));
#758=CARTESIAN_POINT('',(0.038034340863048,0.0301685054097881,0.00222445975150906));
#759=CARTESIAN_POINT('',(0.0381500361914557,0.0300528100813808,0.00213946705056725));
#760=CARTESIAN_POINT('',(0.0363176501237851,0.0283496622431187,0.0022208408748432));
#761=CARTESIAN_POINT('',(0.0364495967358402,0.0282177156310633,0.00214799126910973));
#762=CARTESIAN_POINT('',(0.038156199307775,0.0300466469650613,0.00259842641226526));
#763=CARTESIAN_POINT('',(0.0382668812463364,0.0299359650265004,0.00252849261668913));
#764=CARTESIAN_POINT('',(0.0363967362731265,0.0282705760937774,0.00248935523464888));
#765=CARTESIAN_POINT('',(0.036520430177041,0.0281468821898626,0.00243007464349083));
#766=CARTESIAN_POINT('',(0.0382088607390526,0.0299939855337837,0.00278338399682364));
#767=CARTESIAN_POINT('',(0.0383175984769474,0.0298852477958895,0.00272053058559151));
#768=CARTESIAN_POINT('',(0.0364321422201333,0.0282351701467707,0.00262591133035285));
#769=CARTESIAN_POINT('',(0.0365524672608147,0.0281148451060888,0.00257305893357021));
#770=CARTESIAN_POINT('',(0.0383454802427881,0.0298573660300482,0.00332934100630087));
#771=CARTESIAN_POINT('',(0.0384498511826541,0.029752995090183,0.00328649463422952));
#772=CARTESIAN_POINT('',(0.0365258984083909,0.0281414139585131,0.00304079433150476));
#773=CARTESIAN_POINT('',(0.0366381082872343,0.0280292040796692,0.00300624620319872));
#774=CARTESIAN_POINT('',(0.038408254991667,0.0297945912811694,0.00368124454612682));
#775=CARTESIAN_POINT('',(0.0385116691381415,0.0296911771346956,0.0036500907150011));
#776=CARTESIAN_POINT('',(0.0365717833344137,0.0280955290324903,0.00332431432269342));
#777=CARTESIAN_POINT('',(0.0366812383425129,0.0279860740243906,0.00330066195383898));
#778=CARTESIAN_POINT('',(0.0384924449689368,0.0297104013038995,0.00435848891176566));
#779=CARTESIAN_POINT('',(0.0385965935647785,0.0296062527080585,0.00434826810084022));
#780=CARTESIAN_POINT('',(0.036631210000783,0.0280361023661208,0.0039002647912183));
#781=CARTESIAN_POINT('',(0.0367388376359724,0.0279284747309311,0.00389647486142362));
#782=CARTESIAN_POINT('',(0.0385138374795796,0.0296890087932567,0.00468399058625947));
#783=CARTESIAN_POINT('',(0.0386196773181799,0.029583168954657,0.00468301025458869));
#784=CARTESIAN_POINT('',(0.0366447577542834,0.0280225546126202,0.0041930696269404));
#785=CARTESIAN_POINT('',(0.0367533128873073,0.0279139994795962,0.00419824637675385));
#786=CARTESIAN_POINT('',(0.0385249314652512,0.0296779148075851,0.00531246921591853));
#787=CARTESIAN_POINT('',(0.0386355410510796,0.0295673052217569,0.00532835668969833));
#788=CARTESIAN_POINT('',(0.0366403638647136,0.0280269485021897,0.00478141629655594));
#789=CARTESIAN_POINT('',(0.0367528282562684,0.027914484110635,0.00480328241829769));
#790=CARTESIAN_POINT('',(0.0385145336774263,0.02968831259541,0.00561413992135917));
#791=CARTESIAN_POINT('',(0.0386282217677242,0.0295746245051121,0.00563765472133489));
#792=CARTESIAN_POINT('',(0.0366224283847091,0.0280448839821939,0.00507537794342313));
#793=CARTESIAN_POINT('',(0.0367378745369605,0.0279294378299431,0.00510496675748504));
#794=CARTESIAN_POINT('',(0.0384681171262967,0.0297347291465395,0.00619525097872557));
#795=CARTESIAN_POINT('',(0.0385880887128058,0.0296147575600301,0.00623324618666659));
#796=CARTESIAN_POINT('',(0.0365574800128077,0.028109832354095,0.00565617528879973));
#797=CARTESIAN_POINT('',(0.036679315843597,0.0279879965233066,0.00570065059276946));
#798=CARTESIAN_POINT('',(0.0384320913156506,0.0297707549571857,0.00647546955590174));
#799=CARTESIAN_POINT('',(0.0385552678939012,0.0296475783789345,0.00652031784561214));
#800=CARTESIAN_POINT('',(0.0365104606763301,0.0281568516905724,0.00594335391859668));
#801=CARTESIAN_POINT('',(0.036635704424961,0.0280316079419426,0.00599499302015405));
#802=CARTESIAN_POINT('',(0.0383361485074912,0.0298666977653451,0.00702329169458165));
#803=CARTESIAN_POINT('',(0.0384646007820577,0.0297382454907775,0.00708191081203647));
#804=CARTESIAN_POINT('',(0.0363896789447131,0.0282776334221891,0.00650630449433164));
#805=CARTESIAN_POINT('',(0.0365205365804555,0.0281467757864481,0.00657239738888729));
#806=CARTESIAN_POINT('',(0.0382762259413583,0.029926620331478,0.00729090595214465));
#807=CARTESIAN_POINT('',(0.0384067489204994,0.0297960973523358,0.00735644281557451));
#808=CARTESIAN_POINT('',(0.0363159228628903,0.0283513895040118,0.00678205768391119));
#809=CARTESIAN_POINT('',(0.0364489864679026,0.0282183258990009,0.00685544057387747));
#810=CARTESIAN_POINT('',(0.0381301636560662,0.0300726826167701,0.0078204787483642));
#811=CARTESIAN_POINT('',(0.0382624329827503,0.0299404132900849,0.00790075467658203));
#812=CARTESIAN_POINT('',(0.0361439295961525,0.0285233827707496,0.00731734521045309));
#813=CARTESIAN_POINT('',(0.0362785750854162,0.0283887372814874,0.00740611938161907));
#814=CARTESIAN_POINT('',(0.0380439304340287,0.0301589158388076,0.00808271919308893));
#815=CARTESIAN_POINT('',(0.0381758754036813,0.0300269708691539,0.00817081644011969));
#816=CARTESIAN_POINT('',(0.0360453515871561,0.0286219607797462,0.00757755165452342));
#817=CARTESIAN_POINT('',(0.0361793729914011,0.0284879393755024,0.00767442711147847));
#818=CARTESIAN_POINT('',(0.0378393833914566,0.0303634628813798,0.00860497745203878));
#819=CARTESIAN_POINT('',(0.037967023811001,0.0302358224618345,0.00871045981816546));
#820=CARTESIAN_POINT('',(0.0358280198658304,0.0288392925010723,0.00807223136333509));
#821=CARTESIAN_POINT('',(0.035956334940033,0.0287109774268705,0.00818680577480222));
#822=CARTESIAN_POINT('',(0.0377215596079693,0.0304812866648669,0.00886366163468292));
#823=CARTESIAN_POINT('',(0.0378452198344373,0.0303576264383986,0.00897870780109261));
#824=CARTESIAN_POINT('',(0.0357094745130697,0.0289578378538333,0.0083065214708681));
#825=CARTESIAN_POINT('',(0.0358327073422485,0.028834605024655,0.00843069355105824));
#826=CARTESIAN_POINT('',(0.0375846798296839,0.0306181664431524,0.00911854963824204));
#827=CARTESIAN_POINT('',(0.0377019015578332,0.0305009447150031,0.00924445029998588));
#828=CARTESIAN_POINT('',(0.0355828910985861,0.0290844212683174,0.00852578901577931));
#829=CARTESIAN_POINT('',(0.0356979985498799,0.0289693138170235,0.00866064950243715));
#830=CARTESIAN_POINT('',(0.0392957427433061,0.0289071035295301,1.19920143265709E-5));
#831=CARTESIAN_POINT('',(0.0392718125901895,0.0289310336826467,5.54283926146134E-6));
#832=CARTESIAN_POINT('',(0.0392478824370729,0.0289549638357634,-9.06335803648194E-7));
#833=CARTESIAN_POINT('',(0.0368548671254104,0.0313479791474258,-0.000645823842314602));
#834=CARTESIAN_POINT('',(0.0378853294619381,0.0303175168108981,0.00184277682823707));
#835=CARTESIAN_POINT('',(0.037895737131537,0.0303071091412992,0.00186791169500964));
#836=CARTESIAN_POINT('',(0.037906144801136,0.0302967014717003,0.00189304656178222));
#837=CARTESIAN_POINT('',(0.039247975784301,0.0289548704885352,-8.81469990121001E-7));
#838=CARTESIAN_POINT('',(0.0378855084620297,0.0303173378108066,0.00184320957301035));
#839=CARTESIAN_POINT('',(0.0375846798296839,0.0306181664431524,0.00911854963824204));
#840=CARTESIAN_POINT('',(0.0376542653565155,0.0305485809163208,0.00898897230963379));
#841=CARTESIAN_POINT('',(0.0377626981813256,0.0304401480915106,0.00877026407203016));
#842=CARTESIAN_POINT('',(0.0379002065171028,0.0303026397557335,0.0084524925397129));
#843=CARTESIAN_POINT('',(0.0380423346899593,0.0301605115828769,0.00808510833250674));
#844=CARTESIAN_POINT('',(0.0381955421162219,0.0300073041566144,0.00761022655619134));
#845=CARTESIAN_POINT('',(0.038339760388117,0.0298630858847192,0.00701951958458494));
#846=CARTESIAN_POINT('',(0.0384437125519876,0.0297591337208486,0.0064120270444552));
#847=CARTESIAN_POINT('',(0.0384961786271645,0.0297066676456718,0.00589543159823865));
#848=CARTESIAN_POINT('',(0.0385173001070469,0.0296855461657894,0.00547799130563564));
#849=CARTESIAN_POINT('',(0.0385226107247277,0.0296802355481086,0.00516316172524273));
#850=CARTESIAN_POINT('',(0.0385173001070469,0.0296855461657894,0.00484833214484979));
#851=CARTESIAN_POINT('',(0.0384961786271645,0.0297066676456718,0.00443089185224683));
#852=CARTESIAN_POINT('',(0.0384437125519876,0.0297591337208486,0.00391429640603024));
#853=CARTESIAN_POINT('',(0.038339760388117,0.0298630858847192,0.00330680386590051));
#854=CARTESIAN_POINT('',(0.0381955421162219,0.0300073041566144,0.0027160968942941));
#855=CARTESIAN_POINT('',(0.0380423346899593,0.0301605115828769,0.00224121511797871));
#856=CARTESIAN_POINT('',(0.0379314820490068,0.0302713642238295,0.00195467439354276));
#857=CARTESIAN_POINT('',(0.0378898085276663,0.0303130377451699,0.00185357275960295));
#858=CARTESIAN_POINT('',(0.037885328911138,0.0303175173616983,0.00184277728593413));
#859=CARTESIAN_POINT('',(0.0356979985498799,0.0289693138170235,0.00866064950243715));
#860=CARTESIAN_POINT('',(0.0357184720996662,0.0289488402672374,0.00862569993057622));
#861=CARTESIAN_POINT('',(0.0358309873907487,0.0288363249761548,0.00842940710589943));
#862=CARTESIAN_POINT('',(0.0359782854872047,0.0286890268796988,0.00813885816019101));
#863=CARTESIAN_POINT('',(0.0361324395641365,0.0285348728027671,0.0077826195586351));
#864=CARTESIAN_POINT('',(0.036274567736993,0.0283927446299106,0.00741523535142893));
#865=CARTESIAN_POINT('',(0.0364277751632555,0.028239537203648,0.00694035357511354));
#866=CARTESIAN_POINT('',(0.0365719934351507,0.0280953189317528,0.00634964660350712));
#867=CARTESIAN_POINT('',(0.0366759455990213,0.0279913667678822,0.00574215406337741));
#868=CARTESIAN_POINT('',(0.0367284116741981,0.0279389006927055,0.00522555861716081));
#869=CARTESIAN_POINT('',(0.0367495331540805,0.027917779212823,0.00480811832455786));
#870=CARTESIAN_POINT('',(0.0367548437717612,0.0279124685951423,0.00449328874416492));
#871=CARTESIAN_POINT('',(0.0367495331540805,0.027917779212823,0.00417845916377199));
#872=CARTESIAN_POINT('',(0.0367284116741981,0.0279389006927055,0.00376101887116903));
#873=CARTESIAN_POINT('',(0.0366759455990213,0.0279913667678822,0.00324442342495242));
#874=CARTESIAN_POINT('',(0.0365719934351507,0.0280953189317528,0.00263693088482271));
#875=CARTESIAN_POINT('',(0.0364608773926329,0.0282064349742706,0.00218180810384604));
#876=CARTESIAN_POINT('',(0.0363864746015789,0.0282808377653246,0.00192956364213499));
#877=CARTESIAN_POINT('',(0.0363681685902846,0.0282991437766189,0.00187002268446539));
#878=CARTESIAN_POINT('',(0.0363681785369996,0.028299133829904,0.00187005633340224));
#879=CARTESIAN_POINT('',(0.0369968883767798,0.0276704239901238,0.000578196992969437));
#880=CARTESIAN_POINT('',(0.0359651326207104,0.0287021797461931,0.00055674271860883));
#881=CARTESIAN_POINT('',(0.0363681667675513,0.0282991455993522,0.00187001928157854));
#882=CARTESIAN_POINT('',(0.0363721971090197,0.0282951152578838,0.00188315204720823));
#883=CARTESIAN_POINT('',(0.0363762274504881,0.0282910849164154,0.00189628481283793));
#884=CARTESIAN_POINT('',(0.0369968883767724,0.0276704239901312,0.000578196992964708));
#885=CARTESIAN_POINT('',(0.0392479758348175,0.0289548704380188,-8.81844722271455E-7));
#886=CARTESIAN_POINT('',(0.0392085543907492,0.028994291882087,0.000291434709565566));
#887=CARTESIAN_POINT('',(0.0370435856331079,0.0276237267337956,0.000282699401101235));
#888=CARTESIAN_POINT('',(0.0369968883767625,0.027670423990141,0.000578196992958403));
#889=CARTESIAN_POINT('',(0.0446957369827852,0.023507109290051,0.00412695099188602));
#890=CARTESIAN_POINT('',(0.0447495552356851,0.0234532910371512,0.00434252875469666));
#891=CARTESIAN_POINT('',(0.0425175028987278,0.0221498094681758,0.00474091951139066));
#892=CARTESIAN_POINT('',(0.0425825479032956,0.0220847644636079,0.00479721124574606));
#893=CARTESIAN_POINT('',(0.044143739664726,0.0240591066081103,0.00193274667925755));
#894=CARTESIAN_POINT('',(0.0438705404132863,0.0243323058595499,0.00243874436942483));
#895=CARTESIAN_POINT('',(0.0413114705697262,0.0233558417971774,0.0031275550482358));
#896=CARTESIAN_POINT('',(0.0410494980709593,0.0236178142959441,0.00347426671219122));
#897=CARTESIAN_POINT('',(0.0417534988532441,0.0264493474195921,0.000675446631836182));
#898=CARTESIAN_POINT('',(0.0415363164589265,0.0266665298139097,0.00116314818428412));
#899=CARTESIAN_POINT('',(0.0391935867525448,0.0254737256143588,0.00134979787756749));
#900=CARTESIAN_POINT('',(0.0389691285451693,0.0256981838217341,0.00184068046585242));
#901=CARTESIAN_POINT('',(0.0392479758348175,0.0289548704380188,-8.81844722271455E-7));
#902=CARTESIAN_POINT('',(0.0392085543907492,0.028994291882087,0.000291434709565566));
#903=CARTESIAN_POINT('',(0.0370435856331079,0.0276237267337956,0.000282699401101235));
#904=CARTESIAN_POINT('',(0.0369968883767625,0.027670423990141,0.000578196992958403));
#905=CARTESIAN_POINT('',(0.0425825479032956,0.0220847644636079,0.00479721124574606));
#906=CARTESIAN_POINT('',(0.0410494980709593,0.0236178142959441,0.00347426671219122));
#907=CARTESIAN_POINT('',(0.0389691285451693,0.0256981838217341,0.00184068046585242));
#908=CARTESIAN_POINT('',(0.0369968883767625,0.027670423990141,0.000578196992958403));
#909=CARTESIAN_POINT('',(0.0425825486926745,0.0220847636742291,0.00479720942671078));
#910=CARTESIAN_POINT('',(0.0446957434750667,0.0235071027977696,0.00412694777527417));
#911=CARTESIAN_POINT('',(0.0447495615457984,0.0234532847270378,0.00434252480838106));
#912=CARTESIAN_POINT('',(0.042517503341482,0.0221498090254215,0.00474091489019142));
#913=CARTESIAN_POINT('',(0.0425825494820534,0.0220847628848502,0.00479720760767549));
#914=CARTESIAN_POINT('',(0.044695740228926,0.0235071060439103,0.00412694938358009));
#915=CARTESIAN_POINT('',(0.0446957369827852,0.023507109290051,0.00412695099188602));
#916=CARTESIAN_POINT('',(0.044143732812727,0.0240591134601092,0.00193271944237576));
#917=CARTESIAN_POINT('',(0.0417534395123553,0.0264494067604811,0.00067541541799325));
#918=CARTESIAN_POINT('',(0.0392478825308264,0.0289549637420098,-9.07030456671442E-7));
#919=CARTESIAN_POINT('',(0.0461638563121431,0.0220389899606931,0.000191772292709145));
#920=CARTESIAN_POINT('',(0.0465309828869551,0.0216718633858811,0.000481128455284304));
#921=CARTESIAN_POINT('',(0.0426941443577983,0.0219731680091053,-2.9151361194352E-5));
#922=CARTESIAN_POINT('',(0.0431433211854367,0.0215239911814668,1.57361189236742E-6));
#923=CARTESIAN_POINT('',(0.0460899694402468,0.0221128768325895,0.000133599629738091));
#924=CARTESIAN_POINT('',(0.046461760049608,0.0217410862232279,0.000444254461170715));
#925=CARTESIAN_POINT('',(0.0426273574058766,0.0220399549610266,-5.49016111100206E-5));
#926=CARTESIAN_POINT('',(0.0430812676033684,0.0215860447635346,-2.56136515534905E-6));
#927=CARTESIAN_POINT('',(0.0460102621465695,0.0221925841262668,8.78492372286024E-5));
#928=CARTESIAN_POINT('',(0.0463867415213773,0.0218161047514585,0.000415292378708656));
#929=CARTESIAN_POINT('',(0.0425620894840689,0.022105222882835,-6.81474489641598E-5));
#930=CARTESIAN_POINT('',(0.0430205299136917,0.0216467824532119,1.4482192735054E-6));
#931=CARTESIAN_POINT('',(0.0458871478367873,0.0223156984360489,3.99529310344639E-5));
#932=CARTESIAN_POINT('',(0.0462701632130024,0.0219326830598332,0.000386623978809125));
#933=CARTESIAN_POINT('',(0.0424665113462457,0.0222008010206584,-7.10464129135948E-5));
#934=CARTESIAN_POINT('',(0.0429309501108952,0.0217363622560083,1.87108053921632E-5));
#935=CARTESIAN_POINT('',(0.0458453603268352,0.022357485946001,2.73296524844954E-5));
#936=CARTESIAN_POINT('',(0.0462304715123924,0.021972374760443,0.000379417575894603));
#937=CARTESIAN_POINT('',(0.0424350378635262,0.022232274503378,-6.91640603759588E-5));
#938=CARTESIAN_POINT('',(0.0429013432376565,0.021765969129247,2.63600773930972E-5));
#939=CARTESIAN_POINT('',(0.0457603450727742,0.0224425012000621,8.90567516852623E-6));
#940=CARTESIAN_POINT('',(0.0461493931209099,0.0220534531519255,0.000369977660163767));
#941=CARTESIAN_POINT('',(0.042372895773044,0.0222944165938603,-5.97926842116451E-5));
#942=CARTESIAN_POINT('',(0.0428425866439816,0.021824725722922,4.54944634520479E-5));
#943=CARTESIAN_POINT('',(0.0457170129218452,0.0224858333509911,3.15013690172791E-6));
#944=CARTESIAN_POINT('',(0.0461079020232174,0.022094944249618,0.000367789307846655));
#945=CARTESIAN_POINT('',(0.0423420783360215,0.0223252340308829,-5.22216238006926E-5));
#946=CARTESIAN_POINT('',(0.0428132880942855,0.021854024272618,5.70616142943393E-5));
#947=CARTESIAN_POINT('',(0.0455881372514984,0.0226147090213378,-3.3256268982873E-6));
#948=CARTESIAN_POINT('',(0.0459840338176446,0.0222188124551907,0.000369443312226689));
#949=CARTESIAN_POINT('',(0.0422524856898488,0.0224148266770556,-2.18206452102384E-5));
#950=CARTESIAN_POINT('',(0.0427276074502149,0.0219397049166885,9.69991687611315E-5));
#951=CARTESIAN_POINT('',(0.0455026315616083,0.022700214711228,6.27121852697298E-6));
#952=CARTESIAN_POINT('',(0.0459011788443566,0.0223016674284787,0.000381030950213298));
#953=CARTESIAN_POINT('',(0.0421961928755988,0.0224711194913056,8.6705229884896E-6));
#954=CARTESIAN_POINT('',(0.0426730630908628,0.0219942492760407,0.00013057912698718));
#955=CARTESIAN_POINT('',(0.0453753847376576,0.0228274615351787,4.24436744786304E-5));
#956=CARTESIAN_POINT('',(0.0457763424623298,0.0224265038105055,0.000415856995107472));
#957=CARTESIAN_POINT('',(0.0421170628410453,0.0225502495258591,6.9136778509264E-5));
#958=CARTESIAN_POINT('',(0.042594774112315,0.0220725382545885,0.000191593369234618));
#959=CARTESIAN_POINT('',(0.0453333599416133,0.0228694863312229,5.8160543583647E-5));
#960=CARTESIAN_POINT('',(0.0457348602080969,0.0224679860647384,0.000430402960543409));
#961=CARTESIAN_POINT('',(0.0420915737925725,0.022575738574332,9.1765048437508E-5));
#962=CARTESIAN_POINT('',(0.0425692684781204,0.0220980438887832,0.000213723435019363));
#963=CARTESIAN_POINT('',(0.0452519981898287,0.0229508480830075,9.61796339714183E-5));
#964=CARTESIAN_POINT('',(0.0456539726217574,0.022548873651078,0.00046477120686627));
#965=CARTESIAN_POINT('',(0.0420424741141826,0.0226248382527217,0.000142054134219238));
#966=CARTESIAN_POINT('',(0.0425194597017426,0.0221478526651608,0.000261790745162831));
#967=CARTESIAN_POINT('',(0.0452123967986911,0.0229904494741451,0.000118547744802996));
#968=CARTESIAN_POINT('',(0.0456143028542534,0.0225885434185821,0.000484659377302017));
#969=CARTESIAN_POINT('',(0.0420188719615966,0.0226484404053078,0.000169747742801473));
#970=CARTESIAN_POINT('',(0.0424951650368902,0.0221721473300133,0.000287760782250302));
#971=CARTESIAN_POINT('',(0.0451354376768015,0.0230674085960348,0.000170060599713702));
#972=CARTESIAN_POINT('',(0.0455365070209351,0.0226663392519003,0.000530038477934063));
#973=CARTESIAN_POINT('',(0.0419747504449066,0.0226925619219976,0.00022900650387553));
#974=CARTESIAN_POINT('',(0.0424489005180253,0.0222184118488782,0.000342483398403739));
#975=CARTESIAN_POINT('',(0.0450980839344943,0.023104762338342,0.00019919951995058));
#976=CARTESIAN_POINT('',(0.0454983849435656,0.0227044613292699,0.000555523584288112));
#977=CARTESIAN_POINT('',(0.0419540754090559,0.0227132369578483,0.000260713192104617));
#978=CARTESIAN_POINT('',(0.042426774992266,0.0222405373746376,0.00037137751320697));
#979=CARTESIAN_POINT('',(0.0450257920163653,0.023177054256471,0.000264666059895406));
#980=CARTESIAN_POINT('',(0.0454237673560982,0.0227790789167374,0.000612643786220034));
#981=CARTESIAN_POINT('',(0.0419155806744795,0.0227517316924247,0.000328255693358104));
#982=CARTESIAN_POINT('',(0.0423845392491322,0.0222827731177713,0.000432342231097825));
#983=CARTESIAN_POINT('',(0.0449913390530515,0.0232115072197847,0.000300612427826677));
#984=CARTESIAN_POINT('',(0.0453877570585082,0.0228150892143274,0.00064389763002123));
#985=CARTESIAN_POINT('',(0.0418977601292111,0.0227695522376931,0.000364091168392937));
#986=CARTESIAN_POINT('',(0.0423644281852152,0.0223028841816884,0.000464412496195883));
#987=CARTESIAN_POINT('',(0.0448948020323339,0.0233080442405024,0.000416076311116939));
#988=CARTESIAN_POINT('',(0.0452852309753639,0.0229176152974719,0.000743928620410026));
#989=CARTESIAN_POINT('',(0.0418488164657408,0.0228184959011632,0.000477949746581125));
#990=CARTESIAN_POINT('',(0.0423072298460428,0.0223600825208608,0.000565751037937627));
#991=CARTESIAN_POINT('',(0.0448385062502856,0.0233643400225507,0.000504121744411514));
#992=CARTESIAN_POINT('',(0.0452231864055671,0.0229796598672687,0.000819878364421969));
#993=CARTESIAN_POINT('',(0.0418220743995324,0.0228452379673715,0.000562968284924732));
#994=CARTESIAN_POINT('',(0.0422731405030244,0.0223941718638791,0.000640790343135447));
#995=CARTESIAN_POINT('',(0.0447449113684822,0.0234579349043541,0.000701305263749853));
#996=CARTESIAN_POINT('',(0.0451138694651942,0.0230889768076417,0.000990337623083088));
#997=CARTESIAN_POINT('',(0.0417855736901551,0.0228817386767487,0.000743418514761733));
#998=CARTESIAN_POINT('',(0.0422176005118957,0.0224497118550078,0.000799107945679279));
#999=CARTESIAN_POINT('',(0.0447097472402637,0.0234930990325725,0.000805728938220836));
#1000=CARTESIAN_POINT('',(0.0450687320661549,0.0231341142066812,0.00108013272615948));
#1001=CARTESIAN_POINT('',(0.0417752849536938,0.0228920274132097,0.000839499662864105));
#1002=CARTESIAN_POINT('',(0.042195619770493,0.0224716925964105,0.000883035699634269));
#1003=CARTESIAN_POINT('',(0.0446739304400394,0.0235289158327968,0.000970410169442036));
#1004=CARTESIAN_POINT('',(0.0450142527542862,0.0231885935185498,0.00122178241814334));
#1005=CARTESIAN_POINT('',(0.0417736401904227,0.0228936721764811,0.000993211140264878));
#1006=CARTESIAN_POINT('',(0.0421726861471253,0.0224946262197783,0.00101770465758381));
#1007=CARTESIAN_POINT('',(0.0446648648445123,0.023537981428324,0.00102699465672027));
#1008=CARTESIAN_POINT('',(0.0449983492206422,0.023204497052194,0.00127050827865156));
#1009=CARTESIAN_POINT('',(0.0417755314549755,0.0228917809119281,0.00104542304327198));
#1010=CARTESIAN_POINT('',(0.0421668559828652,0.0225004563840384,0.00106343364940215));
#1011=CARTESIAN_POINT('',(0.0446530532197393,0.0235497930530969,0.00113885674630518));
#1012=CARTESIAN_POINT('',(0.0449715384773131,0.0232313077955231,0.00136642538388769));
#1013=CARTESIAN_POINT('',(0.0417844892721102,0.0228828230947934,0.00115089463828807));
#1014=CARTESIAN_POINT('',(0.0421590386070482,0.0225082737598553,0.00115580497805082));
#1015=CARTESIAN_POINT('',(0.0446501784924612,0.023552667780375,0.00119456867031478));
#1016=CARTESIAN_POINT('',(0.0449605025695958,0.0232423437032404,0.00141405095031853));
#1017=CARTESIAN_POINT('',(0.0417915302733886,0.0228757820935149,0.00120428730560692));
#1018=CARTESIAN_POINT('',(0.042157025844188,0.0225102865227156,0.00120258029019102));
#1019=CARTESIAN_POINT('',(0.0446501784924612,0.023552667780375,0.00125349346456611));
#1020=CARTESIAN_POINT('',(0.0449510763999712,0.0232517698728649,0.00146433055742083));
#1021=CARTESIAN_POINT('',(0.0418019063983496,0.0228654059685539,0.00126172894275473));
#1022=CARTESIAN_POINT('',(0.042157025844188,0.0225102865227156,0.00125298854595215));
#1023=CARTESIAN_POINT('',(0.0446501784924612,0.023552667780375,0.00125698908606199));
#1024=CARTESIAN_POINT('',(0.0449506196576352,0.023252226615201,0.00146740632120115));
#1025=CARTESIAN_POINT('',(0.0418024236304455,0.022864888736458,0.00126506808194027));
#1026=CARTESIAN_POINT('',(0.042157025844188,0.0225102865227156,0.00125597612538793));
#1027=CARTESIAN_POINT('',(0.0446501784924609,0.023552667780375,0.00215241110017463));
#1028=CARTESIAN_POINT('',(0.0448205284933023,0.0233823177795337,0.00224302997882868));
#1029=CARTESIAN_POINT('',(0.0419474774240539,0.0227198349428495,0.00212845626719721));
#1030=CARTESIAN_POINT('',(0.0421570258441879,0.0225102865227156,0.00202055505726005));
#1031=CARTESIAN_POINT('',(0.0446501784924612,0.023552667780375,0.00318223692914484));
#1032=CARTESIAN_POINT('',(0.0446748791981795,0.0235279670746567,0.00307771043372986));
#1033=CARTESIAN_POINT('',(0.0421098788924798,0.0225574334744238,0.00300037722329971));
#1034=CARTESIAN_POINT('',(0.042157025844188,0.0225102865227156,0.0027208298725789));
#1035=CARTESIAN_POINT('',(0.0446501784924612,0.023552667780375,0.00375072936421532));
#1036=CARTESIAN_POINT('',(0.0446106430892209,0.0235922031836154,0.00376258482599447));
#1037=CARTESIAN_POINT('',(0.0421815031885229,0.0224858091783805,0.00390412352859419));
#1038=CARTESIAN_POINT('',(0.042157025844188,0.0225102865227156,0.00375132210054168));
#1039=CARTESIAN_POINT('',(0.0446501789641448,0.0235526673086915,0.00375145688433425));
#1040=CARTESIAN_POINT('',(0.0446105362065885,0.0235923100662477,0.0037635107419633));
#1041=CARTESIAN_POINT('',(0.0421815747766171,0.0224857375902864,0.00390532284824353));
#1042=CARTESIAN_POINT('',(0.0421570274300858,0.0225102849368176,0.00375264655471752));
#1043=CARTESIAN_POINT('',(0.0446501808412908,0.0235526654315454,0.00375290825836647));
#1044=CARTESIAN_POINT('',(0.0446104261873155,0.0235924200855207,0.0037651714368355));
#1045=CARTESIAN_POINT('',(0.0421818055743119,0.0224855067925917,0.0039075675290774));
#1046=CARTESIAN_POINT('',(0.0421570338041376,0.0225102785627659,0.00375530013559952));
#1047=CARTESIAN_POINT('',(0.0446501822467532,0.023552664026083,0.00375363211227976));
#1048=CARTESIAN_POINT('',(0.044610296413074,0.0235925498597623,0.00376614461399111));
#1049=CARTESIAN_POINT('',(0.0421818585982432,0.0224854537686603,0.0039088074732678));
#1050=CARTESIAN_POINT('',(0.0421570385922915,0.022510273774612,0.00375662926230569));
#1051=CARTESIAN_POINT('',(0.0446501878494259,0.0235526584234103,0.00375579820769669));
#1052=CARTESIAN_POINT('',(0.0446101354810226,0.0235927107918136,0.0037686323103398));
#1053=CARTESIAN_POINT('',(0.0421822092797419,0.0224851030871616,0.00391218007184517));
#1054=CARTESIAN_POINT('',(0.0421570578058278,0.0225102545610757,0.00376062359911556));
#1055=CARTESIAN_POINT('',(0.044650193432922,0.0235526528399143,0.00375723498287736));
#1056=CARTESIAN_POINT('',(0.0446098853869956,0.0235929608858406,0.00377057865059763));
#1057=CARTESIAN_POINT('',(0.042182325697876,0.0224849866690276,0.0039146645973319));
#1058=CARTESIAN_POINT('',(0.0421570770802848,0.0225102352866188,0.00376329576591058));
#1059=CARTESIAN_POINT('',(0.0446502082199683,0.023552638052868,0.00376009413230008));
#1060=CARTESIAN_POINT('',(0.0446096818076938,0.0235931644651425,0.00377388702864982));
#1061=CARTESIAN_POINT('',(0.042182805575253,0.0224845067916505,0.00391917631649165));
#1062=CARTESIAN_POINT('',(0.0421571288037466,0.0225101835631569,0.0037686583727887));
#1063=CARTESIAN_POINT('',(0.0446502174235186,0.0235526288493176,0.00376151650654212));
#1064=CARTESIAN_POINT('',(0.0446094443287386,0.0235934019440977,0.00377583304574473));
#1065=CARTESIAN_POINT('',(0.0421829358124471,0.0224843765544564,0.00392166666446427));
#1066=CARTESIAN_POINT('',(0.0421571612527517,0.0225101511141519,0.00377134881287177));
#1067=CARTESIAN_POINT('',(0.0446502393739665,0.0235526068988697,0.00376434703001019));
#1068=CARTESIAN_POINT('',(0.0446092518470617,0.0235935944257746,0.00377913336708728));
#1069=CARTESIAN_POINT('',(0.0421834284456791,0.0224838839212245,0.00392619335308858));
#1070=CARTESIAN_POINT('',(0.0421572395689922,0.0225100727979113,0.00377674768843707));
#1071=CARTESIAN_POINT('',(0.0446502521208641,0.0235525941519721,0.00376575517923622));
#1072=CARTESIAN_POINT('',(0.0446090269794235,0.0235938192934128,0.00378107864867868));
#1073=CARTESIAN_POINT('',(0.0421835724491275,0.0224837399177761,0.00392868910020439));
#1074=CARTESIAN_POINT('',(0.0421572854362278,0.0225100269306757,0.0037794561239193));
#1075=CARTESIAN_POINT('',(0.0446502810812991,0.0235525651915371,0.00376855742859485));
#1076=CARTESIAN_POINT('',(0.0446088457024146,0.0235940005704216,0.0037843714038302));
#1077=CARTESIAN_POINT('',(0.0421840782891928,0.0224832340777108,0.00393323078843607));
#1078=CARTESIAN_POINT('',(0.0421573908326123,0.0225099215342913,0.00378489071239406));
#1079=CARTESIAN_POINT('',(0.0446502972948367,0.0235525489779996,0.00376995152872745));
#1080=CARTESIAN_POINT('',(0.0446086334361249,0.0235942128367113,0.00378631554087635));
#1081=CARTESIAN_POINT('',(0.0421842360088905,0.0224830763580131,0.00393573152921369));
#1082=CARTESIAN_POINT('',(0.0421574503617611,0.0225098620051424,0.00378761686538657));
#1083=CARTESIAN_POINT('',(0.0446503331118446,0.0235525131609917,0.00377272585582184));
#1084=CARTESIAN_POINT('',(0.0446084634770703,0.0235943827957659,0.00378960121694224));
#1085=CARTESIAN_POINT('',(0.0421847555039974,0.0224825568629061,0.00394028822973808));
#1086=CARTESIAN_POINT('',(0.0421575833256545,0.022509729041249,0.00379308661099301));
#1087=CARTESIAN_POINT('',(0.0446503527153149,0.0235524935575213,0.00377410608278362));
#1088=CARTESIAN_POINT('',(0.044608263795891,0.0235945824769453,0.00379154380393249));
#1089=CARTESIAN_POINT('',(0.0421849268926815,0.022482385474222,0.00394279357577092));
#1090=CARTESIAN_POINT('',(0.042157656760399,0.0225096556065045,0.00379583020360693));
#1091=CARTESIAN_POINT('',(0.0446503952354811,0.0235524510373551,0.00377685283945898));
#1092=CARTESIAN_POINT('',(0.0446081052743724,0.0235947409984638,0.00379482288436913));
#1093=CARTESIAN_POINT('',(0.0421854604883241,0.0224818518785794,0.00394736528458118));
#1094=CARTESIAN_POINT('',(0.0421578177791666,0.0225094945877369,0.00380133455056729));
#1095=CARTESIAN_POINT('',(0.044650418152177,0.0235524281206592,0.00377821936917256));
#1096=CARTESIAN_POINT('',(0.0446079181557461,0.0235949281170901,0.00379676351956353));
#1097=CARTESIAN_POINT('',(0.0421856455014199,0.0224816668654837,0.00394987486379217));
#1098=CARTESIAN_POINT('',(0.0421579053631896,0.0225094070037139,0.00380409530491375));
#1099=CARTESIAN_POINT('',(0.0446504672220873,0.023552379050749,0.00378093890727409));
#1100=CARTESIAN_POINT('',(0.0446077711976886,0.0235950750751476,0.003800036483935));
#1101=CARTESIAN_POINT('',(0.04218619364043,0.0224811187264735,0.00395446156091467));
#1102=CARTESIAN_POINT('',(0.0421580949241964,0.0225092174427071,0.00380963369745029));
#1103=CARTESIAN_POINT('',(0.0446504933753016,0.0235523528975347,0.00378229191566205));
#1104=CARTESIAN_POINT('',(0.0446075966126935,0.0235952496601427,0.00380197476961109));
#1105=CARTESIAN_POINT('',(0.0421863922360009,0.0224809201309026,0.00395697501684947));
#1106=CARTESIAN_POINT('',(0.0421581969011803,0.0225091154657232,0.00381241133564038));
#1107=CARTESIAN_POINT('',(0.0446505488415413,0.0235522974312949,0.00378498458703496));
#1108=CARTESIAN_POINT('',(0.0446074613504078,0.0235953849224285,0.00380524209333874));
#1109=CARTESIAN_POINT('',(0.0421869553585963,0.0224803570083073,0.00396157666703188));
#1110=CARTESIAN_POINT('',(0.0421584154917916,0.022508896875112,0.00381798321797534));
#1111=CARTESIAN_POINT('',(0.0446505781545668,0.0235522681182694,0.00378632425001992));
#1112=CARTESIAN_POINT('',(0.0446072992637183,0.023595547009118,0.00380717763604566));
#1113=CARTESIAN_POINT('',(0.042187167497298,0.0224801448696056,0.00396409365818831));
#1114=CARTESIAN_POINT('',(0.042158532105419,0.0225087802614845,0.0038207774621202));
#1115=CARTESIAN_POINT('',(0.0446506398637218,0.0235522064091144,0.00378899040650941));
#1116=CARTESIAN_POINT('',(0.0446071758359367,0.0235956704368995,0.00381043979015036));
#1117=CARTESIAN_POINT('',(0.042187746041126,0.0224795663257775,0.00396871021155269));
#1118=CARTESIAN_POINT('',(0.0421587802129999,0.0225085321539036,0.00382638227847582));
#1119=CARTESIAN_POINT('',(0.0446506722598513,0.0235521740129849,0.00379031690001395));
#1120=CARTESIAN_POINT('',(0.0446070262057906,0.0235958200670455,0.0038123722009702));
#1121=CARTESIAN_POINT('',(0.0421879716861639,0.0224793406807397,0.00397123041074407));
#1122=CARTESIAN_POINT('',(0.0421589117069534,0.0225084006599501,0.00382919285068657));
#1123=CARTESIAN_POINT('',(0.0446507400585071,0.0235521062143291,0.00379295689346524));
#1124=CARTESIAN_POINT('',(0.0446069147576972,0.023595931515139,0.00381562965180745));
#1125=CARTESIAN_POINT('',(0.0421885660863431,0.0224787462805605,0.00397586180340709));
#1126=CARTESIAN_POINT('',(0.0421591898188691,0.0225081225480345,0.0038348300452851));
#1127=CARTESIAN_POINT('',(0.0446507754610334,0.0235520708118029,0.00379427039341198));
#1128=CARTESIAN_POINT('',(0.0446067775358695,0.0235960687369667,0.00381755854662367));
#1129=CARTESIAN_POINT('',(0.0421888052034329,0.0224785071634706,0.00397838489715741));
#1130=CARTESIAN_POINT('',(0.0421593364368312,0.0225079759300724,0.00383765666767287));
#1131=CARTESIAN_POINT('',(0.0446508491957755,0.0235519970770607,0.00379688457567025));
#1132=CARTESIAN_POINT('',(0.0446066782191226,0.0235961680537137,0.00382081175561155));
#1133=CARTESIAN_POINT('',(0.0421894158925897,0.0224778964743138,0.00398303105181977));
#1134=CARTESIAN_POINT('',(0.0421596450404468,0.0225076673264567,0.00384332568473654));
#1135=CARTESIAN_POINT('',(0.0446508875279914,0.0235519587448448,0.00379818525798178));
#1136=CARTESIAN_POINT('',(0.0446065533509056,0.0235962929219306,0.00382273675538452));
#1137=CARTESIAN_POINT('',(0.0421896684499219,0.0224776439169816,0.00398555673978885));
#1138=CARTESIAN_POINT('',(0.0421598070261002,0.0225075053408034,0.00384616807941245));
#1139=CARTESIAN_POINT('',(0.0446509670454056,0.0235518792274307,0.00380077398089226));
#1140=CARTESIAN_POINT('',(0.0446064663236538,0.0235963799491824,0.00382598617872473));
#1141=CARTESIAN_POINT('',(0.0421902958582253,0.0224770165086781,0.0039902175662956));
#1142=CARTESIAN_POINT('',(0.0421601466087807,0.0225071657581228,0.0038518683631635));
#1143=CARTESIAN_POINT('',(0.0446510082306039,0.0235518380422323,0.0038020620214912));
#1144=CARTESIAN_POINT('',(0.044606353747846,0.0235964925249902,0.00382790690977415));
#1145=CARTESIAN_POINT('',(0.0421905618264325,0.022476750540471,0.0039927455607323));
#1146=CARTESIAN_POINT('',(0.042160324205808,0.0225069881610955,0.00385472625223867));
#1147=CARTESIAN_POINT('',(0.0446510933772757,0.0235517528955606,0.00380462563689907));
#1148=CARTESIAN_POINT('',(0.0446062791747361,0.0235965670981001,0.0038311529981661));
#1149=CARTESIAN_POINT('',(0.0421912063816252,0.0224761059852784,0.00399742095660603));
#1150=CARTESIAN_POINT('',(0.0421606952549188,0.0225066171119847,0.00386045724689936));
#1151=CARTESIAN_POINT('',(0.0446511373387491,0.0235517089340871,0.00380590121170801));
#1152=CARTESIAN_POINT('',(0.0446061788236378,0.0235966674491985,0.00383306909246019));
#1153=CARTESIAN_POINT('',(0.0421914857337519,0.0224758266331516,0.00399995098182792));
#1154=CARTESIAN_POINT('',(0.0421608887070024,0.0225064236599011,0.0038633303524849));
#1155=CARTESIAN_POINT('',(0.044651227961264,0.0235516183115722,0.00380844007145851));
#1156=CARTESIAN_POINT('',(0.0446061168758142,0.0235967293970221,0.00383631229080857));
#1157=CARTESIAN_POINT('',(0.0421921478611783,0.0224751645057252,0.00400464083277624));
#1158=CARTESIAN_POINT('',(0.0421612917099086,0.0225060206569949,0.00386909150227748));
#1159=CARTESIAN_POINT('',(0.0446512746223056,0.0235515716505307,0.00380970335640005));
#1160=CARTESIAN_POINT('',(0.0446060286752325,0.0235968175976038,0.00383822338625986));
#1161=CARTESIAN_POINT('',(0.0421924630304802,0.0224748493364233,0.00400707958694124));
#1162=CARTESIAN_POINT('',(0.0421615012607312,0.0225058111061723,0.00387197954648451));
#1163=CARTESIAN_POINT('',(0.0446513705672493,0.023551475705587,0.00381221781233835));
#1164=CARTESIAN_POINT('',(0.0446059795303286,0.0235968667425076,0.00384146413337543));
#1165=CARTESIAN_POINT('',(0.0421931024718427,0.0224742098950609,0.00401196422587278));
#1166=CARTESIAN_POINT('',(0.0421619367047979,0.0225053756621056,0.00387777029563121));
#1167=CARTESIAN_POINT('',(0.0446514198511516,0.0235514264216846,0.0038134689833351));
#1168=CARTESIAN_POINT('',(0.0446059033995909,0.0235969428732454,0.00384336987414299));
#1169=CARTESIAN_POINT('',(0.0421934267439033,0.0224738856230002,0.00401441011063933));
#1170=CARTESIAN_POINT('',(0.042162162598042,0.0225051497688615,0.00388067300057086));
#1171=CARTESIAN_POINT('',(0.0446515209651097,0.0235513253077265,0.00381595938730642));
#1172=CARTESIAN_POINT('',(0.0446058672417107,0.0235969790311256,0.00384660860243738));
#1173=CARTESIAN_POINT('',(0.0421941252823647,0.0224731870845388,0.00401912848399387));
#1174=CARTESIAN_POINT('',(0.0421626309706344,0.0225046813962691,0.00388649279329392));
#1175=CARTESIAN_POINT('',(0.0446515727951656,0.0235512734776706,0.00381719862028098));
#1176=CARTESIAN_POINT('',(0.0446058030936877,0.0235970431791485,0.00384850863923511));
#1177=CARTESIAN_POINT('',(0.0421944628728551,0.0224728494940485,0.00402157564518335));
#1178=CARTESIAN_POINT('',(0.0421628734499827,0.0225044389169208,0.00388940988107732));
#1179=CARTESIAN_POINT('',(0.0446516789247238,0.0235511673481124,0.00381966532413052));
#1180=CARTESIAN_POINT('',(0.0446057801133777,0.0235970661594586,0.00385174577440939));
#1181=CARTESIAN_POINT('',(0.0421951475748932,0.0224721647920103,0.00402647695134185));
#1182=CARTESIAN_POINT('',(0.0421633752384659,0.0225039371284376,0.003895258161599));
#1183=CARTESIAN_POINT('',(0.0446517332242261,0.0235511130486102,0.0038208927950055));
#1184=CARTESIAN_POINT('',(0.0446057278545166,0.0235971184183197,0.00385363976482029));
#1185=CARTESIAN_POINT('',(0.042195494686441,0.0224718176804625,0.00402893109631088));
#1186=CARTESIAN_POINT('',(0.0421636345476008,0.0225036778193026,0.00389818935433726));
#1187=CARTESIAN_POINT('',(0.0446518442159698,0.0235510020568664,0.00382333615057847));
#1188=CARTESIAN_POINT('',(0.0446057182487278,0.0235971280241084,0.00385687572554791));
#1189=CARTESIAN_POINT('',(0.0421962313091317,0.0224710810577718,0.00403367740478364));
#1190=CARTESIAN_POINT('',(0.04216417023934,0.0225031421275635,0.00390406556687978));
#1191=CARTESIAN_POINT('',(0.0446519009082113,0.0235509453646249,0.00382455203527646));
#1192=CARTESIAN_POINT('',(0.0446056777790957,0.0235971684937406,0.00385876333434383));
#1193=CARTESIAN_POINT('',(0.0421965917062952,0.0224707206606084,0.00403613237131979));
#1194=CARTESIAN_POINT('',(0.0421644466219443,0.0225028657449593,0.00390701058668404));
#1195=CARTESIAN_POINT('',(0.0446520166087263,0.0235508296641099,0.00382697239441806));
#1196=CARTESIAN_POINT('',(0.0446056817511351,0.0235971645217011,0.00386199853194817));
#1197=CARTESIAN_POINT('',(0.0421973224353714,0.0224699899315321,0.00404104912171481));
#1198=CARTESIAN_POINT('',(0.0421650167043046,0.0225022956625989,0.00391291417546965));
#1199=CARTESIAN_POINT('',(0.0446520756169998,0.0235507706558364,0.00382817686886167));
#1200=CARTESIAN_POINT('',(0.0446056529644733,0.023597193308363,0.00386387943141476));
#1201=CARTESIAN_POINT('',(0.0421976927672842,0.0224696195996193,0.00404351090557369));
#1202=CARTESIAN_POINT('',(0.0421653104040607,0.0225020019628428,0.00391587274445101));
#1203=CARTESIAN_POINT('',(0.0446521958728716,0.0235506503999647,0.00383057458341712));
#1204=CARTESIAN_POINT('',(0.0446056707239434,0.0235971755488929,0.00386711426954166));
#1205=CARTESIAN_POINT('',(0.0421984691289722,0.0224688432379314,0.00404828448333732));
#1206=CARTESIAN_POINT('',(0.0421659153644073,0.0225013970024962,0.00392180315370196));
#1207=CARTESIAN_POINT('',(0.0446522571204699,0.0235505891523664,0.00383176782352894));
#1208=CARTESIAN_POINT('',(0.0446056535077333,0.0235971927651029,0.0038689881398082));
#1209=CARTESIAN_POINT('',(0.0421988527228451,0.0224684596440584,0.00405074667164725));
#1210=CARTESIAN_POINT('',(0.0421662266249978,0.0225010857419057,0.00392477499397155));
#1211=CARTESIAN_POINT('',(0.0446523817782842,0.0235504644945521,0.00383414324534342));
#1212=CARTESIAN_POINT('',(0.0446056852704605,0.0235971610023757,0.00387222301409376));
#1213=CARTESIAN_POINT('',(0.0421996302544805,0.022467682112423,0.0040556776810281));
#1214=CARTESIAN_POINT('',(0.0421668669506959,0.0225004454162076,0.00393073166791008));
#1215=CARTESIAN_POINT('',(0.0446524451885,0.0235504010843362,0.00383532542704608));
#1216=CARTESIAN_POINT('',(0.044605679506002,0.0235971667668343,0.0038740895434674));
#1217=CARTESIAN_POINT('',(0.0422000241922429,0.0224672881746606,0.00405814650209902));
#1218=CARTESIAN_POINT('',(0.0421671960158033,0.0225001163511001,0.00393371650157903));
#1219=CARTESIAN_POINT('',(0.0446525740948423,0.023550272177994,0.00383767890796481));
#1220=CARTESIAN_POINT('',(0.0446057254939524,0.0235971207788839,0.00387732484120177));
#1221=CARTESIAN_POINT('',(0.0422008419294885,0.0224664704374151,0.0040629466109066));
#1222=CARTESIAN_POINT('',(0.042167872194218,0.0224994401726855,0.00393969888442738));
#1223=CARTESIAN_POINT('',(0.0446526395909686,0.0235502066818677,0.00383885020718089));
#1224=CARTESIAN_POINT('',(0.0446057310564539,0.0235971152163824,0.00387918372650559));
#1225=CARTESIAN_POINT('',(0.042201249114621,0.0224660632522825,0.0040654154541247));
#1226=CARTESIAN_POINT('',(0.0421682193075251,0.0224990930593784,0.0039426964336068));
#1227=CARTESIAN_POINT('',(0.0446527725924244,0.0235500736804118,0.00384118209904907));
#1228=CARTESIAN_POINT('',(0.0446057914976364,0.0235970547751998,0.00388241982629295));
#1229=CARTESIAN_POINT('',(0.0422020742334021,0.0224652381335015,0.00407035957205285));
#1230=CARTESIAN_POINT('',(0.0421689318260215,0.022498380540882,0.00394870396958723));
#1231=CARTESIAN_POINT('',(0.0446528400977539,0.0235500061750823,0.00384234269170118));
#1232=CARTESIAN_POINT('',(0.0446058082563184,0.0235970380165179,0.00388427077320757));
#1233=CARTESIAN_POINT('',(0.0422024921670505,0.0224648201998531,0.00407283484676291));
#1234=CARTESIAN_POINT('',(0.0421692972312107,0.0224980151356928,0.00395171395638824));
#1235=CARTESIAN_POINT('',(0.0446529770409091,0.0235498692319272,0.00384465334636402));
#1236=CARTESIAN_POINT('',(0.0446058833846753,0.023596962888161,0.00388750804462303));
#1237=CARTESIAN_POINT('',(0.0422033528983593,0.0224639594685442,0.00407766068153839));
#1238=CARTESIAN_POINT('',(0.042170046577154,0.0224972657897495,0.00395774608972298));
#1239=CARTESIAN_POINT('',(0.0446530464787345,0.0235497997941017,0.00384580340837476));
#1240=CARTESIAN_POINT('',(0.0446059112028873,0.0235969350699489,0.00388935076803097));
#1241=CARTESIAN_POINT('',(0.0422037840737925,0.022463528293111,0.00408013562822683));
#1242=CARTESIAN_POINT('',(0.0421704305179081,0.0224968818489955,0.00396076823625671));
#1243=CARTESIAN_POINT('',(0.0446531872101745,0.0235496590626618,0.00384809317767747));
#1244=CARTESIAN_POINT('',(0.0446060012581692,0.0235968450146671,0.00389258957127492));
#1245=CARTESIAN_POINT('',(0.0422046575733102,0.0224626547935933,0.00408509173639887));
#1246=CARTESIAN_POINT('',(0.0421712171786634,0.0224960951882401,0.003966824411168));
#1247=CARTESIAN_POINT('',(0.0446532585037888,0.0235495877690474,0.00384923288496944));
#1248=CARTESIAN_POINT('',(0.0446060399935211,0.0235968062793152,0.00389442379560724));
#1249=CARTESIAN_POINT('',(0.0422050998973948,0.0224622124695088,0.00408757289788246));
#1250=CARTESIAN_POINT('',(0.0421716198986647,0.0224956924682388,0.00396985843954557));
#1251=CARTESIAN_POINT('',(0.0446534028700991,0.0235494434027371,0.00385150212075721));
#1252=CARTESIAN_POINT('',(0.0446061452211497,0.0235967010516866,0.00389766448115766));
#1253=CARTESIAN_POINT('',(0.0422060052233088,0.0224613071435946,0.00409242359183847));
#1254=CARTESIAN_POINT('',(0.0421724443615972,0.0224948680053063,0.00397593810025566));
#1255=CARTESIAN_POINT('',(0.0446534759427951,0.0235493703300412,0.00385263164925301));
#1256=CARTESIAN_POINT('',(0.0446061947256567,0.0235966515471795,0.00389948994074227));
#1257=CARTESIAN_POINT('',(0.0422064607925665,0.022460851574337,0.00409490410481348));
#1258=CARTESIAN_POINT('',(0.0421728661045284,0.0224944462623751,0.00397898373258818));
#1259=CARTESIAN_POINT('',(0.0446536237905614,0.0235492224822748,0.00385488070337106));
#1260=CARTESIAN_POINT('',(0.0446063153765716,0.0235965308962646,0.00390273284900588));
#1261=CARTESIAN_POINT('',(0.0422073834753858,0.0224599288915177,0.0040998711146078));
#1262=CARTESIAN_POINT('',(0.0421737288570033,0.0224935835099002,0.00398508632331932));
#1263=CARTESIAN_POINT('',(0.0446536985656318,0.0235491477072044,0.0038560002289933));
#1264=CARTESIAN_POINT('',(0.0446063754968154,0.0235964707760208,0.00390454928841667));
#1265=CARTESIAN_POINT('',(0.0422078505889475,0.022459461777956,0.00410235761142712));
#1266=CARTESIAN_POINT('',(0.042174169866547,0.0224931425003565,0.00398814328171793));
#1267=CARTESIAN_POINT('',(0.0446539253293438,0.0235489209434924,0.00385934406543358));
#1268=CARTESIAN_POINT('',(0.0446065799925515,0.0235962662802848,0.00390941747986091));
#1269=CARTESIAN_POINT('',(0.0422092778436429,0.0224580345232606,0.00410966955542696));
#1270=CARTESIAN_POINT('',(0.0421755221606206,0.0224917902062829,0.00399733072917956));
#1271=CARTESIAN_POINT('',(0.0446540797564862,0.02354876651635,0.00386155363582519));
#1272=CARTESIAN_POINT('',(0.0446067313072654,0.0235961149655709,0.00391302217573302));
#1273=CARTESIAN_POINT('',(0.0422102478248891,0.0224570645420145,0.00411473714710425));
#1274=CARTESIAN_POINT('',(0.0421764627105931,0.0224908496563105,0.00400347779050839));
#1275=CARTESIAN_POINT('',(0.0446543944997823,0.0235484517730539,0.00386593487618538));
#1276=CARTESIAN_POINT('',(0.044607068265217,0.0235957780076193,0.00391952520151559));
#1277=CARTESIAN_POINT('',(0.0422122463148977,0.0224550660520059,0.00412453232351958));
#1278=CARTESIAN_POINT('',(0.0421784238011789,0.0224888885657247,0.00401581388276383));
#1279=CARTESIAN_POINT('',(0.0446545548159361,0.0235482914569002,0.00386810654615396));
#1280=CARTESIAN_POINT('',(0.0446072601288981,0.0235955861439381,0.00392309139381035));
#1281=CARTESIAN_POINT('',(0.0422132693893124,0.0224540429775911,0.00412959494087272));
#1282=CARTESIAN_POINT('',(0.0421794443417921,0.0224878680251114,0.00402200291369044));
#1283=CARTESIAN_POINT('',(0.0446548807235971,0.0235479655492392,0.00387241339304893));
#1284=CARTESIAN_POINT('',(0.0446076634339912,0.023595182838845,0.003929608177636));
#1285=CARTESIAN_POINT('',(0.0422153665010877,0.0224519458658157,0.00413943425908025));
#1286=CARTESIAN_POINT('',(0.0421815673631201,0.0224857450037835,0.00403442072203043));
#1287=CARTESIAN_POINT('',(0.0446550464512601,0.0235477998215762,0.00387454855050056));
#1288=CARTESIAN_POINT('',(0.0446078935749253,0.0235949526979109,0.00393312812512678));
#1289=CARTESIAN_POINT('',(0.0422164403490507,0.0224508720178528,0.00414441070840173));
#1290=CARTESIAN_POINT('',(0.0421826675181015,0.022484644848802,0.00404063427337847));
#1291=CARTESIAN_POINT('',(0.04465538332638,0.0235474629464562,0.00387878369651216));
#1292=CARTESIAN_POINT('',(0.0446083630129227,0.0235944832599135,0.00393964313552659));
#1293=CARTESIAN_POINT('',(0.0422186357542036,0.0224486766126999,0.0041543635901643));
#1294=CARTESIAN_POINT('',(0.0421849454832275,0.022482366883676,0.00405306821778978));
#1295=CARTESIAN_POINT('',(0.044655554473837,0.0235472917989992,0.00388088368507213));
#1296=CARTESIAN_POINT('',(0.0446086289133364,0.0235942173594999,0.00394310949273791));
#1297=CARTESIAN_POINT('',(0.0422197573113936,0.02244755505551,0.00415934002260538));
#1298=CARTESIAN_POINT('',(0.0421861232933723,0.0224811890735312,0.00405928861085306));
#1299=CARTESIAN_POINT('',(0.0446559020606747,0.0235469442121616,0.00388504985640049));
#1300=CARTESIAN_POINT('',(0.0446091662113835,0.0235936800614528,0.00394962316827405));
#1301=CARTESIAN_POINT('',(0.0422220452600771,0.0224452671068264,0.00416917927329132));
#1302=CARTESIAN_POINT('',(0.0421885569353534,0.0224787554315501,0.0040717337860541));
#1303=CARTESIAN_POINT('',(0.0446560785000552,0.0235467677727811,0.00388711603916886));
#1304=CARTESIAN_POINT('',(0.0446094662817727,0.0235933799910635,0.00395303556288321));
#1305=CARTESIAN_POINT('',(0.0422232155895447,0.0224440967773588,0.0041741274748099));
#1306=CARTESIAN_POINT('',(0.04218981276719,0.0224774995997136,0.00407795856819185));
#1307=CARTESIAN_POINT('',(0.044656436542869,0.0235464097299673,0.0038912159620141));
#1308=CARTESIAN_POINT('',(0.0446100732721514,0.0235927730006849,0.00395954884978048));
#1309=CARTESIAN_POINT('',(0.0422256051122426,0.0224417072546609,0.0041840210135892));
#1310=CARTESIAN_POINT('',(0.042192402819083,0.0224749095478205,0.004090410068901));
#1311=CARTESIAN_POINT('',(0.0446566181463024,0.0235462281265339,0.00389324970209095));
#1312=CARTESIAN_POINT('',(0.0446104058791798,0.0235924403936565,0.00396290676400898));
#1313=CARTESIAN_POINT('',(0.0422268243054729,0.0224404880614306,0.00418896635084992));
#1314=CARTESIAN_POINT('',(0.0421937370391396,0.0224735753277639,0.00409663678747241));
#1315=CARTESIAN_POINT('',(0.0446571705108756,0.0235456757619606,0.0038993043029343));
#1316=CARTESIAN_POINT('',(0.0446114236254611,0.0235914226473751,0.00397267720560721));
#1317=CARTESIAN_POINT('',(0.0422305494110748,0.0224367629558287,0.0042037080413317));
#1318=CARTESIAN_POINT('',(0.0421978578314324,0.0224694545354711,0.00411531616887591));
#1319=CARTESIAN_POINT('',(0.0446575488262888,0.0235452974465475,0.00390327854431361));
#1320=CARTESIAN_POINT('',(0.0446121791614833,0.023590667111353,0.00397922848526709));
#1321=CARTESIAN_POINT('',(0.042233133276029,0.0224341790908745,0.00421354350342167));
#1322=CARTESIAN_POINT('',(0.0422007625357913,0.0224665498311122,0.00412776805739729));
#1323=CARTESIAN_POINT('',(0.044658130640731,0.0235447156321052,0.00390915484620855));
#1324=CARTESIAN_POINT('',(0.0446134194190537,0.0235894268537826,0.00398900188996152));
#1325=CARTESIAN_POINT('',(0.0422371577265512,0.0224301546403522,0.00422824993648748));
#1326=CARTESIAN_POINT('',(0.042205358055746,0.0224619543111574,0.00414642962571313));
#1327=CARTESIAN_POINT('',(0.044658326969099,0.0235445193037374,0.0039110994368112));
#1328=CARTESIAN_POINT('',(0.0446138401074606,0.0235890061653756,0.00399219547759413));
#1329=CARTESIAN_POINT('',(0.0422385211462148,0.0224287912206887,0.00423312930150864));
#1330=CARTESIAN_POINT('',(0.0422069296396337,0.0224603827272698,0.0041526474377407));
#1331=CARTESIAN_POINT('',(0.0446587242784049,0.0235441219944314,0.0039149616277252));
#1332=CARTESIAN_POINT('',(0.0446147436949959,0.0235881025778404,0.00399871225743932));
#1333=CARTESIAN_POINT('',(0.0422412987948325,0.022426013572071,0.00424287906488978));
#1334=CARTESIAN_POINT('',(0.0422101526617428,0.0224571597051607,0.0041650751876663));
#1335=CARTESIAN_POINT('',(0.0446589252593429,0.0235439210134933,0.00391687922803657));
#1336=CARTESIAN_POINT('',(0.0446151907091027,0.0235876555637335,0.00400185153617917));
#1337=CARTESIAN_POINT('',(0.0422427130237867,0.0224245993431169,0.00424774946324977));
#1338=CARTESIAN_POINT('',(0.0422118040999643,0.0224555082669392,0.00417128512556432));
#1339=CARTESIAN_POINT('',(0.0446595349892064,0.0235433112836299,0.00392259358818384));
#1340=CARTESIAN_POINT('',(0.0446166636812182,0.0235861825916181,0.00401162819555339));
#1341=CARTESIAN_POINT('',(0.0422470423300524,0.0224202700368512,0.0042624020963486));
#1342=CARTESIAN_POINT('',(0.0422168787459221,0.0224504336209813,0.00418989944910288));
#1343=CARTESIAN_POINT('',(0.0446599505251811,0.0235428957476552,0.00392635190723293));
#1344=CARTESIAN_POINT('',(0.0446176703617257,0.0235851759111106,0.0040179749906241));
#1345=CARTESIAN_POINT('',(0.042249997083218,0.0224173152836856,0.00427198934466463));
#1346=CARTESIAN_POINT('',(0.042220422284952,0.0224468900819516,0.00420228834458788));
#1347=CARTESIAN_POINT('',(0.0446607986729635,0.0235420475998727,0.00393377694136676));
#1348=CARTESIAN_POINT('',(0.0446197928765587,0.0235830533962776,0.00403049438904541));
#1349=CARTESIAN_POINT('',(0.0422561824945089,0.0224111298723946,0.00429142922953121));
#1350=CARTESIAN_POINT('',(0.042227833178688,0.0224394791882155,0.00422700520735009));
#1351=CARTESIAN_POINT('',(0.0446612312847712,0.0235416149880651,0.0039374436564515));
#1352=CARTESIAN_POINT('',(0.0446209087108842,0.0235819375619521,0.004036666992396));
#1353=CARTESIAN_POINT('',(0.0422593192842474,0.0224079930826562,0.00430088736864336));
#1354=CARTESIAN_POINT('',(0.0422317005333943,0.0224356118335092,0.00423933317462729));
#1355=CARTESIAN_POINT('',(0.0446621125612542,0.0235407337115821,0.00394469638745713));
#1356=CARTESIAN_POINT('',(0.0446233092889769,0.0235795369838593,0.00404900577134782));
#1357=CARTESIAN_POINT('',(0.0422659234458277,0.0224013889210758,0.00432020467845085));
#1358=CARTESIAN_POINT('',(0.0422397619907107,0.0224275503761928,0.00426390855984748));
#1359=CARTESIAN_POINT('',(0.0446625612259295,0.0235402850469067,0.00394828240337802));
#1360=CARTESIAN_POINT('',(0.0446245940327441,0.0235782522400921,0.00405517194694904));
#1361=CARTESIAN_POINT('',(0.0422692410346596,0.0223980713322438,0.00432953086048259));
#1362=CARTESIAN_POINT('',(0.0422439560933209,0.0224233562735826,0.00427615597779047));
#1363=CARTESIAN_POINT('',(0.0446632454953695,0.0235396007774668,0.00395360908148684));
#1364=CARTESIAN_POINT('',(0.044626692647194,0.0235761536256422,0.0040645422125169));
#1365=CARTESIAN_POINT('',(0.04227451196381,0.0223928004030935,0.00434390748465798));
#1366=CARTESIAN_POINT('',(0.0422504945073345,0.0224168178595689,0.00429445197685947));
#1367=CARTESIAN_POINT('',(0.0446634754639205,0.0235393708089158,0.00395537591656103));
#1368=CARTESIAN_POINT('',(0.0446274207684771,0.0235754255043591,0.00406768580140053));
#1369=CARTESIAN_POINT('',(0.0422762385025641,0.0223910738643395,0.00434851945297551));
#1370=CARTESIAN_POINT('',(0.0422527151886888,0.0224145971782146,0.00430053812190823));
#1371=CARTESIAN_POINT('',(0.0446639390306277,0.0235389072422085,0.00395889350121863));
#1372=CARTESIAN_POINT('',(0.0446289416467626,0.0235739046260736,0.00407403428371948));
#1373=CARTESIAN_POINT('',(0.0422798592124825,0.022387453154421,0.00435806186133413));
#1374=CARTESIAN_POINT('',(0.0422572393379587,0.0224100730289448,0.00431268291674979));
#1375=CARTESIAN_POINT('',(0.0446641726287838,0.0235386736440525,0.00396064425080205));
#1376=CARTESIAN_POINT('',(0.0446297344037651,0.0235731118690712,0.00407723917715479));
#1377=CARTESIAN_POINT('',(0.0422816308282065,0.0223856815386969,0.00436263990534623));
#1378=CARTESIAN_POINT('',(0.0422595428058743,0.0224077695610293,0.00431874156654259));
#1379=CARTESIAN_POINT('',(0.0446646433268302,0.0235382029460061,0.00396413102757818));
#1380=CARTESIAN_POINT('',(0.0446313920229422,0.0235714542498941,0.00408373123907345));
#1381=CARTESIAN_POINT('',(0.0422853587499128,0.0223819536169907,0.00437213697310257));
#1382=CARTESIAN_POINT('',(0.042264232894795,0.0224030794721085,0.00433082891823143));
#1383=CARTESIAN_POINT('',(0.0446648806317138,0.0235379656411225,0.00396586714936537));
#1384=CARTESIAN_POINT('',(0.0446322323716674,0.0235706139011688,0.00408695409541263));
#1385=CARTESIAN_POINT('',(0.042287177061039,0.0223801353058646,0.00437668351149222));
#1386=CARTESIAN_POINT('',(0.042266621843351,0.0224006905235525,0.00433686184042664));
#1387=CARTESIAN_POINT('',(0.044665359260107,0.0235374870127293,0.00396932612722582));
#1388=CARTESIAN_POINT('',(0.0446339363306392,0.0235689099421971,0.00409335485422011));
#1389=CARTESIAN_POINT('',(0.0422910169091491,0.0223762954577544,0.0043861400229454));
#1390=CARTESIAN_POINT('',(0.0422714842767994,0.022395828090104,0.00434889832797368));
#1391=CARTESIAN_POINT('',(0.0446656005836166,0.0235372456892197,0.00397104898329908));
#1392=CARTESIAN_POINT('',(0.0446347999408856,0.0235680463319507,0.00409653275668842));
#1393=CARTESIAN_POINT('',(0.0422928812948282,0.0223744310720752,0.00439065393035675));
#1394=CARTESIAN_POINT('',(0.042273957761692,0.0223933546052115,0.00435490189332552));
#1395=CARTESIAN_POINT('',(0.044666087356167,0.0235367589166692,0.00397448269721951));
#1396=CARTESIAN_POINT('',(0.0446365506061474,0.0235662956666888,0.0041028450031236));
#1397=CARTESIAN_POINT('',(0.0422968286132206,0.0223704837536828,0.0044000591215131));
#1398=CARTESIAN_POINT('',(0.0422789859959586,0.0223883263709449,0.00436687181764091));
#1399=CARTESIAN_POINT('',(0.0446663328052079,0.0235365134676284,0.00397619355506667));
#1400=CARTESIAN_POINT('',(0.0446374376611628,0.0235654086116735,0.00410597934709049));
#1401=CARTESIAN_POINT('',(0.0422987370189563,0.0223685753479472,0.00440453667690686));
#1402=CARTESIAN_POINT('',(0.0422815407453328,0.0223857716215707,0.00437283817660445));
#1403=CARTESIAN_POINT('',(0.044666827935726,0.0235360183371102,0.00397960454002272));
#1404=CARTESIAN_POINT('',(0.0446392353992103,0.0235636108736259,0.00411220587189228));
#1405=CARTESIAN_POINT('',(0.0423027873220219,0.0223645250448816,0.00441387982323995));
#1406=CARTESIAN_POINT('',(0.0422867282367081,0.0223805841301953,0.00438472583859833));
#1407=CARTESIAN_POINT('',(0.0446670776172034,0.0235357686556329,0.00398130466713159));
#1408=CARTESIAN_POINT('',(0.0446401460822424,0.0235627001905938,0.00411529805272719));
#1409=CARTESIAN_POINT('',(0.0423047377374152,0.0223625746294882,0.0044183172940376));
#1410=CARTESIAN_POINT('',(0.0422893609787093,0.0223779513881942,0.00439064714162865));
#1411=CARTESIAN_POINT('',(0.0446675813194998,0.0235352649533365,0.0039846954580989));
#1412=CARTESIAN_POINT('',(0.0446419912595711,0.0235608550132652,0.0041214416466345));
#1413=CARTESIAN_POINT('',(0.0423088864808369,0.0223584258860667,0.00442758765463223));
#1414=CARTESIAN_POINT('',(0.0422947011834838,0.0223726111834197,0.00440243684221114));
#1415=CARTESIAN_POINT('',(0.0446678353403187,0.0235350109325175,0.00398638612195733));
#1416=CARTESIAN_POINT('',(0.0446429257538677,0.0235599205189686,0.00412449305970688));
#1417=CARTESIAN_POINT('',(0.0423108769523524,0.0223564354145512,0.0044319813205975));
#1418=CARTESIAN_POINT('',(0.0422974086462572,0.0223699037206463,0.00440830523976331));
#1419=CARTESIAN_POINT('',(0.0446683478282038,0.0235344984446325,0.00398975925391152));
#1420=CARTESIAN_POINT('',(0.044644818736973,0.0235580275358632,0.0041305565134586));
#1421=CARTESIAN_POINT('',(0.0423151195367948,0.0223521928301087,0.00444116814624269));
#1422=CARTESIAN_POINT('',(0.0423028950207213,0.0223644173461822,0.00441998127984456));
#1423=CARTESIAN_POINT('',(0.0446686062952697,0.0235342399775666,0.00399144172200731));
#1424=CARTESIAN_POINT('',(0.0446457772257818,0.0235570690470544,0.00413356855413791));
#1425=CARTESIAN_POINT('',(0.0423171481641659,0.0223501642027377,0.00444551429145345));
#1426=CARTESIAN_POINT('',(0.0423056739324121,0.0223616384344914,0.00442578892237365));
#1427=CARTESIAN_POINT('',(0.0446691277825538,0.0235337184902825,0.00399479972992405));
#1428=CARTESIAN_POINT('',(0.0446477183811596,0.0235551278916767,0.00413955465847292));
#1429=CARTESIAN_POINT('',(0.0423214799387735,0.02234583242813,0.00445460683260579));
#1430=CARTESIAN_POINT('',(0.0423112999328564,0.0223560124340471,0.00443733560286381));
#1431=CARTESIAN_POINT('',(0.0446693908027719,0.0235334554700644,0.00399647526974503));
#1432=CARTESIAN_POINT('',(0.0446487010477283,0.0235541452251079,0.00414252872212861));
#1433=CARTESIAN_POINT('',(0.0423235448715827,0.0223437674953208,0.00445890173750707));
#1434=CARTESIAN_POINT('',(0.0423141470216099,0.0223531653452936,0.00444307464082488));
#1435=CARTESIAN_POINT('',(0.0446699215032656,0.0235329247695707,0.00399982068859996));
#1436=CARTESIAN_POINT('',(0.0446506907418738,0.0235521555309625,0.00414844026778582));
#1437=CARTESIAN_POINT('',(0.0423279611373227,0.0223393512295809,0.0044678892522212));
#1438=CARTESIAN_POINT('',(0.0423199061043247,0.0223474062625788,0.00445447626263408));
#1439=CARTESIAN_POINT('',(0.0446701891835412,0.0235326570892951,0.00400149056763393));
#1440=CARTESIAN_POINT('',(0.0446516977694504,0.0235511485033859,0.00415137774978734));
#1441=CARTESIAN_POINT('',(0.0423300605816224,0.0223372517852812,0.0044721292213142));
#1442=CARTESIAN_POINT('',(0.0423228180982861,0.0223444942686174,0.00446013884648221));
#1443=CARTESIAN_POINT('',(0.0446707293110549,0.0235321169617814,0.00400482593240269));
#1444=CARTESIAN_POINT('',(0.0446537363688591,0.0235491099039771,0.00415721752750565));
#1445=CARTESIAN_POINT('',(0.0423345565746989,0.0223327557922046,0.00448100091193442));
#1446=CARTESIAN_POINT('',(0.0423287037195621,0.0223386086473415,0.00447137971052059));
#1447=CARTESIAN_POINT('',(0.0446710017813819,0.0235318444914543,0.0040064914935595));
#1448=CARTESIAN_POINT('',(0.0446547679637802,0.0235480783090561,0.00416011989864446));
#1449=CARTESIAN_POINT('',(0.0423366895824989,0.0223306227844046,0.00448518511431396));
#1450=CARTESIAN_POINT('',(0.0423316786776287,0.0223356336892748,0.00447696277547884));
#1451=CARTESIAN_POINT('',(0.0446715517124575,0.0235312945603788,0.00400981932807283));
#1452=CARTESIAN_POINT('',(0.0446568559976791,0.0235459902751571,0.00416589068801785));
#1453=CARTESIAN_POINT('',(0.0423412657014363,0.0223260466654672,0.00449394823608809));
#1454=CARTESIAN_POINT('',(0.0423376917120051,0.0223296206548983,0.00448805313284169));
#1455=CARTESIAN_POINT('',(0.044671829173206,0.0235310170996303,0.00401148160142934));
#1456=CARTESIAN_POINT('',(0.044657912436657,0.0235449338361793,0.00416875910625243));
#1457=CARTESIAN_POINT('',(0.0423434327437087,0.0223238796231948,0.00449808010289347));
#1458=CARTESIAN_POINT('',(0.042340729788315,0.0223265825785885,0.00449356042524627));
#1459=CARTESIAN_POINT('',(0.0446723892624051,0.0235304570104312,0.0040148038149969));
#1460=CARTESIAN_POINT('',(0.0446600504122929,0.0235427958605434,0.00417446307235386));
#1461=CARTESIAN_POINT('',(0.0423480870679291,0.0223192252989744,0.00450673307993463));
#1462=CARTESIAN_POINT('',(0.0423468678825637,0.0223204444843399,0.00450449819906999));
#1463=CARTESIAN_POINT('',(0.0446726718908557,0.0235301743819806,0.00401646375520797));
#1464=CARTESIAN_POINT('',(0.0446611319489509,0.0235417143238853,0.00417729862022069));
#1465=CARTESIAN_POINT('',(0.0423502878100192,0.0223170245568843,0.00451081297971124));
#1466=CARTESIAN_POINT('',(0.0423499679005025,0.022317344466401,0.00450992868048912));
#1467=CARTESIAN_POINT('',(0.0446732424927401,0.0235296037800962,0.00401978225713946));
#1468=CARTESIAN_POINT('',(0.0446633203735705,0.0235395258992658,0.00418293792812308));
#1469=CARTESIAN_POINT('',(0.0423550184003998,0.0223122939665037,0.0045193543390034));
#1470=CARTESIAN_POINT('',(0.0423562287013952,0.0223110836655083,0.00452071179391012));
#1471=CARTESIAN_POINT('',(0.0446735304661737,0.0235293158066625,0.0040214408188599));
#1472=CARTESIAN_POINT('',(0.0446644272615321,0.0235384190113043,0.00418574168815863));
#1473=CARTESIAN_POINT('',(0.0423572525355018,0.0223100598314017,0.00452338257170999));
#1474=CARTESIAN_POINT('',(0.042359389484349,0.0223079228825545,0.00452606442591199));
#1475=CARTESIAN_POINT('',(0.0446749841390018,0.0235278621338345,0.00402973256787268));
#1476=CARTESIAN_POINT('',(0.044670025713657,0.0235328205591792,0.00419968372509936));
#1477=CARTESIAN_POINT('',(0.0423692647361653,0.0222980476307382,0.00454445332878395));
#1478=CARTESIAN_POINT('',(0.0423753423701199,0.0222919699967836,0.00455263036629872));
#1479=CARTESIAN_POINT('',(0.0446761912553753,0.023526655017461,0.00403636257639673));
#1480=CARTESIAN_POINT('',(0.0446747093147723,0.0235281369580639,0.00421059171229344));
#1481=CARTESIAN_POINT('',(0.0423785408745183,0.0222887714923852,0.00456006101585922));
#1482=CARTESIAN_POINT('',(0.0423885813859429,0.0222787309809606,0.00457325201581568));
#1483=CARTESIAN_POINT('',(0.0446824760927318,0.0235203701801044,0.00406964841036073));
#1484=CARTESIAN_POINT('',(0.0446991920971647,0.0235036541756716,0.0042640766423065));
#1485=CARTESIAN_POINT('',(0.0424293558898188,0.0222379564770847,0.00463968502814076));
#1486=CARTESIAN_POINT('',(0.0424569717428276,0.0222103406240759,0.00467303860035108));
#1487=CARTESIAN_POINT('',(0.0446882708842132,0.023514575388623,0.00409678301470038));
#1488=CARTESIAN_POINT('',(0.0447221549129195,0.0234806913599167,0.00430355997212168));
#1489=CARTESIAN_POINT('',(0.042472284814039,0.0221950275528646,0.00469408699016602));
#1490=CARTESIAN_POINT('',(0.0425195510207445,0.022147761346159,0.00474253065307989));
#1491=CARTESIAN_POINT('',(0.0446957434750667,0.0235071027977696,0.00412694777527417));
#1492=CARTESIAN_POINT('',(0.0447495615457984,0.0234532847270378,0.00434252480838106));
#1493=CARTESIAN_POINT('',(0.042517503341482,0.0221498090254215,0.00474091489019142));
#1494=CARTESIAN_POINT('',(0.0425825494820534,0.0220847628848502,0.00479720760767549));
#1495=CARTESIAN_POINT('',(0.0461638563121431,0.0220389899606931,0.000191772292709145));
#1496=CARTESIAN_POINT('',(0.0461515841072208,0.0220512621656155,0.000182110131860608));
#1497=CARTESIAN_POINT('',(0.0461323710801024,0.0220704751927338,0.000167701206930734));
#1498=CARTESIAN_POINT('',(0.046105876027287,0.0220969702455492,0.000149310171150891));
#1499=CARTESIAN_POINT('',(0.0460848466952503,0.0221179995775859,0.000135517265524346));
#1500=CARTESIAN_POINT('',(0.0460635643312099,0.0221392819416264,0.00012235459251122));
#1501=CARTESIAN_POINT('',(0.0460350461336211,0.0221678001392151,0.000105755436987866));
#1502=CARTESIAN_POINT('',(0.0459990620530165,0.0222037842198198,8.67161142592216E-5));
#1503=CARTESIAN_POINT('',(0.0459553782392585,0.0222474680335778,6.65589009442869E-5));
#1504=CARTESIAN_POINT('',(0.045911192468297,0.0222916538045392,4.90471510645769E-5));
#1505=CARTESIAN_POINT('',(0.0458665119627867,0.0223363343100496,3.4159559247717E-5));
#1506=CARTESIAN_POINT('',(0.0458213323701241,0.0223815139027122,2.18909994093345E-5));
#1507=CARTESIAN_POINT('',(0.045775669504916,0.0224271767679202,1.22535208644762E-5));
#1508=CARTESIAN_POINT('',(0.0457294504583141,0.0224733958145222,5.27811443155436E-6));
#1509=CARTESIAN_POINT('',(0.045683407619976,0.0225194386528603,1.06823049360539E-6));
#1510=CARTESIAN_POINT('',(0.0456374617335689,0.0225653845392674,-4.41629380929076E-7));
#1511=CARTESIAN_POINT('',(0.0455916326158323,0.022611213657004,7.301180484106E-7));
#1512=CARTESIAN_POINT('',(0.0455459140651544,0.0226569322076819,4.57488761970236E-6));
#1513=CARTESIAN_POINT('',(0.0455003092674608,0.0227025370053755,1.11023886938598E-5));
#1514=CARTESIAN_POINT('',(0.0454548141924741,0.0227480320803622,2.03423145108497E-5));
#1515=CARTESIAN_POINT('',(0.0454094486714693,0.022793397601367,3.23307610083817E-5));
#1516=CARTESIAN_POINT('',(0.0453641489040332,0.0228386973688031,4.71679703451288E-5));
#1517=CARTESIAN_POINT('',(0.0453197137231965,0.0228831325496398,6.4613048083769E-5));
#1518=CARTESIAN_POINT('',(0.0452760464103712,0.0229267998624651,8.4662099594829E-5));
#1519=CARTESIAN_POINT('',(0.0452331701623153,0.0229696761105209,0.000107306981276311));
#1520=CARTESIAN_POINT('',(0.0451910823270894,0.0230117639457469,0.0001325624086567));
#1521=CARTESIAN_POINT('',(0.0451497946553569,0.0230530516174794,0.000160458087537044));
#1522=CARTESIAN_POINT('',(0.0451093188446028,0.0230935274282335,0.000191045676402887));
#1523=CARTESIAN_POINT('',(0.0450762914681353,0.023126554804701,0.000218828465935199));
#1524=CARTESIAN_POINT('',(0.0450502861816168,0.0231525600912194,0.000242493812663462));
#1525=CARTESIAN_POINT('',(0.0450246284396068,0.0231782178332295,0.000267079859165213));
#1526=CARTESIAN_POINT('',(0.0449935855390542,0.0232092607337821,0.00029917757661307));
#1527=CARTESIAN_POINT('',(0.0449578650929355,0.0232449811799007,0.0003399649953036));
#1528=CARTESIAN_POINT('',(0.0449237069910893,0.023279139281747,0.000382999968528556));
#1529=CARTESIAN_POINT('',(0.0448911170844618,0.0233117291883744,0.000428309129969976));
#1530=CARTESIAN_POINT('',(0.0448601225606821,0.0233427237121541,0.000475927121536316));
#1531=CARTESIAN_POINT('',(0.0448356541359973,0.0233671921368389,0.000517578078739586));
#1532=CARTESIAN_POINT('',(0.0448169215369477,0.0233859247358886,0.000552118899622403));
#1533=CARTESIAN_POINT('',(0.0448033017524175,0.0233995445204187,0.000578644157754386));
#1534=CARTESIAN_POINT('',(0.0447901187455354,0.0234127275273008,0.000605810989162083));
#1535=CARTESIAN_POINT('',(0.0447775307044588,0.0234253155683774,0.000633301882346454));
#1536=CARTESIAN_POINT('',(0.0447655088117886,0.0234373374610477,0.000661163221244792));
#1537=CARTESIAN_POINT('',(0.0447502409076573,0.0234526053651789,0.000698786750775859));
#1538=CARTESIAN_POINT('',(0.0447325763136,0.0234702699592363,0.00074671280525553));
#1539=CARTESIAN_POINT('',(0.0447136575106452,0.0234891887621911,0.000805660271483438));
#1540=CARTESIAN_POINT('',(0.0446970411634693,0.0235058051093669,0.000866056533058882));
#1541=CARTESIAN_POINT('',(0.0446851465536867,0.0235176997191496,0.000917625157472548));
#1542=CARTESIAN_POINT('',(0.0446768374412648,0.0235260088315715,0.000959622741993399));
#1543=CARTESIAN_POINT('',(0.0446712106038254,0.0235316356690108,0.000991550845442925));
#1544=CARTESIAN_POINT('',(0.0446662353922147,0.0235366108806216,0.00102370412231087));
#1545=CARTESIAN_POINT('',(0.0446605088583147,0.0235423374145216,0.00106658634291493));
#1546=CARTESIAN_POINT('',(0.0446550143920626,0.0235478318807737,0.0011203416574742));
#1547=CARTESIAN_POINT('',(0.0446510605141906,0.0235517857586456,0.00118504804800522));
#1548=CARTESIAN_POINT('',(0.0446501784924612,0.023552667780375,0.00122832621375844));
#1549=CARTESIAN_POINT('',(0.0446501784924612,0.023552667780375,0.00125));
#1550=CARTESIAN_POINT('',(0.046163856429432,0.0220389898434042,0.000191771994765092));
#1551=CARTESIAN_POINT('',(0.0446501784924612,0.023552667780375,0.00125));
#1552=CARTESIAN_POINT('',(0.0446501784924612,0.023552667780375,0.0025));
#1553=CARTESIAN_POINT('',(0.0446501784924612,0.023552667780375,0.00374999999999841));
#1554=CARTESIAN_POINT('',(0.0446501784924612,0.0235526677803751,0.00374999999999841));
#1555=CARTESIAN_POINT('',(0.0446501784924611,0.0235526677803751,0.00377167442687684));
#1556=CARTESIAN_POINT('',(0.0446510605172421,0.0235517857555942,0.0038149424440375));
#1557=CARTESIAN_POINT('',(0.0446550107824784,0.0235478354903578,0.00387960224702167));
#1558=CARTESIAN_POINT('',(0.0446604948012388,0.0235423514715975,0.00393328691819815));
#1559=CARTESIAN_POINT('',(0.044666208676745,0.0235366375960913,0.00397610657114967));
#1560=CARTESIAN_POINT('',(0.0446711658372006,0.0235316804356357,0.00400817670623085));
#1561=CARTESIAN_POINT('',(0.0446767892443786,0.0235260570284576,0.00404012045514168));
#1562=CARTESIAN_POINT('',(0.0446830195105326,0.0235198267623036,0.00407163772585325));
#1563=CARTESIAN_POINT('',(0.0446893678945406,0.0235134783782957,0.0041005687326116));
#1564=CARTESIAN_POINT('',(0.0446937541271921,0.0235090921456442,0.00411891733395695));
#1565=CARTESIAN_POINT('',(0.0446957434750667,0.0235071027977696,0.00412694777527417));
#1566=CARTESIAN_POINT('',(0.0421570258441879,0.0225102865227156,0.00374999999999907));
#1567=CARTESIAN_POINT('',(0.0421570258441879,0.0225102865227156,0.00379219427325183));
#1568=CARTESIAN_POINT('',(0.04215941787506,0.0225078944918435,0.00385525060409638));
#1569=CARTESIAN_POINT('',(0.0421673689421415,0.0224999434247619,0.00393887890513701));
#1570=CARTESIAN_POINT('',(0.0421743357604874,0.0224929766064162,0.00399092382030779));
#1571=CARTESIAN_POINT('',(0.042181141705835,0.0224861706610686,0.00403250753659283));
#1572=CARTESIAN_POINT('',(0.0421887258208848,0.0224785865460188,0.00407375616685406));
#1573=CARTESIAN_POINT('',(0.0421995951337304,0.0224677172331731,0.00412442891140525));
#1574=CARTESIAN_POINT('',(0.042214826671144,0.0224524856957595,0.00418393078044482));
#1575=CARTESIAN_POINT('',(0.0422322115844926,0.0224351007824109,0.00424212353339372));
#1576=CARTESIAN_POINT('',(0.0422517357324708,0.0224155766344327,0.00429902059014203));
#1577=CARTESIAN_POINT('',(0.0422697920115003,0.0223975203554032,0.00434535751063829));
#1578=CARTESIAN_POINT('',(0.0422853125457794,0.0223819998211241,0.00438176501359539));
#1579=CARTESIAN_POINT('',(0.0423015737488056,0.0223657386180979,0.004417763034047));
#1580=CARTESIAN_POINT('',(0.0423229863658206,0.0223443260010829,0.00446134041758127));
#1581=CARTESIAN_POINT('',(0.0423503931759348,0.0223169191909687,0.00451147918772042));
#1582=CARTESIAN_POINT('',(0.0423794732965977,0.0222878390703059,0.00455948977240088));
#1583=CARTESIAN_POINT('',(0.0424102084157367,0.0222571039511669,0.00460540149390434));
#1584=CARTESIAN_POINT('',(0.0424371933640132,0.0222301190028904,0.00464191955262991));
#1585=CARTESIAN_POINT('',(0.0424596070968227,0.0222077052700809,0.00467008606602778));
#1586=CARTESIAN_POINT('',(0.0424768319762916,0.0221904803906119,0.004690685168934));
#1587=CARTESIAN_POINT('',(0.0424944742357242,0.0221728381311794,0.00471075343284231));
#1588=CARTESIAN_POINT('',(0.0425183388626698,0.0221489735042337,0.00473656739257276));
#1589=CARTESIAN_POINT('',(0.0425475250194266,0.0221197873474769,0.00476582458618156));
#1590=CARTESIAN_POINT('',(0.0425712391166845,0.0220960732502191,0.00478739123564219));
#1591=CARTESIAN_POINT('',(0.0425825494820534,0.0220847628848502,0.00479720760767549));
#1592=CARTESIAN_POINT('',(0.042157025844188,0.0225102865227156,0.00374999999999907));
#1593=CARTESIAN_POINT('',(0.042157025844188,0.0225102865227155,0.0025));
#1594=CARTESIAN_POINT('',(0.042157025844188,0.0225102865227156,0.00125));
#1595=CARTESIAN_POINT('',(0.0431434643345359,0.0215238480323677,1.58316517584773E-6));
#1596=CARTESIAN_POINT('',(0.0431430329715696,0.0215242793953339,1.55433391111848E-6));
#1597=CARTESIAN_POINT('',(0.0431275645374607,0.0215397478294428,5.34585692212572E-7));
#1598=CARTESIAN_POINT('',(0.0430971562415071,0.0215701561253965,-4.70932710453964E-7));
#1599=CARTESIAN_POINT('',(0.0430523944596228,0.0216149179072807,8.73205849643386E-7));
#1600=CARTESIAN_POINT('',(0.0430078549189023,0.0216594574480013,5.02173806264651E-6));
#1601=CARTESIAN_POINT('',(0.0429635315904481,0.0217037807764555,1.19637133779227E-5));
#1602=CARTESIAN_POINT('',(0.0429194272290864,0.0217478851378171,2.17073420654967E-5));
#1603=CARTESIAN_POINT('',(0.0428755407997135,0.02179177156719,3.42815501119278E-5));
#1604=CARTESIAN_POINT('',(0.0428391622734665,0.0218281500934371,4.71535128323229E-5));
#1605=CARTESIAN_POINT('',(0.0428101586555955,0.021857153711308,5.89324038155513E-5));
#1606=CARTESIAN_POINT('',(0.0427814859300273,0.0218858264368762,7.1594655468386E-5));
#1607=CARTESIAN_POINT('',(0.0427462073335126,0.0219211050333909,8.90827443397355E-5));
#1608=CARTESIAN_POINT('',(0.0427047804459326,0.0219625319209709,0.000112693099489929));
#1609=CARTESIAN_POINT('',(0.0426642538350882,0.0220030585318153,0.000138921934772781));
#1610=CARTESIAN_POINT('',(0.0426246322578007,0.0220426801091029,0.000167778891436738));
#1611=CARTESIAN_POINT('',(0.0425923760648841,0.0220749363020195,0.000194040268655906));
#1612=CARTESIAN_POINT('',(0.0425670369887858,0.0221002753781177,0.000216401180914925));
#1613=CARTESIAN_POINT('',(0.0425482671931693,0.0221190451737342,0.000233857372464524));
#1614=CARTESIAN_POINT('',(0.0425297400665393,0.0221375723003643,0.00025200236537713));
#1615=CARTESIAN_POINT('',(0.0425053407386078,0.0221619716282958,0.000277157950653467));
#1616=CARTESIAN_POINT('',(0.042475869126792,0.0221914432401115,0.000309942067877894));
#1617=CARTESIAN_POINT('',(0.0424420832354035,0.0222252291315,0.000351438575335669));
#1618=CARTESIAN_POINT('',(0.0424098815434681,0.0222574308234355,0.00039506959217478));
#1619=CARTESIAN_POINT('',(0.0423792639842332,0.0222880483826703,0.000440843059306212));
#1620=CARTESIAN_POINT('',(0.0423502472932383,0.0223170650736653,0.000488776135648137));
#1621=CARTESIAN_POINT('',(0.0423274196751609,0.0223398926917426,0.000530557053993835));
#1622=CARTESIAN_POINT('',(0.0423099965586502,0.0223573158082533,0.000565095731909935));
#1623=CARTESIAN_POINT('',(0.0422973372161552,0.0223699751507483,0.000591604278338158));
#1624=CARTESIAN_POINT('',(0.042285166418872,0.0223821459480316,0.000618569323818998));
#1625=CARTESIAN_POINT('',(0.0422696819866006,0.0223976303803029,0.000654915835299709));
#1626=CARTESIAN_POINT('',(0.0422516648065525,0.0224156475603511,0.000701177452447052));
#1627=CARTESIAN_POINT('',(0.0422321813916339,0.0224351309752697,0.000757975316901789));
#1628=CARTESIAN_POINT('',(0.0422148297226543,0.0224524826442492,0.000816064080500319));
#1629=CARTESIAN_POINT('',(0.0422021589173484,0.0224651534495551,0.000865553020335829));
#1630=CARTESIAN_POINT('',(0.0421931113260606,0.022474201040843,0.000905801466347093));
#1631=CARTESIAN_POINT('',(0.0421868754091935,0.02248043695771,0.000936323612134271));
#1632=CARTESIAN_POINT('',(0.0421811979540897,0.0224861144128137,0.000967170317841512));
#1633=CARTESIAN_POINT('',(0.0421760790974037,0.0224912332694997,0.000998403685810858));
#1634=CARTESIAN_POINT('',(0.0421715770823288,0.0224957352845747,0.00102968595196937));
#1635=CARTESIAN_POINT('',(0.042166386217931,0.0225009261489726,0.00107145962215884));
#1636=CARTESIAN_POINT('',(0.0421614079565337,0.0225059044103698,0.00112379591461745));
#1637=CARTESIAN_POINT('',(0.0421578247909411,0.0225094875759624,0.00118678810572762));
#1638=CARTESIAN_POINT('',(0.0421570258441879,0.0225102865227156,0.00122890835404285));
#1639=CARTESIAN_POINT('',(0.0421570258441879,0.0225102865227156,0.00125));
#1640=CARTESIAN_POINT('',(0.0431433212533731,0.0215239911135305,1.57165462134881E-6));
#1641=CARTESIAN_POINT('',(0.0461638565858172,0.022038989687019,0.000191771597506355));
#1642=CARTESIAN_POINT('',(0.0465309834895003,0.0216718627833358,0.000481128019286064));
#1643=CARTESIAN_POINT('',(0.0426941444095055,0.021973167957398,-2.91552814933297E-5));
#1644=CARTESIAN_POINT('',(0.0431433213193209,0.0215239910475826,1.56969721452549E-6));
#1645=CARTESIAN_POINT('',(0.0220455433669361,0.0461573029059001,0.000186605795753316));
#1646=CARTESIAN_POINT('',(0.021952650111745,0.0462501961610913,0.000259827589885963));
#1647=CARTESIAN_POINT('',(0.0218990803208359,0.0460958775190435,0.000286121092579876));
#1648=CARTESIAN_POINT('',(0.0218053318174085,0.0451911019889406,0.000267945416534719));
#1649=CARTESIAN_POINT('',(0.0218242335205579,0.0440483833731498,0.000135838011506227));
#1650=CARTESIAN_POINT('',(0.0216988548105438,0.0431757609676642,1.84082450424229E-5));
#1651=CARTESIAN_POINT('',(0.0216291609408474,0.0430381514260561,-5.63311891357655E-6));
#1652=CARTESIAN_POINT('',(0.0215155040369409,0.0431518083299626,2.15120506115656E-6));
#1653=CARTESIAN_POINT('',(0.0244752478308775,0.0437275984419587,-0.0017456441088513));
#1654=CARTESIAN_POINT('',(0.0244726035988981,0.0437302426739381,-0.00153103062344089));
#1655=CARTESIAN_POINT('',(0.0245092828315062,0.0434856750083733,-0.00136334542824352));
#1656=CARTESIAN_POINT('',(0.0246862813990026,0.0423101524073466,-0.000957346024772054));
#1657=CARTESIAN_POINT('',(0.0248856811498702,0.0409869357438375,-0.000806670041026691));
#1658=CARTESIAN_POINT('',(0.0250310495093567,0.0398435662688513,-0.000499924729606131));
#1659=CARTESIAN_POINT('',(0.0250516046624541,0.0396157077044494,-0.000382574401889514));
#1660=CARTESIAN_POINT('',(0.0250281967808227,0.0396391155860808,-0.00023339838770985));
#1661=CARTESIAN_POINT('',(0.0311327670393084,0.0370700792335279,-0.00269134970475774));
#1662=CARTESIAN_POINT('',(0.0310869916759882,0.0371158545968481,-0.00270672785745095));
#1663=CARTESIAN_POINT('',(0.0310089033837621,0.0369860544561173,-0.00276903319756957));
#1664=CARTESIAN_POINT('',(0.030714399608269,0.0362820341980802,-0.00305300383442213));
#1665=CARTESIAN_POINT('',(0.0304442248668419,0.0354283920268657,-0.00336230601081473));
#1666=CARTESIAN_POINT('',(0.030134036351255,0.034740579426953,-0.00374553412159121));
#1667=CARTESIAN_POINT('',(0.0300480320929386,0.0346192802739649,-0.00385817604839629));
#1668=CARTESIAN_POINT('',(0.0299918746598149,0.0346754377070886,-0.0039389938974883));
#1669=CARTESIAN_POINT('',(0.0370699987903596,0.0311328474824767,-0.00269136640284336));
#1670=CARTESIAN_POINT('',(0.0371157905648748,0.0310870557079614,-0.0027067503297395));
#1671=CARTESIAN_POINT('',(0.0369859966218146,0.0310089612180648,-0.00276905922754885));
#1672=CARTESIAN_POINT('',(0.0362819763516014,0.0307144574547477,-0.00305303738809391));
#1673=CARTESIAN_POINT('',(0.035428311413106,0.0304443054806017,-0.00336234082480765));
#1674=CARTESIAN_POINT('',(0.0347404973209909,0.0301341184572171,-0.00374558323574933));
#1675=CARTESIAN_POINT('',(0.0346192036297248,0.0300481087371787,-0.00385823216513676));
#1676=CARTESIAN_POINT('',(0.0346753764825147,0.0299919358843888,-0.00393906024713033));
#1677=CARTESIAN_POINT('',(0.0437274733163899,0.0244753729564463,-0.00174567627392676));
#1678=CARTESIAN_POINT('',(0.0437301295900549,0.0244727166827813,-0.00153107187445346));
#1679=CARTESIAN_POINT('',(0.0434855637542607,0.0245093940856187,-0.00136339134317585));
#1680=CARTESIAN_POINT('',(0.0423100280403048,0.0246864057660444,-0.000957399651439863));
#1681=CARTESIAN_POINT('',(0.0409867798792852,0.0248858370144225,-0.000806721320678791));
#1682=CARTESIAN_POINT('',(0.0398433958116946,0.0250312199665134,-0.000499997265026456));
#1683=CARTESIAN_POINT('',(0.0396155383412908,0.0250517740256128,-0.000382658486469503));
#1684=CARTESIAN_POINT('',(0.0396389572733131,0.0250283550935905,-0.000233500469773363));
#1685=CARTESIAN_POINT('',(0.0461572467616226,0.0220455995112136,0.000186561968197388));
#1686=CARTESIAN_POINT('',(0.0462501477911828,0.0219526984816534,0.000259783269124962));
#1687=CARTESIAN_POINT('',(0.0460958267099796,0.0218991311298997,0.000286080703152716));
#1688=CARTESIAN_POINT('',(0.045191025257223,0.0218054085491261,0.000267923105749246));
#1689=CARTESIAN_POINT('',(0.0440482666004992,0.0218243502932084,0.000135835246970831));
#1690=CARTESIAN_POINT('',(0.0431756167923333,0.0216989989858747,1.8410015665395E-5));
#1691=CARTESIAN_POINT('',(0.0430380040756213,0.0216293082912822,-5.63430192151618E-6));
#1692=CARTESIAN_POINT('',(0.043151667762368,0.0215156446045355,2.14061766770212E-6));
#1693=CARTESIAN_POINT('',(0.0220389340958808,0.0461639121769554,0.000191815460153377));
#1694=CARTESIAN_POINT('',(0.0244750712140035,0.0437277750588328,-0.00173038364153644));
#1695=CARTESIAN_POINT('',(0.031129571243828,0.0370732750290083,-0.00269245240092193));
#1696=CARTESIAN_POINT('',(0.0341014231364181,0.0341014231364182,-0.00269245240092193));
#1697=CARTESIAN_POINT('',(0.0220389342700601,0.0461639120027762,0.000191815902549054));
#1698=CARTESIAN_POINT('',(0.0341014231364181,0.0341014231364182,-0.00269245240092193));
#1699=CARTESIAN_POINT('',(0.0461638565858172,0.022038989687019,0.000191771597506355));
#1700=CARTESIAN_POINT('',(0.0437276738260034,0.0244751724468329,-0.00173039827716297));
#1701=CARTESIAN_POINT('',(0.0370732524240336,0.0311295938488026,-0.00269245240092193));
#1702=CARTESIAN_POINT('',(0.0341014231364181,0.0341014231364182,-0.00269245240092193));
#1703=CARTESIAN_POINT('',(0.0431434644490347,0.0215238479178688,1.57973881592515E-6));
#1704=CARTESIAN_POINT('',(0.0396373857104318,0.0250299266564718,-0.000244351999315722));
#1705=CARTESIAN_POINT('',(0.0346712755921744,0.029996036774729,-0.00393309215788549));
#1706=CARTESIAN_POINT('',(0.0323336561834517,0.0323336561834517,-0.00393309215788549));
#1707=CARTESIAN_POINT('',(0.0323336561834517,0.0323336561834517,-0.00393309215788549));
#1708=CARTESIAN_POINT('',(0.021523849981917,0.0431434623849865,1.57959403414462E-6));
#1709=CARTESIAN_POINT('',(0.0250299286055227,0.0396373837613807,-0.000244353447036801));
#1710=CARTESIAN_POINT('',(0.0299960372334522,0.0346712751334513,-0.00393309215788549));
#1711=CARTESIAN_POINT('',(0.0323336561834517,0.0323336561834517,-0.00393309215788549));
#1712=CARTESIAN_POINT('',(0.0215238500639569,0.0431434623029467,1.58204916737173E-6));
#1713=CARTESIAN_POINT('',(0.0220389343397317,0.0461639119331045,0.000191816079507324));
#1714=CARTESIAN_POINT('',(0.021671838448339,0.0465310078244973,0.000481174222154054));
#1715=CARTESIAN_POINT('',(0.0219730001280369,0.0426943122388666,-2.91791067265346E-5));
#1716=CARTESIAN_POINT('',(0.0215238500967728,0.0431434622701308,1.58303122066256E-6));
#1717=CARTESIAN_POINT('',(0.0235066943070553,0.0446961519657809,0.00412859271224047));
#1718=CARTESIAN_POINT('',(0.0234529562120469,0.0447498900607893,0.0043435403362795));
#1719=CARTESIAN_POINT('',(0.0221500632003803,0.0425172491665232,0.00474069390652804));
#1720=CARTESIAN_POINT('',(0.0220847762996121,0.0425825360672914,0.00479719601689074));
#1721=CARTESIAN_POINT('',(0.0235141997805649,0.0446886464922713,0.00409843973503991));
#1722=CARTESIAN_POINT('',(0.0234803724623164,0.0447224738105199,0.00430458762914241));
#1723=CARTESIAN_POINT('',(0.0221952892942624,0.0424720230726411,0.00469387016007939));
#1724=CARTESIAN_POINT('',(0.022147773192928,0.0425195391739756,0.00474251838880094));
#1725=CARTESIAN_POINT('',(0.0235200340529256,0.0446828122199106,0.00407126880053502));
#1726=CARTESIAN_POINT('',(0.0235033647220372,0.0446994815507991,0.00426505486865033));
#1727=CARTESIAN_POINT('',(0.0222382314892879,0.0424290808776156,0.00463945765082239));
#1728=CARTESIAN_POINT('',(0.0222103432050504,0.0424569691618531,0.00467303353559297));
#1729=CARTESIAN_POINT('',(0.0235263605903534,0.0446764856824828,0.00403795843356352));
#1730=CARTESIAN_POINT('',(0.0235278732721989,0.0446749730006374,0.00421156541790607));
#1731=CARTESIAN_POINT('',(0.022289052788371,0.0423782595785325,0.00455984051759119));
#1732=CARTESIAN_POINT('',(0.0222787235865314,0.0423885887803722,0.0045732632392331));
#1733=CARTESIAN_POINT('',(0.0235275752716429,0.0446752710011934,0.00403132706825833));
#1734=CARTESIAN_POINT('',(0.0235325610824617,0.0446702851903746,0.00420066189578189));
#1735=CARTESIAN_POINT('',(0.0222983321509353,0.0423689802159682,0.00454423332032971));
#1736=CARTESIAN_POINT('',(0.0222919606666565,0.0423753517002469,0.00455264518284743));
#1737=CARTESIAN_POINT('',(0.0235290397503774,0.0446738065224589,0.00402302351139303));
#1738=CARTESIAN_POINT('',(0.0235381656228727,0.0446646806499636,0.00418671843373065));
#1739=CARTESIAN_POINT('',(0.0223103463640985,0.042356966002805,0.00452316314766862));
#1740=CARTESIAN_POINT('',(0.0223079113035188,0.0423594010633847,0.00452608402987957));
#1741=CARTESIAN_POINT('',(0.0235293299524804,0.0446735163203558,0.00402136208250828));
#1742=CARTESIAN_POINT('',(0.023539273769834,0.0446635725030022,0.00418391403835061));
#1743=CARTESIAN_POINT('',(0.0223125814643361,0.0423547309025674,0.00451913417342985));
#1744=CARTESIAN_POINT('',(0.0223110716452265,0.042356240721677,0.00452073237016171));
#1745=CARTESIAN_POINT('',(0.0235299052046455,0.0446729410681908,0.00401803647133177));
#1746=CARTESIAN_POINT('',(0.0235414648453222,0.044661381427514,0.00417827241616525));
#1747=CARTESIAN_POINT('',(0.0223173130066352,0.0423499993602683,0.00451059235101323));
#1748=CARTESIAN_POINT('',(0.0223173315831105,0.0423499807837929,0.00450995122782508));
#1749=CARTESIAN_POINT('',(0.0235301902547075,0.0446726560181288,0.00401637228904001));
#1750=CARTESIAN_POINT('',(0.0235425477738491,0.0446602984989871,0.00417543518935993));
#1751=CARTESIAN_POINT('',(0.0223195147999557,0.0423477975669478,0.00450651120806205));
#1752=CARTESIAN_POINT('',(0.0223204311792868,0.0423468811876167,0.0045045217452063));
#1753=CARTESIAN_POINT('',(0.0235307554380372,0.0446720908347991,0.00401303985266585));
#1754=CARTESIAN_POINT('',(0.0235446887162759,0.0446581575565603,0.00416972647883835));
#1755=CARTESIAN_POINT('',(0.0223241702640328,0.0423431421028708,0.00449785683690231));
#1756=CARTESIAN_POINT('',(0.0223265684519059,0.0423407439149976,0.00449358599241549));
#1757=CARTESIAN_POINT('',(0.0235310355713048,0.0446718107015314,0.00401137159858345));
#1758=CARTESIAN_POINT('',(0.0235457467301758,0.0446570995426605,0.00416685499512209));
#1759=CARTESIAN_POINT('',(0.0223263384651835,0.04234097390172,0.00449372308993743));
#1760=CARTESIAN_POINT('',(0.0223296061283488,0.0423377062385547,0.00448807972224345));
#1761=CARTESIAN_POINT('',(0.0235315911562926,0.0446712551165436,0.00400802970024438));
#1762=CARTESIAN_POINT('',(0.0235478381471558,0.0446550081256804,0.00416107634529296));
#1763=CARTESIAN_POINT('',(0.022330915952972,0.0423363964139315,0.00448495740805614));
#1764=CARTESIAN_POINT('',(0.0223356183872989,0.0423316939796046,0.00447699142969378));
#1765=CARTESIAN_POINT('',(0.0235318666080127,0.0446709796648236,0.0040063560559877));
#1766=CARTESIAN_POINT('',(0.0235488715502361,0.0446539747226002,0.00415816917918008));
#1767=CARTESIAN_POINT('',(0.0223330502492977,0.0423342621176057,0.00448077055157842));
#1768=CARTESIAN_POINT('',(0.0223385929698063,0.0423287193970972,0.00447140940731615));
#1769=CARTESIAN_POINT('',(0.0235324130651518,0.0446704332076844,0.00400300205891646));
#1770=CARTESIAN_POINT('',(0.023550914049384,0.0446519322234522,0.00415231773907205));
#1771=CARTESIAN_POINT('',(0.0223375478803465,0.0423297644865569,0.0044718949039803));
#1772=CARTESIAN_POINT('',(0.0223444778666835,0.04232283450022,0.00446017064570293));
#1773=CARTESIAN_POINT('',(0.0235326840288112,0.0446701622440251,0.00400132198008493));
#1774=CARTESIAN_POINT('',(0.0235519231036921,0.0446509231691442,0.00414937373905992));
#1775=CARTESIAN_POINT('',(0.0223396487399952,0.0423276636269083,0.00446765151103067));
#1776=CARTESIAN_POINT('',(0.0223473895141755,0.0423199228527279,0.00445450911867267));
#1777=CARTESIAN_POINT('',(0.0235332214783763,0.0446696247944599,0.00399795468164341));
#1778=CARTESIAN_POINT('',(0.0235539169424039,0.0446489293304324,0.00414344809183082));
#1779=CARTESIAN_POINT('',(0.0223440668449358,0.0423232455219677,0.00445865902637637));
#1780=CARTESIAN_POINT('',(0.0223531479366568,0.0423141644302467,0.00444310961481183));
#1781=CARTESIAN_POINT('',(0.0235334879642822,0.0446693583085541,0.00399626746203344));
#1782=CARTESIAN_POINT('',(0.0235549017268078,0.0446479445460285,0.00414046644461384));
#1783=CARTESIAN_POINT('',(0.0223461332764162,0.0423211790904874,0.00445436016059272));
#1784=CARTESIAN_POINT('',(0.0223559947116462,0.0423113176552573,0.00443737163798126));
#1785=CARTESIAN_POINT('',(0.0235340165104076,0.0446688297624287,0.00399288490184846));
#1786=CARTESIAN_POINT('',(0.0235568471463391,0.0446459991264972,0.00413446441568636));
#1787=CARTESIAN_POINT('',(0.0223504670594167,0.0423168453074868,0.00444526180642071));
#1788=CARTESIAN_POINT('',(0.0223616201185127,0.0423056922483908,0.00442582707716682));
#1789=CARTESIAN_POINT('',(0.0235342785706272,0.0446685677022091,0.00399118956127345));
#1790=CARTESIAN_POINT('',(0.0235578077814665,0.0446450384913698,0.00413144403397587));
#1791=CARTESIAN_POINT('',(0.022352497247838,0.0423148151190655,0.0044409112695931));
#1792=CARTESIAN_POINT('',(0.0223643987503899,0.0423029136165137,0.00442002049318295));
#1793=CARTESIAN_POINT('',(0.0235347983174471,0.0446680479553892,0.00398778977897178));
#1794=CARTESIAN_POINT('',(0.0235597050230727,0.0446431412497635,0.00412536344877274));
#1795=CARTESIAN_POINT('',(0.0223567419786949,0.0423105703882087,0.0044317179524042));
#1796=CARTESIAN_POINT('',(0.0223698846004227,0.0422974277664808,0.0044083465607089));
#1797=CARTESIAN_POINT('',(0.0235350560040475,0.0446677902687888,0.00398608533724513));
#1798=CARTESIAN_POINT('',(0.0235606416295516,0.0446422046432847,0.0041223032452801));
#1799=CARTESIAN_POINT('',(0.0223587340523609,0.0423085783145426,0.00442731957294889));
#1800=CARTESIAN_POINT('',(0.0223725918185784,0.0422947205483251,0.00440247921221873));
#1801=CARTESIAN_POINT('',(0.0235355670556962,0.0446672792171401,0.00398266637245357));
#1802=CARTESIAN_POINT('',(0.0235624909344884,0.0446403553383478,0.00411614192922402));
#1803=CARTESIAN_POINT('',(0.0223628850488534,0.0423044273180501,0.00441804220702924));
#1804=CARTESIAN_POINT('',(0.0223779315705587,0.0422893807963448,0.00439069159337909));
#1805=CARTESIAN_POINT('',(0.0235358204207445,0.0446670258520918,0.00398095184938867));
#1806=CARTESIAN_POINT('',(0.0235634036329464,0.0446394426398899,0.00411304081666058));
#1807=CARTESIAN_POINT('',(0.0223648370864449,0.0423024752804586,0.00441359980938931));
#1808=CARTESIAN_POINT('',(0.0223805641043834,0.0422867482625202,0.00438477132302962));
#1809=CARTESIAN_POINT('',(0.0235363228813563,0.04466652339148,0.00397751174173401));
#1810=CARTESIAN_POINT('',(0.0235652052424694,0.0446376410303668,0.00410679659517426));
#1811=CARTESIAN_POINT('',(0.0223688897176155,0.042298422649288,0.00440424930918606));
#1812=CARTESIAN_POINT('',(0.0223857512170923,0.0422815611498112,0.0043728857031184));
#1813=CARTESIAN_POINT('',(0.0235365719769197,0.0446662742959166,0.00397578615714426));
#1814=CARTESIAN_POINT('',(0.0235660941535344,0.0446367521193019,0.00410365348625138));
#1815=CARTESIAN_POINT('',(0.0223707997448336,0.04229651262207,0.00439976672147065));
#1816=CARTESIAN_POINT('',(0.0223883057959765,0.042279006570927,0.00436692035355665));
#1817=CARTESIAN_POINT('',(0.0235370659506287,0.0446657803222075,0.00397232294625329));
#1818=CARTESIAN_POINT('',(0.0235678483088991,0.0446349979639372,0.00409732418475754));
#1819=CARTESIAN_POINT('',(0.0223747494344211,0.0422925629324825,0.00439035399393781));
#1820=CARTESIAN_POINT('',(0.0223933337281952,0.0422739786387083,0.00435495241786785));
#1821=CARTESIAN_POINT('',(0.0235373108287743,0.0446655354440619,0.00397058531995209));
#1822=CARTESIAN_POINT('',(0.0235687135531988,0.0446341327196375,0.00409413799218656));
#1823=CARTESIAN_POINT('',(0.0223766154204589,0.0422906969464446,0.00438583505563785));
#1824=CARTESIAN_POINT('',(0.0223958070815296,0.0422715052853739,0.00434894983174081));
#1825=CARTESIAN_POINT('',(0.0235377964197149,0.0446650498531213,0.00396709704545161));
#1826=CARTESIAN_POINT('',(0.0235704204956608,0.0446324257771754,0.00408772143610789));
#1827=CARTESIAN_POINT('',(0.0223804576505213,0.0422868547163823,0.00437637099245899));
#1828=CARTESIAN_POINT('',(0.0224006692920391,0.0422666430748644,0.00433691526556846));
#1829=CARTESIAN_POINT('',(0.0235380371325098,0.0446648091403264,0.00396534639725233));
#1830=CARTESIAN_POINT('',(0.0235712621938231,0.0446315840790132,0.00408449107260019));
#1831=CARTESIAN_POINT('',(0.0223822775204818,0.0422850348464217,0.00437181953214722));
#1832=CARTESIAN_POINT('',(0.0224030581492142,0.0422642542176894,0.00433088328552314));
#1833=CARTESIAN_POINT('',(0.0235385144448162,0.04466433182802,0.00396183109876913));
#1834=CARTESIAN_POINT('',(0.0235729221646379,0.0446299241081983,0.00407798508735941));
#1835=CARTESIAN_POINT('',(0.0223860078029384,0.0422813045639652,0.00436231506211278));
#1836=CARTESIAN_POINT('',(0.0224077480967956,0.0422595642701079,0.00431879777416122));
#1837=CARTESIAN_POINT('',(0.0235387513015182,0.0446640949713181,0.00396006611877923));
#1838=CARTESIAN_POINT('',(0.0235737162592258,0.0446291300136105,0.00407477268101933));
#1839=CARTESIAN_POINT('',(0.0223877809351804,0.0422795314317231,0.00435773222664483));
#1840=CARTESIAN_POINT('',(0.0224100515128305,0.0422572608540731,0.00431274003331421));
#1841=CARTESIAN_POINT('',(0.0235392212879094,0.0446636249849269,0.00395652013818665));
#1842=CARTESIAN_POINT('',(0.0235752400583279,0.0446276062145084,0.00406840830947039));
#1843=CARTESIAN_POINT('',(0.0223914040263145,0.0422759083405891,0.00434818238296597));
#1844=CARTESIAN_POINT('',(0.0224145755946305,0.042252736772273,0.00430059702684047));
#1845=CARTESIAN_POINT('',(0.0235394544175986,0.0446633918552376,0.00395473913758398));
#1846=CARTESIAN_POINT('',(0.0235759697628421,0.0446268765099942,0.00406525634426156));
#1847=CARTESIAN_POINT('',(0.0223931320561274,0.042274180310776,0.00434356567606383));
#1848=CARTESIAN_POINT('',(0.0224167962603957,0.0422505161065078,0.00429451176121374));
#1849=CARTESIAN_POINT('',(0.0235401480239824,0.0446626982488539,0.00394937006618254));
#1850=CARTESIAN_POINT('',(0.0235780733786228,0.0446247728942134,0.00405586001318794));
#1851=CARTESIAN_POINT('',(0.0223984065859832,0.0422689057809202,0.00432917782642802));
#1852=CARTESIAN_POINT('',(0.0224233346801498,0.0422439776867538,0.00427621834549253));
#1853=CARTESIAN_POINT('',(0.0235406027179929,0.0446622435548433,0.00394575592579037));
#1854=CARTESIAN_POINT('',(0.0235793617921273,0.044623484480709,0.00404967521187604));
#1855=CARTESIAN_POINT('',(0.0224017270769843,0.0422655852899192,0.00431984234239987));
#1856=CARTESIAN_POINT('',(0.022427528856597,0.0422397835103065,0.00426397257655705));
#1857=CARTESIAN_POINT('',(0.0235414956606431,0.0446613506121932,0.00393844725316092));
#1858=CARTESIAN_POINT('',(0.023581769757629,0.0446210765152074,0.00403729859662526));
#1859=CARTESIAN_POINT('',(0.0224083361032087,0.0422589762636948,0.00430050980324377));
#1860=CARTESIAN_POINT('',(0.0224355905913171,0.0422317217755865,0.00423940028619581));
#1861=CARTESIAN_POINT('',(0.0235419339092828,0.0446609123635535,0.00393475272092365));
#1862=CARTESIAN_POINT('',(0.0235828893096261,0.0446199569632102,0.00403110678268637));
#1863=CARTESIAN_POINT('',(0.0224114756827372,0.0422558366841663,0.00429104259603614));
#1864=CARTESIAN_POINT('',(0.0224394581495897,0.0422278542173138,0.00422707376477004));
#1865=CARTESIAN_POINT('',(0.023542792936311,0.0446600533365253,0.00392727239167462));
#1866=CARTESIAN_POINT('',(0.0235850186846378,0.0446178275881984,0.00401855029074693));
#1867=CARTESIAN_POINT('',(0.0224176660026636,0.0422496463642398,0.00427158712909808));
#1868=CARTESIAN_POINT('',(0.0224468695698965,0.042220442797007,0.00420235953384731));
#1869=CARTESIAN_POINT('',(0.0235432137146995,0.0446596325581367,0.00392348659466288));
#1870=CARTESIAN_POINT('',(0.0235860285076524,0.0446168177651839,0.00401218561274638));
#1871=CARTESIAN_POINT('',(0.0224206234300891,0.0422466889368144,0.00426199105491597));
#1872=CARTESIAN_POINT('',(0.0224504134319306,0.0422168989349729,0.00418997182435033));
#1873=CARTESIAN_POINT('',(0.0235438310109339,0.0446590152619024,0.00391773129586741));
#1874=CARTESIAN_POINT('',(0.0235875052948308,0.0446153409780055,0.00400238455912331));
#1875=CARTESIAN_POINT('',(0.0224249564342005,0.042242355932703,0.0042473264039647));
#1876=CARTESIAN_POINT('',(0.0224554886442549,0.0422118237226486,0.00417135904236576));
#1877=CARTESIAN_POINT('',(0.0235440344644539,0.0446588118083824,0.0039158000957226));
#1878=CARTESIAN_POINT('',(0.0235879538449602,0.0446148924278761,0.00399923578499316));
#1879=CARTESIAN_POINT('',(0.0224263719189916,0.0422409404479119,0.00424245185833147));
#1880=CARTESIAN_POINT('',(0.0224571402849085,0.042210172081995,0.00416514957874772));
#1881=CARTESIAN_POINT('',(0.0235444366196012,0.0446584096532351,0.00391191080189088));
#1882=CARTESIAN_POINT('',(0.0235888599437527,0.0446139863290835,0.00399270242518921));
#1883=CARTESIAN_POINT('',(0.0224291520789127,0.0422381602879908,0.00423269373432632));
#1884=CARTESIAN_POINT('',(0.0224603637378821,0.0422069486290213,0.00415272269115098));
#1885=CARTESIAN_POINT('',(0.0235446353212283,0.0446582109516079,0.00390995270820396));
#1886=CARTESIAN_POINT('',(0.0235892820124527,0.0446135642603835,0.00398949978144855));
#1887=CARTESIAN_POINT('',(0.0224305167540427,0.0422367956128607,0.00422781015595439));
#1888=CARTESIAN_POINT('',(0.0224619355502022,0.0422053768167013,0.00414650526717229));
#1889=CARTESIAN_POINT('',(0.0235452241061056,0.0446576221667307,0.00390403604815576));
#1890=CARTESIAN_POINT('',(0.0235905259673474,0.0446123203054889,0.00397970103726091));
#1891=CARTESIAN_POINT('',(0.0224345449001878,0.0422327674667157,0.00421309130857081));
#1892=CARTESIAN_POINT('',(0.0224665317925248,0.0422007805743786,0.00412784472302381));
#1893=CARTESIAN_POINT('',(0.0235456068693513,0.044657239403485,0.00390003510280704));
#1894=CARTESIAN_POINT('',(0.02359128385515,0.0446115624176863,0.00397313293692985));
#1895=CARTESIAN_POINT('',(0.022437131209244,0.0422301811576596,0.00420324752201639));
#1896=CARTESIAN_POINT('',(0.0224694370278901,0.0421978753390134,0.00411539333064162));
#1897=CARTESIAN_POINT('',(0.023546165605551,0.0446566806672852,0.00389394077211207));
#1898=CARTESIAN_POINT('',(0.0235923050948262,0.0446105411780101,0.00396333625138014));
#1899=CARTESIAN_POINT('',(0.0224408599875118,0.0422264523793918,0.00418849295758483));
#1900=CARTESIAN_POINT('',(0.0224735586831153,0.0421937536837882,0.00409671437095783));
#1901=CARTESIAN_POINT('',(0.0235463492828396,0.0446564969899968,0.00389189384310177));
#1902=CARTESIAN_POINT('',(0.0235926386917859,0.0446102075810503,0.00395997056000295));
#1903=CARTESIAN_POINT('',(0.022442080376659,0.0422252319902445,0.00418354345699808));
#1904=CARTESIAN_POINT('',(0.0224748932018865,0.042192419165017,0.00409048773921148));
#1905=CARTESIAN_POINT('',(0.0235467113730835,0.0446561348997527,0.00388776765507436));
#1906=CARTESIAN_POINT('',(0.0235932479216261,0.0446095983512101,0.00395343949220615));
#1907=CARTESIAN_POINT('',(0.0224444722835134,0.0422228400833901,0.00417364150484665));
#1908=CARTESIAN_POINT('',(0.0224774838720635,0.04218982849484,0.00407803629756767));
#1909=CARTESIAN_POINT('',(0.023546889786039,0.0446559564867973,0.00388568839605727));
#1910=CARTESIAN_POINT('',(0.0235935488772642,0.0446092973955721,0.0039500197254792));
#1911=CARTESIAN_POINT('',(0.0224456438012207,0.0422216685656828,0.00416868905328198));
#1912=CARTESIAN_POINT('',(0.0224787400234693,0.0421885723434343,0.00407181148767021));
#1913=CARTESIAN_POINT('',(0.023547241219507,0.0446556050533293,0.0038814961889001));
#1914=CARTESIAN_POINT('',(0.0235940883112431,0.0446087579615932,0.00394348799818258));
#1915=CARTESIAN_POINT('',(0.0224479341676392,0.0422193781992643,0.00415884087308258));
#1916=CARTESIAN_POINT('',(0.0224811743241571,0.0421861380427465,0.00405936613527655));
#1917=CARTESIAN_POINT('',(0.0235474142400195,0.0446554320328168,0.00387938324076003));
#1918=CARTESIAN_POINT('',(0.0235943550045703,0.044608491268266,0.00394001465952805));
#1919=CARTESIAN_POINT('',(0.0224490568879716,0.0422182554789319,0.00415386025340581));
#1920=CARTESIAN_POINT('',(0.0224823524734393,0.0421849598934642,0.00405314559278035));
#1921=CARTESIAN_POINT('',(0.0235477547604915,0.0446550915123448,0.00387512229624076));
#1922=CARTESIAN_POINT('',(0.0235948264612335,0.0446080198116027,0.00393348134261536));
#1923=CARTESIAN_POINT('',(0.0224512546074383,0.0422160577594652,0.00414389890082863));
#1924=CARTESIAN_POINT('',(0.0224846311351221,0.0421826812317815,0.0040407112207416));
#1925=CARTESIAN_POINT('',(0.023547922260451,0.0446549240123853,0.00387297429986156));
#1926=CARTESIAN_POINT('',(0.0235950573144481,0.0446077889583882,0.00392995478986253));
#1927=CARTESIAN_POINT('',(0.0224523296065726,0.0422149827603309,0.00413891816792824));
#1928=CARTESIAN_POINT('',(0.0224857316475226,0.0421815807193808,0.00403449739119906));
#1929=CARTESIAN_POINT('',(0.023548251611707,0.0446545946611293,0.00386864189974784));
#1930=CARTESIAN_POINT('',(0.0235954625081701,0.0446073837646662,0.00392341945911672));
#1931=CARTESIAN_POINT('',(0.0224544290881988,0.0422128832787047,0.00412906953483438));
#1932=CARTESIAN_POINT('',(0.0224878554006843,0.0421794569662192,0.00402207889062));
#1933=CARTESIAN_POINT('',(0.0235484135968045,0.0446544326760318,0.00386645750792874));
#1934=CARTESIAN_POINT('',(0.0235956550133352,0.044607191259501,0.00391984700680036));
#1935=CARTESIAN_POINT('',(0.0224554532419819,0.0422118591249216,0.00412400309317809));
#1936=CARTESIAN_POINT('',(0.0224888763124535,0.04217843605445,0.00401588944412676));
#1937=CARTESIAN_POINT('',(0.0235487315720427,0.0446541147007935,0.00386205094466073));
#1938=CARTESIAN_POINT('',(0.0235959937029783,0.044606852569858,0.00391332521559839));
#1939=CARTESIAN_POINT('',(0.0224574540568659,0.0422098583100377,0.00411419838860231));
#1940=CARTESIAN_POINT('',(0.0224908381516605,0.0421764742152431,0.00400355237873159));
#1941=CARTESIAN_POINT('',(0.0235488875621836,0.0446539587106527,0.00385982877321183));
#1942=CARTESIAN_POINT('',(0.0235961455963308,0.0446067006765054,0.00390971457699917));
#1943=CARTESIAN_POINT('',(0.0224584250895208,0.0422088872773827,0.00410912702792174));
#1944=CARTESIAN_POINT('',(0.0224917790790983,0.0421755332878051,0.00399740475982966));
#1945=CARTESIAN_POINT('',(0.0235491165907555,0.0446537296820807,0.00385646613423714));
#1946=CARTESIAN_POINT('',(0.023596351263503,0.0446064950093333,0.00390483217244205));
#1947=CARTESIAN_POINT('',(0.0224598540476148,0.0422074583192888,0.00410180777963766));
#1948=CARTESIAN_POINT('',(0.0224931319409758,0.0421741804259278,0.00398821636716933));
#1949=CARTESIAN_POINT('',(0.0235491921075063,0.04465365416533,0.00385534035761202));
#1950=CARTESIAN_POINT('',(0.023596411651703,0.0446064346211332,0.00390301287694375));
#1951=CARTESIAN_POINT('',(0.0224603217009412,0.0422069906659623,0.00409931913760301));
#1952=CARTESIAN_POINT('',(0.0224935731400551,0.0421737392268485,0.00398515907556465));
#1953=CARTESIAN_POINT('',(0.0235493414120578,0.0446535048607785,0.00385307883591484));
#1954=CARTESIAN_POINT('',(0.0235965330387685,0.0446063132340677,0.0038997604539858));
#1955=CARTESIAN_POINT('',(0.0224612454554719,0.0422060669114316,0.00409434781139153));
#1956=CARTESIAN_POINT('',(0.0224944362716152,0.0421728760952882,0.00397905578175264));
#1957=CARTESIAN_POINT('',(0.0235494151998584,0.0446534310729779,0.00385194309084278));
#1958=CARTESIAN_POINT('',(0.0235965827985707,0.0446062634742656,0.00389793221127381));
#1959=CARTESIAN_POINT('',(0.0224617015566762,0.0422056108102273,0.00409186512721468));
#1960=CARTESIAN_POINT('',(0.0224948582040962,0.0421724541628073,0.00397600977954531));
#1961=CARTESIAN_POINT('',(0.0235495609697727,0.0446532853030635,0.00384966145773855));
#1962=CARTESIAN_POINT('',(0.0235966887160545,0.0446061575567818,0.00389468197653713));
#1963=CARTESIAN_POINT('',(0.0224626079869165,0.0422047043799871,0.00408700945978985));
#1964=CARTESIAN_POINT('',(0.0224956830456215,0.0421716293212821,0.00396992934202786));
#1965=CARTESIAN_POINT('',(0.0235496329518864,0.0446532133209498,0.00384851556970639));
#1966=CARTESIAN_POINT('',(0.0235967276949423,0.0446061185778939,0.00389284503962728));
#1967=CARTESIAN_POINT('',(0.0224630508360045,0.042204261530899,0.00408452614196186));
#1968=CARTESIAN_POINT('',(0.0224960859546657,0.0421712264122378,0.00396689490671774));
#1969=CARTESIAN_POINT('',(0.0235497750336897,0.0446530712391465,0.00384621347616879));
#1970=CARTESIAN_POINT('',(0.0235968183923608,0.0446060278804755,0.00388959665755509));
#1971=CARTESIAN_POINT('',(0.022463925376582,0.0422033869903215,0.00407956569556315));
#1972=CARTESIAN_POINT('',(0.022496872992479,0.0421704393744246,0.00396083788049455));
#1973=CARTESIAN_POINT('',(0.0235498451333794,0.0446530011394568,0.00384505727066335));
#1974=CARTESIAN_POINT('',(0.0235968464431866,0.0446059998296496,0.00388775128965592));
#1975=CARTESIAN_POINT('',(0.0224643570680715,0.042202955298832,0.0040770885669924));
#1976=CARTESIAN_POINT('',(0.022497257121248,0.0421700552456556,0.00395781528958148));
#1977=CARTESIAN_POINT('',(0.0235499833735978,0.0446528628992384,0.00384273436766605));
#1978=CARTESIAN_POINT('',(0.0235969221646029,0.0446059241082334,0.0038845044146706));
#1979=CARTESIAN_POINT('',(0.0224652188679174,0.042202093498986,0.00407225765659652));
#1980=CARTESIAN_POINT('',(0.0224980068416722,0.0421693055252313,0.00395178222965223));
#1981=CARTESIAN_POINT('',(0.0235500515141265,0.0446527947587098,0.00384156767017419));
#1982=CARTESIAN_POINT('',(0.0235969391457486,0.0446059071270877,0.00388265088883984));
#1983=CARTESIAN_POINT('',(0.022465637310765,0.0422016750561384,0.00406978021514616));
#1984=CARTESIAN_POINT('',(0.0224983724333275,0.042168939933576,0.00394877176063605));
#1985=CARTESIAN_POINT('',(0.023550185759286,0.0446526605135503,0.00383922360869086));
#1986=CARTESIAN_POINT('',(0.0235970001296202,0.0446058461432161,0.00387940516568622));
#1987=CARTESIAN_POINT('',(0.0224664634378467,0.0422008489290568,0.00406483173873034));
#1988=CARTESIAN_POINT('',(0.0224990853226859,0.0421682270442177,0.00394276322200043));
#1989=CARTESIAN_POINT('',(0.0235502518639168,0.0446525944089195,0.0038380462446994));
#1990=CARTESIAN_POINT('',(0.0235970059051427,0.0446058403676935,0.00387754376448799));
#1991=CARTESIAN_POINT('',(0.0224668711220807,0.0422004412448228,0.00406236070376489));
#1992=CARTESIAN_POINT('',(0.022499432620389,0.0421678797465145,0.00393976515238099));
#1993=CARTESIAN_POINT('',(0.0235503819605434,0.0446524643122928,0.00383568067570372));
#1994=CARTESIAN_POINT('',(0.0235970523841823,0.044605793888654,0.00387429882857569));
#1995=CARTESIAN_POINT('',(0.0224676898874723,0.0421996224794313,0.00405755541930868));
#1996=CARTESIAN_POINT('',(0.0225001091650044,0.0421672032018991,0.00393378169003868));
#1997=CARTESIAN_POINT('',(0.0235504459525393,0.044652400320297,0.00383449247069951));
#1998=CARTESIAN_POINT('',(0.0235970468239456,0.0446057994488907,0.00387242984373908));
#1999=CARTESIAN_POINT('',(0.0224680843176089,0.0421992280492946,0.00405508442174381));
#2000=CARTESIAN_POINT('',(0.0225004384119168,0.0421668739549866,0.00393079629731582));
#2001=CARTESIAN_POINT('',(0.0235505717471592,0.044652274525677,0.00383210504516515));
#2002=CARTESIAN_POINT('',(0.0235970790249969,0.0446057672478394,0.00386918532148298));
#2003=CARTESIAN_POINT('',(0.022468862822722,0.0421984495441814,0.00405014903498974));
#2004=CARTESIAN_POINT('',(0.0225010790981125,0.042166233268791,0.00392483846626652));
#2005=CARTESIAN_POINT('',(0.0235506335497832,0.0446522127230531,0.00383090582463501));
#2006=CARTESIAN_POINT('',(0.0235970620047892,0.044605784268047,0.00386730905356276));
#2007=CARTESIAN_POINT('',(0.0224692468976986,0.0421980654692049,0.00404768464580053));
#2008=CARTESIAN_POINT('',(0.0225013905373957,0.0421659218295077,0.00392186602794008));
#2009=CARTESIAN_POINT('',(0.0235507548889224,0.0446520913839139,0.00382849619353564));
#2010=CARTESIAN_POINT('',(0.0235970801487163,0.04460576612412,0.00386406456272112));
#2011=CARTESIAN_POINT('',(0.0224700242424499,0.0421972881244536,0.00404290579484696));
#2012=CARTESIAN_POINT('',(0.0225019958514946,0.0421653165154089,0.00391593438318347));
#2013=CARTESIAN_POINT('',(0.0235508144254376,0.0446520318473986,0.00382728578296641));
#2014=CARTESIAN_POINT('',(0.0235970515503546,0.0446057947224817,0.00386218132076104));
#2015=CARTESIAN_POINT('',(0.022470395048915,0.0421969173179885,0.00404044182528224));
#2016=CARTESIAN_POINT('',(0.0225022897263102,0.0421650226405933,0.0039129751767533));
#2017=CARTESIAN_POINT('',(0.0235509311556222,0.0446519151172141,0.00382485359727572));
#2018=CARTESIAN_POINT('',(0.0235970558519438,0.0446057904208925,0.00385893647077078));
#2019=CARTESIAN_POINT('',(0.0224711267146286,0.0421961856522748,0.00403552067981243));
#2020=CARTESIAN_POINT('',(0.0225028601546353,0.0421644522122682,0.00390707027328907));
#2021=CARTESIAN_POINT('',(0.0235509883492916,0.0446518579235446,0.00382363182215424));
#2022=CARTESIAN_POINT('',(0.0235970155633649,0.0446058307094713,0.00385704657197014));
#2023=CARTESIAN_POINT('',(0.0224714875738772,0.0421958247930263,0.00403306350390735));
#2024=CARTESIAN_POINT('',(0.0225031367081447,0.0421641756587588,0.00390412457625501));
#2025=CARTESIAN_POINT('',(0.0235511003170477,0.0446517459557885,0.00382117673284588));
#2026=CARTESIAN_POINT('',(0.0235970062312401,0.0446058400415961,0.00385380096427843));
#2027=CARTESIAN_POINT('',(0.0224722251297623,0.0421950872371412,0.00402831182759237));
#2028=CARTESIAN_POINT('',(0.0225036727370191,0.0421636396298844,0.00389824696908284));
#2029=CARTESIAN_POINT('',(0.0235511550911343,0.0446516911817019,0.00381994341865899));
#2030=CARTESIAN_POINT('',(0.0235969541465802,0.0446058921262561,0.00385190473366236));
#2031=CARTESIAN_POINT('',(0.0224725726970685,0.042194739669835,0.00402585548813604));
#2032=CARTESIAN_POINT('',(0.0225039322123839,0.0421633801545196,0.00389531505894474));
#2033=CARTESIAN_POINT('',(0.0235512621429879,0.0446515841298484,0.00381746507670664));
#2034=CARTESIAN_POINT('',(0.02359693138313,0.0446059148897062,0.00384865796205444));
#2035=CARTESIAN_POINT('',(0.0224732582969347,0.0421940540699688,0.00402094977017338));
#2036=CARTESIAN_POINT('',(0.0225044343281305,0.042162878038773,0.00388946530306433));
#2037=CARTESIAN_POINT('',(0.0235513144207548,0.0446515318520814,0.00381622004894118));
#2038=CARTESIAN_POINT('',(0.0235968674027908,0.0446059788700454,0.00384675573214836));
#2039=CARTESIAN_POINT('',(0.0224735963294947,0.0421937160374087,0.00401850039166706));
#2040=CARTESIAN_POINT('',(0.0225046769685123,0.0421626353983912,0.00388654745732203));
#2041=CARTESIAN_POINT('',(0.023551416403232,0.0446514298696043,0.00381371810531851));
#2042=CARTESIAN_POINT('',(0.023596831404107,0.0446060148687293,0.00384350738307082));
#2043=CARTESIAN_POINT('',(0.0224742957463951,0.0421930166205084,0.00401377655915221));
#2044=CARTESIAN_POINT('',(0.0225051456574542,0.0421621667094493,0.00388072610773306));
#2045=CARTESIAN_POINT('',(0.0235514661079423,0.044651380164894,0.00381246118946131));
#2046=CARTESIAN_POINT('',(0.0235967554348122,0.044606090838024,0.00384159949357958));
#2047=CARTESIAN_POINT('',(0.0224746204544749,0.0421926919124285,0.00401132847142398));
#2048=CARTESIAN_POINT('',(0.0225053717060144,0.0421619406608891,0.00387782260388639));
#2049=CARTESIAN_POINT('',(0.023551562867569,0.0446512834052672,0.003809935295142));
#2050=CARTESIAN_POINT('',(0.0235967063906399,0.0446061398821963,0.00383834914645884));
#2051=CARTESIAN_POINT('',(0.0224752607529389,0.0421920516139646,0.00400643940469646));
#2052=CARTESIAN_POINT('',(0.0225058074544748,0.0421615049124288,0.00387203021558855));
#2053=CARTESIAN_POINT('',(0.0235516099224856,0.0446512363503506,0.0038086663166799));
#2054=CARTESIAN_POINT('',(0.0235966183454797,0.0446062279273565,0.00383643594395077));
#2055=CARTESIAN_POINT('',(0.022475576343323,0.0421917360235805,0.00400399842569716));
#2056=CARTESIAN_POINT('',(0.0225060171543749,0.0421612952125286,0.00386914133113737));
#2057=CARTESIAN_POINT('',(0.0235517013057882,0.044651144967048,0.00380611612263762));
#2058=CARTESIAN_POINT('',(0.0235965564391778,0.0446062898336583,0.00383318317150641));
#2059=CARTESIAN_POINT('',(0.0224762392894403,0.0421910730774631,0.00399930302809804));
#2060=CARTESIAN_POINT('',(0.0225064204486766,0.0421608919182269,0.00386337845913035));
#2061=CARTESIAN_POINT('',(0.0235517456341742,0.0446511006386621,0.00380483490705745));
#2062=CARTESIAN_POINT('',(0.0235964562376431,0.0446063900351931,0.00383126500910282));
#2063=CARTESIAN_POINT('',(0.0224765190653946,0.0421907933015089,0.00399677134740824));
#2064=CARTESIAN_POINT('',(0.0225066140430782,0.0421606983238253,0.0038605044715745));
#2065=CARTESIAN_POINT('',(0.0235518314876785,0.0446510147851577,0.00380226006426588));
#2066=CARTESIAN_POINT('',(0.0235963816461552,0.0446064646266811,0.00382800937765533));
#2067=CARTESIAN_POINT('',(0.0224771644074966,0.0421901479594069,0.00399209036274261));
#2068=CARTESIAN_POINT('',(0.0225069853695444,0.0421603269973592,0.00385477167085798));
#2069=CARTESIAN_POINT('',(0.0235518730127969,0.0446509732600393,0.00380096643705447));
#2070=CARTESIAN_POINT('',(0.0235962692141621,0.0446065770586741,0.00382608661472566));
#2071=CARTESIAN_POINT('',(0.0224774307939919,0.0421898815729116,0.00398956072594472));
#2072=CARTESIAN_POINT('',(0.0225071631016089,0.0421601492652946,0.00385191285769731));
#2073=CARTESIAN_POINT('',(0.0235519531830291,0.0446508930898071,0.00379836659648728));
#2074=CARTESIAN_POINT('',(0.0235961821079965,0.0446066641648398,0.00382282768449836));
#2075=CARTESIAN_POINT('',(0.0224780589561319,0.0421892534107716,0.00398489426967177));
#2076=CARTESIAN_POINT('',(0.0225075029465625,0.0421598094203409,0.00384621068327099));
#2077=CARTESIAN_POINT('',(0.023551991828143,0.0446508544446933,0.00379706038313149));
#2078=CARTESIAN_POINT('',(0.0235960573779017,0.0446067888949346,0.00382090068636126));
#2079=CARTESIAN_POINT('',(0.0224783119264152,0.0421890004404883,0.00398236695187439));
#2080=CARTESIAN_POINT('',(0.0225076650594516,0.0421596473074519,0.00384336732200533));
#2081=CARTESIAN_POINT('',(0.0235520661616292,0.0446507801112071,0.00379443519576235));
#2082=CARTESIAN_POINT('',(0.023595957921121,0.0446068883517153,0.00381763801177618));
#2083=CARTESIAN_POINT('',(0.0224789233350289,0.0421883890318746,0.00397771512771632));
#2084=CARTESIAN_POINT('',(0.0225079739092157,0.0421593384576878,0.00383769632886888));
#2085=CARTESIAN_POINT('',(0.0235521018500015,0.0446507444228348,0.003793116221749));
#2086=CARTESIAN_POINT('',(0.0235958208317276,0.0446070254411087,0.00381570714940685));
#2087=CARTESIAN_POINT('',(0.0224791628599509,0.0421881495069526,0.00397519041601668));
#2088=CARTESIAN_POINT('',(0.0225081206460908,0.0421591917208127,0.00383486869699809));
#2089=CARTESIAN_POINT('',(0.0235521701932676,0.0446506760795687,0.00379046533855157));
#2090=CARTESIAN_POINT('',(0.0235957091819472,0.0446071370908891,0.00381244027937427));
#2091=CARTESIAN_POINT('',(0.0224797579438844,0.0421875544230191,0.00397055331545549));
#2092=CARTESIAN_POINT('',(0.0225083989869885,0.0421589133799151,0.0038292294401512));
#2093=CARTESIAN_POINT('',(0.0235522028481615,0.0446506434246748,0.00378913342936751));
#2094=CARTESIAN_POINT('',(0.0235955596785026,0.0446072865943336,0.00381050592911812));
#2095=CARTESIAN_POINT('',(0.0224799839918698,0.0421873283750337,0.00396803150945528));
#2096=CARTESIAN_POINT('',(0.022508530591011,0.0421587817758925,0.00382641781517512));
#2097=CARTESIAN_POINT('',(0.0235522650477337,0.0446505812251025,0.00378645650131548));
#2098=CARTESIAN_POINT('',(0.0235954359868965,0.0446074102859398,0.00380723440731962));
#2099=CARTESIAN_POINT('',(0.0224805631824102,0.0421867491844933,0.00396340921120421));
#2100=CARTESIAN_POINT('',(0.0225087789093653,0.0421585334575382,0.00382081084961749));
#2101=CARTESIAN_POINT('',(0.0235522945924121,0.0446505516804242,0.00378511148244752));
#2102=CARTESIAN_POINT('',(0.0235952740210824,0.0446075722517538,0.00380529695061259));
#2103=CARTESIAN_POINT('',(0.0224807757194264,0.0421865366474771,0.00396089062355166));
#2104=CARTESIAN_POINT('',(0.0225088956236969,0.0421584167432065,0.00381801550903595));
#2105=CARTESIAN_POINT('',(0.0235523504948165,0.0446504957780198,0.00378240816051457));
#2106=CARTESIAN_POINT('',(0.0235951384323977,0.0446077078404386,0.00380202031577738));
#2107=CARTESIAN_POINT('',(0.022481339450335,0.0421859729165685,0.00395628319299962));
#2108=CARTESIAN_POINT('',(0.0225091144058308,0.0421581979610727,0.00381244138976727));
#2109=CARTESIAN_POINT('',(0.0235523768525424,0.0446504694202938,0.00378104985744957));
#2110=CARTESIAN_POINT('',(0.023594963962312,0.0446078823105242,0.00380008013887301));
#2111=CARTESIAN_POINT('',(0.0224815384398565,0.0421857739270471,0.00395376814995941));
#2112=CARTESIAN_POINT('',(0.0225092164736331,0.0421580958932705,0.00380966261108012));
#2113=CARTESIAN_POINT('',(0.023552426304305,0.0446504199685313,0.00377831979260935));
#2114=CARTESIAN_POINT('',(0.0235948166148898,0.0446080296579464,0.00379679792504748));
#2115=CARTESIAN_POINT('',(0.022482087147406,0.0421852252194975,0.00394917563858679));
#2116=CARTESIAN_POINT('',(0.0225094062058695,0.042157906161034,0.00380412189310006));
#2117=CARTESIAN_POINT('',(0.0235524493983417,0.0446503968744946,0.00377694803083414));
#2118=CARTESIAN_POINT('',(0.0235946296050222,0.0446082166678141,0.0037948554187508));
#2119=CARTESIAN_POINT('',(0.022482272550376,0.0421850398165276,0.0039466644806395));
#2120=CARTESIAN_POINT('',(0.0225094938703038,0.0421578184965997,0.00380135995380716));
#2121=CARTESIAN_POINT('',(0.0235524922459885,0.0446503540268478,0.00377419087406035));
#2122=CARTESIAN_POINT('',(0.0235944706308265,0.0446083756420098,0.00379156715556119));
#2123=CARTESIAN_POINT('',(0.0224828066733902,0.0421845056935133,0.00394208692540335));
#2124=CARTESIAN_POINT('',(0.022509655038966,0.0421576573279375,0.00379585319211542));
#2125=CARTESIAN_POINT('',(0.0235525119995988,0.0446503342732375,0.00377280547906176));
#2126=CARTESIAN_POINT('',(0.0235942710520266,0.0446085752208097,0.00378962271496961));
#2127=CARTESIAN_POINT('',(0.0224829784481789,0.0421843339187246,0.00393958000787648));
#2128=CARTESIAN_POINT('',(0.0225097285431939,0.0421575838237096,0.00379310836971659));
#2129=CARTESIAN_POINT('',(0.023552548089656,0.0446502981831802,0.00377002088132806));
#2130=CARTESIAN_POINT('',(0.0235941005766781,0.0446087456961581,0.00378632792787753));
#2131=CARTESIAN_POINT('',(0.0224834984280766,0.0421838139388269,0.00393501743056339));
#2132=CARTESIAN_POINT('',(0.0225098616346048,0.0421574507322987,0.00378763611931285));
#2133=CARTESIAN_POINT('',(0.0235525644261029,0.0446502818467333,0.00376862167859294));
#2134=CARTESIAN_POINT('',(0.0235938884061187,0.0446089578667176,0.00378438195212881));
#2135=CARTESIAN_POINT('',(0.0224836565304361,0.0421836558364674,0.00393251512429588));
#2136=CARTESIAN_POINT('',(0.0225099212217878,0.0421573911451157,0.00378490869130794));
#2137=CARTESIAN_POINT('',(0.0235525936050966,0.0446502526677396,0.00376580929087299));
#2138=CARTESIAN_POINT('',(0.0235937065489358,0.0446091397239005,0.00378108016267982));
#2139=CARTESIAN_POINT('',(0.0224841628112773,0.0421831495556262,0.00392796753084002));
#2140=CARTESIAN_POINT('',(0.0225100267222705,0.0421572856446331,0.0037794715071919));
#2141=CARTESIAN_POINT('',(0.0235526064476433,0.044650239825193,0.00376439610588817));
#2142=CARTESIAN_POINT('',(0.0235934817700687,0.0446093645027676,0.00377913305470709));
#2143=CARTESIAN_POINT('',(0.0224843071942925,0.042183005172611,0.00392547022288255));
#2144=CARTESIAN_POINT('',(0.0225100726355701,0.0421572397313335,0.00377676175108076));
#2145=CARTESIAN_POINT('',(0.0235526285620994,0.0446502177107369,0.00376155557915566));
#2146=CARTESIAN_POINT('',(0.0235932886441133,0.044609557628723,0.00377582378077205));
#2147=CARTESIAN_POINT('',(0.0224848002228304,0.0421825121440731,0.003920937602647));
#2148=CARTESIAN_POINT('',(0.0225101510314475,0.042157161335456,0.0037713601882521));
#2149=CARTESIAN_POINT('',(0.0235526378340089,0.0446502084388274,0.00376012823740796));
#2150=CARTESIAN_POINT('',(0.0235930512466213,0.0446097950262149,0.00377387594706599));
#2151=CARTESIAN_POINT('',(0.0224849308368656,0.0421823815300378,0.00391844569700043));
#2152=CARTESIAN_POINT('',(0.0225101835140253,0.0421571288528782,0.00376866838153457));
#2153=CARTESIAN_POINT('',(0.0235526527304535,0.0446501935423827,0.00375725922263657));
#2154=CARTESIAN_POINT('',(0.0235928469587501,0.0446099993140861,0.00377055870307537));
#2155=CARTESIAN_POINT('',(0.0224854110626014,0.0421819013043021,0.00391392802201902));
#2156=CARTESIAN_POINT('',(0.0225102352916206,0.0421570770752829,0.00376330299499297));
#2157=CARTESIAN_POINT('',(0.0235526583549888,0.0446501879178475,0.00375581754961285));
#2158=CARTESIAN_POINT('',(0.0235925969384933,0.044610249334343,0.0037686105534535));
#2159=CARTESIAN_POINT('',(0.0224855278552434,0.0421817845116602,0.00391144194041351));
#2160=CARTESIAN_POINT('',(0.022510254586638,0.0421570577802655,0.0037606294151689));
#2161=CARTESIAN_POINT('',(0.0235526658799481,0.0446501803928882,0.00375291969777622));
#2162=CARTESIAN_POINT('',(0.023592381589414,0.0446104646834222,0.00376528485062444));
#2163=CARTESIAN_POINT('',(0.0224859957304853,0.0421813166364182,0.00390693916459071));
#2164=CARTESIAN_POINT('',(0.0225102802322741,0.0421570321346294,0.00375530075991406));
#2165=CARTESIAN_POINT('',(0.0235526677803721,0.0446501784924641,0.00375146351896332));
#2166=CARTESIAN_POINT('',(0.0235921318925983,0.0446107143802379,0.00376336011078499));
#2167=CARTESIAN_POINT('',(0.022486109705548,0.0421812026613556,0.00390447883357798));
#2168=CARTESIAN_POINT('',(0.0225102865828928,0.0421570257840108,0.00375264568448329));
#2169=CARTESIAN_POINT('',(0.0235526677803721,0.0446501784924641,0.00374888435486763));
#2170=CARTESIAN_POINT('',(0.0235919096625369,0.0446109366102993,0.00376038069145249));
#2171=CARTESIAN_POINT('',(0.0224864920035541,0.0421808203633494,0.00390048993591254));
#2172=CARTESIAN_POINT('',(0.0225102865828928,0.0421570257840108,0.0037479831863554));
#2173=CARTESIAN_POINT('',(0.0235526677803721,0.0446501784924641,0.00374776694191813));
#2174=CARTESIAN_POINT('',(0.0235917537864263,0.0446110924864099,0.00375898428805293));
#2175=CARTESIAN_POINT('',(0.0224866075010322,0.0421807048658713,0.00389867612996693));
#2176=CARTESIAN_POINT('',(0.0225102865828928,0.0421570257840108,0.00374596763272625));
#2177=CARTESIAN_POINT('',(0.0235526677803716,0.0446501784924648,0.00317474869269257));
#2178=CARTESIAN_POINT('',(0.0235270007013354,0.044675845571501,0.00307113648768523));
#2179=CARTESIAN_POINT('',(0.0225587763579943,0.0421085360089093,0.00299271978441765));
#2180=CARTESIAN_POINT('',(0.0225102865828922,0.0421570257840114,0.00271464780252242));
#2181=CARTESIAN_POINT('',(0.0235526677803721,0.0446501784924641,0.00214241012768243));
#2182=CARTESIAN_POINT('',(0.0233808265949388,0.0448220196778976,0.00223486666497134));
#2183=CARTESIAN_POINT('',(0.0227216910406827,0.0419456213262207,0.00211937631063592));
#2184=CARTESIAN_POINT('',(0.0225102865828928,0.0421570257840108,0.00201359376568503));
#2185=CARTESIAN_POINT('',(0.0235526677803721,0.0446501784924641,0.00124653605782118));
#2186=CARTESIAN_POINT('',(0.0232506669350424,0.0449521793377939,0.00145835616689971));
#2187=CARTESIAN_POINT('',(0.0228667571321438,0.0418005552347597,0.0012546291846));
#2188=CARTESIAN_POINT('',(0.0225102865828928,0.0421570257840108,0.00124703606607391));
#2189=CARTESIAN_POINT('',(0.0235526565543,0.0446501897185363,0.00124307125131728));
#2190=CARTESIAN_POINT('',(0.0232500502515477,0.0449527960212886,0.00145544896898577));
#2191=CARTESIAN_POINT('',(0.0228674083643483,0.0417999040025551,0.00125121976021288));
#2192=CARTESIAN_POINT('',(0.0225102787194674,0.042157033647436,0.00124407464897576));
#2193=CARTESIAN_POINT('',(0.0235522967830411,0.0446505494897951,0.00118762075647777));
#2194=CARTESIAN_POINT('',(0.0232408875773037,0.0449619586955326,0.00140814666848069));
#2195=CARTESIAN_POINT('',(0.0228768501693142,0.0417904621975894,0.00119725618139081));
#2196=CARTESIAN_POINT('',(0.0225100275461747,0.0421572848207288,0.00119673203082895));
#2197=CARTESIAN_POINT('',(0.0235494260803937,0.0446534201924425,0.00113544479726309));
#2198=CARTESIAN_POINT('',(0.0232303905679973,0.044972455704839,0.00136356269260799));
#2199=CARTESIAN_POINT('',(0.0228833113844064,0.0417840009824971,0.00114723296808515));
#2200=CARTESIAN_POINT('',(0.0225080292174791,0.0421592831494245,0.001152911605711));
#2201=CARTESIAN_POINT('',(0.023538023489686,0.0446648227831503,0.0010273234307004));
#2202=CARTESIAN_POINT('',(0.0232044432288267,0.0449984030440096,0.00127091980745061));
#2203=CARTESIAN_POINT('',(0.0228919955709536,0.0417753167959499,0.00104504737618998));
#2204=CARTESIAN_POINT('',(0.0225004550329778,0.0421668573339256,0.00106342029262375));
#2205=CARTESIAN_POINT('',(0.0235290066084166,0.0446738396644197,0.000970903033015652));
#2206=CARTESIAN_POINT('',(0.0231885889914399,0.0450142572813964,0.00122237179999577));
#2207=CARTESIAN_POINT('',(0.0228938816867928,0.0417734306801106,0.000992831536899657));
#2208=CARTESIAN_POINT('',(0.0224946239672976,0.042172688399606,0.00101768762283495));
#2209=CARTESIAN_POINT('',(0.0235051315785542,0.044697714694282,0.000860978387341158));
#2210=CARTESIAN_POINT('',(0.0231522865027706,0.0450505597700657,0.00112782434442251));
#2211=CARTESIAN_POINT('',(0.022892761240828,0.0417745511260753,0.000890352794785828));
#2212=CARTESIAN_POINT('',(0.0224793325950445,0.042187979771859,0.000927901780992727));
#2213=CARTESIAN_POINT('',(0.0234903152878554,0.0447125309849809,0.000807319290322134));
#2214=CARTESIAN_POINT('',(0.0231318801093822,0.0450709661634542,0.0010816700472748));
#2215=CARTESIAN_POINT('',(0.0228898789686046,0.0417774333982986,0.000840745736675955));
#2216=CARTESIAN_POINT('',(0.0224699965780523,0.0421973157888513,0.000884504453652939));
#2217=CARTESIAN_POINT('',(0.0234549594542437,0.0447478868185926,0.000702688884954641));
#2218=CARTESIAN_POINT('',(0.0230864993555847,0.0451163469172518,0.000991547067730088));
#2219=CARTESIAN_POINT('',(0.0228798485897704,0.0417874637771328,0.000744520448710088));
#2220=CARTESIAN_POINT('',(0.0224482371115907,0.0422190752553128,0.000800289182434006));
#2221=CARTESIAN_POINT('',(0.0234342895235145,0.0447685567493218,0.00065145126909686));
#2222=CARTESIAN_POINT('',(0.0230613946073593,0.0451414516654772,0.000947312077823761));
#2223=CARTESIAN_POINT('',(0.0228727023680757,0.0417946099988275,0.000697923571486166));
#2224=CARTESIAN_POINT('',(0.0224358155470375,0.0422314968198661,0.000759492591186935));
#2225=CARTESIAN_POINT('',(0.0233642527596575,0.0448385935131788,0.000504014501354249));
#2226=CARTESIAN_POINT('',(0.0229796483664514,0.0452231979063851,0.000819928051713776));
#2227=CARTESIAN_POINT('',(0.0228452265494174,0.0418220858174856,0.000562593927649408));
#2228=CARTESIAN_POINT('',(0.0223941537504079,0.0422731586164957,0.00064074562899818));
#2229=CARTESIAN_POINT('',(0.0233081154038977,0.0448947308689385,0.000415984098100512));
#2230=CARTESIAN_POINT('',(0.0229178313265751,0.0452850149462614,0.000743992627919476));
#2231=CARTESIAN_POINT('',(0.022818402084708,0.041848910282195,0.000477585321649656));
#2232=CARTESIAN_POINT('',(0.02236005870119,0.0423072536657135,0.000565701242387035));
#2233=CARTESIAN_POINT('',(0.0231776419100698,0.0450252043627665,0.000260287069233771));
#2234=CARTESIAN_POINT('',(0.0227795159864721,0.0454233302863647,0.00060886185955668));
#2235=CARTESIAN_POINT('',(0.0227529734176416,0.0419143389492614,0.000325802055369403));
#2236=CARTESIAN_POINT('',(0.0222837820546603,0.0423835303122432,0.000430576562969498));
#2237=CARTESIAN_POINT('',(0.0231056579595801,0.0450971883132561,0.00019553717404977));
#2238=CARTESIAN_POINT('',(0.0227053698738239,0.0454974763990129,0.000552583245417188));
#2239=CARTESIAN_POINT('',(0.0227142699093924,0.0419530424575105,0.000258316945178145));
#2240=CARTESIAN_POINT('',(0.0222415011514564,0.0424258112154472,0.000369785820252349));
#2241=CARTESIAN_POINT('',(0.0229892544887593,0.045213591784077,0.000117812006775119));
#2242=CARTESIAN_POINT('',(0.0225878094918263,0.0456150367810107,0.000484039724530375));
#2243=CARTESIAN_POINT('',(0.0226479677325575,0.0420193446343453,0.000169457942295262));
#2244=CARTESIAN_POINT('',(0.0221720925653109,0.0424952198015926,0.000287699943273979));
#2245=CARTESIAN_POINT('',(0.0229488449789475,0.0452540012938888,9.51101047490322E-5));
#2246=CARTESIAN_POINT('',(0.0225473620669656,0.0456554842058713,0.00046381082543708));
#2247=CARTESIAN_POINT('',(0.0226243276617906,0.042042984705112,0.000141774569244737));
#2248=CARTESIAN_POINT('',(0.0221477936386274,0.042519518728276,0.000261729541307182));
#2249=CARTESIAN_POINT('',(0.0228671754300557,0.0453356708427805,5.72211889342354E-5));
#2250=CARTESIAN_POINT('',(0.0224662201637621,0.045736626109075,0.00042955824020027));
#2251=CARTESIAN_POINT('',(0.0225751610759596,0.0420921512909432,9.15081024451168E-5));
#2252=CARTESIAN_POINT('',(0.0220979775338298,0.0425693348330738,0.000213663535511005));
#2253=CARTESIAN_POINT('',(0.0228256905158743,0.0453771557569619,4.18568855567661E-5));
#2254=CARTESIAN_POINT('',(0.0224253008103175,0.0457775454625195,0.000415357264467997));
#2255=CARTESIAN_POINT('',(0.0225496423248509,0.0421176700420519,6.88914716680312E-5));
#2256=CARTESIAN_POINT('',(0.022072468119671,0.0425948442472325,0.000191534394653635));
#2257=CARTESIAN_POINT('',(0.0226994390813037,0.0455034071915326,6.22331717725386E-6));
#2258=CARTESIAN_POINT('',(0.0223015133192845,0.0459013329535526,0.000381047290750746));
#2259=CARTESIAN_POINT('',(0.0224704389367378,0.0421968734301649,8.46072504792823E-6));
#2260=CARTESIAN_POINT('',(0.0219941674794469,0.0426731448874566,0.000130523886953961));
#2261=CARTESIAN_POINT('',(0.0226120195527269,0.0455908267201094,-3.44732861108902E-6));
#2262=CARTESIAN_POINT('',(0.0222167594348349,0.0459860868380021,0.000369370523706143));
#2263=CARTESIAN_POINT('',(0.0224141181724037,0.042253194194499,-2.20060240596186E-5));
#2264=CARTESIAN_POINT('',(0.0219396148630907,0.0427276975038128,9.69476560084127E-5));
#2265=CARTESIAN_POINT('',(0.0224836142940679,0.0457192319787684,3.39521812891757E-6));
#2266=CARTESIAN_POINT('',(0.0220933353556127,0.0461095109172242,0.00036806361064738));
#2267=CARTESIAN_POINT('',(0.0223245329453806,0.0423427794215223,-5.23706864368444E-5));
#2268=CARTESIAN_POINT('',(0.0218539211230689,0.0428133912438345,5.70182728259741E-5));
#2269=CARTESIAN_POINT('',(0.0224410718326713,0.045761774440165,9.15221017840136E-6));
#2270=CARTESIAN_POINT('',(0.0220526170729028,0.0461502291999341,0.000370247403111544));
#2271=CARTESIAN_POINT('',(0.0222937269342102,0.0423735854326927,-5.99293348712679E-5));
#2272=CARTESIAN_POINT('',(0.0218246188184047,0.0428426935484989,4.54546344484446E-5));
#2273=CARTESIAN_POINT('',(0.0223565730275702,0.0458462732452661,2.75933873291231E-5));
#2274=CARTESIAN_POINT('',(0.0219720022280223,0.0462308440448146,0.000379694171558879));
#2275=CARTESIAN_POINT('',(0.0222316280610571,0.0424356843058458,-6.92764447039663E-5));
#2276=CARTESIAN_POINT('',(0.0217658554117682,0.0429014569551353,2.6328039318334E-5));
#2277=CARTESIAN_POINT('',(0.0223144221258264,0.0458884241470099,4.03555268573027E-5));
#2278=CARTESIAN_POINT('',(0.0219319111078125,0.0462709351650243,0.000387035101968991));
#2279=CARTESIAN_POINT('',(0.022200186024792,0.042467126342111,-7.11469994593302E-5));
#2280=CARTESIAN_POINT('',(0.0217362451355134,0.0429310672313901,1.8682989208664E-5));
#2281=CARTESIAN_POINT('',(0.0221903321877615,0.0460125140850748,8.8918809319466E-5));
#2282=CARTESIAN_POINT('',(0.0218142159662687,0.0463886303065679,0.0004163608674359));
#2283=CARTESIAN_POINT('',(0.0221047361812737,0.0425625761856296,-6.82140682245481E-5));
#2284=CARTESIAN_POINT('',(0.0216466551000216,0.0430206572668819,1.43416717103275E-6));
#2285=CARTESIAN_POINT('',(0.0221122414391319,0.0460906048337044,0.000134091400286121));
#2286=CARTESIAN_POINT('',(0.0217406756845454,0.0464621705882911,0.000444743260884313));
#2287=CARTESIAN_POINT('',(0.0220395991289422,0.0426277132379617,-5.4947480103954E-5));
#2288=CARTESIAN_POINT('',(0.0215859106237016,0.0430814017432024,-2.56476983597524E-6));
#2289=CARTESIAN_POINT('',(0.0220389343397317,0.0461639119331045,0.000191816079507324));
#2290=CARTESIAN_POINT('',(0.021671838448339,0.0465310078244973,0.000481174222154054));
#2291=CARTESIAN_POINT('',(0.0219730001280369,0.0426943122388666,-2.91791067265346E-5));
#2292=CARTESIAN_POINT('',(0.0215238500967728,0.0431434622701308,1.58303122066256E-6));
#2293=CARTESIAN_POINT('',(0.0235066509958115,0.0446961952770247,0.00412876666960643));
#2294=CARTESIAN_POINT('',(0.0235112975360426,0.0446915487367937,0.00411010880418901));
#2295=CARTESIAN_POINT('',(0.0235203358078266,0.0446825104650097,0.0040706360790395));
#2296=CARTESIAN_POINT('',(0.0235298758777634,0.0446729703950729,0.00401975179727935));
#2297=CARTESIAN_POINT('',(0.0235365380017546,0.0446663082710816,0.00397680608186963));
#2298=CARTESIAN_POINT('',(0.0235408532007913,0.0446619930720449,0.00394456510874107));
#2299=CARTESIAN_POINT('',(0.0235444993943432,0.0446583468784931,0.00391226660193947));
#2300=CARTESIAN_POINT('',(0.0235484724479787,0.0446543738248575,0.00386913500490127));
#2301=CARTESIAN_POINT('',(0.0235517820469084,0.0446510642259278,0.00381509136162456));
#2302=CARTESIAN_POINT('',(0.023552667780375,0.0446501784924612,0.00377172003152977));
#2303=CARTESIAN_POINT('',(0.023552667780375,0.0446501784924612,0.00374999999999848));
#2304=CARTESIAN_POINT('',(0.0235066953557395,0.0446961509170968,0.00412859323791324));
#2305=CARTESIAN_POINT('',(0.0235526677803721,0.0446501784924641,0.00374999999999914));
#2306=CARTESIAN_POINT('',(0.0235526677803692,0.044650178492467,0.0025));
#2307=CARTESIAN_POINT('',(0.0235526677803721,0.0446501784924641,0.001250000000001));
#2308=CARTESIAN_POINT('',(0.023552667780375,0.0446501784924612,0.001250000000001));
#2309=CARTESIAN_POINT('',(0.023552667780375,0.0446501784924612,0.00122831890373704));
#2310=CARTESIAN_POINT('',(0.0235517852413109,0.0446510610315254,0.00118504404109523));
#2311=CARTESIAN_POINT('',(0.0235478347126507,0.0446550115601856,0.00112039173207015));
#2312=CARTESIAN_POINT('',(0.0235423533775632,0.0446604928952731,0.0010667313329414));
#2313=CARTESIAN_POINT('',(0.02353664325376,0.0446662030190762,0.00102393441664238));
#2314=CARTESIAN_POINT('',(0.0235316933489041,0.0446711529239322,0.000991902018452442));
#2315=CARTESIAN_POINT('',(0.0235260684004549,0.0446767778723813,0.000959939281343556));
#2316=CARTESIAN_POINT('',(0.0235198346518478,0.0446830116209884,0.000928399514620274));
#2317=CARTESIAN_POINT('',(0.0235129924678454,0.0446898538049908,0.000897215326857875));
#2318=CARTESIAN_POINT('',(0.0235030720693204,0.0446997742035159,0.000856126034247788));
#2319=CARTESIAN_POINT('',(0.0234891919360681,0.0447136543367682,0.000805661763151322));
#2320=CARTESIAN_POINT('',(0.0234702073308907,0.0447326389419455,0.000746521154468338));
#2321=CARTESIAN_POINT('',(0.0234524609368475,0.0447503853359887,0.000698405296612461));
#2322=CARTESIAN_POINT('',(0.0234371104752476,0.0447657357975886,0.000660618599561335));
#2323=CARTESIAN_POINT('',(0.0234250136449454,0.0447778326278908,0.000632619700939169));
#2324=CARTESIAN_POINT('',(0.0234123522520237,0.0447904940208126,0.000605016462607748));
#2325=CARTESIAN_POINT('',(0.0233948724474894,0.0448079738253468,0.000569051773123006));
#2326=CARTESIAN_POINT('',(0.0233718658781464,0.0448309803946899,0.000525516136962722));
#2327=CARTESIAN_POINT('',(0.0233424756219529,0.0448603706508833,0.000475522176729669));
#2328=CARTESIAN_POINT('',(0.0233113334997967,0.0448915127730395,0.000427722027340344));
#2329=CARTESIAN_POINT('',(0.0232839411471318,0.0449189051257045,0.00038969629322852));
#2330=CARTESIAN_POINT('',(0.0232611669059086,0.0449416793669277,0.00036035467119647));
#2331=CARTESIAN_POINT('',(0.0232436561193484,0.0449591901534878,0.000338887974183428));
#2332=CARTESIAN_POINT('',(0.0232257133471479,0.0449771329256883,0.000317963034943925));
#2333=CARTESIAN_POINT('',(0.0232014263719051,0.0450014199009312,0.000291020144587247));
#2334=CARTESIAN_POINT('',(0.0231703413080087,0.0450325049648276,0.000259033535660273));
#2335=CARTESIAN_POINT('',(0.0231319276130063,0.0450709186598299,0.000223302913017932));
#2336=CARTESIAN_POINT('',(0.023092420158213,0.0451104261146232,0.000190164625896775));
#2337=CARTESIAN_POINT('',(0.0230518365647277,0.0451510097081085,0.0001595850520283));
#2338=CARTESIAN_POINT('',(0.0230171224365992,0.0451857238362371,0.000136216936249619));
#2339=CARTESIAN_POINT('',(0.0229888230387356,0.0452140232341006,0.000118795435920266));
#2340=CARTESIAN_POINT('',(0.0229601419193464,0.0452427043534899,0.000102210477015989));
#2341=CARTESIAN_POINT('',(0.0229240044268796,0.0452788418459567,8.32834147915382E-5));
#2342=CARTESIAN_POINT('',(0.0228801726252792,0.045322673647557,6.33602643000092E-5));
#2343=CARTESIAN_POINT('',(0.0228358895991482,0.045366956673688,4.61733938923731E-5));
#2344=CARTESIAN_POINT('',(0.0227911598885758,0.0454116863842604,3.16827759760691E-5));
#2345=CARTESIAN_POINT('',(0.0227459883566789,0.0454568579161574,1.98681983462242E-5));
#2346=CARTESIAN_POINT('',(0.02270797445873,0.0454948718141063,1.22493772532871E-5));
#2347=CARTESIAN_POINT('',(0.0226773466717562,0.04552549960108,7.49832110938688E-6));
#2348=CARTESIAN_POINT('',(0.0226542488623958,0.0455485974104404,4.60856538133798E-6));
#2349=CARTESIAN_POINT('',(0.0226310967714341,0.0455717495014021,2.40529968904952E-6));
#2350=CARTESIAN_POINT('',(0.0226003173458518,0.0456025289269845,3.90733236608031E-7));
#2351=CARTESIAN_POINT('',(0.0225619373678373,0.045640908904999,-4.22915226269782E-7));
#2352=CARTESIAN_POINT('',(0.0225160527057305,0.0456867935671058,1.28914078216448E-6));
#2353=CARTESIAN_POINT('',(0.0224703319037347,0.0457325143691016,5.66599161446188E-6));
#2354=CARTESIAN_POINT('',(0.0224247757418271,0.0457780705310091,1.27021933758121E-5));
#2355=CARTESIAN_POINT('',(0.0223793863963958,0.0458234598764404,2.24083648106904E-5));
#2356=CARTESIAN_POINT('',(0.0223416965848037,0.0458611496880326,3.27480132339048E-5));
#2357=CARTESIAN_POINT('',(0.0223116403206218,0.0458912059522144,4.23894015428897E-5));
#2358=CARTESIAN_POINT('',(0.0222891124381304,0.0459137338347059,5.03261688458421E-5));
#2359=CARTESIAN_POINT('',(0.02226675126475,0.0459360950080862,5.8920563318018E-5));
#2360=CARTESIAN_POINT('',(0.0222372233155321,0.0459656229573042,7.12250507674796E-5));
#2361=CARTESIAN_POINT('',(0.022200817927177,0.0460020283456592,8.8193571221021E-5));
#2362=CARTESIAN_POINT('',(0.0221579438296364,0.0460449024431998,0.000111078721221128));
#2363=CARTESIAN_POINT('',(0.0221158807101637,0.0460869655626726,0.000136491222276603));
#2364=CARTESIAN_POINT('',(0.0220762054353582,0.0461266408374781,0.000163387204150498));
#2365=CARTESIAN_POINT('',(0.0220507710773152,0.046152075195521,0.000182495401351707));
#2366=CARTESIAN_POINT('',(0.0220389343397317,0.0461639119331045,0.000191816079507324));
#2367=CARTESIAN_POINT('',(0.0215238500967728,0.0431434622701308,1.58303122066256E-6));
#2368=CARTESIAN_POINT('',(0.0215242807915628,0.0431430315753407,1.55424583334E-6));
#2369=CARTESIAN_POINT('',(0.0215397485555163,0.0431275638113872,5.34563672621414E-7));
#2370=CARTESIAN_POINT('',(0.0215701561855735,0.04309715618133,-4.70932710695551E-7));
#2371=CARTESIAN_POINT('',(0.0216149179674578,0.0430523943994457,8.73205849389346E-7));
#2372=CARTESIAN_POINT('',(0.0216594575081784,0.0430078548587252,5.02173806238008E-6));
#2373=CARTESIAN_POINT('',(0.0217037808366326,0.042963531530271,1.1963713377644E-5));
#2374=CARTESIAN_POINT('',(0.0217478851979941,0.0429194271689094,2.17073420652057E-5));
#2375=CARTESIAN_POINT('',(0.021791771627367,0.0428755407395364,3.42815501116246E-5));
#2376=CARTESIAN_POINT('',(0.0218281501536141,0.0428391622132894,4.71535128320096E-5));
#2377=CARTESIAN_POINT('',(0.0218571537714851,0.0428101585954185,5.89324038152299E-5));
#2378=CARTESIAN_POINT('',(0.0218858264970534,0.0427814858698502,7.15946554680566E-5));
#2379=CARTESIAN_POINT('',(0.021921105093568,0.0427462072733355,8.90827443393962E-5));
#2380=CARTESIAN_POINT('',(0.021962531981148,0.0427047803857555,0.000112693099489579));
#2381=CARTESIAN_POINT('',(0.0220030585919924,0.0426642537749111,0.000138921934772419));
#2382=CARTESIAN_POINT('',(0.02204268016928,0.0426246321976235,0.000167778891436365));
#2383=CARTESIAN_POINT('',(0.0220749363621966,0.042592376004707,0.000194040268655524));
#2384=CARTESIAN_POINT('',(0.0221002754382949,0.0425670369286087,0.000216401180914536));
#2385=CARTESIAN_POINT('',(0.0221190452339112,0.0425482671329922,0.00023385737246413));
#2386=CARTESIAN_POINT('',(0.0221375723605414,0.0425297400063622,0.00025200236537673));
#2387=CARTESIAN_POINT('',(0.0221619716884729,0.0425053406784306,0.00027715795065306));
#2388=CARTESIAN_POINT('',(0.0221914433002886,0.0424758690666149,0.000309942067877479));
#2389=CARTESIAN_POINT('',(0.0222252291916771,0.0424420831752264,0.000351438575335244));
#2390=CARTESIAN_POINT('',(0.0222574308836126,0.0424098814832909,0.000395069592174347));
#2391=CARTESIAN_POINT('',(0.0222880484428475,0.042379263924056,0.00044084305930577));
#2392=CARTESIAN_POINT('',(0.0223170651338424,0.0423502472330611,0.000488776135647688));
#2393=CARTESIAN_POINT('',(0.0223398927519197,0.0423274196149837,0.00053055705399338));
#2394=CARTESIAN_POINT('',(0.0223573158684304,0.0423099964984731,0.000565095731909475));
#2395=CARTESIAN_POINT('',(0.0223699752109255,0.042297337155978,0.000591604278337694));
#2396=CARTESIAN_POINT('',(0.0223821460082087,0.0422851663586948,0.00061856932381853));
#2397=CARTESIAN_POINT('',(0.0223976304404801,0.0422696819264234,0.000654915835299237));
#2398=CARTESIAN_POINT('',(0.0224156476205282,0.0422516647463753,0.000701177452446576));
#2399=CARTESIAN_POINT('',(0.0224351310354468,0.0422321813314567,0.000757975316901307));
#2400=CARTESIAN_POINT('',(0.0224524827044264,0.0422148296624772,0.000816064080499832));
#2401=CARTESIAN_POINT('',(0.0224651535097323,0.0422021588571712,0.000865553020335339));
#2402=CARTESIAN_POINT('',(0.0224742011010202,0.0421931112658833,0.0009058014663466));
#2403=CARTESIAN_POINT('',(0.0224804370178872,0.0421868753490163,0.000936323612133776));
#2404=CARTESIAN_POINT('',(0.0224861144729909,0.0421811978939126,0.000967170317841015));
#2405=CARTESIAN_POINT('',(0.0224912333296769,0.0421760790372265,0.00099840368581036));
#2406=CARTESIAN_POINT('',(0.0224957353447519,0.0421715770221516,0.00102968595196887));
#2407=CARTESIAN_POINT('',(0.0225009262091498,0.0421663861577538,0.00107145962215834));
#2408=CARTESIAN_POINT('',(0.022505904470547,0.0421614078963565,0.00112379591461695));
#2409=CARTESIAN_POINT('',(0.0225094876361396,0.0421578247307639,0.00118678810572712));
#2410=CARTESIAN_POINT('',(0.0225102865828928,0.0421570257840107,0.00122890835404235));
#2411=CARTESIAN_POINT('',(0.0225102865828928,0.0421570257840107,0.00124999999999949));
#2412=CARTESIAN_POINT('',(0.0225102865828928,0.0421570257840108,0.00124999999999972));
#2413=CARTESIAN_POINT('',(0.0225102865828928,0.0421570257840108,0.0025));
#2414=CARTESIAN_POINT('',(0.0225102865828928,0.0421570257840108,0.00374999999999909));
#2415=CARTESIAN_POINT('',(0.0225102865828928,0.0421570257840107,0.00374999999999909));
#2416=CARTESIAN_POINT('',(0.0225102865828928,0.0421570257840107,0.00379219427325185));
#2417=CARTESIAN_POINT('',(0.0225078945520207,0.0421594178148827,0.0038552506040964));
#2418=CARTESIAN_POINT('',(0.0224999434849392,0.0421673688819643,0.00393887890513703));
#2419=CARTESIAN_POINT('',(0.0224929766665934,0.0421743357003101,0.00399092382030781));
#2420=CARTESIAN_POINT('',(0.0224861707212458,0.0421811416456577,0.00403250753659284));
#2421=CARTESIAN_POINT('',(0.022478586606196,0.0421887257607075,0.00407375616685408));
#2422=CARTESIAN_POINT('',(0.0224677172933503,0.0421995950735532,0.00412442891140527));
#2423=CARTESIAN_POINT('',(0.0224524857559367,0.0422148266109667,0.00418393078044484));
#2424=CARTESIAN_POINT('',(0.0224351008425882,0.0422322115243153,0.00424212353339373));
#2425=CARTESIAN_POINT('',(0.0224155766946099,0.0422517356722936,0.00429902059014205));
#2426=CARTESIAN_POINT('',(0.0223975204155804,0.0422697919513231,0.00434535751063831));
#2427=CARTESIAN_POINT('',(0.0223819998813014,0.0422853124856021,0.00438176501359541));
#2428=CARTESIAN_POINT('',(0.0223657386782751,0.0423015736886284,0.00441776303404702));
#2429=CARTESIAN_POINT('',(0.0223443260612601,0.0423229863056434,0.00446134041758129));
#2430=CARTESIAN_POINT('',(0.022316919251146,0.0423503931157575,0.00451147918772044));
#2431=CARTESIAN_POINT('',(0.0222878391304831,0.0423794732364204,0.0045594897724009));
#2432=CARTESIAN_POINT('',(0.0222571040113442,0.0424102083555594,0.00460540149390436));
#2433=CARTESIAN_POINT('',(0.0222301190630676,0.042437193303836,0.00464191955262993));
#2434=CARTESIAN_POINT('',(0.0222077053302581,0.0424596070366455,0.0046700860660278));
#2435=CARTESIAN_POINT('',(0.0221904804507892,0.0424768319161144,0.00469068516893402));
#2436=CARTESIAN_POINT('',(0.0221728381913566,0.0424944741755469,0.00471075343284233));
#2437=CARTESIAN_POINT('',(0.022148973564411,0.0425183388024925,0.00473656739257278));
#2438=CARTESIAN_POINT('',(0.0221197916872705,0.042547520679633,0.004765820296149));
#2439=CARTESIAN_POINT('',(0.0220960821040215,0.042571230262882,0.00478738323825655));
#2440=CARTESIAN_POINT('',(0.0220847762996121,0.0425825360672914,0.00479719601689074));
#2441=CARTESIAN_POINT('',(0.0220847770913057,0.0425825352755978,0.00479719784119215));
#2442=CARTESIAN_POINT('',(0.0235066964050105,0.0446961498678257,0.00412859376123729));
#2443=CARTESIAN_POINT('',(0.0234679411571255,0.0447349051157108,0.00435106661546465));
#2444=CARTESIAN_POINT('',(0.0221461287454526,0.042521183621451,0.00473157636249234));
#2445=CARTESIAN_POINT('',(0.0220847778829993,0.0425825344839042,0.00479719966549355));
#2446=CARTESIAN_POINT('',(0.0289549637420159,0.0392478825308203,-9.07030458316231E-7));
#2447=CARTESIAN_POINT('',(0.028994384587255,0.0392084616855813,0.000291408369743529));
#2448=CARTESIAN_POINT('',(0.0276237270744695,0.0370435852924339,0.000282701556866664));
#2449=CARTESIAN_POINT('',(0.027670423990141,0.0369968883767625,0.000578196992958401));
#2450=CARTESIAN_POINT('',(0.0264487815433197,0.0417540647295166,0.000675584182224929));
#2451=CARTESIAN_POINT('',(0.0264727828276877,0.0417300634451343,0.00146924541363522));
#2452=CARTESIAN_POINT('',(0.0255681676990685,0.0390991446674451,0.00129457236756707));
#2453=CARTESIAN_POINT('',(0.0256981895763275,0.038969122790576,0.0018406767821839));
#2454=CARTESIAN_POINT('',(0.0240579205569579,0.0441449257158783,0.00193334695424762));
#2455=CARTESIAN_POINT('',(0.0242701491375562,0.043932697135491,0.00219098153992555));
#2456=CARTESIAN_POINT('',(0.0235038251582446,0.0411634872086275,0.00304095778778745));
#2457=CARTESIAN_POINT('',(0.0236178264361286,0.0410494859307748,0.00347425717925338));
#2458=CARTESIAN_POINT('',(0.0235066964050105,0.0446961498678257,0.00412859376123729));
#2459=CARTESIAN_POINT('',(0.0234679411571255,0.0447349051157108,0.00435106661546465));
#2460=CARTESIAN_POINT('',(0.0221461287454526,0.042521183621451,0.00473157636249234));
#2461=CARTESIAN_POINT('',(0.0220847778829993,0.0425825344839042,0.00479719966549355));
#2462=CARTESIAN_POINT('',(0.0220847778829993,0.0425825344839042,0.00479719966549355));
#2463=CARTESIAN_POINT('',(0.0236178264361286,0.0410494859307748,0.00347425717925338));
#2464=CARTESIAN_POINT('',(0.0256981895763275,0.038969122790576,0.0018406767821839));
#2465=CARTESIAN_POINT('',(0.027670423990141,0.0369968883767625,0.000578196992958401));
#2466=CARTESIAN_POINT('',(0.0276704239901287,0.0369968883767748,0.000578196992966283));
#2467=CARTESIAN_POINT('',(0.0289549638357695,0.0392478824370668,-9.06335805296302E-7));
#2468=CARTESIAN_POINT('',(0.0289943846520847,0.0392084616207516,0.000291408849919424));
#2469=CARTESIAN_POINT('',(0.0276237271081102,0.0370435852587933,0.000282701769862952));
#2470=CARTESIAN_POINT('',(0.0276704239901237,0.0369968883767798,0.000578196992969436));
#2471=CARTESIAN_POINT('',(0.0289549638089827,0.0392478824638535,-9.06534277587677E-7));
#2472=CARTESIAN_POINT('',(0.0235066527703062,0.04469619350253,0.00412876755344398));
#2473=CARTESIAN_POINT('',(0.0240577943727985,0.0441450519000378,0.0019334133365291));
#2474=CARTESIAN_POINT('',(0.0264487154080033,0.041754130864833,0.000675602034063633));
#2475=CARTESIAN_POINT('',(0.0289549637420159,0.0392478825308203,-9.07030458316231E-7));
#2476=CARTESIAN_POINT('',(0.0306181664431525,0.0375846798296839,0.00911854963824206));
#2477=CARTESIAN_POINT('',(0.0305009447150031,0.0377019015578332,0.0092444502999859));
#2478=CARTESIAN_POINT('',(0.0290844212683174,0.0355828910985861,0.00852578901577931));
#2479=CARTESIAN_POINT('',(0.0289693138170235,0.0356979985498799,0.00866064950243716));
#2480=CARTESIAN_POINT('',(0.0304812866629189,0.0377215596099174,0.00886366163105536));
#2481=CARTESIAN_POINT('',(0.0303576264799418,0.0378452197928925,0.00897870734995613));
#2482=CARTESIAN_POINT('',(0.0289578378583395,0.035709474508564,0.00830652200044965));
#2483=CARTESIAN_POINT('',(0.0288346050161023,0.0358327073508013,0.0084306935364581));
#2484=CARTESIAN_POINT('',(0.0303634631816236,0.0378393830912127,0.00860497803901665));
#2485=CARTESIAN_POINT('',(0.0302358230525095,0.0379670232203225,0.00871045961623322));
#2486=CARTESIAN_POINT('',(0.0288392926578083,0.0358280197090953,0.00807223292899494));
#2487=CARTESIAN_POINT('',(0.0287109777881372,0.0359563345787663,0.00818680641095862));
#2488=CARTESIAN_POINT('',(0.0301589168343406,0.0380439294384957,0.00808272191454292));
#2489=CARTESIAN_POINT('',(0.0300269729624348,0.0381758733103921,0.00817081791684243));
#2490=CARTESIAN_POINT('',(0.0286219610308152,0.0360453513360886,0.00757755613501479));
#2491=CARTESIAN_POINT('',(0.0284879406299101,0.0361793717369934,0.00767443018696128));
#2492=CARTESIAN_POINT('',(0.0300726840012426,0.0381301622715936,0.00782048299546298));
#2493=CARTESIAN_POINT('',(0.029940416332682,0.038262429940142,0.00790075756452965));
#2494=CARTESIAN_POINT('',(0.0285233829543618,0.036143929412542,0.00731735155244741));
#2495=CARTESIAN_POINT('',(0.0283887390496567,0.0362785733172468,0.00740612422842148));
#2496=CARTESIAN_POINT('',(0.0299266222644391,0.0382762240083971,0.00729091373292922));
#2497=CARTESIAN_POINT('',(0.0297961022841515,0.038406743988667,0.00735644925011518));
#2498=CARTESIAN_POINT('',(0.0283513889955194,0.0363159233713845,0.00678206804695484));
#2499=CARTESIAN_POINT('',(0.0282183284034622,0.0364489839634413,0.00685544953391951));
#2500=CARTESIAN_POINT('',(0.0298666998571279,0.0383361464157084,0.00702330147954351));
#2501=CARTESIAN_POINT('',(0.029738251361768,0.0384645949110477,0.00708191937808162));
#2502=CARTESIAN_POINT('',(0.0282776322918173,0.0363896800750869,0.0065063170220749));
#2503=CARTESIAN_POINT('',(0.028146778516208,0.0365205338506954,0.0065724086960026));
#2504=CARTESIAN_POINT('',(0.0297707569780789,0.0384320892947573,0.0064754832537433));
#2505=CARTESIAN_POINT('',(0.0296475858662584,0.0385552604065523,0.00652033083570435));
#2506=CARTESIAN_POINT('',(0.0281568486664878,0.0365104637004164,0.00594337043332164));
#2507=CARTESIAN_POINT('',(0.0280316106406373,0.0366357017262662,0.00599500892897393));
#2508=CARTESIAN_POINT('',(0.0297347309368711,0.0384681153359651,0.00619526658275734));
#2509=CARTESIAN_POINT('',(0.029614765723662,0.0385880805491466,0.00623326146678918));
#2510=CARTESIAN_POINT('',(0.0281098280571863,0.0365574843097181,0.00565619361969092));
#2511=CARTESIAN_POINT('',(0.0279879989646464,0.0366793134022572,0.00570066875010478));
#2512=CARTESIAN_POINT('',(0.029688313544827,0.0385145327280093,0.00561415861715212));
#2513=CARTESIAN_POINT('',(0.0295746336746249,0.0386282125981808,0.00563767413217784));
#2514=CARTESIAN_POINT('',(0.0280448766293667,0.0366224357375378,0.00507539882765572));
#2515=CARTESIAN_POINT('',(0.027929439316925,0.0367378730499785,0.00510498856025438));
#2516=CARTESIAN_POINT('',(0.0296779151389984,0.0385249311338379,0.00531248913722978));
#2517=CARTESIAN_POINT('',(0.0295673147131919,0.0386355315596128,0.00532837798117858));
#2518=CARTESIAN_POINT('',(0.0280269393652681,0.0366403730016365,0.00478143796590562));
#2519=CARTESIAN_POINT('',(0.0279144848996139,0.0367528274672895,0.0048033056659275));
#2520=CARTESIAN_POINT('',(0.0296890077447308,0.0385138385281054,0.00468401129215322));
#2521=CARTESIAN_POINT('',(0.0295831788856006,0.0386196673872041,0.0046830339269341));
#2522=CARTESIAN_POINT('',(0.0280225417907408,0.0366447705761638,0.004193090812047));
#2523=CARTESIAN_POINT('',(0.0279139987287534,0.0367533136381501,0.00419827066444006));
#2524=CARTESIAN_POINT('',(0.0297103995004574,0.0384924467723789,0.00435850925643792));
#2525=CARTESIAN_POINT('',(0.0296062627636077,0.0385965835091979,0.00434829235312781));
#2526=CARTESIAN_POINT('',(0.0280360876646118,0.0366312247022928,0.00390028468944161));
#2527=CARTESIAN_POINT('',(0.0279284731595035,0.0367388392074001,0.00389649872678265));
#2528=CARTESIAN_POINT('',(0.0297945883397813,0.0384082579330549,0.00368126237033413));
#2529=CARTESIAN_POINT('',(0.0296911876574785,0.0385116586153312,0.00365011462996161));
#2530=CARTESIAN_POINT('',(0.0280955111471973,0.0365718012197072,0.00332432940316269));
#2531=CARTESIAN_POINT('',(0.0279860712625528,0.0366812411043506,0.00330068291278752));
#2532=CARTESIAN_POINT('',(0.0298573627032078,0.0383454835696284,0.00332935662998131));
#2533=CARTESIAN_POINT('',(0.0297530059531712,0.0384498403196417,0.00328651759063738));
#2534=CARTESIAN_POINT('',(0.0281413947686276,0.0365259175982768,0.00304080582792925));
#2535=CARTESIAN_POINT('',(0.0280292009475681,0.0366381114193354,0.0030062646248899));
#2536=CARTESIAN_POINT('',(0.0299939825362079,0.0382088637366284,0.0027833948112518));
#2537=CARTESIAN_POINT('',(0.0298852598911355,0.0383175863816844,0.00272055083239065));
#2538=CARTESIAN_POINT('',(0.0282351500764085,0.0364321622904957,0.00262591547673932));
#2539=CARTESIAN_POINT('',(0.0281148423282167,0.0365524700386868,0.00257307169514192));
#2540=CARTESIAN_POINT('',(0.0300466442314348,0.0381562020414015,0.00259843537552199));
#2541=CARTESIAN_POINT('',(0.0299359776557779,0.0382668686170447,0.00252851175164508));
#2542=CARTESIAN_POINT('',(0.0282705559108071,0.0363967564560969,0.00248935660485589));
#2543=CARTESIAN_POINT('',(0.0281468796831529,0.0365204326837506,0.00243008521214549));
#2544=CARTESIAN_POINT('',(0.0301687421284273,0.0380341041444089,0.00222373272073163));
#2545=CARTESIAN_POINT('',(0.0300530528186356,0.0381497934541931,0.00213872228140323));
#2546=CARTESIAN_POINT('',(0.0283497970904533,0.0363175152764505,0.00222031056741256));
#2547=CARTESIAN_POINT('',(0.0282178527042812,0.0364494596626223,0.00214744480989683));
#2548=CARTESIAN_POINT('',(0.0302383793130525,0.0379644669597839,0.00203371150244859));
#2549=CARTESIAN_POINT('',(0.0301196111997106,0.0380832350731218,0.00194069389268444));
#2550=CARTESIAN_POINT('',(0.0283936642697095,0.0362736480971943,0.00208784204406844));
#2551=CARTESIAN_POINT('',(0.0282568202044818,0.0364104921624217,0.00200780953286034));
#2552=CARTESIAN_POINT('',(0.0303174603590736,0.0378853859137627,0.00184291390272811));
#2553=CARTESIAN_POINT('',(0.0301949614199663,0.03800788485287,0.00174135970018784));
#2554=CARTESIAN_POINT('',(0.0284418196733093,0.0362254926935942,0.00195746558496674));
#2555=CARTESIAN_POINT('',(0.0282991996157293,0.0363681127511742,0.00186984216580089));
#2556=CARTESIAN_POINT('',(0.0303175828927786,0.0378852633800576,0.0018426182120466));
#2557=CARTESIAN_POINT('',(0.0301950174700973,0.038007828802739,0.00174101743813894));
#2558=CARTESIAN_POINT('',(0.0284419017329866,0.0362254106339169,0.00195726497804547));
#2559=CARTESIAN_POINT('',(0.028299265260425,0.0363680471064785,0.00186962839058809));
#2560=CARTESIAN_POINT('',(0.0303180729692541,0.0378847733035821,0.00184143536774394));
#2561=CARTESIAN_POINT('',(0.0301953631041894,0.0380074831686469,0.00173971534157232));
#2562=CARTESIAN_POINT('',(0.0284422485099979,0.0362250638569056,0.00195646610180024));
#2563=CARTESIAN_POINT('',(0.0282995277243238,0.0363677846425796,0.00186877339552573));
#2564=CARTESIAN_POINT('',(0.0303184403953353,0.0378844058775009,0.00184054805096957));
#2565=CARTESIAN_POINT('',(0.0301956223300901,0.0380072239427461,0.00173873910750322));
#2566=CARTESIAN_POINT('',(0.028442550303936,0.0362247620629675,0.00195587493535594));
#2567=CARTESIAN_POINT('',(0.0282997243137592,0.0363675880531443,0.00186813238725393));
#2568=CARTESIAN_POINT('',(0.0303810027377653,0.0378218435350707,0.00168937741553792));
#2569=CARTESIAN_POINT('',(0.0302397769834457,0.0379630692893913,0.00157251164591752));
#2570=CARTESIAN_POINT('',(0.0284881793556745,0.036179133011226,0.00185404066268382));
#2571=CARTESIAN_POINT('',(0.0283331660209054,0.0363341463459982,0.00175898785679382));
#2572=CARTESIAN_POINT('',(0.0304393989190649,0.0377634473537715,0.00153387382239957));
#2573=CARTESIAN_POINT('',(0.0302836457476072,0.0379192005252307,0.00141698024066389));
#2574=CARTESIAN_POINT('',(0.0285248726462505,0.0361424397206484,0.00174813200909984));
#2575=CARTESIAN_POINT('',(0.0283589999812487,0.0363083123856549,0.00165730943797222));
#2576=CARTESIAN_POINT('',(0.0305372234537999,0.0376656228190363,0.0012256237258677));
#2577=CARTESIAN_POINT('',(0.0303593768501435,0.0378434694226952,0.00113040461422567));
#2578=CARTESIAN_POINT('',(0.0285803782305251,0.036086934136373,0.00153264078579915));
#2579=CARTESIAN_POINT('',(0.0283961377715881,0.0362711745953154,0.00146694688918462));
#2580=CARTESIAN_POINT('',(0.030576438349587,0.0376264079232493,0.00107288445717644));
#2581=CARTESIAN_POINT('',(0.0303910814457611,0.0378117648270778,0.000999538732572611));
#2582=CARTESIAN_POINT('',(0.0285990238909193,0.0360682884759794,0.00142301876679378));
#2583=CARTESIAN_POINT('',(0.0284073020263356,0.036260010340568,0.00137835429336343));
#2584=CARTESIAN_POINT('',(0.0306246670688942,0.0375781792039421,0.000784185341095951));
#2585=CARTESIAN_POINT('',(0.0304309408561728,0.0377719054166661,0.000768141467018531));
#2586=CARTESIAN_POINT('',(0.0286169580645145,0.0360503543023867,0.00120743673575099));
#2587=CARTESIAN_POINT('',(0.0284146820351689,0.0362526303317346,0.00121508426602821));
#2588=CARTESIAN_POINT('',(0.0306336555163868,0.0375691907564494,0.000648248720451951));
#2589=CARTESIAN_POINT('',(0.0304390702949395,0.0377637759778991,0.000667633309862729));
#2590=CARTESIAN_POINT('',(0.028616246577695,0.0360510657892079,0.00110147672373257));
#2591=CARTESIAN_POINT('',(0.0284108977892343,0.0362564145776693,0.00114040683453318));
#2592=CARTESIAN_POINT('',(0.0306136088504611,0.0375892374223751,0.000403573955170934));
#2593=CARTESIAN_POINT('',(0.0304234487216785,0.0377793975511597,0.000498938318397243));
#2594=CARTESIAN_POINT('',(0.0285945391451803,0.036072773221727,0.000899790415419305));
#2595=CARTESIAN_POINT('',(0.0283883851183459,0.0362789272485576,0.00100496037391143));
#2596=CARTESIAN_POINT('',(0.0305845559738236,0.0376182902990127,0.000294852069255572));
#2597=CARTESIAN_POINT('',(0.0303996799464316,0.0378031663264062,0.000430767742809214));
#2598=CARTESIAN_POINT('',(0.0285735431994707,0.036093769167439,0.000804064119137762));
#2599=CARTESIAN_POINT('',(0.0283696566933779,0.0362976556735256,0.000944191344798021));
#2600=CARTESIAN_POINT('',(0.0304839174521986,0.0377189288206377,0.000111993173056302));
#2601=CARTESIAN_POINT('',(0.0303152445563777,0.0378876017164593,0.000325702084492905));
#2602=CARTESIAN_POINT('',(0.0285103374411323,0.0361569749257818,0.00062941890121861));
#2603=CARTESIAN_POINT('',(0.0283172578897049,0.0363500544771986,0.000836556877165403));
#2604=CARTESIAN_POINT('',(0.0304123216568002,0.037790524616036,3.78654534704844E-5));
#2605=CARTESIAN_POINT('',(0.0302545677911597,0.0379482784816769,0.000288816292462712));
#2606=CARTESIAN_POINT('',(0.0284681276284954,0.0361991847384206,0.000550499979588597));
#2607=CARTESIAN_POINT('',(0.0282835875109917,0.0363837248559118,0.000789691438653796));
#2608=CARTESIAN_POINT('',(0.0302258200758721,0.0379770261969642,-7.18346068217429E-5));
#2609=CARTESIAN_POINT('',(0.0300950310180554,0.0381078152547804,0.000241858474899177));
#2610=CARTESIAN_POINT('',(0.0283615626322361,0.0363057497346828,0.000416045119744245));
#2611=CARTESIAN_POINT('',(0.0282013049290874,0.0364660074378162,0.000709861290302066));
#2612=CARTESIAN_POINT('',(0.0301109117527396,0.0380919345200966,-0.000107404624853633));
#2613=CARTESIAN_POINT('',(0.0299961684725663,0.0382066778002692,0.000231788772040355));
#2614=CARTESIAN_POINT('',(0.0282972074486116,0.0363701049183082,0.000360509181531803));
#2615=CARTESIAN_POINT('',(0.028152692725894,0.0365146196410095,0.000676896580463841));
#2616=CARTESIAN_POINT('',(0.0298409302004246,0.0383619160724117,-0.000139608875755743));
#2617=CARTESIAN_POINT('',(0.0297628970416739,0.0384399492311611,0.000230411309490975));
#2618=CARTESIAN_POINT('',(0.0281454181104402,0.0365218942564792,0.000279397847003271));
#2619=CARTESIAN_POINT('',(0.0280405245284179,0.0366267878384856,0.000624866977245088));
#2620=CARTESIAN_POINT('',(0.0296858620464475,0.0385169842263888,-0.000136247753975007));
#2621=CARTESIAN_POINT('',(0.0296284932314763,0.0385743530413587,0.000239098904451373));
#2622=CARTESIAN_POINT('',(0.0280579839558975,0.0366093284110209,0.000253822450683382));
#2623=CARTESIAN_POINT('',(0.0279769685341392,0.0366903438327644,0.000605802083860762));
#2624=CARTESIAN_POINT('',(0.029342590158346,0.0388602561144902,-9.3764575817448E-5));
#2625=CARTESIAN_POINT('',(0.0293306604157428,0.0388721858570925,0.000263628957364004));
#2626=CARTESIAN_POINT('',(0.027859100980052,0.0368082113868613,0.000239211708158073));
#2627=CARTESIAN_POINT('',(0.0278349086919796,0.0368324036749239,0.00058157315107346));
#2628=CARTESIAN_POINT('',(0.0291544565990684,0.0390483896737678,-5.4669625511876E-5));
#2629=CARTESIAN_POINT('',(0.0291673015850539,0.0390355446877818,0.000279444309244985));
#2630=CARTESIAN_POINT('',(0.0277476521256486,0.0369196602412607,0.000250176362631659));
#2631=CARTESIAN_POINT('',(0.0277564048109984,0.0369109075559051,0.00057640911234949));
#2632=CARTESIAN_POINT('',(0.0289549638357695,0.0392478824370668,-9.06335805296302E-7));
#2633=CARTESIAN_POINT('',(0.0289943846520847,0.0392084616207516,0.000291408849919424));
#2634=CARTESIAN_POINT('',(0.0276237271081102,0.0370435852587933,0.000282701769862952));
#2635=CARTESIAN_POINT('',(0.0276704239901237,0.0369968883767798,0.000578196992969436));
#2636=CARTESIAN_POINT('',(0.0303175173616967,0.0378853289111395,0.00184277728593782));
#2637=CARTESIAN_POINT('',(0.0303130377451689,0.0378898085276673,0.00185357275960541));
#2638=CARTESIAN_POINT('',(0.030271364223829,0.0379314820490073,0.00195467439354402));
#2639=CARTESIAN_POINT('',(0.0301605115828769,0.0380423346899593,0.00224121511797871));
#2640=CARTESIAN_POINT('',(0.0300073041566144,0.0381955421162219,0.0027160968942941));
#2641=CARTESIAN_POINT('',(0.0298630858847192,0.038339760388117,0.00330680386590051));
#2642=CARTESIAN_POINT('',(0.0297591337208486,0.0384437125519876,0.00391429640603025));
#2643=CARTESIAN_POINT('',(0.0297066676456718,0.0384961786271645,0.00443089185224681));
#2644=CARTESIAN_POINT('',(0.0296855461657894,0.0385173001070469,0.00484833214484981));
#2645=CARTESIAN_POINT('',(0.0296802355481086,0.0385226107247277,0.00516316172524273));
#2646=CARTESIAN_POINT('',(0.0296855461657894,0.0385173001070469,0.00547799130563565));
#2647=CARTESIAN_POINT('',(0.0297066676456718,0.0384961786271645,0.00589543159823862));
#2648=CARTESIAN_POINT('',(0.0297591337208486,0.0384437125519876,0.00641202704445521));
#2649=CARTESIAN_POINT('',(0.0298630858847192,0.038339760388117,0.00701951958458495));
#2650=CARTESIAN_POINT('',(0.0300073041566144,0.0381955421162219,0.00761022655619135));
#2651=CARTESIAN_POINT('',(0.0301605115828769,0.0380423346899593,0.00808510833250674));
#2652=CARTESIAN_POINT('',(0.0303026397557335,0.0379002065171028,0.00845249253971291));
#2653=CARTESIAN_POINT('',(0.0304401480915106,0.0377626981813256,0.00877026407203014));
#2654=CARTESIAN_POINT('',(0.0305485809163208,0.0376542653565155,0.0089889723096338));
#2655=CARTESIAN_POINT('',(0.0306181664431525,0.0375846798296839,0.00911854963824206));
#2656=CARTESIAN_POINT('',(0.0306181664431526,0.0375846798296837,0.00911854963824223));
#2657=CARTESIAN_POINT('',(0.0303173378108061,0.0378855084620302,0.00184320957301154));
#2658=CARTESIAN_POINT('',(0.0289549638357695,0.0392478824370668,-9.06335805296302E-7));
#2659=CARTESIAN_POINT('',(0.0313479791474263,0.03685486712541,-0.000645823842311899));
#2660=CARTESIAN_POINT('',(0.0303175168108967,0.0378853294619396,0.00184277682824077));
#2661=CARTESIAN_POINT('',(0.0303072121875314,0.0378956340853049,0.0018676628349463));
#2662=CARTESIAN_POINT('',(0.0302969075641661,0.0379059387086703,0.00189254884165183));
#2663=CARTESIAN_POINT('',(0.0276704239901237,0.0369968883767798,0.000578196992969436));
#2664=CARTESIAN_POINT('',(0.0287021796119069,0.0359651327549966,0.000556742721401168));
#2665=CARTESIAN_POINT('',(0.0282991457042645,0.0363681666626391,0.00187001893972466));
#2666=CARTESIAN_POINT('',(0.028295115365188,0.0363721970017155,0.0018831517019079));
#2667=CARTESIAN_POINT('',(0.0282910850261116,0.0363762273407919,0.00189628446409113));
#2668=CARTESIAN_POINT('',(0.0282991339423427,0.0363681784245609,0.00187005596736087));
#2669=CARTESIAN_POINT('',(0.028299143923176,0.0363681684437275,0.00187002220778316));
#2670=CARTESIAN_POINT('',(0.0282808378596241,0.0363864745072794,0.0019295633224356));
#2671=CARTESIAN_POINT('',(0.0282064350142217,0.0364608773526817,0.0021818079402093));
#2672=CARTESIAN_POINT('',(0.0280953189317528,0.0365719934351507,0.00263693088482271));
#2673=CARTESIAN_POINT('',(0.0279913667678822,0.0366759455990213,0.00324442342495243));
#2674=CARTESIAN_POINT('',(0.0279389006927055,0.0367284116741981,0.00376101887116902));
#2675=CARTESIAN_POINT('',(0.027917779212823,0.0367495331540805,0.00417845916377199));
#2676=CARTESIAN_POINT('',(0.0279124685951423,0.0367548437717612,0.00449328874416492));
#2677=CARTESIAN_POINT('',(0.027917779212823,0.0367495331540805,0.00480811832455786));
#2678=CARTESIAN_POINT('',(0.0279389006927055,0.0367284116741981,0.0052255586171608));
#2679=CARTESIAN_POINT('',(0.0279913667678822,0.0366759455990213,0.00574215406337743));
#2680=CARTESIAN_POINT('',(0.0280953189317528,0.0365719934351507,0.00634964660350713));
#2681=CARTESIAN_POINT('',(0.028239537203648,0.0364277751632555,0.00694035357511355));
#2682=CARTESIAN_POINT('',(0.0283927446299106,0.036274567736993,0.00741523535142892));
#2683=CARTESIAN_POINT('',(0.0285348728027671,0.0361324395641365,0.00778261955863512));
#2684=CARTESIAN_POINT('',(0.0286890268796988,0.0359782854872047,0.008138858160191));
#2685=CARTESIAN_POINT('',(0.0288363249761548,0.0358309873907487,0.00842940710589943));
#2686=CARTESIAN_POINT('',(0.0289488402672374,0.0357184720996662,0.00862569993057622));
#2687=CARTESIAN_POINT('',(0.0289693138170235,0.0356979985498799,0.00866064950243716));
#2688=CARTESIAN_POINT('',(0.028969313820913,0.0356979985459904,0.00866064950871717));
#2689=CARTESIAN_POINT('',(0.0306181664431527,0.0375846798296836,0.00911854963824246));
#2690=CARTESIAN_POINT('',(0.0305009447148073,0.037701901558029,0.00924445030019678));
#2691=CARTESIAN_POINT('',(0.0290844212774478,0.0355828910894556,0.00852578903036823));
#2692=CARTESIAN_POINT('',(0.028969313826099,0.0356979985408045,0.00866064951709052));
#2693=CARTESIAN_POINT('',(0.0311697685854582,0.037033077687378,0.00849218166177997));
#2694=CARTESIAN_POINT('',(0.0306136694744499,0.0364106654964088,0.00832861245402238));
#2695=CARTESIAN_POINT('',(0.0300575703634415,0.0357882533054396,0.00816504324626479));
#2696=CARTESIAN_POINT('',(0.0295014712524332,0.0351658411144703,0.00800147403850721));
#2697=CARTESIAN_POINT('',(0.0309859012046897,0.0372169450681466,0.00870097098726746));
#2698=CARTESIAN_POINT('',(0.030576094554569,0.0368410775169489,0.00863389173608051));
#2699=CARTESIAN_POINT('',(0.029733187334777,0.0357197992334449,0.00828529184096594));
#2700=CARTESIAN_POINT('',(0.0293240854436552,0.0353432269232484,0.00822119919803498));
#2701=CARTESIAN_POINT('',(0.0308020338239211,0.0374008124489151,0.00890976031275496));
#2702=CARTESIAN_POINT('',(0.0306492013319586,0.0375536449408669,0.00896934908735508));
#2703=CARTESIAN_POINT('',(0.0292974979499356,0.0353698144169679,0.00836699030612129));
#2704=CARTESIAN_POINT('',(0.029146699634877,0.0355206127320265,0.00844092435756275));
#2705=CARTESIAN_POINT('',(0.0306181664431527,0.0375846798296836,0.00911854963824246));
#2706=CARTESIAN_POINT('',(0.0305009447148073,0.037701901558029,0.00924445030019678));
#2707=CARTESIAN_POINT('',(0.0290844212774478,0.0355828910894556,0.00852578903036823));
#2708=CARTESIAN_POINT('',(0.028969313826099,0.0356979985408045,0.00866064951709052));
#2709=CARTESIAN_POINT('',(0.0292353906350902,0.0354319217318134,0.00833106413647321));
#2710=CARTESIAN_POINT('',(0.0308939667661023,0.0373088795067339,0.00880536649962808));
#2711=CARTESIAN_POINT('',(0.0480843734461905,0.0165829389207131,0.00349461152974303));
#2712=CARTESIAN_POINT('',(0.0341014231364181,0.0341014231364182,0.00444986789876371));
#2713=MECHANICAL_DESIGN_GEOMETRIC_PRESENTATION_REPRESENTATION('',(#281),
#2714);
#2714=(
GEOMETRIC_REPRESENTATION_CONTEXT(3)
GLOBAL_UNCERTAINTY_ASSIGNED_CONTEXT((#2715))
GLOBAL_UNIT_ASSIGNED_CONTEXT((#2718,#2717,#2716))
REPRESENTATION_CONTEXT('CameraMount','TOP_LEVEL_ASSEMBLY_PART')
);
#2715=UNCERTAINTY_MEASURE_WITH_UNIT(LENGTH_MEASURE(1.61212133401359E-5),
#2718,'DISTANCE_ACCURACY_VALUE','Maximum Tolerance applied to model');
#2716=(
NAMED_UNIT(*)
SI_UNIT($,.STERADIAN.)
SOLID_ANGLE_UNIT()
);
#2717=(
NAMED_UNIT(*)
PLANE_ANGLE_UNIT()
SI_UNIT($,.RADIAN.)
);
#2718=(
LENGTH_UNIT()
NAMED_UNIT(*)
SI_UNIT($,.METRE.)
);
#2719=PRODUCT_DEFINITION_SHAPE('','',#2720);
#2720=PRODUCT_DEFINITION('','',#2722,#2721);
#2721=PRODUCT_DEFINITION_CONTEXT('',#2728,'design');
#2722=PRODUCT_DEFINITION_FORMATION_WITH_SPECIFIED_SOURCE('','',#2724,
 .NOT_KNOWN.);
#2723=PRODUCT_RELATED_PRODUCT_CATEGORY('','',(#2724));
#2724=PRODUCT('CameraMount','CameraMount','CameraMount',(#2726));
#2725=PRODUCT_CATEGORY('','');
#2726=PRODUCT_CONTEXT('',#2728,'mechanical');
#2727=APPLICATION_PROTOCOL_DEFINITION('international standard',
'ap242_managed_model_based_3d_engineering',2020,#2728);
#2728=APPLICATION_CONTEXT('managed model based 3d engineering');
ENDSEC;
END-ISO-10303-21;
